"CÓDIGO ÓRGÃO SUPERIOR";"NOME ÓRGÃO SUPERIOR";"CÓDIGO ÓRGÃO";"NOME ÓRGÃO";"CÓDIGO UNIDADE GESTORA";"NOME UNIDADE GESTORA";"ANO EXTRATO";"MÊS EXTRATO";"CPF PORTADOR";"NOME PORTADOR";"CNPJ OU CPF FAVORECIDO";"NOME FAVORECIDO";"TRANSAÇÃO";"DATA TRANSAÇÃO";"VALOR TRANSAÇÃO"
"63000";"Advocacia-Geral da União";"63000";"Advocacia-Geral da União - Unidades com vínculo direto";"110097";"SUPERINTENDENCIA REG. DE ADMIN. DA 4ª REGIAO";"2021";"03";"***.332.199-**";"MARCELO HENRIQUE CARDOSO GNOATO";"21600616000173";"L B TAVARES LTDA";"COMPRA A/V - R$ - APRES";"03/02/2021";"95,00"
"63000";"Advocacia-Geral da União";"63000";"Advocacia-Geral da União - Unidades com vínculo direto";"110096";"SUPERINTENDENCIA REG. DE ADMIN. DA 5ª REGIAO";"2021";"03";"***.343.123-**";"ANA PAULA VIEGAS PEREIRA CARVALHO";"03995515003930";"MATEUS SUPERMERCADOS S.A.";"COMPRA A/V - R$ - APRES";"08/02/2021";"606,37"
"63000";"Advocacia-Geral da União";"63000";"Advocacia-Geral da União - Unidades com vínculo direto";"110096";"SUPERINTENDENCIA REG. DE ADMIN. DA 5ª REGIAO";"2021";"03";"***.220.995-**";"MARCIO CUNHA DE SOUZA";"00293877000118";"M S COMERCIO DE MAQUINAS E SERVICOS LTDA";"COMPRA A/V - R$ - APRES";"11/02/2021";"1510,00"
"63000";"Advocacia-Geral da União";"63000";"Advocacia-Geral da União - Unidades com vínculo direto";"110096";"SUPERINTENDENCIA REG. DE ADMIN. DA 5ª REGIAO";"2021";"03";"***.959.904-**";"ERICK MARTINS NORAT";"39818160487";"MARCELO MEDEIROS CASTELLIANO";"COMPRA A/V - R$ - APRES";"28/01/2021";"20,00"
"63000";"Advocacia-Geral da União";"63000";"Advocacia-Geral da União - Unidades com vínculo direto";"110096";"SUPERINTENDENCIA REG. DE ADMIN. DA 5ª REGIAO";"2021";"03";"***.959.904-**";"ERICK MARTINS NORAT";"26084931000109";"IEDSON LUCIANO DA SILVA";"COMPRA A/V - R$ - APRES";"28/01/2021";"261,00"
"63000";"Advocacia-Geral da União";"63000";"Advocacia-Geral da União - Unidades com vínculo direto";"110096";"SUPERINTENDENCIA REG. DE ADMIN. DA 5ª REGIAO";"2021";"03";"***.626.244-**";"LUCIANO RAMOS DE LUCENA";"-2";"NAO SE APLICA";"SAQUE CASH/ATM BB";"28/01/2021";"50,00"
"63000";"Advocacia-Geral da União";"63000";"Advocacia-Geral da União - Unidades com vínculo direto";"110096";"SUPERINTENDENCIA REG. DE ADMIN. DA 5ª REGIAO";"2021";"03";"***.677.674-**";"ALESSANDRO SOUZA CONSTANTINO";"27547510000130";"STONE PAY MEIOS DE PAGAMENTO LTDA";"COMPRA A/V - R$ - APRES";"08/02/2021";"85,00"
"63000";"Advocacia-Geral da União";"63000";"Advocacia-Geral da União - Unidades com vínculo direto";"110096";"SUPERINTENDENCIA REG. DE ADMIN. DA 5ª REGIAO";"2021";"03";"***.959.904-**";"ERICK MARTINS NORAT";"24122426000186";"AGRONORDESTE COMERCIO E REPRESENTACAO LTDA";"COMPRA A/V - R$ - APRES";"28/01/2021";"85,00"
"25201";"Banco Central do Brasil - Orçamento Fiscal e";"25201";"Banco Central do Brasil - Orçamento Fiscal e Seguridade Social - Unidades com vínculo direto";"173057";"BANCO CENTRAL DO BRASIL";"2021";"03";"***.856.001-**";"FELIPE COELHO RODRIGUES DE FARIAS";"08219775000164";"PRIMO'S COMERCIO DE PRODUTOS DE INFORMATICA LTDA";"COMPRA A/V - R$ - APRES";"23/02/2021";"800,00"
"25201";"Banco Central do Brasil - Orçamento Fiscal e";"25201";"Banco Central do Brasil - Orçamento Fiscal e Seguridade Social - Unidades com vínculo direto";"173057";"BANCO CENTRAL DO BRASIL";"2021";"03";"***.521.991-**";"SIMIAO BATISTA PINHEIRO";"05059270000191";"OBJETIVA ATACADISTA DA CONSTRUCAO LTDA";"COMPRA A/V - R$ - APRES";"28/01/2021";"948,00"
"25201";"Banco Central do Brasil - Orçamento Fiscal e";"25201";"Banco Central do Brasil - Orçamento Fiscal e Seguridade Social - Unidades com vínculo direto";"173057";"BANCO CENTRAL DO BRASIL";"2021";"03";"***.139.961-**";"FILIPE SANTOS OLIVEIRA";"43283811017044";"KALUNGA SA";"COMPRA A/V - R$ - APRES";"10/02/2021";"51,90"
"25201";"Banco Central do Brasil - Orçamento Fiscal e";"25201";"Banco Central do Brasil - Orçamento Fiscal e Seguridade Social - Unidades com vínculo direto";"173057";"BANCO CENTRAL DO BRASIL";"2021";"03";"***.521.991-**";"SIMIAO BATISTA PINHEIRO";"27374332000273";"JB DE ALMEIDA ILUMINACAO LTDA";"COMPRA A/V - R$ - APRES";"28/01/2021";"598,00"
"25201";"Banco Central do Brasil - Orçamento Fiscal e";"25201";"Banco Central do Brasil - Orçamento Fiscal e Seguridade Social - Unidades com vínculo direto";"173057";"BANCO CENTRAL DO BRASIL";"2021";"03";"***.521.991-**";"SIMIAO BATISTA PINHEIRO";"05428208000120";"RGN - SOM ELETRONICA E INFORMATICA LTDA";"COMPRA A/V - R$ - APRES";"05/02/2021";"183,00"
"25201";"Banco Central do Brasil - Orçamento Fiscal e";"25201";"Banco Central do Brasil - Orçamento Fiscal e Seguridade Social - Unidades com vínculo direto";"173057";"BANCO CENTRAL DO BRASIL";"2021";"03";"***.521.991-**";"SIMIAO BATISTA PINHEIRO";"00016527000104";"ELETRICA NUCLEAR IMOVEIS LTDA";"COMPRA A/V - R$ - APRES";"28/01/2021";"34,00"
"25201";"Banco Central do Brasil - Orçamento Fiscal e";"25201";"Banco Central do Brasil - Orçamento Fiscal e Seguridade Social - Unidades com vínculo direto";"173057";"BANCO CENTRAL DO BRASIL";"2021";"03";"***.962.251-**";"ANTONIO ALVES DE SOUZA";"43283811014614";"KALUNGA SA";"COMPRA A/V - R$ - APRES";"27/01/2021";"62,50"
"25201";"Banco Central do Brasil - Orçamento Fiscal e";"25201";"Banco Central do Brasil - Orçamento Fiscal e Seguridade Social - Unidades com vínculo direto";"173057";"BANCO CENTRAL DO BRASIL";"2021";"03";"***.521.991-**";"SIMIAO BATISTA PINHEIRO";"05292574000102";"HREPAROS COMERCIAL INSTALADORA DE MATERIAIS HIDRAULICOS LTDA";"COMPRA A/V - R$ - APRES";"22/02/2021";"1700,00"
"25201";"Banco Central do Brasil - Orçamento Fiscal e";"25201";"Banco Central do Brasil - Orçamento Fiscal e Seguridade Social - Unidades com vínculo direto";"173057";"BANCO CENTRAL DO BRASIL";"2021";"03";"***.521.991-**";"SIMIAO BATISTA PINHEIRO";"21997241000127";"WL ATACADISTA LTDA";"COMPRA A/V - R$ - APRES";"08/02/2021";"220,05"
"25201";"Banco Central do Brasil - Orçamento Fiscal e";"25201";"Banco Central do Brasil - Orçamento Fiscal e Seguridade Social - Unidades com vínculo direto";"173057";"BANCO CENTRAL DO BRASIL";"2021";"03";"***.521.991-**";"SIMIAO BATISTA PINHEIRO";"01676233000171";"SW TINTAS LTDA";"COMPRA A/V - R$ - APRES";"28/01/2021";"345,00"
"25201";"Banco Central do Brasil - Orçamento Fiscal e";"25201";"Banco Central do Brasil - Orçamento Fiscal e Seguridade Social - Unidades com vínculo direto";"173045";"BANCO CENTRAL DO BRASIL - BELEM";"2021";"03";"***.041.822-**";"DANILO GOMES MENDES";"-2";"NAO SE APLICA";"SAQUE CASH/ATM BB";"11/02/2021";"470,00"
"25201";"Banco Central do Brasil - Orçamento Fiscal e";"25201";"Banco Central do Brasil - Orçamento Fiscal e Seguridade Social - Unidades com vínculo direto";"173044";"BANCO CENTRAL DO BRASIL - BELO HORIZONTE";"2021";"03";"***.916.486-**";"GILMAR DE OLIVEIRA";"05793586000102";"GALERIA DO COMERCIO DE REPAROS LTDA";"COMPRA A/V - R$ - APRES";"29/01/2021";"120,00"
"25201";"Banco Central do Brasil - Orçamento Fiscal e";"25201";"Banco Central do Brasil - Orçamento Fiscal e Seguridade Social - Unidades com vínculo direto";"173044";"BANCO CENTRAL DO BRASIL - BELO HORIZONTE";"2021";"03";"***.916.486-**";"GILMAR DE OLIVEIRA";"31905209000128";"ARTHUR GABRIEL S. MESQUITA";"COMPRA A/V - R$ - APRES";"09/02/2021";"40,00"
"25201";"Banco Central do Brasil - Orçamento Fiscal e";"25201";"Banco Central do Brasil - Orçamento Fiscal e Seguridade Social - Unidades com vínculo direto";"173044";"BANCO CENTRAL DO BRASIL - BELO HORIZONTE";"2021";"03";"***.916.486-**";"GILMAR DE OLIVEIRA";"31905209000128";"ARTHUR GABRIEL S. MESQUITA";"COMPRA A/V - R$ - APRES";"28/01/2021";"49,00"
"25201";"Banco Central do Brasil - Orçamento Fiscal e";"25201";"Banco Central do Brasil - Orçamento Fiscal e Seguridade Social - Unidades com vínculo direto";"173044";"BANCO CENTRAL DO BRASIL - BELO HORIZONTE";"2021";"03";"***.916.486-**";"GILMAR DE OLIVEIRA";"17247065000139";"FERRAGENS ANTONIO FALCI LTDA.";"COMPRA A/V - R$ - APRES";"29/01/2021";"741,80"
"25201";"Banco Central do Brasil - Orçamento Fiscal e";"25201";"Banco Central do Brasil - Orçamento Fiscal e Seguridade Social - Unidades com vínculo direto";"173044";"BANCO CENTRAL DO BRASIL - BELO HORIZONTE";"2021";"03";"***.916.486-**";"GILMAR DE OLIVEIRA";"17281973000300";"COFERMETA SA";"COMPRA A/V - R$ - APRES";"29/01/2021";"711,20"
"25201";"Banco Central do Brasil - Orçamento Fiscal e";"25201";"Banco Central do Brasil - Orçamento Fiscal e Seguridade Social - Unidades com vínculo direto";"173044";"BANCO CENTRAL DO BRASIL - BELO HORIZONTE";"2021";"03";"***.916.486-**";"GILMAR DE OLIVEIRA";"-2";"NAO SE APLICA";"SAQUE CASH/ATM BB";"05/02/2021";"50,00"
"25201";"Banco Central do Brasil - Orçamento Fiscal e";"25201";"Banco Central do Brasil - Orçamento Fiscal e Seguridade Social - Unidades com vínculo direto";"173044";"BANCO CENTRAL DO BRASIL - BELO HORIZONTE";"2021";"03";"***.916.486-**";"GILMAR DE OLIVEIRA";"-2";"NAO SE APLICA";"SAQUE CASH/ATM BB";"05/02/2021";"160,00"
"25201";"Banco Central do Brasil - Orçamento Fiscal e";"25201";"Banco Central do Brasil - Orçamento Fiscal e Seguridade Social - Unidades com vínculo direto";"173044";"BANCO CENTRAL DO BRASIL - BELO HORIZONTE";"2021";"03";"***.916.486-**";"GILMAR DE OLIVEIRA";"-2";"NAO SE APLICA";"SAQUE CASH/ATM BB";"04/02/2021";"800,00"
"25201";"Banco Central do Brasil - Orçamento Fiscal e";"25201";"Banco Central do Brasil - Orçamento Fiscal e Seguridade Social - Unidades com vínculo direto";"173047";"BANCO CENTRAL DO BRASIL - CURITIBA";"2021";"03";"***.810.209-**";"EDDIE JOHN LEHRER";"03085846000160";"CHAVEIRO MESTRE LTDA";"COMPRA A/V - R$ - APRES";"22/02/2021";"80,00"
"25201";"Banco Central do Brasil - Orçamento Fiscal e";"25201";"Banco Central do Brasil - Orçamento Fiscal e Seguridade Social - Unidades com vínculo direto";"173048";"BANCO CENTRAL DO BRASIL - FORTALEZA";"2021";"03";"***.275.143-**";"PAULO HENRIQUE GIRAO DUARTE";"12858597000199";"J P A REFRIGERACAO LTDA";"COMPRA A/V - R$ - APRES";"22/02/2021";"65,78"
"25201";"Banco Central do Brasil - Orçamento Fiscal e";"25201";"Banco Central do Brasil - Orçamento Fiscal e Seguridade Social - Unidades com vínculo direto";"173048";"BANCO CENTRAL DO BRASIL - FORTALEZA";"2021";"03";"***.275.143-**";"PAULO HENRIQUE GIRAO DUARTE";"19523220000128";"INFOTECH COMERCIO E SERVICOS LTDA";"COMPRA A/V - R$ - APRES";"22/02/2021";"50,00"
"25201";"Banco Central do Brasil - Orçamento Fiscal e";"25201";"Banco Central do Brasil - Orçamento Fiscal e Seguridade Social - Unidades com vínculo direto";"173048";"BANCO CENTRAL DO BRASIL - FORTALEZA";"2021";"03";"***.275.143-**";"PAULO HENRIQUE GIRAO DUARTE";"04934227000165";"MEGA LUX COMERCIO E SERVICOS DE MATERIAIS ELETRICOS E HIDRAULICOS LTDA";"COMPRA A/V - R$ - APRES";"22/02/2021";"737,30"
"25201";"Banco Central do Brasil - Orçamento Fiscal e";"25201";"Banco Central do Brasil - Orçamento Fiscal e Seguridade Social - Unidades com vínculo direto";"173048";"BANCO CENTRAL DO BRASIL - FORTALEZA";"2021";"03";"***.275.143-**";"PAULO HENRIQUE GIRAO DUARTE";"04934227000165";"MEGA LUX COMERCIO E SERVICOS DE MATERIAIS ELETRICOS E HIDRAULICOS LTDA";"COMPRA A/V - R$ - APRES";"01/02/2021";"141,70"
"25201";"Banco Central do Brasil - Orçamento Fiscal e";"25201";"Banco Central do Brasil - Orçamento Fiscal e Seguridade Social - Unidades com vínculo direto";"173048";"BANCO CENTRAL DO BRASIL - FORTALEZA";"2021";"03";"***.275.143-**";"PAULO HENRIQUE GIRAO DUARTE";"07201916000825";"ARAUJO CABRAL & ALVES LTDA";"COMPRA A/V - R$ - APRES";"22/02/2021";"399,60"
"25201";"Banco Central do Brasil - Orçamento Fiscal e";"25201";"Banco Central do Brasil - Orçamento Fiscal e Seguridade Social - Unidades com vínculo direto";"173048";"BANCO CENTRAL DO BRASIL - FORTALEZA";"2021";"03";"***.275.143-**";"PAULO HENRIQUE GIRAO DUARTE";"06891105000164";"COMERCIAL DRAGAO LTDA";"COMPRA A/V - R$ - APRES";"01/02/2021";"0,82"
"25201";"Banco Central do Brasil - Orçamento Fiscal e";"25201";"Banco Central do Brasil - Orçamento Fiscal e Seguridade Social - Unidades com vínculo direto";"173048";"BANCO CENTRAL DO BRASIL - FORTALEZA";"2021";"03";"***.275.143-**";"PAULO HENRIQUE GIRAO DUARTE";"08273875000179";"CERCOL COMERCIO DE ROLAMENTOS E CORREIAS LTDA";"COMPRA A/V - R$ - APRES";"22/02/2021";"195,00"
"25201";"Banco Central do Brasil - Orçamento Fiscal e";"25201";"Banco Central do Brasil - Orçamento Fiscal e Seguridade Social - Unidades com vínculo direto";"173048";"BANCO CENTRAL DO BRASIL - FORTALEZA";"2021";"03";"***.489.083-**";"FRANCISCO RUBENS LEMOS";"07240450000109";"APIGUANA MAQUINAS E FERRAMENTAS LTDA";"COMPRA A/V - R$ - APRES";"29/01/2021";"49,80"
"25201";"Banco Central do Brasil - Orçamento Fiscal e";"25201";"Banco Central do Brasil - Orçamento Fiscal e Seguridade Social - Unidades com vínculo direto";"173048";"BANCO CENTRAL DO BRASIL - FORTALEZA";"2021";"03";"***.936.023-**";"VALQUIRIO MAIA FILHO";"07993272000189";"EDMILSON ABREU BERNARDO";"COMPRA A/V - R$ - APRES";"19/02/2021";"50,00"
"25201";"Banco Central do Brasil - Orçamento Fiscal e";"25201";"Banco Central do Brasil - Orçamento Fiscal e Seguridade Social - Unidades com vínculo direto";"173048";"BANCO CENTRAL DO BRASIL - FORTALEZA";"2021";"03";"***.275.143-**";"PAULO HENRIQUE GIRAO DUARTE";"07207491000195";"M. A. FROTA & CIA LTDA";"COMPRA A/V - R$ - APRES";"01/02/2021";"403,40"
"25201";"Banco Central do Brasil - Orçamento Fiscal e";"25201";"Banco Central do Brasil - Orçamento Fiscal e Seguridade Social - Unidades com vínculo direto";"173049";"BANCO CENTRAL DO BRASIL - PORTO ALEGRE";"2021";"03";"***.739.400-**";"RICARDO LUIS CARLSON";"72313828000100";"PLENOBRAS DISTRIBUIDORA ELETRICA E HIDRAULICA LTDA";"COMPRA A/V - R$ - APRES";"18/02/2021";"400,01"
"25201";"Banco Central do Brasil - Orçamento Fiscal e";"25201";"Banco Central do Brasil - Orçamento Fiscal e Seguridade Social - Unidades com vínculo direto";"173049";"BANCO CENTRAL DO BRASIL - PORTO ALEGRE";"2021";"03";"***.739.400-**";"RICARDO LUIS CARLSON";"72313828000100";"PLENOBRAS DISTRIBUIDORA ELETRICA E HIDRAULICA LTDA";"COMPRA A/V - R$ - APRES";"28/01/2021";"886,62"
"25201";"Banco Central do Brasil - Orçamento Fiscal e";"25201";"Banco Central do Brasil - Orçamento Fiscal e Seguridade Social - Unidades com vínculo direto";"173049";"BANCO CENTRAL DO BRASIL - PORTO ALEGRE";"2021";"03";"***.739.400-**";"RICARDO LUIS CARLSON";"36058665000101";"PUXAFER COMERCIO DE MATERIAIS PARA MOVEIS LTDA";"COMPRA A/V - R$ - APRES";"01/02/2021";"91,40"
"25201";"Banco Central do Brasil - Orçamento Fiscal e";"25201";"Banco Central do Brasil - Orçamento Fiscal e Seguridade Social - Unidades com vínculo direto";"173049";"BANCO CENTRAL DO BRASIL - PORTO ALEGRE";"2021";"03";"***.739.400-**";"RICARDO LUIS CARLSON";"01364846000173";"COLORMIX - COMERCIO DE TINTAS LTDA";"COMPRA A/V - R$ - APRES";"18/02/2021";"167,00"
"25201";"Banco Central do Brasil - Orçamento Fiscal e";"25201";"Banco Central do Brasil - Orçamento Fiscal e Seguridade Social - Unidades com vínculo direto";"173049";"BANCO CENTRAL DO BRASIL - PORTO ALEGRE";"2021";"03";"***.739.400-**";"RICARDO LUIS CARLSON";"01364846000173";"COLORMIX - COMERCIO DE TINTAS LTDA";"COMPRA A/V - R$ - APRES";"09/02/2021";"379,00"
"25201";"Banco Central do Brasil - Orçamento Fiscal e";"25201";"Banco Central do Brasil - Orçamento Fiscal e Seguridade Social - Unidades com vínculo direto";"173049";"BANCO CENTRAL DO BRASIL - PORTO ALEGRE";"2021";"03";"***.739.400-**";"RICARDO LUIS CARLSON";"19554165000133";"FERNANDO PACHECO COOPER";"COMPRA A/V - R$ - APRES";"23/02/2021";"720,00"
"25201";"Banco Central do Brasil - Orçamento Fiscal e";"25201";"Banco Central do Brasil - Orçamento Fiscal e Seguridade Social - Unidades com vínculo direto";"173049";"BANCO CENTRAL DO BRASIL - PORTO ALEGRE";"2021";"03";"***.739.400-**";"RICARDO LUIS CARLSON";"01161594000185";"FERRAGEM SIMONETTI LTDA";"COMPRA A/V - R$ - APRES";"11/02/2021";"13,90"
"25201";"Banco Central do Brasil - Orçamento Fiscal e";"25201";"Banco Central do Brasil - Orçamento Fiscal e Seguridade Social - Unidades com vínculo direto";"173049";"BANCO CENTRAL DO BRASIL - PORTO ALEGRE";"2021";"03";"***.739.400-**";"RICARDO LUIS CARLSON";"34335512000120";"IVONI TEREZINHA STALDONI ALMEIDA";"COMPRA A/V - R$ - APRES";"09/02/2021";"279,00"
"25201";"Banco Central do Brasil - Orçamento Fiscal e";"25201";"Banco Central do Brasil - Orçamento Fiscal e Seguridade Social - Unidades com vínculo direto";"173049";"BANCO CENTRAL DO BRASIL - PORTO ALEGRE";"2021";"03";"***.739.400-**";"RICARDO LUIS CARLSON";"93015006000709";"COMPANHIA ZAFFARI COMERCIO E INDUSTRIA";"COMPRA A/V - R$ - APRES";"11/02/2021";"55,80"
"25201";"Banco Central do Brasil - Orçamento Fiscal e";"25201";"Banco Central do Brasil - Orçamento Fiscal e Seguridade Social - Unidades com vínculo direto";"173049";"BANCO CENTRAL DO BRASIL - PORTO ALEGRE";"2021";"03";"***.739.400-**";"RICARDO LUIS CARLSON";"10942681000160";"GAUCHA COMERCIO DE FECHADURAS LTDA.";"COMPRA A/V - R$ - APRES";"18/02/2021";"48,30"
"25201";"Banco Central do Brasil - Orçamento Fiscal e";"25201";"Banco Central do Brasil - Orçamento Fiscal e Seguridade Social - Unidades com vínculo direto";"173049";"BANCO CENTRAL DO BRASIL - PORTO ALEGRE";"2021";"03";"***.739.400-**";"RICARDO LUIS CARLSON";"10942681000160";"GAUCHA COMERCIO DE FECHADURAS LTDA.";"COMPRA A/V - R$ - APRES";"09/02/2021";"468,00"
"25201";"Banco Central do Brasil - Orçamento Fiscal e";"25201";"Banco Central do Brasil - Orçamento Fiscal e Seguridade Social - Unidades com vínculo direto";"173049";"BANCO CENTRAL DO BRASIL - PORTO ALEGRE";"2021";"03";"***.739.400-**";"RICARDO LUIS CARLSON";"10942681000160";"GAUCHA COMERCIO DE FECHADURAS LTDA.";"COMPRA A/V - R$ - APRES";"01/02/2021";"57,40"
"25201";"Banco Central do Brasil - Orçamento Fiscal e";"25201";"Banco Central do Brasil - Orçamento Fiscal e Seguridade Social - Unidades com vínculo direto";"173049";"BANCO CENTRAL DO BRASIL - PORTO ALEGRE";"2021";"03";"***.739.400-**";"RICARDO LUIS CARLSON";"88021753000124";"ENGINCENDIO-COMERCIO DE EXTINTORES LTDA.";"COMPRA A/V - R$ - APRES";"28/01/2021";"110,00"
"25201";"Banco Central do Brasil - Orçamento Fiscal e";"25201";"Banco Central do Brasil - Orçamento Fiscal e Seguridade Social - Unidades com vínculo direto";"173049";"BANCO CENTRAL DO BRASIL - PORTO ALEGRE";"2021";"03";"***.739.400-**";"RICARDO LUIS CARLSON";"87106357000137";"MADELEI PRODUTOS PARA MOVEIS E DECORACAO LTDA";"COMPRA A/V - R$ - APRES";"18/02/2021";"12,00"
"25201";"Banco Central do Brasil - Orçamento Fiscal e";"25201";"Banco Central do Brasil - Orçamento Fiscal e Seguridade Social - Unidades com vínculo direto";"173049";"BANCO CENTRAL DO BRASIL - PORTO ALEGRE";"2021";"03";"***.739.400-**";"RICARDO LUIS CARLSON";"87106357000137";"MADELEI PRODUTOS PARA MOVEIS E DECORACAO LTDA";"COMPRA A/V - R$ - APRES";"01/02/2021";"45,60"
"25201";"Banco Central do Brasil - Orçamento Fiscal e";"25201";"Banco Central do Brasil - Orçamento Fiscal e Seguridade Social - Unidades com vínculo direto";"173049";"BANCO CENTRAL DO BRASIL - PORTO ALEGRE";"2021";"03";"***.739.400-**";"RICARDO LUIS CARLSON";"28501382000156";"DIEGO D. P. MEDEIROS LTDA";"COMPRA A/V - R$ - APRES";"09/02/2021";"29,80"
"25201";"Banco Central do Brasil - Orçamento Fiscal e";"25201";"Banco Central do Brasil - Orçamento Fiscal e Seguridade Social - Unidades com vínculo direto";"173049";"BANCO CENTRAL DO BRASIL - PORTO ALEGRE";"2021";"03";"***.739.400-**";"RICARDO LUIS CARLSON";"34837269000149";"LUMEPLUS- LED COMERCIO DE MATERIAL ELETRICO E ILUMINACAO LTDA";"COMPRA A/V - R$ - APRES";"28/01/2021";"50,00"
"25201";"Banco Central do Brasil - Orçamento Fiscal e";"25201";"Banco Central do Brasil - Orçamento Fiscal e Seguridade Social - Unidades com vínculo direto";"173049";"BANCO CENTRAL DO BRASIL - PORTO ALEGRE";"2021";"03";"***.739.400-**";"RICARDO LUIS CARLSON";"34837269000149";"LUMEPLUS- LED COMERCIO DE MATERIAL ELETRICO E ILUMINACAO LTDA";"COMPRA A/V - R$ - APRES";"28/01/2021";"50,34"
"25201";"Banco Central do Brasil - Orçamento Fiscal e";"25201";"Banco Central do Brasil - Orçamento Fiscal e Seguridade Social - Unidades com vínculo direto";"173049";"BANCO CENTRAL DO BRASIL - PORTO ALEGRE";"2021";"03";"***.739.400-**";"RICARDO LUIS CARLSON";"92224062000103";"R J DIEHL COMERCIO DE MATERIAIS PARA MOVEIS LTDA";"COMPRA A/V - R$ - APRES";"28/01/2021";"52,69"
"25201";"Banco Central do Brasil - Orçamento Fiscal e";"25201";"Banco Central do Brasil - Orçamento Fiscal e Seguridade Social - Unidades com vínculo direto";"173050";"BANCO CENTRAL DO BRASIL - RECIFE";"2021";"03";"***.101.501-**";"ARMANDO DE CARVALHO VAN";"32125784000170";"CARLOS AUGUSTO RAMOS DE CARVALHO LTDA";"COMPRA A/V - R$ - APRES";"29/01/2021";"319,00"
"25201";"Banco Central do Brasil - Orçamento Fiscal e";"25201";"Banco Central do Brasil - Orçamento Fiscal e Seguridade Social - Unidades com vínculo direto";"173050";"BANCO CENTRAL DO BRASIL - RECIFE";"2021";"03";"***.101.501-**";"ARMANDO DE CARVALHO VAN";"08121782000129";"PRINCESA DISTRIBUIDORA LTDA";"COMPRA A/V - R$ - APRES";"29/01/2021";"149,20"
"25201";"Banco Central do Brasil - Orçamento Fiscal e";"25201";"Banco Central do Brasil - Orçamento Fiscal e Seguridade Social - Unidades com vínculo direto";"173050";"BANCO CENTRAL DO BRASIL - RECIFE";"2021";"03";"***.101.501-**";"ARMANDO DE CARVALHO VAN";"04065526000100";"IMPERIO DE CHAVES E ACESSORIOS LTDA";"COMPRA A/V - R$ - APRES";"04/02/2021";"105,00"
"25201";"Banco Central do Brasil - Orçamento Fiscal e";"25201";"Banco Central do Brasil - Orçamento Fiscal e Seguridade Social - Unidades com vínculo direto";"173050";"BANCO CENTRAL DO BRASIL - RECIFE";"2021";"03";"***.101.501-**";"ARMANDO DE CARVALHO VAN";"15031407000153";"CIA DO NOBREAK LTDA";"COMPRA A/V - R$ - APRES";"08/02/2021";"947,83"
"25201";"Banco Central do Brasil - Orçamento Fiscal e";"25201";"Banco Central do Brasil - Orçamento Fiscal e Seguridade Social - Unidades com vínculo direto";"173050";"BANCO CENTRAL DO BRASIL - RECIFE";"2021";"03";"***.101.501-**";"ARMANDO DE CARVALHO VAN";"11623188001546";"ARMAZEM CORAL LTDA";"COMPRA A/V - R$ - APRES";"04/02/2021";"237,00"
"25201";"Banco Central do Brasil - Orçamento Fiscal e";"25201";"Banco Central do Brasil - Orçamento Fiscal e Seguridade Social - Unidades com vínculo direto";"173050";"BANCO CENTRAL DO BRASIL - RECIFE";"2021";"03";"***.153.343-**";"ULISSES GARCIA AMARAL";"11623188001546";"ARMAZEM CORAL LTDA";"COMPRA A/V - R$ - APRES";"01/02/2021";"199,00"
"25201";"Banco Central do Brasil - Orçamento Fiscal e";"25201";"Banco Central do Brasil - Orçamento Fiscal e Seguridade Social - Unidades com vínculo direto";"173050";"BANCO CENTRAL DO BRASIL - RECIFE";"2021";"03";"***.101.501-**";"ARMANDO DE CARVALHO VAN";"10230480000483";"FERREIRA COSTA & CIA LTDA";"COMPRA A/V - R$ - APRES";"02/02/2021";"101,40"
"25201";"Banco Central do Brasil - Orçamento Fiscal e";"25201";"Banco Central do Brasil - Orçamento Fiscal e Seguridade Social - Unidades com vínculo direto";"173050";"BANCO CENTRAL DO BRASIL - RECIFE";"2021";"03";"***.101.501-**";"ARMANDO DE CARVALHO VAN";"10230480000483";"FERREIRA COSTA & CIA LTDA";"COMPRA A/V - R$ - APRES";"29/01/2021";"199,60"
"25201";"Banco Central do Brasil - Orçamento Fiscal e";"25201";"Banco Central do Brasil - Orçamento Fiscal e Seguridade Social - Unidades com vínculo direto";"173050";"BANCO CENTRAL DO BRASIL - RECIFE";"2021";"03";"***.101.501-**";"ARMANDO DE CARVALHO VAN";"-2";"NAO SE APLICA";"SAQUE CASH/ATM BB";"18/02/2021";"550,00"
"25201";"Banco Central do Brasil - Orçamento Fiscal e";"25201";"Banco Central do Brasil - Orçamento Fiscal e Seguridade Social - Unidades com vínculo direto";"173050";"BANCO CENTRAL DO BRASIL - RECIFE";"2021";"03";"***.101.501-**";"ARMANDO DE CARVALHO VAN";"-2";"NAO SE APLICA";"SAQUE CASH/ATM BB";"11/02/2021";"700,00"
"25201";"Banco Central do Brasil - Orçamento Fiscal e";"25201";"Banco Central do Brasil - Orçamento Fiscal e Seguridade Social - Unidades com vínculo direto";"173050";"BANCO CENTRAL DO BRASIL - RECIFE";"2021";"03";"***.101.501-**";"ARMANDO DE CARVALHO VAN";"-2";"NAO SE APLICA";"SAQUE CASH/ATM BB";"11/02/2021";"30,00"
"25201";"Banco Central do Brasil - Orçamento Fiscal e";"25201";"Banco Central do Brasil - Orçamento Fiscal e Seguridade Social - Unidades com vínculo direto";"173050";"BANCO CENTRAL DO BRASIL - RECIFE";"2021";"03";"***.101.501-**";"ARMANDO DE CARVALHO VAN";"27547510000130";"STONE PAY MEIOS DE PAGAMENTO LTDA";"COMPRA A/V - R$ - APRES";"09/02/2021";"119,90"
"25201";"Banco Central do Brasil - Orçamento Fiscal e";"25201";"Banco Central do Brasil - Orçamento Fiscal e Seguridade Social - Unidades com vínculo direto";"173052";"BANCO CENTRAL DO BRASIL - SALVADOR";"2021";"03";"***.860.285-**";"ANTONIO DA SILVA SAMPAIO";"01770714000141";"GRAU B DISTRIBUIDORA DE PARAFUSOS LTDA";"COMPRA A/V - R$ - APRES";"05/02/2021";"4,80"
"25201";"Banco Central do Brasil - Orçamento Fiscal e";"25201";"Banco Central do Brasil - Orçamento Fiscal e Seguridade Social - Unidades com vínculo direto";"173052";"BANCO CENTRAL DO BRASIL - SALVADOR";"2021";"03";"***.860.285-**";"ANTONIO DA SILVA SAMPAIO";"13486998000128";"HOTEL FERRAGEM LTDA";"COMPRA A/V - R$ - APRES";"05/02/2021";"200,00"
"25201";"Banco Central do Brasil - Orçamento Fiscal e";"25201";"Banco Central do Brasil - Orçamento Fiscal e Seguridade Social - Unidades com vínculo direto";"173052";"BANCO CENTRAL DO BRASIL - SALVADOR";"2021";"03";"***.860.285-**";"ANTONIO DA SILVA SAMPAIO";"10230480000300";"FERREIRA COSTA & CIA LTDA";"COMPRA A/V - R$ - APRES";"05/02/2021";"255,50"
"25201";"Banco Central do Brasil - Orçamento Fiscal e";"25201";"Banco Central do Brasil - Orçamento Fiscal e Seguridade Social - Unidades com vínculo direto";"173052";"BANCO CENTRAL DO BRASIL - SALVADOR";"2021";"03";"***.860.285-**";"ANTONIO DA SILVA SAMPAIO";"63263669000196";"CBL- CASA DAS BORRACHAS LTDA";"COMPRA A/V - R$ - APRES";"19/02/2021";"680,00"
"25201";"Banco Central do Brasil - Orçamento Fiscal e";"25201";"Banco Central do Brasil - Orçamento Fiscal e Seguridade Social - Unidades com vínculo direto";"173052";"BANCO CENTRAL DO BRASIL - SALVADOR";"2021";"03";"***.860.285-**";"ANTONIO DA SILVA SAMPAIO";"63263669000196";"CBL- CASA DAS BORRACHAS LTDA";"COMPRA A/V - R$ - APRES";"05/02/2021";"450,00"
"25201";"Banco Central do Brasil - Orçamento Fiscal e";"25201";"Banco Central do Brasil - Orçamento Fiscal e Seguridade Social - Unidades com vínculo direto";"173052";"BANCO CENTRAL DO BRASIL - SALVADOR";"2021";"03";"***.860.285-**";"ANTONIO DA SILVA SAMPAIO";"29936732000170";"DECATECH COMERCIO E SERVICOS LTDA";"COMPRA A/V - R$ - APRES";"19/02/2021";"134,00"
"25201";"Banco Central do Brasil - Orçamento Fiscal e";"25201";"Banco Central do Brasil - Orçamento Fiscal e Seguridade Social - Unidades com vínculo direto";"173052";"BANCO CENTRAL DO BRASIL - SALVADOR";"2021";"03";"***.860.285-**";"ANTONIO DA SILVA SAMPAIO";"13591793000102";"VCG FERRAGENS COMERCIO ATACADISTA LTDA";"COMPRA A/V - R$ - APRES";"19/02/2021";"1147,45"
"25201";"Banco Central do Brasil - Orçamento Fiscal e";"25201";"Banco Central do Brasil - Orçamento Fiscal e Seguridade Social - Unidades com vínculo direto";"173052";"BANCO CENTRAL DO BRASIL - SALVADOR";"2021";"03";"***.860.285-**";"ANTONIO DA SILVA SAMPAIO";"81663765553";"ANDERSON LINO ARAUJO";"COMPRA A/V - R$ - APRES";"16/02/2021";"686,00"
"22000";"Ministério da Agricultura e Pecuária";"22202";"Empresa Brasileira de Pesquisa Agropecuária";"135049";"EMBRAPA/CPAA";"2021";"03";"***.594.702-**";"MARNINE LIMA DE AGUIAR";"16668076000120";"SUMUP INSTITUICAO DE PAGAMENTO BRASIL LTDA";"COMPRA A/V - R$ - APRES";"01/02/2021";"538,00"
"22000";"Ministério da Agricultura e Pecuária";"22202";"Empresa Brasileira de Pesquisa Agropecuária";"135022";"EMBRAPA/CPAMT";"2021";"03";"***.899.071-**";"ODAIR JOSE FERNANDES";"-2";"NAO SE APLICA";"SAQUE CASH/ATM BB";"22/02/2021";"490,00"
"22000";"Ministério da Agricultura e Pecuária";"22202";"Empresa Brasileira de Pesquisa Agropecuária";"135046";"EMBRAPA/GEAF";"2021";"03";"***.461.071-**";"ADRIANI FERREIRA DOS SANTOS";"-2";"NAO SE APLICA";"SAQUE CASH/ATM BB";"26/01/2021";"1000,00"
"22000";"Ministério da Agricultura e Pecuária";"22000";"Ministério da Agricultura e Pecuária - Unidades com vínculo direto";"130095";"DISTRITO DE METEOROLOGIA DE BELEM";"2021";"03";"***.029.711-**";"ITAMAR ANTONIO PINHEIRO DOS PRASERES";"83349563000389";"PORTUGAL COMERCIO DE PRODUTOS DESCARTAVEIS LTDA";"COMPRA A/V - R$ - APRES";"19/02/2021";"105,00"
"22000";"Ministério da Agricultura e Pecuária";"22000";"Ministério da Agricultura e Pecuária - Unidades com vínculo direto";"130095";"DISTRITO DE METEOROLOGIA DE BELEM";"2021";"03";"***.029.711-**";"ITAMAR ANTONIO PINHEIRO DOS PRASERES";"03995515014893";"MATEUS SUPERMERCADOS S.A.";"COMPRA A/V - R$ - APRES";"19/02/2021";"190,29"
"22000";"Ministério da Agricultura e Pecuária";"22000";"Ministério da Agricultura e Pecuária - Unidades com vínculo direto";"130095";"DISTRITO DE METEOROLOGIA DE BELEM";"2021";"03";"***.029.711-**";"ITAMAR ANTONIO PINHEIRO DOS PRASERES";"12087956000585";"BRAZZ BRAZZ PAPELARIA, MATERIAL DE ESCRITORIO E INFORMATICA LTDA";"COMPRA A/V - R$ - APRES";"19/02/2021";"199,00"
"22000";"Ministério da Agricultura e Pecuária";"22000";"Ministério da Agricultura e Pecuária - Unidades com vínculo direto";"130095";"DISTRITO DE METEOROLOGIA DE BELEM";"2021";"03";"***.029.711-**";"ITAMAR ANTONIO PINHEIRO DOS PRASERES";"-2";"NAO SE APLICA";"SAQUE CASH/ATM BB";"20/02/2021";"100,00"
"22000";"Ministério da Agricultura e Pecuária";"22000";"Ministério da Agricultura e Pecuária - Unidades com vínculo direto";"130095";"DISTRITO DE METEOROLOGIA DE BELEM";"2021";"03";"***.029.711-**";"ITAMAR ANTONIO PINHEIRO DOS PRASERES";"-2";"NAO SE APLICA";"SAQUE CASH/ATM BB";"19/02/2021";"300,00"
"22000";"Ministério da Agricultura e Pecuária";"22000";"Ministério da Agricultura e Pecuária - Unidades com vínculo direto";"130095";"DISTRITO DE METEOROLOGIA DE BELEM";"2021";"03";"***.029.711-**";"ITAMAR ANTONIO PINHEIRO DOS PRASERES";"29025763000179";"LONGO COMERCIO DE COMBUSTIVEIS LTDA";"COMPRA A/V - R$ - APRES";"17/02/2021";"100,00"
"22000";"Ministério da Agricultura e Pecuária";"22000";"Ministério da Agricultura e Pecuária - Unidades com vínculo direto";"130103";"LABORATORIO FEDERAL DE DEFESA AGROPECUARIA/RS";"2021";"03";"***.859.660-**";"NILTON LUIS ROSA DOS SANTOS";"09721504000175";"CIGAME COMERCIO DE MATERIAL ELETRICO E HIDRAULICO LTDA";"COMPRA A/V - R$ - APRES";"11/02/2021";"1599,06"
"22000";"Ministério da Agricultura e Pecuária";"22000";"Ministério da Agricultura e Pecuária - Unidades com vínculo direto";"130103";"LABORATORIO FEDERAL DE DEFESA AGROPECUARIA/RS";"2021";"03";"***.267.450-**";"ALINE TORRES VENTURINI";"92664028000141";"FERRAMENTAS GERAIS COMERCIO E IMPORTACAO DE FERRAMENTAS E MAQUINAS LTDA";"COMPRA A/V - R$ - APRES";"23/02/2021";"289,59"
"22000";"Ministério da Agricultura e Pecuária";"22000";"Ministério da Agricultura e Pecuária - Unidades com vínculo direto";"130103";"LABORATORIO FEDERAL DE DEFESA AGROPECUARIA/RS";"2021";"03";"***.859.660-**";"NILTON LUIS ROSA DOS SANTOS";"11267133000145";"RISSARDI EMBALAGENS LTDA";"COMPRA A/V - R$ - APRES";"08/02/2021";"480,00"
"22000";"Ministério da Agricultura e Pecuária";"22000";"Ministério da Agricultura e Pecuária - Unidades com vínculo direto";"130103";"LABORATORIO FEDERAL DE DEFESA AGROPECUARIA/RS";"2021";"03";"***.859.660-**";"NILTON LUIS ROSA DOS SANTOS";"01691015000106";"SANT ANNA & PAYERAS LTDA";"COMPRA A/V - R$ - APRES";"11/02/2021";"150,00"
"22000";"Ministério da Agricultura e Pecuária";"22000";"Ministério da Agricultura e Pecuária - Unidades com vínculo direto";"130103";"LABORATORIO FEDERAL DE DEFESA AGROPECUARIA/RS";"2021";"03";"***.859.660-**";"NILTON LUIS ROSA DOS SANTOS";"08157740000148";"MARIANNA FRAGA DA SILVA";"COMPRA A/V - R$ - APRES";"11/02/2021";"1223,25"
"22000";"Ministério da Agricultura e Pecuária";"22000";"Ministério da Agricultura e Pecuária - Unidades com vínculo direto";"130103";"LABORATORIO FEDERAL DE DEFESA AGROPECUARIA/RS";"2021";"03";"***.859.660-**";"NILTON LUIS ROSA DOS SANTOS";"-2";"NAO SE APLICA";"SAQUE CASH/ATM BB";"09/02/2021";"750,00"
"22000";"Ministério da Agricultura e Pecuária";"22000";"Ministério da Agricultura e Pecuária - Unidades com vínculo direto";"130103";"LABORATORIO FEDERAL DE DEFESA AGROPECUARIA/RS";"2021";"03";"***.859.660-**";"NILTON LUIS ROSA DOS SANTOS";"-2";"NAO SE APLICA";"SAQUE CASH/ATM BB";"08/02/2021";"1000,00"
"22000";"Ministério da Agricultura e Pecuária";"22000";"Ministério da Agricultura e Pecuária - Unidades com vínculo direto";"130103";"LABORATORIO FEDERAL DE DEFESA AGROPECUARIA/RS";"2021";"03";"***.859.660-**";"NILTON LUIS ROSA DOS SANTOS";"12071886000143";"ELTON BARBIANI CHAVES";"COMPRA A/V - R$ - APRES";"08/02/2021";"390,00"
"22000";"Ministério da Agricultura e Pecuária";"22000";"Ministério da Agricultura e Pecuária - Unidades com vínculo direto";"130027";"SUPERINT.DE AGRICULTURA E PECUARIA - SFA/AL";"2021";"03";"***.390.564-**";"HELENO SANTOS DE MORAES";"01493748000136";"CONSTRUCOES IPANEMA LTDA";"COMPRA A/V - R$ - APRES";"19/02/2021";"102,00"
"22000";"Ministério da Agricultura e Pecuária";"22000";"Ministério da Agricultura e Pecuária - Unidades com vínculo direto";"130027";"SUPERINT.DE AGRICULTURA E PECUARIA - SFA/AL";"2021";"03";"***.390.564-**";"HELENO SANTOS DE MORAES";"22788960000109";"IR PARAFUZETA COMERCIO LTDA";"COMPRA A/V - R$ - APRES";"18/02/2021";"45,20"
"22000";"Ministério da Agricultura e Pecuária";"22000";"Ministério da Agricultura e Pecuária - Unidades com vínculo direto";"130027";"SUPERINT.DE AGRICULTURA E PECUARIA - SFA/AL";"2021";"03";"***.390.564-**";"HELENO SANTOS DE MORAES";"08441081000258";"ELETROLUZ LTDA";"COMPRA A/V - R$ - APRES";"18/02/2021";"142,63"
"22000";"Ministério da Agricultura e Pecuária";"22000";"Ministério da Agricultura e Pecuária - Unidades com vínculo direto";"130027";"SUPERINT.DE AGRICULTURA E PECUARIA - SFA/AL";"2021";"03";"***.390.564-**";"HELENO SANTOS DE MORAES";"01888146000340";"COMERCIAL DE EMBALAGENS DESCARTAVEIS E FESTAS LTDA";"COMPRA A/V - R$ - APRES";"18/02/2021";"99,04"
"22000";"Ministério da Agricultura e Pecuária";"22000";"Ministério da Agricultura e Pecuária - Unidades com vínculo direto";"130027";"SUPERINT.DE AGRICULTURA E PECUARIA - SFA/AL";"2021";"03";"***.390.564-**";"HELENO SANTOS DE MORAES";"02895028000674";"R B DANTAS LTDA";"COMPRA A/V - R$ - APRES";"18/02/2021";"40,80"
"22000";"Ministério da Agricultura e Pecuária";"22000";"Ministério da Agricultura e Pecuária - Unidades com vínculo direto";"130014";"SUPERINT.DE AGRICULTURA E PECUARIA - SFA/DF";"2021";"03";"***.022.721-**";"PAULO VI DE OLIVEIRA BARBOZA";"70230927149";"FERNANDO ALVES GONCALVES";"COMPRA A/V - R$ - APRES";"12/02/2021";"180,00"
"22000";"Ministério da Agricultura e Pecuária";"22000";"Ministério da Agricultura e Pecuária - Unidades com vínculo direto";"130014";"SUPERINT.DE AGRICULTURA E PECUARIA - SFA/DF";"2021";"03";"***.022.721-**";"PAULO VI DE OLIVEIRA BARBOZA";"22215128000105";"PLANNO COMUNICACAO VISUAL LTDA";"COMPRA A/V - R$ - APRES";"29/01/2021";"880,00"
"22000";"Ministério da Agricultura e Pecuária";"22000";"Ministério da Agricultura e Pecuária - Unidades com vínculo direto";"130056";"SUPERINT.DE AGRICULTURA E PECUARIA - SFA/MG";"2021";"03";"***.222.256-**";"ADRIANO LUCAS SILVA";"01438784004003";"LEROY MERLIN COMPANHIA BRASILEIRA DE BRICOLAGEM";"COMPRA A/V - R$ - APRES";"11/02/2021";"663,63"
"22000";"Ministério da Agricultura e Pecuária";"22000";"Ministério da Agricultura e Pecuária - Unidades com vínculo direto";"130056";"SUPERINT.DE AGRICULTURA E PECUARIA - SFA/MG";"2021";"03";"***.222.256-**";"ADRIANO LUCAS SILVA";"17281973000149";"COFERMETA SA";"COMPRA A/V - R$ - APRES";"18/02/2021";"307,00"
"22000";"Ministério da Agricultura e Pecuária";"22000";"Ministério da Agricultura e Pecuária - Unidades com vínculo direto";"130062";"SUPERINT.DE AGRICULTURA E PECUARIA - SFA/MS";"2021";"03";"***.817.116-**";"LUIZA DE OLIVEIRA PIMENTEL";"36788156000126";"PANTANEIRA REVENDEDORA DE GAS E TRANSPORTE LTDA";"COMPRA A/V - R$ - APRES";"18/02/2021";"195,00"
"22000";"Ministério da Agricultura e Pecuária";"22000";"Ministério da Agricultura e Pecuária - Unidades com vínculo direto";"130062";"SUPERINT.DE AGRICULTURA E PECUARIA - SFA/MS";"2021";"03";"***.193.301-**";"REGINALDO OSHIRO";"01682110000143";"LLIMA ENGENHARIA COMERCIO E SERVICOS LTDA";"COMPRA A/V - R$ - APRES";"05/02/2021";"50,00"
"22000";"Ministério da Agricultura e Pecuária";"22000";"Ministério da Agricultura e Pecuária - Unidades com vínculo direto";"130062";"SUPERINT.DE AGRICULTURA E PECUARIA - SFA/MS";"2021";"03";"***.193.301-**";"REGINALDO OSHIRO";"01088055000168";"SOBRAL-CHAVES E CARIMBOS LTDA";"COMPRA A/V - R$ - APRES";"05/02/2021";"600,00"
"22000";"Ministério da Agricultura e Pecuária";"22000";"Ministério da Agricultura e Pecuária - Unidades com vínculo direto";"130094";"SUPERINT.DE AGRICULTURA E PECUARIA - SFA/PA";"2021";"03";"***.743.112-**";"RAIMUNDO AZEVEDO AROUCHE";"10802259000100";"DUDUKAZA O IDEAL LTDA";"COMPRA A/V - R$ - APRES";"15/02/2021";"39,90"
"22000";"Ministério da Agricultura e Pecuária";"22000";"Ministério da Agricultura e Pecuária - Unidades com vínculo direto";"130094";"SUPERINT.DE AGRICULTURA E PECUARIA - SFA/PA";"2021";"03";"***.850.922-**";"EDIANA DOS SANTOS MATIAS";"23833534000102";"W.OLIVEIRA DA SILVA INFORMATICA LTDA";"COMPRA A/V - R$ - APRES";"19/02/2021";"1000,00"
"22000";"Ministério da Agricultura e Pecuária";"22000";"Ministério da Agricultura e Pecuária - Unidades com vínculo direto";"130094";"SUPERINT.DE AGRICULTURA E PECUARIA - SFA/PA";"2021";"03";"***.743.112-**";"RAIMUNDO AZEVEDO AROUCHE";"03202628000168";"L C MELO DA SILVA";"COMPRA A/V - R$ - APRES";"17/02/2021";"93,00"
"22000";"Ministério da Agricultura e Pecuária";"22000";"Ministério da Agricultura e Pecuária - Unidades com vínculo direto";"130094";"SUPERINT.DE AGRICULTURA E PECUARIA - SFA/PA";"2021";"03";"***.743.112-**";"RAIMUNDO AZEVEDO AROUCHE";"05054671000744";"LIDER COMERCIO E INDUSTRIA LTDA.";"COMPRA A/V - R$ - APRES";"11/02/2021";"42,40"
"22000";"Ministério da Agricultura e Pecuária";"22000";"Ministério da Agricultura e Pecuária - Unidades com vínculo direto";"130094";"SUPERINT.DE AGRICULTURA E PECUARIA - SFA/PA";"2021";"03";"***.743.112-**";"RAIMUNDO AZEVEDO AROUCHE";"16965024000115";"JAMES L. H. TOME & CIA LTDA";"COMPRA A/V - R$ - APRES";"22/02/2021";"142,60"
"22000";"Ministério da Agricultura e Pecuária";"22000";"Ministério da Agricultura e Pecuária - Unidades com vínculo direto";"130094";"SUPERINT.DE AGRICULTURA E PECUARIA - SFA/PA";"2021";"03";"***.743.112-**";"RAIMUNDO AZEVEDO AROUCHE";"07013648000222";"DICASA COMERCIO DE MATERIAIS DE CONSTRUCAO LTDA.";"COMPRA A/V - R$ - APRES";"15/02/2021";"92,00"
"22000";"Ministério da Agricultura e Pecuária";"22000";"Ministério da Agricultura e Pecuária - Unidades com vínculo direto";"130094";"SUPERINT.DE AGRICULTURA E PECUARIA - SFA/PA";"2021";"03";"***.743.112-**";"RAIMUNDO AZEVEDO AROUCHE";"-2";"NAO SE APLICA";"SAQUE CASH/ATM BB";"12/02/2021";"260,00"
"22000";"Ministério da Agricultura e Pecuária";"22000";"Ministério da Agricultura e Pecuária - Unidades com vínculo direto";"130094";"SUPERINT.DE AGRICULTURA E PECUARIA - SFA/PA";"2021";"03";"***.743.112-**";"RAIMUNDO AZEVEDO AROUCHE";"-2";"NAO SE APLICA";"SAQUE CASH/ATM BB";"12/02/2021";"200,00"
"22000";"Ministério da Agricultura e Pecuária";"22000";"Ministério da Agricultura e Pecuária - Unidades com vínculo direto";"130094";"SUPERINT.DE AGRICULTURA E PECUARIA - SFA/PA";"2021";"03";"***.743.112-**";"RAIMUNDO AZEVEDO AROUCHE";"-2";"NAO SE APLICA";"SAQUE CASH/ATM BB";"11/02/2021";"1000,00"
"22000";"Ministério da Agricultura e Pecuária";"22000";"Ministério da Agricultura e Pecuária - Unidades com vínculo direto";"130094";"SUPERINT.DE AGRICULTURA E PECUARIA - SFA/PA";"2021";"03";"***.743.112-**";"RAIMUNDO AZEVEDO AROUCHE";"-2";"NAO SE APLICA";"SAQUE CASH/ATM BB";"10/02/2021";"1000,00"
"22000";"Ministério da Agricultura e Pecuária";"22000";"Ministério da Agricultura e Pecuária - Unidades com vínculo direto";"130024";"SUPERINT.DE AGRICULTURA E PECUARIA - SFA/PB";"2021";"03";"***.478.661-**";"CLENES ANTONIO INACIO OLIVEIRA";"04069473000104";"POSTO MONTE BELO MACAIBA - DISTRITO INDUSTRIAL LTDA";"COMPRA A/V - R$ - APRES";"08/02/2021";"165,00"
"22000";"Ministério da Agricultura e Pecuária";"22000";"Ministério da Agricultura e Pecuária - Unidades com vínculo direto";"130024";"SUPERINT.DE AGRICULTURA E PECUARIA - SFA/PB";"2021";"03";"***.478.661-**";"CLENES ANTONIO INACIO OLIVEIRA";"04568254000161";"POSTO ESTRELA DA BR 101 LTDA";"COMPRA A/V - R$ - APRES";"10/02/2021";"200,00"
"22000";"Ministério da Agricultura e Pecuária";"22000";"Ministério da Agricultura e Pecuária - Unidades com vínculo direto";"130024";"SUPERINT.DE AGRICULTURA E PECUARIA - SFA/PB";"2021";"03";"***.478.661-**";"CLENES ANTONIO INACIO OLIVEIRA";"28868323000110";"M.D COMERCIO DE COMBUSTIVEL PLANALTO LTDA";"COMPRA A/V - R$ - APRES";"10/02/2021";"182,33"
"22000";"Ministério da Agricultura e Pecuária";"22000";"Ministério da Agricultura e Pecuária - Unidades com vínculo direto";"130021";"SUPERINT.DE AGRICULTURA E PECUARIA - SFA/PI";"2021";"03";"***.765.673-**";"LUIS FRANCISCO MENDES SILVA";"04510107000130";"W. D. OLIVEIRA & CIA. LTDA.";"COMPRA A/V - R$ - APRES";"09/02/2021";"180,00"
"22000";"Ministério da Agricultura e Pecuária";"22000";"Ministério da Agricultura e Pecuária - Unidades com vínculo direto";"130021";"SUPERINT.DE AGRICULTURA E PECUARIA - SFA/PI";"2021";"03";"***.765.673-**";"LUIS FRANCISCO MENDES SILVA";"12632869000138";"SUSANA SOARES DE SOUSA CARVALHO";"COMPRA A/V - R$ - APRES";"22/02/2021";"175,00"
"22000";"Ministério da Agricultura e Pecuária";"22000";"Ministério da Agricultura e Pecuária - Unidades com vínculo direto";"130021";"SUPERINT.DE AGRICULTURA E PECUARIA - SFA/PI";"2021";"03";"***.765.673-**";"LUIS FRANCISCO MENDES SILVA";"41530643000124";"BALCAO DA CONSTRUCAO LTDA";"COMPRA A/V - R$ - APRES";"12/02/2021";"123,00"
"22000";"Ministério da Agricultura e Pecuária";"22000";"Ministério da Agricultura e Pecuária - Unidades com vínculo direto";"130021";"SUPERINT.DE AGRICULTURA E PECUARIA - SFA/PI";"2021";"03";"***.765.673-**";"LUIS FRANCISCO MENDES SILVA";"-2";"NAO SE APLICA";"SAQUE CASH/ATM BB";"11/02/2021";"475,00"
"22000";"Ministério da Agricultura e Pecuária";"22000";"Ministério da Agricultura e Pecuária - Unidades com vínculo direto";"130083";"SUPERINT.DE AGRICULTURA E PECUARIA - SFA/RO";"2021";"03";"***.944.902-**";"JEAN ELAINE SILVA";"84646934000195";"PORTOSOFT COMERCIO DE PRODUTOS DE INFORMATICA LTDA";"COMPRA A/V - R$ - APRES";"17/02/2021";"39,00"
"22000";"Ministério da Agricultura e Pecuária";"22000";"Ministério da Agricultura e Pecuária - Unidades com vínculo direto";"130083";"SUPERINT.DE AGRICULTURA E PECUARIA - SFA/RO";"2021";"03";"***.944.902-**";"JEAN ELAINE SILVA";"84646934000195";"PORTOSOFT COMERCIO DE PRODUTOS DE INFORMATICA LTDA";"COMPRA A/V - R$ - APRES";"10/02/2021";"70,00"
"22000";"Ministério da Agricultura e Pecuária";"22000";"Ministério da Agricultura e Pecuária - Unidades com vínculo direto";"130083";"SUPERINT.DE AGRICULTURA E PECUARIA - SFA/RO";"2021";"03";"***.944.902-**";"JEAN ELAINE SILVA";"84553262000173";"MAQ-GAS COMERCIO E SERVICOS LTDA";"COMPRA A/V - R$ - APRES";"17/02/2021";"29,95"
"22000";"Ministério da Agricultura e Pecuária";"22000";"Ministério da Agricultura e Pecuária - Unidades com vínculo direto";"130083";"SUPERINT.DE AGRICULTURA E PECUARIA - SFA/RO";"2021";"03";"***.944.902-**";"JEAN ELAINE SILVA";"22131657000120";"SUPERGRAFF INDUSTRIA E COMERCIO LTDA";"COMPRA A/V - R$ - APRES";"02/02/2021";"120,00"
"24000";"Ministério da Ciência, Tecnologia e Inovaç";"20402";"Agência Espacial Brasileira";"203001";"AGENCIA ESPACIAL BRASILEIRA/AEB";"2021";"03";"***.792.341-**";"ANTONIO CRISTOVAO DOS SANTOS";"00016857000442";"LAVANDERIA COPACABANA LTDA";"COMPRA A/V - R$ - APRES";"08/02/2021";"147,48"
"24000";"Ministério da Ciência, Tecnologia e Inovaç";"20402";"Agência Espacial Brasileira";"203001";"AGENCIA ESPACIAL BRASILEIRA/AEB";"2021";"03";"***.792.341-**";"ANTONIO CRISTOVAO DOS SANTOS";"36949823000105";"POLAR TINTAS BRASILIA COMERCIO DE TINTAS LTDA";"COMPRA A/V - R$ - APRES";"03/02/2021";"363,77"
"24000";"Ministério da Ciência, Tecnologia e Inovaç";"20402";"Agência Espacial Brasileira";"203001";"AGENCIA ESPACIAL BRASILEIRA/AEB";"2021";"03";"***.792.341-**";"ANTONIO CRISTOVAO DOS SANTOS";"01438784001411";"LEROY MERLIN COMPANHIA BRASILEIRA DE BRICOLAGEM";"COMPRA A/V - R$ - APRES";"11/02/2021";"401,70"
"24000";"Ministério da Ciência, Tecnologia e Inovaç";"20402";"Agência Espacial Brasileira";"203001";"AGENCIA ESPACIAL BRASILEIRA/AEB";"2021";"03";"***.792.341-**";"ANTONIO CRISTOVAO DOS SANTOS";"00533018000159";"SARKIS & SARKIS LTDA";"COMPRA A/V - R$ - APRES";"08/02/2021";"304,00"
"24000";"Ministério da Ciência, Tecnologia e Inovaç";"20402";"Agência Espacial Brasileira";"203001";"AGENCIA ESPACIAL BRASILEIRA/AEB";"2021";"03";"***.792.341-**";"ANTONIO CRISTOVAO DOS SANTOS";"00533018000310";"SARKIS & SARKIS LTDA";"COMPRA A/V - R$ - APRES";"11/02/2021";"311,00"
"24000";"Ministério da Ciência, Tecnologia e Inovaç";"20402";"Agência Espacial Brasileira";"203001";"AGENCIA ESPACIAL BRASILEIRA/AEB";"2021";"03";"***.792.341-**";"ANTONIO CRISTOVAO DOS SANTOS";"37083474000405";"AC COELHO MATERIAIS PARA CONSTRUCAO LTDA";"COMPRA A/V - R$ - APRES";"03/02/2021";"50,70"
"24000";"Ministério da Ciência, Tecnologia e Inovaç";"20301";"Comissão Nacional de Energia Nuclear";"113211";"COMISSAO NACIONAL DE ENERGIA NUCLEAR-CRCN-NE";"2021";"03";"***.829.404-**";"MARIA ELIJANE DA SILVA MARTINS";"24073694002280";"CIL - COMERCIO DE INFORMATICA LTDA";"COMPRA A/V - R$ - APRES";"18/02/2021";"622,16"
"24000";"Ministério da Ciência, Tecnologia e Inovaç";"20301";"Comissão Nacional de Energia Nuclear";"113202";"COMISSAO NACIONAL DE ENERGIA NUCLEAR-IPEN";"2021";"03";"***.105.718-**";"ELI SUARES DE ALMEIDA";"43283811013642";"KALUNGA SA";"COMPRA A/V - R$ - APRES";"10/02/2021";"536,70"
"24000";"Ministério da Ciência, Tecnologia e Inovaç";"20301";"Comissão Nacional de Energia Nuclear";"113202";"COMISSAO NACIONAL DE ENERGIA NUCLEAR-IPEN";"2021";"03";"***.105.718-**";"ELI SUARES DE ALMEIDA";"01438784004780";"LEROY MERLIN COMPANHIA BRASILEIRA DE BRICOLAGEM";"COMPRA A/V - R$ - APRES";"10/02/2021";"308,68"
"24000";"Ministério da Ciência, Tecnologia e Inovaç";"20301";"Comissão Nacional de Energia Nuclear";"113202";"COMISSAO NACIONAL DE ENERGIA NUCLEAR-IPEN";"2021";"03";"***.482.118-**";"JOAO BOSCO GILI";"43283811001717";"KALUNGA SA";"COMPRA A/V - R$ - APRES";"19/02/2021";"549,00"
"24000";"Ministério da Ciência, Tecnologia e Inovaç";"20301";"Comissão Nacional de Energia Nuclear";"113202";"COMISSAO NACIONAL DE ENERGIA NUCLEAR-IPEN";"2021";"03";"***.105.718-**";"ELI SUARES DE ALMEIDA";"16826423000103";"MAWIN - COMERCIAL MULTIMARCAS LTDA";"COMPRA A/V - R$ - APRES";"11/02/2021";"126,00"
"24000";"Ministério da Ciência, Tecnologia e Inovaç";"20301";"Comissão Nacional de Energia Nuclear";"113202";"COMISSAO NACIONAL DE ENERGIA NUCLEAR-IPEN";"2021";"03";"***.482.118-**";"JOAO BOSCO GILI";"47023981000156";"CEPEL COMERCIO DE PAPEIS E EMBALAGENS LTDA";"COMPRA A/V - R$ - APRES";"11/02/2021";"1521,86"
"24000";"Ministério da Ciência, Tecnologia e Inovaç";"20301";"Comissão Nacional de Energia Nuclear";"113202";"COMISSAO NACIONAL DE ENERGIA NUCLEAR-IPEN";"2021";"03";"***.482.118-**";"JOAO BOSCO GILI";"00796965000132";"ACETEL SHOP SERVICE LTDA";"COMPRA A/V - R$ - APRES";"18/02/2021";"160,00"
"24000";"Ministério da Ciência, Tecnologia e Inovaç";"20301";"Comissão Nacional de Energia Nuclear";"113202";"COMISSAO NACIONAL DE ENERGIA NUCLEAR-IPEN";"2021";"03";"***.482.118-**";"JOAO BOSCO GILI";"06092049000289";"ITAVEMA JAPAN VEICULOS LTDA";"COMPRA A/V - R$ - APRES";"19/02/2021";"88,30"
"24000";"Ministério da Ciência, Tecnologia e Inovaç";"20301";"Comissão Nacional de Energia Nuclear";"113202";"COMISSAO NACIONAL DE ENERGIA NUCLEAR-IPEN";"2021";"03";"***.482.118-**";"JOAO BOSCO GILI";"02237989000187";"CASA PEDROSO MATERIAIS PARA CONSTRUCAO LTDA";"COMPRA A/V - R$ - APRES";"22/02/2021";"1179,07"
"24000";"Ministério da Ciência, Tecnologia e Inovaç";"20301";"Comissão Nacional de Energia Nuclear";"113202";"COMISSAO NACIONAL DE ENERGIA NUCLEAR-IPEN";"2021";"03";"***.482.118-**";"JOAO BOSCO GILI";"11606293000171";"POST MAIL EXPRESS SERVICOS POSTAIS LTDA";"COMPRA A/V - R$ - APRES";"22/02/2021";"35,10"
"24000";"Ministério da Ciência, Tecnologia e Inovaç";"20301";"Comissão Nacional de Energia Nuclear";"113202";"COMISSAO NACIONAL DE ENERGIA NUCLEAR-IPEN";"2021";"03";"***.482.118-**";"JOAO BOSCO GILI";"11606293000171";"POST MAIL EXPRESS SERVICOS POSTAIS LTDA";"COMPRA A/V - R$ - APRES";"18/02/2021";"56,20"
"24000";"Ministério da Ciência, Tecnologia e Inovaç";"20301";"Comissão Nacional de Energia Nuclear";"113202";"COMISSAO NACIONAL DE ENERGIA NUCLEAR-IPEN";"2021";"03";"***.482.118-**";"JOAO BOSCO GILI";"11606293000171";"POST MAIL EXPRESS SERVICOS POSTAIS LTDA";"COMPRA A/V - R$ - APRES";"11/02/2021";"207,15"
"24000";"Ministério da Ciência, Tecnologia e Inovaç";"20301";"Comissão Nacional de Energia Nuclear";"113202";"COMISSAO NACIONAL DE ENERGIA NUCLEAR-IPEN";"2021";"03";"***.105.718-**";"ELI SUARES DE ALMEIDA";"17448484000139";"FORTMED MATERIAIS CIRURGICOS LTDA";"COMPRA A/V - R$ - APRES";"10/02/2021";"56,00"
"24000";"Ministério da Ciência, Tecnologia e Inovaç";"20301";"Comissão Nacional de Energia Nuclear";"113202";"COMISSAO NACIONAL DE ENERGIA NUCLEAR-IPEN";"2021";"03";"***.105.718-**";"ELI SUARES DE ALMEIDA";"59560912000160";"AFFONSOS BORRACHAS LTDA";"COMPRA A/V - R$ - APRES";"12/02/2021";"248,00"
"24000";"Ministério da Ciência, Tecnologia e Inovaç";"20501";"Conselho Nacional de Desenvolvimento Científico e Tecnológico";"364102";"CONSELHO NAC DE DESENV CIENT E TECNOLOGICO";"2021";"03";"***.117.557-**";"JOAO ANSELMO BARBOSA";"-2";"NAO SE APLICA";"SAQUE CASH/ATM BB";"04/02/2021";"10,00"
"24000";"Ministério da Ciência, Tecnologia e Inovaç";"24000";"Ministério da Ciência, Tecnologia e Inovação - Unidades com vínculo direto";"240120";"CENTRO BRASILEIRO DE PESQUISAS FISICAS";"2021";"03";"***.091.027-**";"ALEXANDRE SILVA DA COSTA";"42130708000107";"POSTO STELLA DE ABASTECIMENTO LTDA";"COMPRA A/V - R$ - APRES";"12/02/2021";"156,16"
"24000";"Ministério da Ciência, Tecnologia e Inovaç";"24000";"Ministério da Ciência, Tecnologia e Inovação - Unidades com vínculo direto";"240120";"CENTRO BRASILEIRO DE PESQUISAS FISICAS";"2021";"03";"***.091.027-**";"ALEXANDRE SILVA DA COSTA";"42130708000107";"POSTO STELLA DE ABASTECIMENTO LTDA";"COMPRA A/V - R$ - APRES";"12/02/2021";"175,05"
"24000";"Ministério da Ciência, Tecnologia e Inovaç";"24000";"Ministério da Ciência, Tecnologia e Inovação - Unidades com vínculo direto";"240120";"CENTRO BRASILEIRO DE PESQUISAS FISICAS";"2021";"03";"***.091.027-**";"ALEXANDRE SILVA DA COSTA";"42130708000107";"POSTO STELLA DE ABASTECIMENTO LTDA";"COMPRA A/V - R$ - APRES";"12/02/2021";"238,69"
"24000";"Ministério da Ciência, Tecnologia e Inovaç";"24000";"Ministério da Ciência, Tecnologia e Inovação - Unidades com vínculo direto";"240120";"CENTRO BRASILEIRO DE PESQUISAS FISICAS";"2021";"03";"***.091.027-**";"ALEXANDRE SILVA DA COSTA";"42130708000107";"POSTO STELLA DE ABASTECIMENTO LTDA";"COMPRA A/V - R$ - APRES";"12/02/2021";"192,17"
"24000";"Ministério da Ciência, Tecnologia e Inovaç";"24000";"Ministério da Ciência, Tecnologia e Inovação - Unidades com vínculo direto";"240114";"INSTITUTO NACIONAL DO SEMIARIDO";"2021";"03";"***.189.694-**";"PAULO LUCIANO DA SILVA SANTOS";"12130826000154";"ADELADIO GUIMARAES DE LIMA";"COMPRA A/V - R$ - APRES";"12/02/2021";"170,00"
"24000";"Ministério da Ciência, Tecnologia e Inovaç";"24000";"Ministério da Ciência, Tecnologia e Inovação - Unidades com vínculo direto";"240114";"INSTITUTO NACIONAL DO SEMIARIDO";"2021";"03";"***.189.694-**";"PAULO LUCIANO DA SILVA SANTOS";"00823709400";"EDUARDO DE MELO E MENDONCA";"COMPRA A/V - R$ - APRES";"11/02/2021";"400,00"
"24000";"Ministério da Ciência, Tecnologia e Inovaç";"24000";"Ministério da Ciência, Tecnologia e Inovação - Unidades com vínculo direto";"240114";"INSTITUTO NACIONAL DO SEMIARIDO";"2021";"03";"***.189.694-**";"PAULO LUCIANO DA SILVA SANTOS";"07169482000157";"COPIADORA DUTRA LTDA";"COMPRA A/V - R$ - APRES";"23/02/2021";"79,20"
"24000";"Ministério da Ciência, Tecnologia e Inovaç";"24000";"Ministério da Ciência, Tecnologia e Inovação - Unidades com vínculo direto";"240114";"INSTITUTO NACIONAL DO SEMIARIDO";"2021";"03";"***.189.694-**";"PAULO LUCIANO DA SILVA SANTOS";"10771715000100";"LYRA COMERCIO DE PECAS PARA FOGOES LTDA";"COMPRA A/V - R$ - APRES";"12/02/2021";"76,30"
"24000";"Ministério da Ciência, Tecnologia e Inovaç";"24000";"Ministério da Ciência, Tecnologia e Inovação - Unidades com vínculo direto";"240128";"LABORATORIO NACIONAL DE ASTROFISICA";"2021";"03";"***.331.086-**";"CARLOS BRAGA";"12959633000100";"ELETRO ELETRONICA SANTOS MAIA LTDA";"COMPRA A/V - R$ - APRES";"10/02/2021";"116,61"
"24000";"Ministério da Ciência, Tecnologia e Inovaç";"24000";"Ministério da Ciência, Tecnologia e Inovação - Unidades com vínculo direto";"240128";"LABORATORIO NACIONAL DE ASTROFISICA";"2021";"03";"***.331.086-**";"CARLOS BRAGA";"09293567000178";"AT MARTINS";"COMPRA A/V - R$ - APRES";"10/02/2021";"254,00"
"24000";"Ministério da Ciência, Tecnologia e Inovaç";"24000";"Ministério da Ciência, Tecnologia e Inovação - Unidades com vínculo direto";"240128";"LABORATORIO NACIONAL DE ASTROFISICA";"2021";"03";"***.331.086-**";"CARLOS BRAGA";"00853691000176";"DUMONT MATERIAIS DE CONSTRUCAO LTDA";"COMPRA A/V - R$ - APRES";"10/02/2021";"165,00"
"24000";"Ministério da Ciência, Tecnologia e Inovaç";"24000";"Ministério da Ciência, Tecnologia e Inovação - Unidades com vínculo direto";"240128";"LABORATORIO NACIONAL DE ASTROFISICA";"2021";"03";"***.331.086-**";"CARLOS BRAGA";"02291141000136";"CR MAQUINAS E EQUIPAMENTOS LTDA";"COMPRA A/V - R$ - APRES";"10/02/2021";"8,28"
"24000";"Ministério da Ciência, Tecnologia e Inovaç";"24000";"Ministério da Ciência, Tecnologia e Inovação - Unidades com vínculo direto";"240128";"LABORATORIO NACIONAL DE ASTROFISICA";"2021";"03";"***.331.086-**";"CARLOS BRAGA";"71033138000135";"SUPERMERCADO E QUITANDA MINEIRA E CIA LTDA.";"COMPRA A/V - R$ - APRES";"03/02/2021";"120,27"
"24000";"Ministério da Ciência, Tecnologia e Inovaç";"24000";"Ministério da Ciência, Tecnologia e Inovação - Unidades com vínculo direto";"240128";"LABORATORIO NACIONAL DE ASTROFISICA";"2021";"03";"***.331.086-**";"CARLOS BRAGA";"13612975000112";"SULINA VIDROS LTDA";"COMPRA A/V - R$ - APRES";"10/02/2021";"62,00"
"24000";"Ministério da Ciência, Tecnologia e Inovaç";"24000";"Ministério da Ciência, Tecnologia e Inovação - Unidades com vínculo direto";"240128";"LABORATORIO NACIONAL DE ASTROFISICA";"2021";"03";"***.331.086-**";"CARLOS BRAGA";"11402031000195";"11.402.031 SANDRA REGINA GUEDES";"COMPRA A/V - R$ - APRES";"22/02/2021";"120,00"
"24000";"Ministério da Ciência, Tecnologia e Inovaç";"24000";"Ministério da Ciência, Tecnologia e Inovação - Unidades com vínculo direto";"240124";"MUSEU DE ASTRONOMIA E CIENCIAS AFINS";"2021";"03";"***.793.217-**";"THIAGO DA SILVA RIBEIRO PEREIRA";"33899485000156";"POSTO E GARAGEM PEROLA LTDA";"COMPRA A/V - R$ - APRES";"11/02/2021";"475,49"
"24000";"Ministério da Ciência, Tecnologia e Inovaç";"24000";"Ministério da Ciência, Tecnologia e Inovação - Unidades com vínculo direto";"240124";"MUSEU DE ASTRONOMIA E CIENCIAS AFINS";"2021";"03";"***.793.217-**";"THIAGO DA SILVA RIBEIRO PEREIRA";"33899485000156";"POSTO E GARAGEM PEROLA LTDA";"COMPRA A/V - R$ - APRES";"11/02/2021";"287,89"
"24000";"Ministério da Ciência, Tecnologia e Inovaç";"24000";"Ministério da Ciência, Tecnologia e Inovação - Unidades com vínculo direto";"240124";"MUSEU DE ASTRONOMIA E CIENCIAS AFINS";"2021";"03";"***.793.217-**";"THIAGO DA SILVA RIBEIRO PEREIRA";"28749695000128";"G R COUTO CHAVEIRO E COMERCIO DE ELETRONICOS";"COMPRA A/V - R$ - APRES";"12/02/2021";"16,00"
"24000";"Ministério da Ciência, Tecnologia e Inovaç";"24000";"Ministério da Ciência, Tecnologia e Inovação - Unidades com vínculo direto";"240124";"MUSEU DE ASTRONOMIA E CIENCIAS AFINS";"2021";"03";"***.793.217-**";"THIAGO DA SILVA RIBEIRO PEREIRA";"06888912000128";"NOVA BELLA 86 MATERIAIS DE CONSTRUCAO FERRAGENS ELETRICO E HIDRAULICO LIMITADA";"COMPRA A/V - R$ - APRES";"23/02/2021";"30,50"
"24000";"Ministério da Ciência, Tecnologia e Inovaç";"24000";"Ministério da Ciência, Tecnologia e Inovação - Unidades com vínculo direto";"240126";"OBSERVATORIO NACIONAL";"2021";"03";"***.877.957-**";"RONALDO MARINS DE CARVALHO";"43663160000476";"AUTO POSTO APARECIDA DO NORTE LTDA";"COMPRA A/V - R$ - APRES";"12/02/2021";"234,49"
"52000";"Ministério da Defesa";"52121";"Comando do Exército";"160049";"10º DEPOSITO DE SUPRIMENTO";"2021";"03";"***.909.763-**";"LEONARDO ROCHA DA SILVA";"09512944000112";"AUTOPOSTO JAGUARIBANO COMERCIAL DE COMBUSTIVEIS LTDA";"COMPRA A/V - R$ - APRES";"09/02/2021";"100,00"
"52000";"Ministério da Defesa";"52121";"Comando do Exército";"160049";"10º DEPOSITO DE SUPRIMENTO";"2021";"03";"***.909.763-**";"LEONARDO ROCHA DA SILVA";"02399763000182";"RICELE AIRES VICTOR";"COMPRA A/V - R$ - APRES";"09/02/2021";"183,80"
"52000";"Ministério da Defesa";"52121";"Comando do Exército";"160018";"12. BATALHAO DE SUPRIMENTO";"2021";"03";"***.640.052-**";"KILDERY RENIER PIMENTEL SERRAO";"15867024000209";"RONDOBRAS AUTO PECAS LTDA";"COMPRA A/V - R$ - APRES";"20/02/2021";"700,00"
"52000";"Ministério da Defesa";"52121";"Comando do Exército";"160018";"12. BATALHAO DE SUPRIMENTO";"2021";"03";"***.640.052-**";"KILDERY RENIER PIMENTEL SERRAO";"10763650000142";"ALMEIDA & MATOS LTDA";"COMPRA A/V - R$ - APRES";"20/02/2021";"100,00"
"52000";"Ministério da Defesa";"52121";"Comando do Exército";"160350";"17º BATALHAO LOGISTICO DE SELVA";"2021";"03";"***.651.030-**";"CRISTIANO MENNA BARRETO BROGLIO";"20220198000207";"AUTO POSTO PROGRESSO LTDA";"COMPRA A/V - R$ - APRES";"11/02/2021";"218,00"
"52000";"Ministério da Defesa";"52121";"Comando do Exército";"160350";"17º BATALHAO LOGISTICO DE SELVA";"2021";"03";"***.651.030-**";"CRISTIANO MENNA BARRETO BROGLIO";"20220198000207";"AUTO POSTO PROGRESSO LTDA";"COMPRA A/V - R$ - APRES";"09/02/2021";"10,00"
"52000";"Ministério da Defesa";"52121";"Comando do Exército";"160350";"17º BATALHAO LOGISTICO DE SELVA";"2021";"03";"***.651.030-**";"CRISTIANO MENNA BARRETO BROGLIO";"20220198000207";"AUTO POSTO PROGRESSO LTDA";"COMPRA A/V - R$ - APRES";"09/02/2021";"182,00"
"52000";"Ministério da Defesa";"52121";"Comando do Exército";"160350";"17º BATALHAO LOGISTICO DE SELVA";"2021";"03";"***.542.232-**";"TONNY SMAYLON GOMES DE CARVALHO";"20220198000207";"AUTO POSTO PROGRESSO LTDA";"COMPRA A/V - R$ - APRES";"23/02/2021";"233,00"
"52000";"Ministério da Defesa";"52121";"Comando do Exército";"160350";"17º BATALHAO LOGISTICO DE SELVA";"2021";"03";"***.199.047-**";"MARCIO LUIS ALVES DA SILVA";"36563951000116";"RESTAURANTE E CHURRASCARIA GUAPORE LTDA";"COMPRA A/V - R$ - APRES";"18/02/2021";"45,00"
"52000";"Ministério da Defesa";"52121";"Comando do Exército";"160350";"17º BATALHAO LOGISTICO DE SELVA";"2021";"03";"***.199.047-**";"MARCIO LUIS ALVES DA SILVA";"36563951000116";"RESTAURANTE E CHURRASCARIA GUAPORE LTDA";"COMPRA A/V - R$ - APRES";"18/02/2021";"10,00"
"52000";"Ministério da Defesa";"52121";"Comando do Exército";"160350";"17º BATALHAO LOGISTICO DE SELVA";"2021";"03";"***.199.047-**";"MARCIO LUIS ALVES DA SILVA";"14070090000100";"CANTELLI & CANTELLI LTDA";"COMPRA A/V - R$ - APRES";"19/02/2021";"150,00"
"52000";"Ministério da Defesa";"52121";"Comando do Exército";"160350";"17º BATALHAO LOGISTICO DE SELVA";"2021";"03";"***.277.960-**";"KAUE CEZAR NITSCHKE";"33476374000137";"M. M. DO CARMO LTDA";"COMPRA A/V - R$ - APRES";"27/01/2021";"70,00"
"52000";"Ministério da Defesa";"52121";"Comando do Exército";"160350";"17º BATALHAO LOGISTICO DE SELVA";"2021";"03";"***.199.047-**";"MARCIO LUIS ALVES DA SILVA";"99166305268";"ALEXANDRA NAVARRO BRASILINI";"COMPRA A/V - R$ - APRES";"19/02/2021";"34,00"
"52000";"Ministério da Defesa";"52121";"Comando do Exército";"160350";"17º BATALHAO LOGISTICO DE SELVA";"2021";"03";"***.199.047-**";"MARCIO LUIS ALVES DA SILVA";"99166305268";"ALEXANDRA NAVARRO BRASILINI";"COMPRA A/V - R$ - APRES";"19/02/2021";"10,00"
"52000";"Ministério da Defesa";"52121";"Comando do Exército";"160350";"17º BATALHAO LOGISTICO DE SELVA";"2021";"03";"***.277.960-**";"KAUE CEZAR NITSCHKE";"04602361000169";"HILARINDO E CIA LTDA";"COMPRA A/V - R$ - APRES";"29/01/2021";"110,00"
"52000";"Ministério da Defesa";"52121";"Comando do Exército";"160350";"17º BATALHAO LOGISTICO DE SELVA";"2021";"03";"***.277.960-**";"KAUE CEZAR NITSCHKE";"03147414000136";"SCHONS & SCHONS LTDA";"COMPRA A/V - R$ - APRES";"29/01/2021";"50,00"
"52000";"Ministério da Defesa";"52121";"Comando do Exército";"160350";"17º BATALHAO LOGISTICO DE SELVA";"2021";"03";"***.277.960-**";"KAUE CEZAR NITSCHKE";"03147414000136";"SCHONS & SCHONS LTDA";"COMPRA A/V - R$ - APRES";"29/01/2021";"229,30"
"52000";"Ministério da Defesa";"52121";"Comando do Exército";"160350";"17º BATALHAO LOGISTICO DE SELVA";"2021";"03";"***.277.960-**";"KAUE CEZAR NITSCHKE";"22310217000130";"RESTAURANTE NORTAO LTDA";"COMPRA A/V - R$ - APRES";"28/01/2021";"33,98"
"52000";"Ministério da Defesa";"52121";"Comando do Exército";"160350";"17º BATALHAO LOGISTICO DE SELVA";"2021";"03";"***.277.960-**";"KAUE CEZAR NITSCHKE";"22310217000130";"RESTAURANTE NORTAO LTDA";"COMPRA A/V - R$ - APRES";"27/01/2021";"59,49"
"52000";"Ministério da Defesa";"52121";"Comando do Exército";"160350";"17º BATALHAO LOGISTICO DE SELVA";"2021";"03";"***.277.960-**";"KAUE CEZAR NITSCHKE";"22310217000130";"RESTAURANTE NORTAO LTDA";"COMPRA A/V - R$ - APRES";"27/01/2021";"1,00"
"52000";"Ministério da Defesa";"52121";"Comando do Exército";"160350";"17º BATALHAO LOGISTICO DE SELVA";"2021";"03";"***.199.047-**";"MARCIO LUIS ALVES DA SILVA";"27937487000190";"TREVO RESTAURANTE LTDA";"COMPRA A/V - R$ - APRES";"18/02/2021";"10,00"
"52000";"Ministério da Defesa";"52121";"Comando do Exército";"160350";"17º BATALHAO LOGISTICO DE SELVA";"2021";"03";"***.199.047-**";"MARCIO LUIS ALVES DA SILVA";"27937487000190";"TREVO RESTAURANTE LTDA";"COMPRA A/V - R$ - APRES";"18/02/2021";"49,00"
"52000";"Ministério da Defesa";"52121";"Comando do Exército";"160350";"17º BATALHAO LOGISTICO DE SELVA";"2021";"03";"***.934.357-**";"WALEF SANTOS LIMA";"10596033000108";"JACIR F. RODRIGUES & CIA LTDA";"COMPRA A/V - R$ - APRES";"03/02/2021";"1,00"
"52000";"Ministério da Defesa";"52121";"Comando do Exército";"160350";"17º BATALHAO LOGISTICO DE SELVA";"2021";"03";"***.934.357-**";"WALEF SANTOS LIMA";"10596033000108";"JACIR F. RODRIGUES & CIA LTDA";"COMPRA A/V - R$ - APRES";"03/02/2021";"132,00"
"52000";"Ministério da Defesa";"52121";"Comando do Exército";"160350";"17º BATALHAO LOGISTICO DE SELVA";"2021";"03";"***.277.960-**";"KAUE CEZAR NITSCHKE";"10490228000160";"AUTO POSTO PS COMERCIO DE COMBUSTIVEIS LTDA";"COMPRA A/V - R$ - APRES";"27/01/2021";"424,05"
"52000";"Ministério da Defesa";"52121";"Comando do Exército";"160350";"17º BATALHAO LOGISTICO DE SELVA";"2021";"03";"***.199.047-**";"MARCIO LUIS ALVES DA SILVA";"40018591000149";"NERY E NERY LTDA";"COMPRA A/V - R$ - APRES";"19/02/2021";"90,00"
"52000";"Ministério da Defesa";"52121";"Comando do Exército";"160350";"17º BATALHAO LOGISTICO DE SELVA";"2021";"03";"***.277.960-**";"KAUE CEZAR NITSCHKE";"08020668000102";"SADI DE MOURA & MOURA LTDA";"COMPRA A/V - R$ - APRES";"29/01/2021";"63,00"
"52000";"Ministério da Defesa";"52121";"Comando do Exército";"160350";"17º BATALHAO LOGISTICO DE SELVA";"2021";"03";"***.934.357-**";"WALEF SANTOS LIMA";"20628364000128";"O. E. DE MELO";"COMPRA A/V - R$ - APRES";"02/02/2021";"129,00"
"52000";"Ministério da Defesa";"52121";"Comando do Exército";"160350";"17º BATALHAO LOGISTICO DE SELVA";"2021";"03";"***.934.357-**";"WALEF SANTOS LIMA";"20628364000128";"O. E. DE MELO";"COMPRA A/V - R$ - APRES";"02/02/2021";"1,00"
"52000";"Ministério da Defesa";"52121";"Comando do Exército";"160350";"17º BATALHAO LOGISTICO DE SELVA";"2021";"03";"***.199.047-**";"MARCIO LUIS ALVES DA SILVA";"01227244000174";"RESTAURANTE ORIENTE DE JARU LTDA";"COMPRA A/V - R$ - APRES";"19/02/2021";"10,00"
"52000";"Ministério da Defesa";"52121";"Comando do Exército";"160350";"17º BATALHAO LOGISTICO DE SELVA";"2021";"03";"***.199.047-**";"MARCIO LUIS ALVES DA SILVA";"01227244000174";"RESTAURANTE ORIENTE DE JARU LTDA";"COMPRA A/V - R$ - APRES";"19/02/2021";"46,50"
"52000";"Ministério da Defesa";"52121";"Comando do Exército";"160350";"17º BATALHAO LOGISTICO DE SELVA";"2021";"03";"***.277.960-**";"KAUE CEZAR NITSCHKE";"29857115000189";"MASTER LANCHE COMERCIO DE ALIMENTOS E BEBIDAS LTDA";"COMPRA A/V - R$ - APRES";"28/01/2021";"35,00"
"52000";"Ministério da Defesa";"52121";"Comando do Exército";"160350";"17º BATALHAO LOGISTICO DE SELVA";"2021";"03";"***.277.960-**";"KAUE CEZAR NITSCHKE";"28749757000100";"A. DOS SANTOS FALCAO CLEMENTE";"COMPRA A/V - R$ - APRES";"27/01/2021";"140,00"
"52000";"Ministério da Defesa";"52121";"Comando do Exército";"160520";"23º BATALHAO LOGISTICO DE SELVA";"2021";"03";"***.093.351-**";"MATEUS SANCHES HAMMERSCHMIDT";"10573521000191";"MERCADO PAGO INSTITUICAO DE PAGAMENTO LTDA";"COMPRA A/V - R$ - APRES";"12/02/2021";"60,00"
"52000";"Ministério da Defesa";"52121";"Comando do Exército";"160520";"23º BATALHAO LOGISTICO DE SELVA";"2021";"03";"***.093.351-**";"MATEUS SANCHES HAMMERSCHMIDT";"10573521000191";"MERCADO PAGO INSTITUICAO DE PAGAMENTO LTDA";"COMPRA A/V - R$ - APRES";"12/02/2021";"709,40"
"52000";"Ministério da Defesa";"52121";"Comando do Exército";"160520";"23º BATALHAO LOGISTICO DE SELVA";"2021";"03";"***.093.351-**";"MATEUS SANCHES HAMMERSCHMIDT";"10573521000191";"MERCADO PAGO INSTITUICAO DE PAGAMENTO LTDA";"COMPRA A/V - R$ - APRES";"10/02/2021";"1500,00"
"52000";"Ministério da Defesa";"52121";"Comando do Exército";"160520";"23º BATALHAO LOGISTICO DE SELVA";"2021";"03";"***.093.351-**";"MATEUS SANCHES HAMMERSCHMIDT";"23887208000170";"AUTO POSTO MADRY COMERCIO DE COMBUSTIVEIS LIMITADA";"COMPRA A/V - R$ - APRES";"09/02/2021";"25,00"
"52000";"Ministério da Defesa";"52121";"Comando do Exército";"160520";"23º BATALHAO LOGISTICO DE SELVA";"2021";"03";"***.093.351-**";"MATEUS SANCHES HAMMERSCHMIDT";"11640069000104";"RESTAURANTE LIMA & SILVA LTDA";"COMPRA A/V - R$ - APRES";"13/02/2021";"90,00"
"52000";"Ministério da Defesa";"52121";"Comando do Exército";"160520";"23º BATALHAO LOGISTICO DE SELVA";"2021";"03";"***.093.351-**";"MATEUS SANCHES HAMMERSCHMIDT";"11640069000104";"RESTAURANTE LIMA & SILVA LTDA";"COMPRA A/V - R$ - APRES";"09/02/2021";"90,00"
"52000";"Ministério da Defesa";"52121";"Comando do Exército";"160203";"2º BATALHAO DE ENGENHARIA DE CONSTRUCAO";"2021";"03";"***.059.213-**";"ALAN ALVES DA SILVA";"29034143000104";"EBENEZIA LOCACAO DE MAQUINAS LTDA";"COMPRA A/V - R$ - APRES";"23/02/2021";"5,00"
"52000";"Ministério da Defesa";"52121";"Comando do Exército";"160494";"2º BATALHAO DE SUPRIMENTO";"2021";"03";"***.704.078-**";"WILLIAM PEREIRA SANTIAGO";"05562417111";"HELIEL DO ESPIRITO SANTO";"COMPRA A/V - R$ - APRES";"30/01/2021";"160,00"
"52000";"Ministério da Defesa";"52121";"Comando do Exército";"160494";"2º BATALHAO DE SUPRIMENTO";"2021";"03";"***.704.078-**";"WILLIAM PEREIRA SANTIAGO";"06368081000163";"RCY SERVICOS ELETRICOS AUTOMOTIVOS LTDA.";"COMPRA A/V - R$ - APRES";"08/02/2021";"242,00"
"52000";"Ministério da Defesa";"52121";"Comando do Exército";"160494";"2º BATALHAO DE SUPRIMENTO";"2021";"03";"***.704.078-**";"WILLIAM PEREIRA SANTIAGO";"02322859000142";"ESTRADAO ACESSORIOS AUTOMOTIVOS LTDA";"COMPRA A/V - R$ - APRES";"11/02/2021";"3000,00"
"52000";"Ministério da Defesa";"52121";"Comando do Exército";"160494";"2º BATALHAO DE SUPRIMENTO";"2021";"03";"***.704.078-**";"WILLIAM PEREIRA SANTIAGO";"02322859000142";"ESTRADAO ACESSORIOS AUTOMOTIVOS LTDA";"COMPRA A/V - R$ - APRES";"29/01/2021";"4100,00"
"52000";"Ministério da Defesa";"52121";"Comando do Exército";"160494";"2º BATALHAO DE SUPRIMENTO";"2021";"03";"***.704.078-**";"WILLIAM PEREIRA SANTIAGO";"02237118000163";"L. L. COMERCIO DE MATERIAIS ELETRICOS LTDA";"COMPRA A/V - R$ - APRES";"06/02/2021";"900,00"
"52000";"Ministério da Defesa";"52121";"Comando do Exército";"160494";"2º BATALHAO DE SUPRIMENTO";"2021";"03";"***.704.078-**";"WILLIAM PEREIRA SANTIAGO";"28990715000158";"28.990.715 BENEDITO DA COSTA BRANDAO";"COMPRA A/V - R$ - APRES";"05/02/2021";"1300,00"
"52000";"Ministério da Defesa";"52121";"Comando do Exército";"160494";"2º BATALHAO DE SUPRIMENTO";"2021";"03";"***.704.078-**";"WILLIAM PEREIRA SANTIAGO";"06329652000150";"MARINETE PEREIRA NEVES LOPES";"COMPRA A/V - R$ - APRES";"01/02/2021";"30,00"
"52000";"Ministério da Defesa";"52121";"Comando do Exército";"160494";"2º BATALHAO DE SUPRIMENTO";"2021";"03";"***.704.078-**";"WILLIAM PEREIRA SANTIAGO";"03001622000122";"MUNHOZ E VIEIRA LTDA";"COMPRA A/V - R$ - APRES";"04/02/2021";"950,00"
"52000";"Ministério da Defesa";"52121";"Comando do Exército";"160494";"2º BATALHAO DE SUPRIMENTO";"2021";"03";"***.704.078-**";"WILLIAM PEREIRA SANTIAGO";"05931462000146";"AM PECAS E ACESSORIOS LTDA";"COMPRA A/V - R$ - APRES";"09/02/2021";"100,00"
"52000";"Ministério da Defesa";"52121";"Comando do Exército";"160494";"2º BATALHAO DE SUPRIMENTO";"2021";"03";"***.704.078-**";"WILLIAM PEREIRA SANTIAGO";"06063308000162";"BRASIL DIESEL PECAS E SERVICOS LTDA";"COMPRA A/V - R$ - APRES";"09/02/2021";"120,00"
"52000";"Ministério da Defesa";"52121";"Comando do Exército";"160494";"2º BATALHAO DE SUPRIMENTO";"2021";"03";"***.704.078-**";"WILLIAM PEREIRA SANTIAGO";"04886211000124";"PANTANEIRO ACESSORIOS LTDA";"COMPRA A/V - R$ - APRES";"09/02/2021";"155,00"
"52000";"Ministério da Defesa";"52121";"Comando do Exército";"160494";"2º BATALHAO DE SUPRIMENTO";"2021";"03";"***.704.078-**";"WILLIAM PEREIRA SANTIAGO";"10573521000191";"MERCADO PAGO INSTITUICAO DE PAGAMENTO LTDA";"COMPRA A/V - R$ - APRES";"03/02/2021";"395,00"
"52000";"Ministério da Defesa";"52121";"Comando do Exército";"160494";"2º BATALHAO DE SUPRIMENTO";"2021";"03";"***.704.078-**";"WILLIAM PEREIRA SANTIAGO";"05562417111";"HELIEL DO ESPIRITO SANTO";"COMPRA A/V - R$ - APRES";"10/02/2021";"390,00"
"52000";"Ministério da Defesa";"52121";"Comando do Exército";"160120";"4º DEPOSITO DE SUPRIMENTO";"2021";"03";"***.703.076-**";"JOCEMAR JOSE DE REZENDE";"18016622000173";"CHURRASCARIA RS LTDA";"COMPRA A/V - R$ - APRES";"07/02/2021";"1213,62"
"52000";"Ministério da Defesa";"52121";"Comando do Exército";"160120";"4º DEPOSITO DE SUPRIMENTO";"2021";"03";"***.703.076-**";"JOCEMAR JOSE DE REZENDE";"28021257000149";"CHURRASCARIA GONZATTO LTDA";"COMPRA A/V - R$ - APRES";"12/02/2021";"320,00"
"52000";"Ministério da Defesa";"52121";"Comando do Exército";"160120";"4º DEPOSITO DE SUPRIMENTO";"2021";"03";"***.791.386-**";"MARCO ANTONIO MENDES";"07143964000138";"LIDIANE CASTRO GOMES DE ANDRADE LEVATE";"COMPRA A/V - R$ - APRES";"08/02/2021";"391,99"
"52000";"Ministério da Defesa";"52121";"Comando do Exército";"160120";"4º DEPOSITO DE SUPRIMENTO";"2021";"03";"***.270.946-**";"JOSE CARLOS DA SILVA NETO";"20302198000175";"ATHENAS REFRIGERACAO LTDA";"COMPRA A/V - R$ - APRES";"23/02/2021";"356,86"
"52000";"Ministério da Defesa";"52121";"Comando do Exército";"160120";"4º DEPOSITO DE SUPRIMENTO";"2021";"03";"***.703.076-**";"JOCEMAR JOSE DE REZENDE";"28947215000133";"RADECK DERIVADOS DE PETROLEO LTDA";"COMPRA A/V - R$ - APRES";"11/02/2021";"1487,07"
"52000";"Ministério da Defesa";"52121";"Comando do Exército";"160120";"4º DEPOSITO DE SUPRIMENTO";"2021";"03";"***.791.386-**";"MARCO ANTONIO MENDES";"28947215000133";"RADECK DERIVADOS DE PETROLEO LTDA";"COMPRA A/V - R$ - APRES";"11/02/2021";"246,02"
"52000";"Ministério da Defesa";"52121";"Comando do Exército";"160120";"4º DEPOSITO DE SUPRIMENTO";"2021";"03";"***.791.386-**";"MARCO ANTONIO MENDES";"28947215000133";"RADECK DERIVADOS DE PETROLEO LTDA";"COMPRA A/V - R$ - APRES";"11/02/2021";"1670,01"
"52000";"Ministério da Defesa";"52121";"Comando do Exército";"160120";"4º DEPOSITO DE SUPRIMENTO";"2021";"03";"***.791.386-**";"MARCO ANTONIO MENDES";"28947215000133";"RADECK DERIVADOS DE PETROLEO LTDA";"COMPRA A/V - R$ - APRES";"11/02/2021";"306,48"
"52000";"Ministério da Defesa";"52121";"Comando do Exército";"160120";"4º DEPOSITO DE SUPRIMENTO";"2021";"03";"***.791.386-**";"MARCO ANTONIO MENDES";"30425467000144";"B & B FOOD RESTAURANTE LTDA";"COMPRA A/V - R$ - APRES";"11/02/2021";"1578,06"
"52000";"Ministério da Defesa";"52121";"Comando do Exército";"160120";"4º DEPOSITO DE SUPRIMENTO";"2021";"03";"***.791.386-**";"MARCO ANTONIO MENDES";"30032161000128";"PADARIA NOVA DELICIA LTDA";"COMPRA A/V - R$ - APRES";"11/02/2021";"175,04"
"52000";"Ministério da Defesa";"52121";"Comando do Exército";"160120";"4º DEPOSITO DE SUPRIMENTO";"2021";"03";"***.791.386-**";"MARCO ANTONIO MENDES";"11800801000158";"RESTAURANTE E CONVENIENCIA PLANALTO II LTDA";"COMPRA A/V - R$ - APRES";"10/02/2021";"658,81"
"52000";"Ministério da Defesa";"52121";"Comando do Exército";"160120";"4º DEPOSITO DE SUPRIMENTO";"2021";"03";"***.703.076-**";"JOCEMAR JOSE DE REZENDE";"29034187000126";"KRETLI COMERCIO DE RESTAURANTE E LANCHONETE LTDA";"COMPRA A/V - R$ - APRES";"11/02/2021";"131,50"
"52000";"Ministério da Defesa";"52121";"Comando do Exército";"160120";"4º DEPOSITO DE SUPRIMENTO";"2021";"03";"***.703.076-**";"JOCEMAR JOSE DE REZENDE";"07619280000160";"AUTO POSTO TREVO D AGUA LTDA";"COMPRA A/V - R$ - APRES";"08/02/2021";"208,40"
"52000";"Ministério da Defesa";"52121";"Comando do Exército";"160120";"4º DEPOSITO DE SUPRIMENTO";"2021";"03";"***.703.076-**";"JOCEMAR JOSE DE REZENDE";"07619280000160";"AUTO POSTO TREVO D AGUA LTDA";"COMPRA A/V - R$ - APRES";"08/02/2021";"190,86"
"52000";"Ministério da Defesa";"52121";"Comando do Exército";"160120";"4º DEPOSITO DE SUPRIMENTO";"2021";"03";"***.703.076-**";"JOCEMAR JOSE DE REZENDE";"23303608000190";"CATIANE PEREIRA DOS SANTOS";"COMPRA A/V - R$ - APRES";"11/02/2021";"421,64"
"52000";"Ministério da Defesa";"52121";"Comando do Exército";"160120";"4º DEPOSITO DE SUPRIMENTO";"2021";"03";"***.703.076-**";"JOCEMAR JOSE DE REZENDE";"38861024000108";"NEUZA MARIA MARTINS CASTANHEIRO";"COMPRA A/V - R$ - APRES";"08/02/2021";"1546,22"
"52000";"Ministério da Defesa";"52121";"Comando do Exército";"160120";"4º DEPOSITO DE SUPRIMENTO";"2021";"03";"***.703.076-**";"JOCEMAR JOSE DE REZENDE";"92729649620";"ANDERSON ALVES DO PRADO";"COMPRA A/V - R$ - APRES";"06/02/2021";"852,50"
"52000";"Ministério da Defesa";"52121";"Comando do Exército";"160120";"4º DEPOSITO DE SUPRIMENTO";"2021";"03";"***.703.076-**";"JOCEMAR JOSE DE REZENDE";"86513462000128";"FOLLY MATERIAIS PARA VEICULOS COMERCIO E REPRESENTACOES LTDA";"COMPRA A/V - R$ - APRES";"08/02/2021";"713,50"
"52000";"Ministério da Defesa";"52121";"Comando do Exército";"160120";"4º DEPOSITO DE SUPRIMENTO";"2021";"03";"***.791.386-**";"MARCO ANTONIO MENDES";"35863686000129";"ALESSANDRA APARECIDA BARROSO SOUZA CPF: 047.301.666-47";"COMPRA A/V - R$ - APRES";"10/02/2021";"845,90"
"52000";"Ministério da Defesa";"52121";"Comando do Exército";"160120";"4º DEPOSITO DE SUPRIMENTO";"2021";"03";"***.791.386-**";"MARCO ANTONIO MENDES";"13181671000148";"ARENA CHURRASCARIA E PIZZARIA LTDA";"COMPRA A/V - R$ - APRES";"09/02/2021";"520,00"
"52000";"Ministério da Defesa";"52121";"Comando do Exército";"160120";"4º DEPOSITO DE SUPRIMENTO";"2021";"03";"***.791.386-**";"MARCO ANTONIO MENDES";"21752738000428";"POSTO E CASA MUZZI LTDA";"COMPRA A/V - R$ - APRES";"12/02/2021";"269,71"
"52000";"Ministério da Defesa";"52121";"Comando do Exército";"160120";"4º DEPOSITO DE SUPRIMENTO";"2021";"03";"***.791.386-**";"MARCO ANTONIO MENDES";"21752738000428";"POSTO E CASA MUZZI LTDA";"COMPRA A/V - R$ - APRES";"12/02/2021";"204,28"
"52000";"Ministério da Defesa";"52121";"Comando do Exército";"160120";"4º DEPOSITO DE SUPRIMENTO";"2021";"03";"***.791.386-**";"MARCO ANTONIO MENDES";"18604353000166";"CARDOSO E MIRANDA SERVICOS DE HOTELARIA LTDA";"COMPRA A/V - R$ - APRES";"11/02/2021";"308,00"
"52000";"Ministério da Defesa";"52121";"Comando do Exército";"160120";"4º DEPOSITO DE SUPRIMENTO";"2021";"03";"***.703.076-**";"JOCEMAR JOSE DE REZENDE";"86679578000131";"PANIFICADORA CONFEITARIA E LANCHONETE KATUTA LTDA";"COMPRA A/V - R$ - APRES";"10/02/2021";"43,43"
"52000";"Ministério da Defesa";"52121";"Comando do Exército";"160120";"4º DEPOSITO DE SUPRIMENTO";"2021";"03";"***.791.386-**";"MARCO ANTONIO MENDES";"33597739000181";"AUTO PECAS E SERVICOS DE MECANICA CONTORNO LTDA";"COMPRA A/V - R$ - APRES";"04/02/2021";"28,00"
"52000";"Ministério da Defesa";"52121";"Comando do Exército";"160120";"4º DEPOSITO DE SUPRIMENTO";"2021";"03";"***.703.076-**";"JOCEMAR JOSE DE REZENDE";"24604173000187";"NARA CRISTINA SANTOS ROCHA";"COMPRA A/V - R$ - APRES";"12/02/2021";"756,08"
"52000";"Ministério da Defesa";"52121";"Comando do Exército";"160120";"4º DEPOSITO DE SUPRIMENTO";"2021";"03";"***.703.076-**";"JOCEMAR JOSE DE REZENDE";"04524311000100";"CHURRASCARIA SARTORI LTDA";"COMPRA A/V - R$ - APRES";"12/02/2021";"213,18"
"52000";"Ministério da Defesa";"52121";"Comando do Exército";"160120";"4º DEPOSITO DE SUPRIMENTO";"2021";"03";"***.270.946-**";"JOSE CARLOS DA SILVA NETO";"04524311000100";"CHURRASCARIA SARTORI LTDA";"COMPRA A/V - R$ - APRES";"23/02/2021";"255,99"
"52000";"Ministério da Defesa";"52121";"Comando do Exército";"160120";"4º DEPOSITO DE SUPRIMENTO";"2021";"03";"***.791.386-**";"MARCO ANTONIO MENDES";"21399756000125";"RAUL VIANA FERREIRA DE REZENDE";"COMPRA A/V - R$ - APRES";"08/02/2021";"690,00"
"52000";"Ministério da Defesa";"52121";"Comando do Exército";"160120";"4º DEPOSITO DE SUPRIMENTO";"2021";"03";"***.703.076-**";"JOCEMAR JOSE DE REZENDE";"22428911000157";"OLIVIA CRISTINA B TEIXEIRA";"COMPRA A/V - R$ - APRES";"07/02/2021";"138,13"
"52000";"Ministério da Defesa";"52121";"Comando do Exército";"160120";"4º DEPOSITO DE SUPRIMENTO";"2021";"03";"***.791.386-**";"MARCO ANTONIO MENDES";"24150604000182";"MARCIA TEREZA DAMASCENO PIMENTA 04644245690";"COMPRA A/V - R$ - APRES";"09/02/2021";"564,00"
"52000";"Ministério da Defesa";"52121";"Comando do Exército";"160120";"4º DEPOSITO DE SUPRIMENTO";"2021";"03";"***.791.386-**";"MARCO ANTONIO MENDES";"04745838000165";"LANCHONETE E RESTAURANTE ALTO DA SERRA LTDA";"COMPRA A/V - R$ - APRES";"06/02/2021";"1055,10"
"52000";"Ministério da Defesa";"52121";"Comando do Exército";"160120";"4º DEPOSITO DE SUPRIMENTO";"2021";"03";"***.270.946-**";"JOSE CARLOS DA SILVA NETO";"07749959000173";"CHURRASCARIA E BISTECAO GAUCHO III LTDA";"COMPRA A/V - R$ - APRES";"12/02/2021";"122,00"
"52000";"Ministério da Defesa";"52121";"Comando do Exército";"160120";"4º DEPOSITO DE SUPRIMENTO";"2021";"03";"***.270.946-**";"JOSE CARLOS DA SILVA NETO";"07749959000173";"CHURRASCARIA E BISTECAO GAUCHO III LTDA";"COMPRA A/V - R$ - APRES";"11/02/2021";"137,00"
"52000";"Ministério da Defesa";"52121";"Comando do Exército";"160120";"4º DEPOSITO DE SUPRIMENTO";"2021";"03";"***.791.386-**";"MARCO ANTONIO MENDES";"07749959000173";"CHURRASCARIA E BISTECAO GAUCHO III LTDA";"COMPRA A/V - R$ - APRES";"04/02/2021";"122,00"
"52000";"Ministério da Defesa";"52121";"Comando do Exército";"160120";"4º DEPOSITO DE SUPRIMENTO";"2021";"03";"***.270.946-**";"JOSE CARLOS DA SILVA NETO";"-1";"SEM INFORMACAO";"COMPRA A/V - R$ - APRES";"10/02/2021";"92,50"
"52000";"Ministério da Defesa";"52121";"Comando do Exército";"160278";"5º CENTRO DE GEOINFORMACAO";"2021";"03";"***.179.857-**";"EMERSON BASTOS DE BARROS";"02766710000152";"DENIS DE A. LESCURA FRANCA & CIA LTDA";"COMPRA A/V - R$ - APRES";"10/02/2021";"29,70"
"52000";"Ministério da Defesa";"52121";"Comando do Exército";"160278";"5º CENTRO DE GEOINFORMACAO";"2021";"03";"***.179.857-**";"EMERSON BASTOS DE BARROS";"02766710000152";"DENIS DE A. LESCURA FRANCA & CIA LTDA";"COMPRA A/V - R$ - APRES";"10/02/2021";"503,50"
"52000";"Ministério da Defesa";"52121";"Comando do Exército";"160165";"8º BATALHAO DE SUPRIMENTO DE SELVA";"2021";"03";"***.526.882-**";"MARCO AURELIO MAIA SERRAO";"-2";"NAO SE APLICA";"SAQUE CASH/ATM BB";"10/02/2021";"1000,00"
"52000";"Ministério da Defesa";"52121";"Comando do Exército";"160165";"8º BATALHAO DE SUPRIMENTO DE SELVA";"2021";"03";"***.526.882-**";"MARCO AURELIO MAIA SERRAO";"-2";"NAO SE APLICA";"SAQUE CASH/ATM BB";"08/02/2021";"1000,00"
"52000";"Ministério da Defesa";"52121";"Comando do Exército";"160165";"8º BATALHAO DE SUPRIMENTO DE SELVA";"2021";"03";"***.526.882-**";"MARCO AURELIO MAIA SERRAO";"-2";"NAO SE APLICA";"SAQUE CASH/ATM BB";"06/02/2021";"1000,00"
"52000";"Ministério da Defesa";"52121";"Comando do Exército";"160165";"8º BATALHAO DE SUPRIMENTO DE SELVA";"2021";"03";"***.920.202-**";"ANDERSON BATISTA MIRANDA";"-2";"NAO SE APLICA";"SAQUE CASH/ATM BB";"08/02/2021";"800,00"
"52000";"Ministério da Defesa";"52121";"Comando do Exército";"160165";"8º BATALHAO DE SUPRIMENTO DE SELVA";"2021";"03";"***.920.202-**";"ANDERSON BATISTA MIRANDA";"12097762000137";"SERVI-PORTO (SERVICOS PORTUARIOS) LTDA.";"COMPRA A/V - R$ - APRES";"01/02/2021";"100,00"
"52000";"Ministério da Defesa";"52121";"Comando do Exército";"160165";"8º BATALHAO DE SUPRIMENTO DE SELVA";"2021";"03";"***.526.882-**";"MARCO AURELIO MAIA SERRAO";"14072714000110";"ELETROMOTORES LTDA";"COMPRA A/V - R$ - APRES";"08/02/2021";"1300,00"
"52000";"Ministério da Defesa";"52121";"Comando do Exército";"160165";"8º BATALHAO DE SUPRIMENTO DE SELVA";"2021";"03";"***.526.882-**";"MARCO AURELIO MAIA SERRAO";"14072714000110";"ELETROMOTORES LTDA";"COMPRA A/V - R$ - APRES";"08/02/2021";"1700,00"
"52000";"Ministério da Defesa";"52121";"Comando do Exército";"160165";"8º BATALHAO DE SUPRIMENTO DE SELVA";"2021";"03";"***.920.202-**";"ANDERSON BATISTA MIRANDA";"07880830000108";"DOM ELISEU COMERCIO DE LUBRIFICANTES LTDA";"COMPRA A/V - R$ - APRES";"04/02/2021";"1000,00"
"52000";"Ministério da Defesa";"52121";"Comando do Exército";"160165";"8º BATALHAO DE SUPRIMENTO DE SELVA";"2021";"03";"***.920.202-**";"ANDERSON BATISTA MIRANDA";"07880830000108";"DOM ELISEU COMERCIO DE LUBRIFICANTES LTDA";"COMPRA A/V - R$ - APRES";"04/02/2021";"1000,00"
"52000";"Ministério da Defesa";"52121";"Comando do Exército";"160165";"8º BATALHAO DE SUPRIMENTO DE SELVA";"2021";"03";"***.920.202-**";"ANDERSON BATISTA MIRANDA";"07880830000108";"DOM ELISEU COMERCIO DE LUBRIFICANTES LTDA";"COMPRA A/V - R$ - APRES";"04/02/2021";"300,00"
"52000";"Ministério da Defesa";"52121";"Comando do Exército";"160165";"8º BATALHAO DE SUPRIMENTO DE SELVA";"2021";"03";"***.526.882-**";"MARCO AURELIO MAIA SERRAO";"14803978000287";"D. R. ALMEIDA";"COMPRA A/V - R$ - APRES";"06/02/2021";"164,00"
"52000";"Ministério da Defesa";"52121";"Comando do Exército";"160165";"8º BATALHAO DE SUPRIMENTO DE SELVA";"2021";"03";"***.920.202-**";"ANDERSON BATISTA MIRANDA";"12539110000105";"INTERNACIONAL MARITIMA LTDA";"COMPRA A/V - R$ - APRES";"30/01/2021";"100,00"
"52000";"Ministério da Defesa";"52121";"Comando do Exército";"160165";"8º BATALHAO DE SUPRIMENTO DE SELVA";"2021";"03";"***.526.882-**";"MARCO AURELIO MAIA SERRAO";"00525469265";"ELLEN SILVA DE LIMA CUNHA";"COMPRA A/V - R$ - APRES";"15/02/2021";"355,00"
"52000";"Ministério da Defesa";"52121";"Comando do Exército";"160165";"8º BATALHAO DE SUPRIMENTO DE SELVA";"2021";"03";"***.526.882-**";"MARCO AURELIO MAIA SERRAO";"00525469265";"ELLEN SILVA DE LIMA CUNHA";"COMPRA A/V - R$ - APRES";"14/02/2021";"1300,00"
"52000";"Ministério da Defesa";"52121";"Comando do Exército";"160165";"8º BATALHAO DE SUPRIMENTO DE SELVA";"2021";"03";"***.526.882-**";"MARCO AURELIO MAIA SERRAO";"00525469265";"ELLEN SILVA DE LIMA CUNHA";"COMPRA A/V - R$ - APRES";"14/02/2021";"1700,00"
"52000";"Ministério da Defesa";"52121";"Comando do Exército";"160165";"8º BATALHAO DE SUPRIMENTO DE SELVA";"2021";"03";"***.920.202-**";"ANDERSON BATISTA MIRANDA";"16668076000120";"SUMUP INSTITUICAO DE PAGAMENTO BRASIL LTDA";"COMPRA A/V - R$ - APRES";"04/02/2021";"160,00"
"52000";"Ministério da Defesa";"52121";"Comando do Exército";"160165";"8º BATALHAO DE SUPRIMENTO DE SELVA";"2021";"03";"***.526.882-**";"MARCO AURELIO MAIA SERRAO";"34820266000100";"MOTOMAP MOTORES E PECAS LTDA";"COMPRA A/V - R$ - APRES";"06/02/2021";"290,00"
"52000";"Ministério da Defesa";"52121";"Comando do Exército";"160165";"8º BATALHAO DE SUPRIMENTO DE SELVA";"2021";"03";"***.526.882-**";"MARCO AURELIO MAIA SERRAO";"-2";"NAO SE APLICA";"SAQUE CASH/ATM BB";"12/02/2021";"1000,00"
"52000";"Ministério da Defesa";"52121";"Comando do Exército";"160165";"8º BATALHAO DE SUPRIMENTO DE SELVA";"2021";"03";"***.920.202-**";"ANDERSON BATISTA MIRANDA";"-2";"NAO SE APLICA";"SAQUE CASH/ATM BB";"04/02/2021";"300,00"
"52000";"Ministério da Defesa";"52121";"Comando do Exército";"160421";"9º BATALHAO LOGISTICO";"2021";"03";"***.807.100-**";"JOSE ANTONIO PACHECO DE OLIVEIRA";"82086018000112";"ONGARATTO E BORTONCELLO RESTAURANTE LTDA";"COMPRA A/V - R$ - APRES";"22/02/2021";"101,70"
"52000";"Ministério da Defesa";"52121";"Comando do Exército";"160421";"9º BATALHAO LOGISTICO";"2021";"03";"***.807.100-**";"JOSE ANTONIO PACHECO DE OLIVEIRA";"02496207000124";"PADOMAR COMERCIO DE AUTO PECAS LTDA";"COMPRA A/V - R$ - APRES";"22/02/2021";"120,00"
"52000";"Ministério da Defesa";"52121";"Comando do Exército";"160421";"9º BATALHAO LOGISTICO";"2021";"03";"***.187.890-**";"MATHEUS DA SILVA FERNANDES";"02496207000124";"PADOMAR COMERCIO DE AUTO PECAS LTDA";"COMPRA A/V - R$ - APRES";"22/02/2021";"440,00"
"52000";"Ministério da Defesa";"52121";"Comando do Exército";"160421";"9º BATALHAO LOGISTICO";"2021";"03";"***.807.100-**";"JOSE ANTONIO PACHECO DE OLIVEIRA";"17943391000180";"ESTANCIA GRILL LTDA";"COMPRA A/V - R$ - APRES";"21/02/2021";"279,00"
"52000";"Ministério da Defesa";"52121";"Comando do Exército";"160421";"9º BATALHAO LOGISTICO";"2021";"03";"***.807.100-**";"JOSE ANTONIO PACHECO DE OLIVEIRA";"08328336000190";"CASTELLI & CASTELLI RESTAURANTE LTDA";"COMPRA A/V - R$ - APRES";"20/02/2021";"280,20"
"52000";"Ministério da Defesa";"52121";"Comando do Exército";"160421";"9º BATALHAO LOGISTICO";"2021";"03";"***.807.100-**";"JOSE ANTONIO PACHECO DE OLIVEIRA";"07473735014212";"SIM REDE DE POSTOS LTDA";"COMPRA A/V - R$ - APRES";"23/02/2021";"20,46"
"52000";"Ministério da Defesa";"52121";"Comando do Exército";"160421";"9º BATALHAO LOGISTICO";"2021";"03";"***.187.890-**";"MATHEUS DA SILVA FERNANDES";"27547510000130";"STONE PAY MEIOS DE PAGAMENTO LTDA";"COMPRA A/V - R$ - APRES";"21/02/2021";"51,92"
"52000";"Ministério da Defesa";"52121";"Comando do Exército";"160421";"9º BATALHAO LOGISTICO";"2021";"03";"***.807.100-**";"JOSE ANTONIO PACHECO DE OLIVEIRA";"77829414000152";"AUTO PECAS HERMAN LTDA";"COMPRA A/V - R$ - APRES";"22/02/2021";"30,00"
"52000";"Ministério da Defesa";"52121";"Comando do Exército";"160391";"CENTRO DE PREPARACAO DE OFICIAIS DA RESERVA";"2021";"03";"***.758.610-**";"GUSTAVO PEIXOTO MARQUES";"05613279000100";"BOMBASUL COMERCIO E MANUTENCAO LTDA";"COMPRA A/V - R$ - APRES";"29/01/2021";"620,00"
"52000";"Ministério da Defesa";"52121";"Comando do Exército";"160391";"CENTRO DE PREPARACAO DE OFICIAIS DA RESERVA";"2021";"03";"***.758.610-**";"GUSTAVO PEIXOTO MARQUES";"00646234080";"JAIME TELLES RIBEIRO";"COMPRA A/V - R$ - APRES";"29/01/2021";"150,00"
"52000";"Ministério da Defesa";"52121";"Comando do Exército";"160391";"CENTRO DE PREPARACAO DE OFICIAIS DA RESERVA";"2021";"03";"***.758.610-**";"GUSTAVO PEIXOTO MARQUES";"88297544000108";"CIMAFER COMERCIO DE MATERIAL CONSTRUCAO LTDA";"COMPRA A/V - R$ - APRES";"05/02/2021";"98,70"
"52000";"Ministério da Defesa";"52121";"Comando do Exército";"160391";"CENTRO DE PREPARACAO DE OFICIAIS DA RESERVA";"2021";"03";"***.758.610-**";"GUSTAVO PEIXOTO MARQUES";"92780808000157";"IVO PENZ COMERCIAL LTDA";"COMPRA A/V - R$ - APRES";"04/02/2021";"270,96"
"52000";"Ministério da Defesa";"52121";"Comando do Exército";"160136";"COMANDO DO 9º GRUPAMENTO LOGISTICO";"2021";"03";"***.473.861-**";"ROGUIMAR FARIAS DE LARA PIRES";"35313272000126";"CHURRASCARIA PICANHAS LTDA";"COMPRA A/V - R$ - APRES";"16/02/2021";"37,00"
"52000";"Ministério da Defesa";"52121";"Comando do Exército";"160136";"COMANDO DO 9º GRUPAMENTO LOGISTICO";"2021";"03";"***.473.861-**";"ROGUIMAR FARIAS DE LARA PIRES";"35313272000126";"CHURRASCARIA PICANHAS LTDA";"COMPRA A/V - R$ - APRES";"16/02/2021";"37,00"
"52000";"Ministério da Defesa";"52121";"Comando do Exército";"160136";"COMANDO DO 9º GRUPAMENTO LOGISTICO";"2021";"03";"***.473.861-**";"ROGUIMAR FARIAS DE LARA PIRES";"35313272000126";"CHURRASCARIA PICANHAS LTDA";"COMPRA A/V - R$ - APRES";"16/02/2021";"37,00"
"52000";"Ministério da Defesa";"52121";"Comando do Exército";"160136";"COMANDO DO 9º GRUPAMENTO LOGISTICO";"2021";"03";"***.473.861-**";"ROGUIMAR FARIAS DE LARA PIRES";"35313272000126";"CHURRASCARIA PICANHAS LTDA";"COMPRA A/V - R$ - APRES";"16/02/2021";"37,00"
"52000";"Ministério da Defesa";"52121";"Comando do Exército";"160136";"COMANDO DO 9º GRUPAMENTO LOGISTICO";"2021";"03";"***.883.001-**";"GENILDO DUARTE GOMES";"26832218000104";"SUZIANE C. JOHANN DE OLIVEIRA";"COMPRA A/V - R$ - APRES";"04/02/2021";"284,00"
"52000";"Ministério da Defesa";"52121";"Comando do Exército";"160136";"COMANDO DO 9º GRUPAMENTO LOGISTICO";"2021";"03";"***.883.001-**";"GENILDO DUARTE GOMES";"84749910000161";"BALTAZAR & CAMPOS LTDA";"COMPRA A/V - R$ - APRES";"08/02/2021";"247,00"
"52000";"Ministério da Defesa";"52121";"Comando do Exército";"160136";"COMANDO DO 9º GRUPAMENTO LOGISTICO";"2021";"03";"***.473.861-**";"ROGUIMAR FARIAS DE LARA PIRES";"01723139000126";"RESTAURANTE E LANCHONETE CASTANHAL LTDA";"COMPRA A/V - R$ - APRES";"15/02/2021";"152,00"
"52000";"Ministério da Defesa";"52121";"Comando do Exército";"160136";"COMANDO DO 9º GRUPAMENTO LOGISTICO";"2021";"03";"***.883.001-**";"GENILDO DUARTE GOMES";"03871948000100";"MANENTI E BALESTRIN RESTAURANTE LTDA";"COMPRA A/V - R$ - APRES";"06/02/2021";"650,00"
"52000";"Ministério da Defesa";"52121";"Comando do Exército";"160136";"COMANDO DO 9º GRUPAMENTO LOGISTICO";"2021";"03";"***.883.001-**";"GENILDO DUARTE GOMES";"13430937000149";"NILDO JOSE DA SILVA";"COMPRA A/V - R$ - APRES";"10/02/2021";"190,00"
"52000";"Ministério da Defesa";"52121";"Comando do Exército";"160136";"COMANDO DO 9º GRUPAMENTO LOGISTICO";"2021";"03";"***.473.861-**";"ROGUIMAR FARIAS DE LARA PIRES";"12916317000151";"RESTAURANTE GRILL COSTANEIRAS LTDA";"COMPRA A/V - R$ - APRES";"17/02/2021";"99,60"
"52000";"Ministério da Defesa";"52121";"Comando do Exército";"160136";"COMANDO DO 9º GRUPAMENTO LOGISTICO";"2021";"03";"***.473.861-**";"ROGUIMAR FARIAS DE LARA PIRES";"12916317000151";"RESTAURANTE GRILL COSTANEIRAS LTDA";"COMPRA A/V - R$ - APRES";"17/02/2021";"18,00"
"52000";"Ministério da Defesa";"52121";"Comando do Exército";"160136";"COMANDO DO 9º GRUPAMENTO LOGISTICO";"2021";"03";"***.473.861-**";"ROGUIMAR FARIAS DE LARA PIRES";"12916317000151";"RESTAURANTE GRILL COSTANEIRAS LTDA";"COMPRA A/V - R$ - APRES";"12/02/2021";"107,60"
"52000";"Ministério da Defesa";"52121";"Comando do Exército";"160136";"COMANDO DO 9º GRUPAMENTO LOGISTICO";"2021";"03";"***.473.861-**";"ROGUIMAR FARIAS DE LARA PIRES";"12916317000151";"RESTAURANTE GRILL COSTANEIRAS LTDA";"COMPRA A/V - R$ - APRES";"12/02/2021";"18,00"
"52000";"Ministério da Defesa";"52121";"Comando do Exército";"160136";"COMANDO DO 9º GRUPAMENTO LOGISTICO";"2021";"03";"***.883.001-**";"GENILDO DUARTE GOMES";"27769376000111";"C. F. DE SOUZA & I. DOS SANTOS B. DE SOUZA LTDA";"COMPRA A/V - R$ - APRES";"06/02/2021";"798,00"
"52000";"Ministério da Defesa";"52121";"Comando do Exército";"160136";"COMANDO DO 9º GRUPAMENTO LOGISTICO";"2021";"03";"***.883.001-**";"GENILDO DUARTE GOMES";"-1";"SEM INFORMACAO";"COMPRA A/V - R$ - APRES";"10/02/2021";"53,00"
"52000";"Ministério da Defesa";"52121";"Comando do Exército";"160136";"COMANDO DO 9º GRUPAMENTO LOGISTICO";"2021";"03";"***.883.001-**";"GENILDO DUARTE GOMES";"26600329000187";"RENOVI PNEUS LTDA";"COMPRA A/V - R$ - APRES";"11/02/2021";"15,00"
"52000";"Ministério da Defesa";"52121";"Comando do Exército";"160136";"COMANDO DO 9º GRUPAMENTO LOGISTICO";"2021";"03";"***.473.861-**";"ROGUIMAR FARIAS DE LARA PIRES";"28060362000278";"SC CONVENIENCIA E RESTAURANTE LTDA";"COMPRA A/V - R$ - APRES";"17/02/2021";"9,00"
"52000";"Ministério da Defesa";"52121";"Comando do Exército";"160136";"COMANDO DO 9º GRUPAMENTO LOGISTICO";"2021";"03";"***.473.861-**";"ROGUIMAR FARIAS DE LARA PIRES";"28060362000278";"SC CONVENIENCIA E RESTAURANTE LTDA";"COMPRA A/V - R$ - APRES";"17/02/2021";"108,00"
"52000";"Ministério da Defesa";"52121";"Comando do Exército";"160136";"COMANDO DO 9º GRUPAMENTO LOGISTICO";"2021";"03";"***.883.001-**";"GENILDO DUARTE GOMES";"04138749152";"WELINTON ERNANDES BAUER";"COMPRA A/V - R$ - APRES";"13/02/2021";"30,00"
"52000";"Ministério da Defesa";"52121";"Comando do Exército";"160136";"COMANDO DO 9º GRUPAMENTO LOGISTICO";"2021";"03";"***.883.001-**";"GENILDO DUARTE GOMES";"31749092000130";"HARD TABACARIA LTDA";"COMPRA A/V - R$ - APRES";"11/02/2021";"112,98"
"52000";"Ministério da Defesa";"52121";"Comando do Exército";"160136";"COMANDO DO 9º GRUPAMENTO LOGISTICO";"2021";"03";"***.883.001-**";"GENILDO DUARTE GOMES";"31749092000130";"HARD TABACARIA LTDA";"COMPRA A/V - R$ - APRES";"10/02/2021";"290,00"
"52000";"Ministério da Defesa";"52121";"Comando do Exército";"160136";"COMANDO DO 9º GRUPAMENTO LOGISTICO";"2021";"03";"***.883.001-**";"GENILDO DUARTE GOMES";"31749092000130";"HARD TABACARIA LTDA";"COMPRA A/V - R$ - APRES";"07/02/2021";"134,00"
"52000";"Ministério da Defesa";"52121";"Comando do Exército";"160136";"COMANDO DO 9º GRUPAMENTO LOGISTICO";"2021";"03";"***.883.001-**";"GENILDO DUARTE GOMES";"22840706000102";"AUTO POSTO CATARINENSE LTDA";"COMPRA A/V - R$ - APRES";"11/02/2021";"1400,00"
"52000";"Ministério da Defesa";"52121";"Comando do Exército";"160136";"COMANDO DO 9º GRUPAMENTO LOGISTICO";"2021";"03";"***.473.861-**";"ROGUIMAR FARIAS DE LARA PIRES";"34152733000163";"PAOLLA SERVICOS LTDA";"COMPRA A/V - R$ - APRES";"14/02/2021";"160,00"
"52000";"Ministério da Defesa";"52121";"Comando do Exército";"160136";"COMANDO DO 9º GRUPAMENTO LOGISTICO";"2021";"03";"***.473.861-**";"ROGUIMAR FARIAS DE LARA PIRES";"34152733000163";"PAOLLA SERVICOS LTDA";"COMPRA A/V - R$ - APRES";"14/02/2021";"168,00"
"52000";"Ministério da Defesa";"52121";"Comando do Exército";"160136";"COMANDO DO 9º GRUPAMENTO LOGISTICO";"2021";"03";"***.473.861-**";"ROGUIMAR FARIAS DE LARA PIRES";"34152733000163";"PAOLLA SERVICOS LTDA";"COMPRA A/V - R$ - APRES";"13/02/2021";"140,00"
"52000";"Ministério da Defesa";"52121";"Comando do Exército";"160136";"COMANDO DO 9º GRUPAMENTO LOGISTICO";"2021";"03";"***.473.861-**";"ROGUIMAR FARIAS DE LARA PIRES";"13241268000167";"RESTAURANTE SABOR UNICO LTDA";"COMPRA A/V - R$ - APRES";"12/02/2021";"104,00"
"52000";"Ministério da Defesa";"52121";"Comando do Exército";"160136";"COMANDO DO 9º GRUPAMENTO LOGISTICO";"2021";"03";"***.473.861-**";"ROGUIMAR FARIAS DE LARA PIRES";"26375622000198";"LANCHONETE THE GRILL LTDA";"COMPRA A/V - R$ - APRES";"15/02/2021";"156,00"
"52000";"Ministério da Defesa";"52121";"Comando do Exército";"160136";"COMANDO DO 9º GRUPAMENTO LOGISTICO";"2021";"03";"***.473.861-**";"ROGUIMAR FARIAS DE LARA PIRES";"26375622000198";"LANCHONETE THE GRILL LTDA";"COMPRA A/V - R$ - APRES";"11/02/2021";"180,00"
"52000";"Ministério da Defesa";"52121";"Comando do Exército";"160136";"COMANDO DO 9º GRUPAMENTO LOGISTICO";"2021";"03";"***.926.961-**";"WIBER GOMES CARDOSO ROCHA";"19001331000174";"W. DE CAMPOS FIGUEREDO LTDA";"COMPRA A/V - R$ - APRES";"22/02/2021";"120,00"
"52000";"Ministério da Defesa";"52121";"Comando do Exército";"160136";"COMANDO DO 9º GRUPAMENTO LOGISTICO";"2021";"03";"***.473.861-**";"ROGUIMAR FARIAS DE LARA PIRES";"37504255000100";"LANCHONETE E CHURRASCARIA XAXIM LTDA";"COMPRA A/V - R$ - APRES";"18/02/2021";"12,00"
"52000";"Ministério da Defesa";"52121";"Comando do Exército";"160136";"COMANDO DO 9º GRUPAMENTO LOGISTICO";"2021";"03";"***.473.861-**";"ROGUIMAR FARIAS DE LARA PIRES";"37504255000100";"LANCHONETE E CHURRASCARIA XAXIM LTDA";"COMPRA A/V - R$ - APRES";"18/02/2021";"172,00"
"52000";"Ministério da Defesa";"52121";"Comando do Exército";"160136";"COMANDO DO 9º GRUPAMENTO LOGISTICO";"2021";"03";"***.473.861-**";"ROGUIMAR FARIAS DE LARA PIRES";"37504255000100";"LANCHONETE E CHURRASCARIA XAXIM LTDA";"COMPRA A/V - R$ - APRES";"11/02/2021";"172,00"
"52000";"Ministério da Defesa";"52121";"Comando do Exército";"160136";"COMANDO DO 9º GRUPAMENTO LOGISTICO";"2021";"03";"***.473.861-**";"ROGUIMAR FARIAS DE LARA PIRES";"37504255000100";"LANCHONETE E CHURRASCARIA XAXIM LTDA";"COMPRA A/V - R$ - APRES";"11/02/2021";"12,00"
"52000";"Ministério da Defesa";"52121";"Comando do Exército";"160136";"COMANDO DO 9º GRUPAMENTO LOGISTICO";"2021";"03";"***.883.001-**";"GENILDO DUARTE GOMES";"09295241000180";"DOUGLAS GIACOMEL";"COMPRA A/V - R$ - APRES";"05/02/2021";"198,00"
"52000";"Ministério da Defesa";"52121";"Comando do Exército";"160136";"COMANDO DO 9º GRUPAMENTO LOGISTICO";"2021";"03";"***.926.961-**";"WIBER GOMES CARDOSO ROCHA";"31523636000141";"OLIVEIRA ALVES E SOUZA ALVES LTDA";"COMPRA A/V - R$ - APRES";"12/02/2021";"80,00"
"52000";"Ministério da Defesa";"52121";"Comando do Exército";"160136";"COMANDO DO 9º GRUPAMENTO LOGISTICO";"2021";"03";"***.883.001-**";"GENILDO DUARTE GOMES";"05783808000106";"MARCOS ANTONIO MARQUES";"COMPRA A/V - R$ - APRES";"08/02/2021";"166,00"
"52000";"Ministério da Defesa";"52121";"Comando do Exército";"160136";"COMANDO DO 9º GRUPAMENTO LOGISTICO";"2021";"03";"***.473.861-**";"ROGUIMAR FARIAS DE LARA PIRES";"06980032000187";"J.D.COMERCIO DE COMBUSTIVEIS LTDA";"COMPRA A/V - R$ - APRES";"17/02/2021";"626,85"
"52000";"Ministério da Defesa";"52121";"Comando do Exército";"160136";"COMANDO DO 9º GRUPAMENTO LOGISTICO";"2021";"03";"***.473.861-**";"ROGUIMAR FARIAS DE LARA PIRES";"06980032000187";"J.D.COMERCIO DE COMBUSTIVEIS LTDA";"COMPRA A/V - R$ - APRES";"17/02/2021";"626,85"
"52000";"Ministério da Defesa";"52121";"Comando do Exército";"160136";"COMANDO DO 9º GRUPAMENTO LOGISTICO";"2021";"03";"***.883.001-**";"GENILDO DUARTE GOMES";"27206975000127";"BEN ZEN LTDA";"COMPRA A/V - R$ - APRES";"07/02/2021";"286,00"
"52000";"Ministério da Defesa";"52121";"Comando do Exército";"160136";"COMANDO DO 9º GRUPAMENTO LOGISTICO";"2021";"03";"***.883.001-**";"GENILDO DUARTE GOMES";"22611652000103";"REDE AMERICA DE COMBUSTIVEIS JK LTDA";"COMPRA A/V - R$ - APRES";"06/02/2021";"416,00"
"52000";"Ministério da Defesa";"52121";"Comando do Exército";"160136";"COMANDO DO 9º GRUPAMENTO LOGISTICO";"2021";"03";"***.473.861-**";"ROGUIMAR FARIAS DE LARA PIRES";"28060362000197";"SC CONVENIENCIA E RESTAURANTE LTDA";"COMPRA A/V - R$ - APRES";"18/02/2021";"28,00"
"52000";"Ministério da Defesa";"52121";"Comando do Exército";"160136";"COMANDO DO 9º GRUPAMENTO LOGISTICO";"2021";"03";"***.473.861-**";"ROGUIMAR FARIAS DE LARA PIRES";"28060362000197";"SC CONVENIENCIA E RESTAURANTE LTDA";"COMPRA A/V - R$ - APRES";"16/02/2021";"28,00"
"52000";"Ministério da Defesa";"52121";"Comando do Exército";"160136";"COMANDO DO 9º GRUPAMENTO LOGISTICO";"2021";"03";"***.473.861-**";"ROGUIMAR FARIAS DE LARA PIRES";"28060362000197";"SC CONVENIENCIA E RESTAURANTE LTDA";"COMPRA A/V - R$ - APRES";"13/02/2021";"25,00"
"52000";"Ministério da Defesa";"52121";"Comando do Exército";"160136";"COMANDO DO 9º GRUPAMENTO LOGISTICO";"2021";"03";"***.883.001-**";"GENILDO DUARTE GOMES";"23049361000128";"G A A N MACHADO RESTAURANTE";"COMPRA A/V - R$ - APRES";"11/02/2021";"282,00"
"52000";"Ministério da Defesa";"52121";"Comando do Exército";"160136";"COMANDO DO 9º GRUPAMENTO LOGISTICO";"2021";"03";"***.926.961-**";"WIBER GOMES CARDOSO ROCHA";"34054844000137";"RESTAURANTE 3 TCHE LTDA";"COMPRA A/V - R$ - APRES";"12/02/2021";"166,00"
"52000";"Ministério da Defesa";"52121";"Comando do Exército";"160136";"COMANDO DO 9º GRUPAMENTO LOGISTICO";"2021";"03";"***.883.001-**";"GENILDO DUARTE GOMES";"05916036000303";"L S FILHOS LTDA";"COMPRA A/V - R$ - APRES";"07/02/2021";"2029,50"
"52000";"Ministério da Defesa";"52121";"Comando do Exército";"160136";"COMANDO DO 9º GRUPAMENTO LOGISTICO";"2021";"03";"***.883.001-**";"GENILDO DUARTE GOMES";"02785207000144";"ERNANI PAULO BARTH & CIA LTDA";"COMPRA A/V - R$ - APRES";"04/02/2021";"50,00"
"52000";"Ministério da Defesa";"52121";"Comando do Exército";"160136";"COMANDO DO 9º GRUPAMENTO LOGISTICO";"2021";"03";"***.926.961-**";"WIBER GOMES CARDOSO ROCHA";"34054844000218";"RESTAURANTE 3 TCHE LTDA";"COMPRA A/V - R$ - APRES";"10/02/2021";"180,00"
"52000";"Ministério da Defesa";"52121";"Comando do Exército";"160136";"COMANDO DO 9º GRUPAMENTO LOGISTICO";"2021";"03";"***.105.701-**";"WILLIAN DE SOUZA CHUVER";"00300356000140";"PEGORARO & PEGORARO LTDA";"COMPRA A/V - R$ - APRES";"12/02/2021";"30,00"
"52000";"Ministério da Defesa";"52121";"Comando do Exército";"160136";"COMANDO DO 9º GRUPAMENTO LOGISTICO";"2021";"03";"***.105.701-**";"WILLIAN DE SOUZA CHUVER";"00300356000140";"PEGORARO & PEGORARO LTDA";"COMPRA A/V - R$ - APRES";"12/02/2021";"190,00"
"52000";"Ministério da Defesa";"52121";"Comando do Exército";"160136";"COMANDO DO 9º GRUPAMENTO LOGISTICO";"2021";"03";"***.883.001-**";"GENILDO DUARTE GOMES";"14885311000190";"CINTA LARGA TRANSPORTES LTDA";"COMPRA A/V - R$ - APRES";"07/02/2021";"3497,40"
"52000";"Ministério da Defesa";"52121";"Comando do Exército";"160136";"COMANDO DO 9º GRUPAMENTO LOGISTICO";"2021";"03";"***.883.001-**";"GENILDO DUARTE GOMES";"13325024000162";"A F LAVAGNOLI";"COMPRA A/V - R$ - APRES";"08/02/2021";"37,00"
"52000";"Ministério da Defesa";"52121";"Comando do Exército";"160514";"COUDELARIA DE RINCAO";"2021";"03";"***.868.890-**";"RENAN FELIPE PARIZOTTI";"03888814000100";"RESTAURANTE 050 LTDA";"COMPRA A/V - R$ - APRES";"23/02/2021";"218,40"
"52000";"Ministério da Defesa";"52121";"Comando do Exército";"160514";"COUDELARIA DE RINCAO";"2021";"03";"***.868.890-**";"RENAN FELIPE PARIZOTTI";"22218983000170";"S.D. PAGLIARINI & CIA LTDA.";"COMPRA A/V - R$ - APRES";"17/02/2021";"1,00"
"52000";"Ministério da Defesa";"52121";"Comando do Exército";"160514";"COUDELARIA DE RINCAO";"2021";"03";"***.868.890-**";"RENAN FELIPE PARIZOTTI";"08755391000166";"KLEBER FERNANDO MARUCHE";"COMPRA A/V - R$ - APRES";"23/02/2021";"262,50"
"52000";"Ministério da Defesa";"52121";"Comando do Exército";"160514";"COUDELARIA DE RINCAO";"2021";"03";"***.868.890-**";"RENAN FELIPE PARIZOTTI";"08755391000166";"KLEBER FERNANDO MARUCHE";"COMPRA A/V - R$ - APRES";"20/02/2021";"240,80"
"52000";"Ministério da Defesa";"52121";"Comando do Exército";"160514";"COUDELARIA DE RINCAO";"2021";"03";"***.868.890-**";"RENAN FELIPE PARIZOTTI";"20033191000103";"ALCIONI RICARDO RESTAURANTE & CHOPPERIA LTDA";"COMPRA A/V - R$ - APRES";"21/02/2021";"251,26"
"52000";"Ministério da Defesa";"52121";"Comando do Exército";"160514";"COUDELARIA DE RINCAO";"2021";"03";"***.868.890-**";"RENAN FELIPE PARIZOTTI";"33171946000170";"C RODOVALHO GUERRA - EM RECUPERACAO JUDICIAL";"COMPRA A/V - R$ - APRES";"21/02/2021";"140,40"
"52000";"Ministério da Defesa";"52121";"Comando do Exército";"160514";"COUDELARIA DE RINCAO";"2021";"03";"***.868.890-**";"RENAN FELIPE PARIZOTTI";"33171946000170";"C RODOVALHO GUERRA - EM RECUPERACAO JUDICIAL";"COMPRA A/V - R$ - APRES";"21/02/2021";"45,00"
"52000";"Ministério da Defesa";"52121";"Comando do Exército";"160514";"COUDELARIA DE RINCAO";"2021";"03";"***.868.890-**";"RENAN FELIPE PARIZOTTI";"35449573000181";"SODRIANE GEORGIO RESTAURANTE";"COMPRA A/V - R$ - APRES";"21/02/2021";"129,50"
"52000";"Ministério da Defesa";"52121";"Comando do Exército";"160514";"COUDELARIA DE RINCAO";"2021";"03";"***.868.890-**";"RENAN FELIPE PARIZOTTI";"14794344000124";"MIRNA MULLER";"COMPRA A/V - R$ - APRES";"19/02/2021";"300,00"
"52000";"Ministério da Defesa";"52121";"Comando do Exército";"160514";"COUDELARIA DE RINCAO";"2021";"03";"***.868.890-**";"RENAN FELIPE PARIZOTTI";"13162625000100";"SIG RESTAURANTE E LANCHONETE LTDA";"COMPRA A/V - R$ - APRES";"19/02/2021";"143,80"
"52000";"Ministério da Defesa";"52121";"Comando do Exército";"160514";"COUDELARIA DE RINCAO";"2021";"03";"***.868.890-**";"RENAN FELIPE PARIZOTTI";"19046218001004";"DECIO COMERCIO E SERVICOS RODOVIARIOS LTDA";"COMPRA A/V - R$ - APRES";"21/02/2021";"73,96"
"52000";"Ministério da Defesa";"52121";"Comando do Exército";"160514";"COUDELARIA DE RINCAO";"2021";"03";"***.868.890-**";"RENAN FELIPE PARIZOTTI";"68349364000115";"CHURRASCARIA E HOTEL 500 DA REGIS LTDA";"COMPRA A/V - R$ - APRES";"20/02/2021";"114,00"
"52000";"Ministério da Defesa";"52121";"Comando do Exército";"160514";"COUDELARIA DE RINCAO";"2021";"03";"***.868.890-**";"RENAN FELIPE PARIZOTTI";"18359820000130";"L. L. MARTINY LTDA";"COMPRA A/V - R$ - APRES";"19/02/2021";"227,00"
"52000";"Ministério da Defesa";"52121";"Comando do Exército";"160514";"COUDELARIA DE RINCAO";"2021";"03";"***.868.890-**";"RENAN FELIPE PARIZOTTI";"05454390000193";"GOES COMBUSTIVEIS, LUBRIFICANTES E GLP LTDA";"COMPRA A/V - R$ - APRES";"21/02/2021";"20,00"
"52000";"Ministério da Defesa";"52121";"Comando do Exército";"160514";"COUDELARIA DE RINCAO";"2021";"03";"***.868.890-**";"RENAN FELIPE PARIZOTTI";"36859303000101";"ELIANDRA SCHALVINSKI REBELATTO";"COMPRA A/V - R$ - APRES";"19/02/2021";"97,54"
"52000";"Ministério da Defesa";"52121";"Comando do Exército";"160514";"COUDELARIA DE RINCAO";"2021";"03";"***.868.890-**";"RENAN FELIPE PARIZOTTI";"07807726000180";"NICOLAU BARRETO ALIMENTOS LTDA";"COMPRA A/V - R$ - APRES";"20/02/2021";"231,00"
"52000";"Ministério da Defesa";"52121";"Comando do Exército";"160514";"COUDELARIA DE RINCAO";"2021";"03";"***.868.890-**";"RENAN FELIPE PARIZOTTI";"03450993000191";"RODRIGUES ANDRADE RESTAURANTE LTDA";"COMPRA A/V - R$ - APRES";"23/02/2021";"82,00"
"52000";"Ministério da Defesa";"52121";"Comando do Exército";"160321";"ESTABELECIMENTO CENTRAL DE TRANSPORTE";"2021";"03";"***.931.373-**";"PEDRO DE AMORIM DOURADO JUNIOR";"01788375000120";"SAO VICENTE COMBUSTIVEIS LTDA";"COMPRA A/V - R$ - APRES";"08/02/2021";"152,01"
"52000";"Ministério da Defesa";"52121";"Comando do Exército";"160321";"ESTABELECIMENTO CENTRAL DE TRANSPORTE";"2021";"03";"***.931.373-**";"PEDRO DE AMORIM DOURADO JUNIOR";"32957201000178";"AUTO POSTO PORTO LTDA";"COMPRA A/V - R$ - APRES";"06/02/2021";"60,00"
"52000";"Ministério da Defesa";"52121";"Comando do Exército";"160321";"ESTABELECIMENTO CENTRAL DE TRANSPORTE";"2021";"03";"***.931.373-**";"PEDRO DE AMORIM DOURADO JUNIOR";"55330229002120";"CAIADO PNEUS LTDA";"COMPRA A/V - R$ - APRES";"03/02/2021";"97,00"
"52000";"Ministério da Defesa";"52121";"Comando do Exército";"160321";"ESTABELECIMENTO CENTRAL DE TRANSPORTE";"2021";"03";"***.153.957-**";"CLEYBSON PAES DE OLIVEIRA GALVAO";"27004218000170";"OFICINA AUTOMOTIVA FLORES LTDA";"COMPRA A/V - R$ - APRES";"02/02/2021";"1247,00"
"52000";"Ministério da Defesa";"52121";"Comando do Exército";"160321";"ESTABELECIMENTO CENTRAL DE TRANSPORTE";"2021";"03";"***.153.957-**";"CLEYBSON PAES DE OLIVEIRA GALVAO";"27004218000170";"OFICINA AUTOMOTIVA FLORES LTDA";"COMPRA A/V - R$ - APRES";"02/02/2021";"1247,00"
"52000";"Ministério da Defesa";"52121";"Comando do Exército";"160321";"ESTABELECIMENTO CENTRAL DE TRANSPORTE";"2021";"03";"***.153.957-**";"CLEYBSON PAES DE OLIVEIRA GALVAO";"27004218000170";"OFICINA AUTOMOTIVA FLORES LTDA";"COMPRA A/V - R$ - APRES";"02/02/2021";"1247,00"
"52000";"Ministério da Defesa";"52121";"Comando do Exército";"160321";"ESTABELECIMENTO CENTRAL DE TRANSPORTE";"2021";"03";"***.153.957-**";"CLEYBSON PAES DE OLIVEIRA GALVAO";"04541522000151";"ACESSORIOS TRINTA E OITO LTDA";"COMPRA A/V - R$ - APRES";"30/01/2021";"110,00"
"52000";"Ministério da Defesa";"52121";"Comando do Exército";"160321";"ESTABELECIMENTO CENTRAL DE TRANSPORTE";"2021";"03";"***.931.373-**";"PEDRO DE AMORIM DOURADO JUNIOR";"11674349000125";"POSTO RETIRO DA SERRA LTDA";"COMPRA A/V - R$ - APRES";"22/02/2021";"123,14"
"52000";"Ministério da Defesa";"52121";"Comando do Exército";"160321";"ESTABELECIMENTO CENTRAL DE TRANSPORTE";"2021";"03";"***.931.373-**";"PEDRO DE AMORIM DOURADO JUNIOR";"34770685000177";"IRMAOS RUSSI LTDA";"COMPRA A/V - R$ - APRES";"13/02/2021";"236,00"
"52000";"Ministério da Defesa";"52121";"Comando do Exército";"160321";"ESTABELECIMENTO CENTRAL DE TRANSPORTE";"2021";"03";"***.931.373-**";"PEDRO DE AMORIM DOURADO JUNIOR";"10464732000196";"PURA ENNERGIA COMERCIO DE BATERIAS LTDA";"COMPRA A/V - R$ - APRES";"20/02/2021";"950,00"
"52000";"Ministério da Defesa";"52121";"Comando do Exército";"160321";"ESTABELECIMENTO CENTRAL DE TRANSPORTE";"2021";"03";"***.931.373-**";"PEDRO DE AMORIM DOURADO JUNIOR";"03608668000457";"AUTO PECAS E DISTRIBUIDORA MODELO LTDA";"COMPRA A/V - R$ - APRES";"17/02/2021";"395,00"
"52000";"Ministério da Defesa";"52121";"Comando do Exército";"160321";"ESTABELECIMENTO CENTRAL DE TRANSPORTE";"2021";"03";"***.153.957-**";"CLEYBSON PAES DE OLIVEIRA GALVAO";"03608668000457";"AUTO PECAS E DISTRIBUIDORA MODELO LTDA";"COMPRA A/V - R$ - APRES";"02/02/2021";"845,74"
"52000";"Ministério da Defesa";"52121";"Comando do Exército";"160321";"ESTABELECIMENTO CENTRAL DE TRANSPORTE";"2021";"03";"***.153.957-**";"CLEYBSON PAES DE OLIVEIRA GALVAO";"03608668000457";"AUTO PECAS E DISTRIBUIDORA MODELO LTDA";"COMPRA A/V - R$ - APRES";"02/02/2021";"1810,07"
"52000";"Ministério da Defesa";"52121";"Comando do Exército";"160321";"ESTABELECIMENTO CENTRAL DE TRANSPORTE";"2021";"03";"***.153.957-**";"CLEYBSON PAES DE OLIVEIRA GALVAO";"03608668000457";"AUTO PECAS E DISTRIBUIDORA MODELO LTDA";"COMPRA A/V - R$ - APRES";"02/02/2021";"845,74"
"52000";"Ministério da Defesa";"52121";"Comando do Exército";"160321";"ESTABELECIMENTO CENTRAL DE TRANSPORTE";"2021";"03";"***.931.373-**";"PEDRO DE AMORIM DOURADO JUNIOR";"08398411000199";"M M COMERCIO DE AUTO PECAS LTDA";"COMPRA A/V - R$ - APRES";"09/02/2021";"65,00"
"52000";"Ministério da Defesa";"52121";"Comando do Exército";"160321";"ESTABELECIMENTO CENTRAL DE TRANSPORTE";"2021";"03";"***.931.373-**";"PEDRO DE AMORIM DOURADO JUNIOR";"60701182000150";"AUTO POSTO REI DA CASTELO 2 LTDA";"COMPRA A/V - R$ - APRES";"20/02/2021";"60,77"
"52000";"Ministério da Defesa";"52121";"Comando do Exército";"160321";"ESTABELECIMENTO CENTRAL DE TRANSPORTE";"2021";"03";"***.153.957-**";"CLEYBSON PAES DE OLIVEIRA GALVAO";"07260152885";"NEIVALDO CALLEGARETTO";"COMPRA A/V - R$ - APRES";"06/02/2021";"50,00"
"52000";"Ministério da Defesa";"52121";"Comando do Exército";"160321";"ESTABELECIMENTO CENTRAL DE TRANSPORTE";"2021";"03";"***.153.957-**";"CLEYBSON PAES DE OLIVEIRA GALVAO";"09167120000152";"POSTO PALACE RONDON LTDA";"COMPRA A/V - R$ - APRES";"31/01/2021";"72,58"
"52000";"Ministério da Defesa";"52121";"Comando do Exército";"160321";"ESTABELECIMENTO CENTRAL DE TRANSPORTE";"2021";"03";"***.931.373-**";"PEDRO DE AMORIM DOURADO JUNIOR";"04389079000145";"MARINELLO PECAS SERVICOS E ACESSORIOS LTDA";"COMPRA A/V - R$ - APRES";"17/02/2021";"500,00"
"52000";"Ministério da Defesa";"52121";"Comando do Exército";"160321";"ESTABELECIMENTO CENTRAL DE TRANSPORTE";"2021";"03";"***.931.373-**";"PEDRO DE AMORIM DOURADO JUNIOR";"04389079000145";"MARINELLO PECAS SERVICOS E ACESSORIOS LTDA";"COMPRA A/V - R$ - APRES";"17/02/2021";"100,00"
"52000";"Ministério da Defesa";"52121";"Comando do Exército";"160321";"ESTABELECIMENTO CENTRAL DE TRANSPORTE";"2021";"03";"***.931.373-**";"PEDRO DE AMORIM DOURADO JUNIOR";"04389079000145";"MARINELLO PECAS SERVICOS E ACESSORIOS LTDA";"COMPRA A/V - R$ - APRES";"17/02/2021";"70,75"
"52000";"Ministério da Defesa";"52121";"Comando do Exército";"160321";"ESTABELECIMENTO CENTRAL DE TRANSPORTE";"2021";"03";"***.931.373-**";"PEDRO DE AMORIM DOURADO JUNIOR";"04389079000145";"MARINELLO PECAS SERVICOS E ACESSORIOS LTDA";"COMPRA A/V - R$ - APRES";"17/02/2021";"120,00"
"52000";"Ministério da Defesa";"52121";"Comando do Exército";"160321";"ESTABELECIMENTO CENTRAL DE TRANSPORTE";"2021";"03";"***.931.373-**";"PEDRO DE AMORIM DOURADO JUNIOR";"04389079000145";"MARINELLO PECAS SERVICOS E ACESSORIOS LTDA";"COMPRA A/V - R$ - APRES";"17/02/2021";"1380,00"
"52000";"Ministério da Defesa";"52121";"Comando do Exército";"160321";"ESTABELECIMENTO CENTRAL DE TRANSPORTE";"2021";"03";"***.153.957-**";"CLEYBSON PAES DE OLIVEIRA GALVAO";"04389079000145";"MARINELLO PECAS SERVICOS E ACESSORIOS LTDA";"COMPRA A/V - R$ - APRES";"02/02/2021";"1325,93"
"52000";"Ministério da Defesa";"52121";"Comando do Exército";"160321";"ESTABELECIMENTO CENTRAL DE TRANSPORTE";"2021";"03";"***.153.957-**";"CLEYBSON PAES DE OLIVEIRA GALVAO";"04389079000145";"MARINELLO PECAS SERVICOS E ACESSORIOS LTDA";"COMPRA A/V - R$ - APRES";"02/02/2021";"1093,12"
"52000";"Ministério da Defesa";"52121";"Comando do Exército";"160321";"ESTABELECIMENTO CENTRAL DE TRANSPORTE";"2021";"03";"***.153.957-**";"CLEYBSON PAES DE OLIVEIRA GALVAO";"04389079000145";"MARINELLO PECAS SERVICOS E ACESSORIOS LTDA";"COMPRA A/V - R$ - APRES";"02/02/2021";"800,50"
"52000";"Ministério da Defesa";"52121";"Comando do Exército";"160321";"ESTABELECIMENTO CENTRAL DE TRANSPORTE";"2021";"03";"***.153.957-**";"CLEYBSON PAES DE OLIVEIRA GALVAO";"04389079000145";"MARINELLO PECAS SERVICOS E ACESSORIOS LTDA";"COMPRA A/V - R$ - APRES";"02/02/2021";"342,34"
"52000";"Ministério da Defesa";"52121";"Comando do Exército";"160321";"ESTABELECIMENTO CENTRAL DE TRANSPORTE";"2021";"03";"***.153.957-**";"CLEYBSON PAES DE OLIVEIRA GALVAO";"04389079000145";"MARINELLO PECAS SERVICOS E ACESSORIOS LTDA";"COMPRA A/V - R$ - APRES";"02/02/2021";"659,02"
"52000";"Ministério da Defesa";"52121";"Comando do Exército";"160321";"ESTABELECIMENTO CENTRAL DE TRANSPORTE";"2021";"03";"***.153.957-**";"CLEYBSON PAES DE OLIVEIRA GALVAO";"04389079000145";"MARINELLO PECAS SERVICOS E ACESSORIOS LTDA";"COMPRA A/V - R$ - APRES";"02/02/2021";"2009,69"
"52000";"Ministério da Defesa";"52121";"Comando do Exército";"160321";"ESTABELECIMENTO CENTRAL DE TRANSPORTE";"2021";"03";"***.931.373-**";"PEDRO DE AMORIM DOURADO JUNIOR";"33650301000110";"ML SOLUCOES DE VAREJO S.A";"COMPRA A/V - R$ - APRES";"13/02/2021";"480,00"
"52000";"Ministério da Defesa";"52121";"Comando do Exército";"160321";"ESTABELECIMENTO CENTRAL DE TRANSPORTE";"2021";"03";"***.931.373-**";"PEDRO DE AMORIM DOURADO JUNIOR";"19700941000166";"MARINELLO SERVICOS AUTOMOTIVOS LTDA";"COMPRA A/V - R$ - APRES";"17/02/2021";"90,00"
"52000";"Ministério da Defesa";"52121";"Comando do Exército";"160321";"ESTABELECIMENTO CENTRAL DE TRANSPORTE";"2021";"03";"***.153.957-**";"CLEYBSON PAES DE OLIVEIRA GALVAO";"19700941000166";"MARINELLO SERVICOS AUTOMOTIVOS LTDA";"COMPRA A/V - R$ - APRES";"02/02/2021";"140,00"
"52000";"Ministério da Defesa";"52121";"Comando do Exército";"160321";"ESTABELECIMENTO CENTRAL DE TRANSPORTE";"2021";"03";"***.153.957-**";"CLEYBSON PAES DE OLIVEIRA GALVAO";"19700941000166";"MARINELLO SERVICOS AUTOMOTIVOS LTDA";"COMPRA A/V - R$ - APRES";"02/02/2021";"290,00"
"52000";"Ministério da Defesa";"52121";"Comando do Exército";"160321";"ESTABELECIMENTO CENTRAL DE TRANSPORTE";"2021";"03";"***.153.957-**";"CLEYBSON PAES DE OLIVEIRA GALVAO";"19700941000166";"MARINELLO SERVICOS AUTOMOTIVOS LTDA";"COMPRA A/V - R$ - APRES";"02/02/2021";"420,00"
"52000";"Ministério da Defesa";"52121";"Comando do Exército";"160321";"ESTABELECIMENTO CENTRAL DE TRANSPORTE";"2021";"03";"***.153.957-**";"CLEYBSON PAES DE OLIVEIRA GALVAO";"19700941000166";"MARINELLO SERVICOS AUTOMOTIVOS LTDA";"COMPRA A/V - R$ - APRES";"02/02/2021";"295,00"
"52000";"Ministério da Defesa";"52121";"Comando do Exército";"160321";"ESTABELECIMENTO CENTRAL DE TRANSPORTE";"2021";"03";"***.153.957-**";"CLEYBSON PAES DE OLIVEIRA GALVAO";"19700941000166";"MARINELLO SERVICOS AUTOMOTIVOS LTDA";"COMPRA A/V - R$ - APRES";"02/02/2021";"245,00"
"52000";"Ministério da Defesa";"52121";"Comando do Exército";"160321";"ESTABELECIMENTO CENTRAL DE TRANSPORTE";"2021";"03";"***.153.957-**";"CLEYBSON PAES DE OLIVEIRA GALVAO";"19700941000166";"MARINELLO SERVICOS AUTOMOTIVOS LTDA";"COMPRA A/V - R$ - APRES";"02/02/2021";"315,00"
"52000";"Ministério da Defesa";"52121";"Comando do Exército";"160321";"ESTABELECIMENTO CENTRAL DE TRANSPORTE";"2021";"03";"***.931.373-**";"PEDRO DE AMORIM DOURADO JUNIOR";"16519674000137";"MIRIAN VARZEA GRANDE AUTO POSTO LTDA";"COMPRA A/V - R$ - APRES";"15/02/2021";"50,00"
"52000";"Ministério da Defesa";"52121";"Comando do Exército";"160321";"ESTABELECIMENTO CENTRAL DE TRANSPORTE";"2021";"03";"***.931.373-**";"PEDRO DE AMORIM DOURADO JUNIOR";"16519674000137";"MIRIAN VARZEA GRANDE AUTO POSTO LTDA";"COMPRA A/V - R$ - APRES";"15/02/2021";"55,00"
"52000";"Ministério da Defesa";"52121";"Comando do Exército";"160321";"ESTABELECIMENTO CENTRAL DE TRANSPORTE";"2021";"03";"***.931.373-**";"PEDRO DE AMORIM DOURADO JUNIOR";"04010092000141";"SALDANHA COMERCIO E SERVICOS DE REFRIGERACAO PARA CAMINHOES LTDA";"COMPRA A/V - R$ - APRES";"09/02/2021";"60,00"
"52000";"Ministério da Defesa";"52121";"Comando do Exército";"160321";"ESTABELECIMENTO CENTRAL DE TRANSPORTE";"2021";"03";"***.931.373-**";"PEDRO DE AMORIM DOURADO JUNIOR";"-2";"NAO SE APLICA";"SAQUE CASH/ATM BB";"19/02/2021";"150,00"
"52000";"Ministério da Defesa";"52121";"Comando do Exército";"160321";"ESTABELECIMENTO CENTRAL DE TRANSPORTE";"2021";"03";"***.931.373-**";"PEDRO DE AMORIM DOURADO JUNIOR";"-2";"NAO SE APLICA";"SAQUE CASH/ATM BB";"03/02/2021";"470,00"
"52000";"Ministério da Defesa";"52121";"Comando do Exército";"160321";"ESTABELECIMENTO CENTRAL DE TRANSPORTE";"2021";"03";"***.931.373-**";"PEDRO DE AMORIM DOURADO JUNIOR";"15385809000156";"A.P. CARDOZO";"COMPRA A/V - R$ - APRES";"04/02/2021";"50,00"
"52000";"Ministério da Defesa";"52121";"Comando do Exército";"160321";"ESTABELECIMENTO CENTRAL DE TRANSPORTE";"2021";"03";"***.931.373-**";"PEDRO DE AMORIM DOURADO JUNIOR";"02420148000100";"BROCK TRANSPORTES E LOGISTICA LTDA";"COMPRA A/V - R$ - APRES";"13/02/2021";"275,03"
"52000";"Ministério da Defesa";"52121";"Comando do Exército";"160321";"ESTABELECIMENTO CENTRAL DE TRANSPORTE";"2021";"03";"***.931.373-**";"PEDRO DE AMORIM DOURADO JUNIOR";"02420148000100";"BROCK TRANSPORTES E LOGISTICA LTDA";"COMPRA A/V - R$ - APRES";"13/02/2021";"175,02"
"52000";"Ministério da Defesa";"52121";"Comando do Exército";"160321";"ESTABELECIMENTO CENTRAL DE TRANSPORTE";"2021";"03";"***.931.373-**";"PEDRO DE AMORIM DOURADO JUNIOR";"02420148000100";"BROCK TRANSPORTES E LOGISTICA LTDA";"COMPRA A/V - R$ - APRES";"13/02/2021";"227,26"
"52000";"Ministério da Defesa";"52121";"Comando do Exército";"160321";"ESTABELECIMENTO CENTRAL DE TRANSPORTE";"2021";"03";"***.931.373-**";"PEDRO DE AMORIM DOURADO JUNIOR";"02420148000100";"BROCK TRANSPORTES E LOGISTICA LTDA";"COMPRA A/V - R$ - APRES";"07/02/2021";"185,53"
"52000";"Ministério da Defesa";"52121";"Comando do Exército";"160321";"ESTABELECIMENTO CENTRAL DE TRANSPORTE";"2021";"03";"***.931.373-**";"PEDRO DE AMORIM DOURADO JUNIOR";"02420148000100";"BROCK TRANSPORTES E LOGISTICA LTDA";"COMPRA A/V - R$ - APRES";"07/02/2021";"163,85"
"52000";"Ministério da Defesa";"52121";"Comando do Exército";"160321";"ESTABELECIMENTO CENTRAL DE TRANSPORTE";"2021";"03";"***.931.373-**";"PEDRO DE AMORIM DOURADO JUNIOR";"02420148000100";"BROCK TRANSPORTES E LOGISTICA LTDA";"COMPRA A/V - R$ - APRES";"07/02/2021";"255,07"
"52000";"Ministério da Defesa";"52121";"Comando do Exército";"160321";"ESTABELECIMENTO CENTRAL DE TRANSPORTE";"2021";"03";"***.931.373-**";"PEDRO DE AMORIM DOURADO JUNIOR";"03566347000194";"VIEIRA & RANITE LTDA";"COMPRA A/V - R$ - APRES";"07/02/2021";"194,54"
"52000";"Ministério da Defesa";"52904";"Fundo do Exército";"167192";"BASE DE ADMINISTRACAO E APOIO DA 5ª RM";"2021";"03";"***.621.919-**";"WELLINGTON DRUZIAN MACHADO";"84704410000618";"RUDNICK & CIA LTDA";"COMPRA A/V - R$ - APRES";"17/02/2021";"255,40"
"52000";"Ministério da Defesa";"52904";"Fundo do Exército";"167192";"BASE DE ADMINISTRACAO E APOIO DA 5ª RM";"2021";"03";"***.621.919-**";"WELLINGTON DRUZIAN MACHADO";"32929469000104";"ELETRO NORTE MATERIAIS ELETRICOS LTDA";"COMPRA A/V - R$ - APRES";"15/02/2021";"61,70"
"52000";"Ministério da Defesa";"52904";"Fundo do Exército";"167192";"BASE DE ADMINISTRACAO E APOIO DA 5ª RM";"2021";"03";"***.621.919-**";"WELLINGTON DRUZIAN MACHADO";"32929469000104";"ELETRO NORTE MATERIAIS ELETRICOS LTDA";"COMPRA A/V - R$ - APRES";"09/02/2021";"59,20"
"52000";"Ministério da Defesa";"52904";"Fundo do Exército";"167192";"BASE DE ADMINISTRACAO E APOIO DA 5ª RM";"2021";"03";"***.621.919-**";"WELLINGTON DRUZIAN MACHADO";"02831172002771";"KOCH HIPERMERCADO S/A";"COMPRA A/V - R$ - APRES";"15/02/2021";"50,15"
"52000";"Ministério da Defesa";"52904";"Fundo do Exército";"167192";"BASE DE ADMINISTRACAO E APOIO DA 5ª RM";"2021";"03";"***.621.919-**";"WELLINGTON DRUZIAN MACHADO";"02831172002771";"KOCH HIPERMERCADO S/A";"COMPRA A/V - R$ - APRES";"14/02/2021";"203,50"
"52000";"Ministério da Defesa";"52904";"Fundo do Exército";"167192";"BASE DE ADMINISTRACAO E APOIO DA 5ª RM";"2021";"03";"***.621.919-**";"WELLINGTON DRUZIAN MACHADO";"02831172002771";"KOCH HIPERMERCADO S/A";"COMPRA A/V - R$ - APRES";"13/02/2021";"350,42"
"52000";"Ministério da Defesa";"52904";"Fundo do Exército";"167192";"BASE DE ADMINISTRACAO E APOIO DA 5ª RM";"2021";"03";"***.621.919-**";"WELLINGTON DRUZIAN MACHADO";"02831172002771";"KOCH HIPERMERCADO S/A";"COMPRA A/V - R$ - APRES";"12/02/2021";"150,91"
"52000";"Ministério da Defesa";"52904";"Fundo do Exército";"167192";"BASE DE ADMINISTRACAO E APOIO DA 5ª RM";"2021";"03";"***.621.919-**";"WELLINGTON DRUZIAN MACHADO";"07324834000100";"TARCISIO J CIDRAL EMBALAGENS";"COMPRA A/V - R$ - APRES";"10/02/2021";"167,98"
"52000";"Ministério da Defesa";"52904";"Fundo do Exército";"167192";"BASE DE ADMINISTRACAO E APOIO DA 5ª RM";"2021";"03";"***.621.919-**";"WELLINGTON DRUZIAN MACHADO";"85101624000158";"REI DO FOGO LTDA";"COMPRA A/V - R$ - APRES";"10/02/2021";"228,10"
"52000";"Ministério da Defesa";"52904";"Fundo do Exército";"167192";"BASE DE ADMINISTRACAO E APOIO DA 5ª RM";"2021";"03";"***.621.919-**";"WELLINGTON DRUZIAN MACHADO";"80939879000170";"AUTO PECAS E MECANICA OCEANO SUL LTDA";"COMPRA A/V - R$ - APRES";"16/02/2021";"400,00"
"52000";"Ministério da Defesa";"52904";"Fundo do Exército";"167192";"BASE DE ADMINISTRACAO E APOIO DA 5ª RM";"2021";"03";"***.621.919-**";"WELLINGTON DRUZIAN MACHADO";"80939879000170";"AUTO PECAS E MECANICA OCEANO SUL LTDA";"COMPRA A/V - R$ - APRES";"15/02/2021";"307,95"
"52000";"Ministério da Defesa";"52904";"Fundo do Exército";"167192";"BASE DE ADMINISTRACAO E APOIO DA 5ª RM";"2021";"03";"***.621.919-**";"WELLINGTON DRUZIAN MACHADO";"80939879000170";"AUTO PECAS E MECANICA OCEANO SUL LTDA";"COMPRA A/V - R$ - APRES";"12/02/2021";"332,50"
"52000";"Ministério da Defesa";"52904";"Fundo do Exército";"167192";"BASE DE ADMINISTRACAO E APOIO DA 5ª RM";"2021";"03";"***.621.919-**";"WELLINGTON DRUZIAN MACHADO";"80939879000170";"AUTO PECAS E MECANICA OCEANO SUL LTDA";"COMPRA A/V - R$ - APRES";"12/02/2021";"245,03"
"52000";"Ministério da Defesa";"52221";"Indústria de Material Bélico do Brasil";"168008";"INDUSTRIA DE MATERIAL BELICO DO BRASIL/FE";"2021";"03";"***.691.697-**";"CARLOS ROBERTO FREITAS DE SOUZA";"10573521000191";"MERCADO PAGO INSTITUICAO DE PAGAMENTO LTDA";"COMPRA A/V - R$ - APRES";"18/02/2021";"50,00"
"52000";"Ministério da Defesa";"52221";"Indústria de Material Bélico do Brasil";"168008";"INDUSTRIA DE MATERIAL BELICO DO BRASIL/FE";"2021";"03";"***.691.697-**";"CARLOS ROBERTO FREITAS DE SOUZA";"37410336000132";"LEANDRO DA SILVA FIRMINO";"COMPRA A/V - R$ - APRES";"19/02/2021";"550,00"
"52000";"Ministério da Defesa";"52221";"Indústria de Material Bélico do Brasil";"168008";"INDUSTRIA DE MATERIAL BELICO DO BRASIL/FE";"2021";"03";"***.691.697-**";"CARLOS ROBERTO FREITAS DE SOUZA";"-2";"NAO SE APLICA";"SAQUE CASH/ATM BB";"18/02/2021";"200,00"
"52000";"Ministério da Defesa";"52221";"Indústria de Material Bélico do Brasil";"168008";"INDUSTRIA DE MATERIAL BELICO DO BRASIL/FE";"2021";"03";"***.691.697-**";"CARLOS ROBERTO FREITAS DE SOUZA";"31972516000121";"ZANTOR FERRAGENS E MATERIAIS DE CONSTRUCAO LTDA";"COMPRA A/V - R$ - APRES";"18/02/2021";"520,00"
"52000";"Ministério da Defesa";"52221";"Indústria de Material Bélico do Brasil";"168005";"INDUSTRIA DE MATERIAL BELICO DO BRASIL/FI";"2021";"03";"***.792.126-**";"JULIO CESAR MODENA";"01280862000773";"EQUIPAMENTOS ELETRONICOS SANTA MARIA LTDA";"COMPRA A/V - R$ - APRES";"08/02/2021";"1127,15"
"52000";"Ministério da Defesa";"52221";"Indústria de Material Bélico do Brasil";"168005";"INDUSTRIA DE MATERIAL BELICO DO BRASIL/FI";"2021";"03";"***.402.868-**";"IMACULADA CONCEICAO RIBEIRO";"12579490000292";"SAINT EMILION AUTOMOVEIS PECAS E SERVICOS LTDA";"COMPRA A/V - R$ - APRES";"09/02/2021";"513,00"
"52000";"Ministério da Defesa";"52221";"Indústria de Material Bélico do Brasil";"168005";"INDUSTRIA DE MATERIAL BELICO DO BRASIL/FI";"2021";"03";"***.911.956-**";"ALOISIO DE OLIVEIRA BERNARDES";"06984786000105";"UNICAR AUTO PARTES COMERCIO DE PECAS LTDA";"COMPRA A/V - R$ - APRES";"10/02/2021";"15,00"
"52000";"Ministério da Defesa";"52221";"Indústria de Material Bélico do Brasil";"168005";"INDUSTRIA DE MATERIAL BELICO DO BRASIL/FI";"2021";"03";"***.506.746-**";"WILIANS PATRIC DA SILVA";"22300479000114";"AUTO MECANICA ITAGUARA LTDA";"COMPRA A/V - R$ - APRES";"18/02/2021";"80,00"
"52000";"Ministério da Defesa";"52221";"Indústria de Material Bélico do Brasil";"168005";"INDUSTRIA DE MATERIAL BELICO DO BRASIL/FI";"2021";"03";"***.506.746-**";"WILIANS PATRIC DA SILVA";"22300479000114";"AUTO MECANICA ITAGUARA LTDA";"COMPRA A/V - R$ - APRES";"18/02/2021";"110,00"
"52000";"Ministério da Defesa";"52221";"Indústria de Material Bélico do Brasil";"168005";"INDUSTRIA DE MATERIAL BELICO DO BRASIL/FI";"2021";"03";"***.402.868-**";"IMACULADA CONCEICAO RIBEIRO";"66274747000146";"RAMIRES ALVES MENDES CPF: 632.331.186-00";"COMPRA A/V - R$ - APRES";"08/02/2021";"126,00"
"52000";"Ministério da Defesa";"52221";"Indústria de Material Bélico do Brasil";"168005";"INDUSTRIA DE MATERIAL BELICO DO BRASIL/FI";"2021";"03";"***.242.056-**";"LUCIANO RIBEIRO DE CASTRO";"65280604000184";"3E INDUSTRIA E COMERCIO LTDA";"COMPRA A/V - R$ - APRES";"02/02/2021";"45,00"
"52000";"Ministério da Defesa";"52221";"Indústria de Material Bélico do Brasil";"168005";"INDUSTRIA DE MATERIAL BELICO DO BRASIL/FI";"2021";"03";"***.105.186-**";"AILSON FLORENCIO LUZ";"17584699000187";"REFRIGERACAO TAETS LTDA";"COMPRA A/V - R$ - APRES";"29/01/2021";"100,00"
"52000";"Ministério da Defesa";"52221";"Indústria de Material Bélico do Brasil";"168005";"INDUSTRIA DE MATERIAL BELICO DO BRASIL/FI";"2021";"03";"***.365.646-**";"JUCILENE DE VILAS BOAS SANTANA";"21029129000100";"LOJA SAO JOSE LOUCAS E FERRAGENS LTDA";"COMPRA A/V - R$ - APRES";"23/02/2021";"49,70"
"52000";"Ministério da Defesa";"52221";"Indústria de Material Bélico do Brasil";"168005";"INDUSTRIA DE MATERIAL BELICO DO BRASIL/FI";"2021";"03";"***.792.126-**";"JULIO CESAR MODENA";"-2";"NAO SE APLICA";"SAQUE CASH/ATM BB";"04/02/2021";"1000,00"
"52000";"Ministério da Defesa";"52221";"Indústria de Material Bélico do Brasil";"168005";"INDUSTRIA DE MATERIAL BELICO DO BRASIL/FI";"2021";"03";"***.792.126-**";"JULIO CESAR MODENA";"-2";"NAO SE APLICA";"SAQUE CASH/ATM BB";"01/02/2021";"570,00"
"52000";"Ministério da Defesa";"52221";"Indústria de Material Bélico do Brasil";"168005";"INDUSTRIA DE MATERIAL BELICO DO BRASIL/FI";"2021";"03";"***.242.056-**";"LUCIANO RIBEIRO DE CASTRO";"-2";"NAO SE APLICA";"SAQUE CASH/ATM BB";"26/01/2021";"230,00"
"52000";"Ministério da Defesa";"52221";"Indústria de Material Bélico do Brasil";"168005";"INDUSTRIA DE MATERIAL BELICO DO BRASIL/FI";"2021";"03";"***.365.646-**";"JUCILENE DE VILAS BOAS SANTANA";"19468242000132";"IFOOD PAGO INSTITUICAO DE PAGAMENTO S.A.";"COMPRA A/V - R$ - APRES";"22/02/2021";"63,00"
"52000";"Ministério da Defesa";"52221";"Indústria de Material Bélico do Brasil";"168005";"INDUSTRIA DE MATERIAL BELICO DO BRASIL/FI";"2021";"03";"***.242.056-**";"LUCIANO RIBEIRO DE CASTRO";"19468242000132";"IFOOD PAGO INSTITUICAO DE PAGAMENTO S.A.";"COMPRA A/V - R$ - APRES";"05/02/2021";"64,00"
"52000";"Ministério da Defesa";"52221";"Indústria de Material Bélico do Brasil";"168005";"INDUSTRIA DE MATERIAL BELICO DO BRASIL/FI";"2021";"03";"***.242.056-**";"LUCIANO RIBEIRO DE CASTRO";"19468242000132";"IFOOD PAGO INSTITUICAO DE PAGAMENTO S.A.";"COMPRA A/V - R$ - APRES";"28/01/2021";"102,00"
"52000";"Ministério da Defesa";"52221";"Indústria de Material Bélico do Brasil";"168005";"INDUSTRIA DE MATERIAL BELICO DO BRASIL/FI";"2021";"03";"***.911.956-**";"ALOISIO DE OLIVEIRA BERNARDES";"03339368000258";"LOGINEP - LOGISTICA, SERVICOS E COMERCIO DE PETROLEO LTDA";"COMPRA A/V - R$ - APRES";"05/02/2021";"100,00"
"52000";"Ministério da Defesa";"52221";"Indústria de Material Bélico do Brasil";"168007";"INDUSTRIA DE MATERIAL BELICO DO BRASIL/FMCE";"2021";"03";"***.796.007-**";"MIGUEL PEREIRA FILHO";"01438784000792";"LEROY MERLIN COMPANHIA BRASILEIRA DE BRICOLAGEM";"COMPRA A/V - R$ - APRES";"23/02/2021";"47,80"
"52000";"Ministério da Defesa";"52221";"Indústria de Material Bélico do Brasil";"168007";"INDUSTRIA DE MATERIAL BELICO DO BRASIL/FMCE";"2021";"03";"***.796.007-**";"MIGUEL PEREIRA FILHO";"-2";"NAO SE APLICA";"SAQUE CASH/ATM BB";"03/02/2021";"80,00"
"52000";"Ministério da Defesa";"52221";"Indústria de Material Bélico do Brasil";"168004";"INDUSTRIA DE MATERIAL BELICO DO BRASIL/FPV";"2021";"03";"***.751.498-**";"WISLEY HUMBERTO BONAMICHI";"52486982000177";"FIGUEIRA ACESSORIOS PARA VEICULOS LTDA";"COMPRA A/V - R$ - APRES";"05/02/2021";"90,00"
"52000";"Ministério da Defesa";"52221";"Indústria de Material Bélico do Brasil";"168004";"INDUSTRIA DE MATERIAL BELICO DO BRASIL/FPV";"2021";"03";"***.751.498-**";"WISLEY HUMBERTO BONAMICHI";"52486982000177";"FIGUEIRA ACESSORIOS PARA VEICULOS LTDA";"COMPRA A/V - R$ - APRES";"03/02/2021";"80,00"
"52000";"Ministério da Defesa";"52221";"Indústria de Material Bélico do Brasil";"168004";"INDUSTRIA DE MATERIAL BELICO DO BRASIL/FPV";"2021";"03";"***.751.498-**";"WISLEY HUMBERTO BONAMICHI";"05776592000151";"MARCIA A CORDEIRO SILVA UNIPESSOAL LTDA";"COMPRA A/V - R$ - APRES";"12/02/2021";"90,80"
"52000";"Ministério da Defesa";"52221";"Indústria de Material Bélico do Brasil";"168004";"INDUSTRIA DE MATERIAL BELICO DO BRASIL/FPV";"2021";"03";"***.751.498-**";"WISLEY HUMBERTO BONAMICHI";"05776592000151";"MARCIA A CORDEIRO SILVA UNIPESSOAL LTDA";"COMPRA A/V - R$ - APRES";"12/02/2021";"270,00"
"52000";"Ministério da Defesa";"52221";"Indústria de Material Bélico do Brasil";"168004";"INDUSTRIA DE MATERIAL BELICO DO BRASIL/FPV";"2021";"03";"***.751.498-**";"WISLEY HUMBERTO BONAMICHI";"05776592000151";"MARCIA A CORDEIRO SILVA UNIPESSOAL LTDA";"COMPRA A/V - R$ - APRES";"05/02/2021";"38,80"
"52000";"Ministério da Defesa";"52221";"Indústria de Material Bélico do Brasil";"168004";"INDUSTRIA DE MATERIAL BELICO DO BRASIL/FPV";"2021";"03";"***.751.498-**";"WISLEY HUMBERTO BONAMICHI";"51782969000100";"COIMBRA MATERIAIS PARA CONSTRUCOES LTDA";"COMPRA A/V - R$ - APRES";"12/02/2021";"251,95"
"52000";"Ministério da Defesa";"52221";"Indústria de Material Bélico do Brasil";"168004";"INDUSTRIA DE MATERIAL BELICO DO BRASIL/FPV";"2021";"03";"***.751.498-**";"WISLEY HUMBERTO BONAMICHI";"15020515833";"LUCILENE MATOS";"COMPRA A/V - R$ - APRES";"05/02/2021";"350,00"
"52000";"Ministério da Defesa";"52221";"Indústria de Material Bélico do Brasil";"168004";"INDUSTRIA DE MATERIAL BELICO DO BRASIL/FPV";"2021";"03";"***.863.058-**";"CELSO BENEDITO MOREIRA";"05524001000159";"ANTOMIG SOLUCOES INFORMATICA LTDA";"COMPRA A/V - R$ - APRES";"29/01/2021";"65,00"
"52000";"Ministério da Defesa";"52221";"Indústria de Material Bélico do Brasil";"168004";"INDUSTRIA DE MATERIAL BELICO DO BRASIL/FPV";"2021";"03";"***.863.058-**";"CELSO BENEDITO MOREIRA";"48541510001336";"COOPERATIVA AGROINDUSTRIAL SERRAMAR";"COMPRA A/V - R$ - APRES";"01/02/2021";"20,40"
"52000";"Ministério da Defesa";"52221";"Indústria de Material Bélico do Brasil";"168004";"INDUSTRIA DE MATERIAL BELICO DO BRASIL/FPV";"2021";"03";"***.863.058-**";"CELSO BENEDITO MOREIRA";"10786495000180";"ALMAR COSMETICOS LTDA";"COMPRA A/V - R$ - APRES";"10/02/2021";"34,20"
"52000";"Ministério da Defesa";"52221";"Indústria de Material Bélico do Brasil";"168004";"INDUSTRIA DE MATERIAL BELICO DO BRASIL/FPV";"2021";"03";"***.751.498-**";"WISLEY HUMBERTO BONAMICHI";"68244953000210";"VAREJAO DAS TINTAS LORENA LTDA";"COMPRA A/V - R$ - APRES";"09/02/2021";"399,60"
"52000";"Ministério da Defesa";"52221";"Indústria de Material Bélico do Brasil";"168004";"INDUSTRIA DE MATERIAL BELICO DO BRASIL/FPV";"2021";"03";"***.863.058-**";"CELSO BENEDITO MOREIRA";"48541510001417";"COOPERATIVA AGROINDUSTRIAL SERRAMAR";"COMPRA A/V - R$ - APRES";"29/01/2021";"30,35"
"52000";"Ministério da Defesa";"52221";"Indústria de Material Bélico do Brasil";"168004";"INDUSTRIA DE MATERIAL BELICO DO BRASIL/FPV";"2021";"03";"***.863.058-**";"CELSO BENEDITO MOREIRA";"33834269000122";"COMERCIAL PRESENTES KING LTDA";"COMPRA A/V - R$ - APRES";"10/02/2021";"49,98"
"52000";"Ministério da Defesa";"52221";"Indústria de Material Bélico do Brasil";"168004";"INDUSTRIA DE MATERIAL BELICO DO BRASIL/FPV";"2021";"03";"***.751.498-**";"WISLEY HUMBERTO BONAMICHI";"05692415000197";"N.PEREIRA DOS SANTOS AQUINO";"COMPRA A/V - R$ - APRES";"03/02/2021";"68,00"
"52000";"Ministério da Defesa";"52221";"Indústria de Material Bélico do Brasil";"168004";"INDUSTRIA DE MATERIAL BELICO DO BRASIL/FPV";"2021";"03";"***.751.498-**";"WISLEY HUMBERTO BONAMICHI";"60066065000161";"VALECAP RECAUCHUTAGEM E COMERCIO DE PNEUS LTDA";"COMPRA A/V - R$ - APRES";"19/02/2021";"90,00"
"52000";"Ministério da Defesa";"52221";"Indústria de Material Bélico do Brasil";"168004";"INDUSTRIA DE MATERIAL BELICO DO BRASIL/FPV";"2021";"03";"***.751.498-**";"WISLEY HUMBERTO BONAMICHI";"00477723000186";"POZZATTI & ARAUJO LTDA";"COMPRA A/V - R$ - APRES";"12/02/2021";"161,20"
"52000";"Ministério da Defesa";"52221";"Indústria de Material Bélico do Brasil";"168004";"INDUSTRIA DE MATERIAL BELICO DO BRASIL/FPV";"2021";"03";"***.863.058-**";"CELSO BENEDITO MOREIRA";"04698930000111";"LCA INFORMATICA LTDA";"COMPRA A/V - R$ - APRES";"04/02/2021";"210,00"
"52000";"Ministério da Defesa";"52221";"Indústria de Material Bélico do Brasil";"168004";"INDUSTRIA DE MATERIAL BELICO DO BRASIL/FPV";"2021";"03";"***.751.498-**";"WISLEY HUMBERTO BONAMICHI";"02829985000198";"FERNANDA C. DE ALMEIDA ALVES & CIA LTDA";"COMPRA A/V - R$ - APRES";"03/02/2021";"95,00"
"52000";"Ministério da Defesa";"52221";"Indústria de Material Bélico do Brasil";"168004";"INDUSTRIA DE MATERIAL BELICO DO BRASIL/FPV";"2021";"03";"***.751.498-**";"WISLEY HUMBERTO BONAMICHI";"02829985000198";"FERNANDA C. DE ALMEIDA ALVES & CIA LTDA";"COMPRA A/V - R$ - APRES";"03/02/2021";"120,00"
"52000";"Ministério da Defesa";"52221";"Indústria de Material Bélico do Brasil";"168004";"INDUSTRIA DE MATERIAL BELICO DO BRASIL/FPV";"2021";"03";"***.863.058-**";"CELSO BENEDITO MOREIRA";"02829985000198";"FERNANDA C. DE ALMEIDA ALVES & CIA LTDA";"COMPRA A/V - R$ - APRES";"01/02/2021";"95,00"
"52000";"Ministério da Defesa";"52221";"Indústria de Material Bélico do Brasil";"168004";"INDUSTRIA DE MATERIAL BELICO DO BRASIL/FPV";"2021";"03";"***.751.498-**";"WISLEY HUMBERTO BONAMICHI";"-2";"NAO SE APLICA";"SAQUE CASH/ATM BB";"12/02/2021";"50,00"
"52000";"Ministério da Defesa";"52221";"Indústria de Material Bélico do Brasil";"168004";"INDUSTRIA DE MATERIAL BELICO DO BRASIL/FPV";"2021";"03";"***.863.058-**";"CELSO BENEDITO MOREIRA";"-2";"NAO SE APLICA";"SAQUE CASH/ATM BB";"26/01/2021";"10,00"
"52000";"Ministério da Defesa";"52221";"Indústria de Material Bélico do Brasil";"168004";"INDUSTRIA DE MATERIAL BELICO DO BRASIL/FPV";"2021";"03";"***.751.498-**";"WISLEY HUMBERTO BONAMICHI";"55582241000188";"KATY PERFUMARIAS LTDA";"COMPRA A/V - R$ - APRES";"09/02/2021";"80,00"
"52000";"Ministério da Defesa";"52221";"Indústria de Material Bélico do Brasil";"168004";"INDUSTRIA DE MATERIAL BELICO DO BRASIL/FPV";"2021";"03";"***.863.058-**";"CELSO BENEDITO MOREIRA";"-1";"SEM INFORMACAO";"COMPRA A/V - R$ - APRES";"04/02/2021";"330,00"
"52000";"Ministério da Defesa";"52221";"Indústria de Material Bélico do Brasil";"168004";"INDUSTRIA DE MATERIAL BELICO DO BRASIL/FPV";"2021";"03";"***.751.498-**";"WISLEY HUMBERTO BONAMICHI";"52486982000177";"FIGUEIRA ACESSORIOS PARA VEICULOS LTDA";"COMPRA A/V - R$ - APRES";"05/02/2021";"60,00"
"52000";"Ministério da Defesa";"52000";"Ministério da Defesa - Unidades com vínculo direto";"112408";"HOSPITAL DAS FORCAS ARMADAS";"2021";"03";"***.771.067-**";"GIANCARLO LUCIANO GOMES";"35071041000153";"ALLIDON A M DA SILVA MERCEARIA";"COMPRA A/V - R$ - APRES";"18/02/2021";"1360,00"
"52000";"Ministério da Defesa";"52000";"Ministério da Defesa - Unidades com vínculo direto";"112408";"HOSPITAL DAS FORCAS ARMADAS";"2021";"03";"***.925.587-**";"MIRIAN GREICE VALENTIN DE MORAES";"61585865033912";"RAIA DROGASIL S/A";"COMPRA A/V - R$ - APRES";"09/02/2021";"92,32"
"26000";"Ministério da Educação";"26257";"Centro Federal de Educação Tecnológica de Minas Gerais";"153015";"CENTRO FEDERAL DE EDUCACAO TECNOLOGICA DE MG";"2021";"03";"***.960.686-**";"GILMER JACINTO PERES";"17250275000186";"CASA FERREIRA GONCALVES LTDA";"COMPRA A/V - R$ - APRES";"12/02/2021";"197,64"
"26000";"Ministério da Educação";"26257";"Centro Federal de Educação Tecnológica de Minas Gerais";"153015";"CENTRO FEDERAL DE EDUCACAO TECNOLOGICA DE MG";"2021";"03";"***.960.686-**";"GILMER JACINTO PERES";"17498163000149";"DISTRIBUIDORA TRIANGULO LTDA";"COMPRA A/V - R$ - APRES";"12/02/2021";"155,22"
"26000";"Ministério da Educação";"26201";"Colégio Pedro II";"155624";"COLEGIO PEDRO II - CAMPUS HUMAITA I";"2021";"03";"***.160.006-**";"FLAVIO AUGUSTO FERREIRA DE SOUZA";"23363951000120";"BEIJA FLOR REFRIGERACAO LTDA";"COMPRA A/V - R$ - APRES";"23/02/2021";"379,90"
"26000";"Ministério da Educação";"26443";"Empresa Brasileira de Serviços Hospitalares";"155909";"COMPLEXO HOSP UNIVERSIT DA UFPA (HUBFS/HUJBB)";"2021";"03";"***.604.502-**";"JOSE CARLOS DA SILVA";"08632253000351";"CROI COMPUTADORES LTDA";"COMPRA A/V - R$ - APRES";"18/02/2021";"1550,00"
"26000";"Ministério da Educação";"26443";"Empresa Brasileira de Serviços Hospitalares";"155012";"HOSP UNIVERSITARIO CASSIANO ANTONIO DE MORAES";"2021";"03";"***.443.137-**";"JEAN CARLO NUNES DOS SANTOS";"08036673000103";"HSB IMPRESSAO LTDA";"COMPRA A/V - R$ - APRES";"03/02/2021";"589,30"
"26000";"Ministério da Educação";"26443";"Empresa Brasileira de Serviços Hospitalares";"155012";"HOSP UNIVERSITARIO CASSIANO ANTONIO DE MORAES";"2021";"03";"***.443.137-**";"JEAN CARLO NUNES DOS SANTOS";"03827721000168";"ILHA DAS CORES TINTAS LTDA";"COMPRA A/V - R$ - APRES";"03/02/2021";"300,00"
"26000";"Ministério da Educação";"26443";"Empresa Brasileira de Serviços Hospitalares";"155012";"HOSP UNIVERSITARIO CASSIANO ANTONIO DE MORAES";"2021";"03";"***.443.137-**";"JEAN CARLO NUNES DOS SANTOS";"01438784006219";"LEROY MERLIN COMPANHIA BRASILEIRA DE BRICOLAGEM";"COMPRA A/V - R$ - APRES";"23/02/2021";"92,84"
"26000";"Ministério da Educação";"26443";"Empresa Brasileira de Serviços Hospitalares";"155904";"HOSPITAL DAS CLINICAS DA UFG";"2021";"03";"***.248.711-**";"MARIANA RAMOS CORREA";"17504403000170";"MENDES DE PAULA MATERIAIS DE LIMPEZA, EPI E FERRAGENS LTDA";"COMPRA A/V - R$ - APRES";"19/02/2021";"780,00"
"26000";"Ministério da Educação";"26443";"Empresa Brasileira de Serviços Hospitalares";"155904";"HOSPITAL DAS CLINICAS DA UFG";"2021";"03";"***.212.651-**";"JADER DE ALENCAR VASCONCELOS";"37334307000139";"CASA DAS RESISTENCIAS LTDA";"COMPRA A/V - R$ - APRES";"12/02/2021";"730,00"
"26000";"Ministério da Educação";"26443";"Empresa Brasileira de Serviços Hospitalares";"155904";"HOSPITAL DAS CLINICAS DA UFG";"2021";"03";"***.248.711-**";"MARIANA RAMOS CORREA";"33541640000168";"DENTAL OTTONAVES LTDA";"COMPRA A/V - R$ - APRES";"19/02/2021";"670,50"
"26000";"Ministério da Educação";"26443";"Empresa Brasileira de Serviços Hospitalares";"155904";"HOSPITAL DAS CLINICAS DA UFG";"2021";"03";"***.212.651-**";"JADER DE ALENCAR VASCONCELOS";"01816875000129";"AJEL MATERIAIS ELETRICOS LTDA";"COMPRA A/V - R$ - APRES";"08/02/2021";"496,00"
"26000";"Ministério da Educação";"26443";"Empresa Brasileira de Serviços Hospitalares";"155904";"HOSPITAL DAS CLINICAS DA UFG";"2021";"03";"***.248.711-**";"MARIANA RAMOS CORREA";"15998537000160";"DENTAL ADELAR LTDA";"COMPRA A/V - R$ - APRES";"18/02/2021";"394,50"
"26000";"Ministério da Educação";"26443";"Empresa Brasileira de Serviços Hospitalares";"155904";"HOSPITAL DAS CLINICAS DA UFG";"2021";"03";"***.212.651-**";"JADER DE ALENCAR VASCONCELOS";"01847854000332";"ELETRO TRANSOL IND E COMERCIO MAT ELETRICOS LTDA";"COMPRA A/V - R$ - APRES";"11/02/2021";"439,75"
"26000";"Ministério da Educação";"26443";"Empresa Brasileira de Serviços Hospitalares";"155904";"HOSPITAL DAS CLINICAS DA UFG";"2021";"03";"***.212.651-**";"JADER DE ALENCAR VASCONCELOS";"07531461000130";"V G F COMERCIO DE TINTAS LTDA";"COMPRA A/V - R$ - APRES";"10/02/2021";"257,00"
"26000";"Ministério da Educação";"26443";"Empresa Brasileira de Serviços Hospitalares";"155904";"HOSPITAL DAS CLINICAS DA UFG";"2021";"03";"***.212.651-**";"JADER DE ALENCAR VASCONCELOS";"37005840000157";"LAURINDO AIRES DE ARAUJO";"COMPRA A/V - R$ - APRES";"11/02/2021";"53,20"
"26000";"Ministério da Educação";"26443";"Empresa Brasileira de Serviços Hospitalares";"155904";"HOSPITAL DAS CLINICAS DA UFG";"2021";"03";"***.212.651-**";"JADER DE ALENCAR VASCONCELOS";"15871688000152";"L.R.S - FERRAGENS LTDA";"COMPRA A/V - R$ - APRES";"23/02/2021";"362,40"
"26000";"Ministério da Educação";"26443";"Empresa Brasileira de Serviços Hospitalares";"155904";"HOSPITAL DAS CLINICAS DA UFG";"2021";"03";"***.212.651-**";"JADER DE ALENCAR VASCONCELOS";"15871688000152";"L.R.S - FERRAGENS LTDA";"COMPRA A/V - R$ - APRES";"10/02/2021";"90,26"
"26000";"Ministério da Educação";"26443";"Empresa Brasileira de Serviços Hospitalares";"155904";"HOSPITAL DAS CLINICAS DA UFG";"2021";"03";"***.248.711-**";"MARIANA RAMOS CORREA";"04292064000164";"PAPELARIA & LIVRARIA UNIVERSO LTDA";"COMPRA A/V - R$ - APRES";"11/02/2021";"540,00"
"26000";"Ministério da Educação";"26443";"Empresa Brasileira de Serviços Hospitalares";"155021";"HOSPITAL DAS CLINICAS DA UFMG";"2021";"03";"***.826.376-**";"ANDRE CRISTIANO PINTO";"17256512006157";"DROGARIA ARAUJO S A";"COMPRA A/V - R$ - APRES";"11/02/2021";"89,14"
"26000";"Ministério da Educação";"26443";"Empresa Brasileira de Serviços Hospitalares";"155021";"HOSPITAL DAS CLINICAS DA UFMG";"2021";"03";"***.826.376-**";"ANDRE CRISTIANO PINTO";"17256512006157";"DROGARIA ARAUJO S A";"COMPRA A/V - R$ - APRES";"11/02/2021";"695,52"
"26000";"Ministério da Educação";"26443";"Empresa Brasileira de Serviços Hospitalares";"155021";"HOSPITAL DAS CLINICAS DA UFMG";"2021";"03";"***.826.376-**";"ANDRE CRISTIANO PINTO";"17344776000121";"IZETTLE DO BRASIL MEIOS DE PAGAMENTO LTDA";"COMPRA A/V - R$ - APRES";"15/02/2021";"960,00"
"26000";"Ministério da Educação";"26443";"Empresa Brasileira de Serviços Hospitalares";"155021";"HOSPITAL DAS CLINICAS DA UFMG";"2021";"03";"***.826.376-**";"ANDRE CRISTIANO PINTO";"-2";"NAO SE APLICA";"SAQUE CASH/ATM BB";"18/02/2021";"240,00"
"26000";"Ministério da Educação";"26443";"Empresa Brasileira de Serviços Hospitalares";"155021";"HOSPITAL DAS CLINICAS DA UFMG";"2021";"03";"***.826.376-**";"ANDRE CRISTIANO PINTO";"-2";"NAO SE APLICA";"SAQUE CASH/ATM BB";"18/02/2021";"100,00"
"26000";"Ministério da Educação";"26443";"Empresa Brasileira de Serviços Hospitalares";"155021";"HOSPITAL DAS CLINICAS DA UFMG";"2021";"03";"***.826.376-**";"ANDRE CRISTIANO PINTO";"26328469000148";"BH COMERCIO DE PRODUTOS PARA SAUDE LTDA";"COMPRA A/V - R$ - APRES";"16/02/2021";"238,00"
"26000";"Ministério da Educação";"26443";"Empresa Brasileira de Serviços Hospitalares";"155905";"HOSPITAL DE DOENCAS TROPICAIS";"2021";"03";"***.138.441-**";"PEDRO ALVES JUNIOR BEZERRA";"09182011000104";"DIRSON DA SILVA & CIA LTDA";"COMPRA A/V - R$ - APRES";"29/01/2021";"640,00"
"26000";"Ministério da Educação";"26443";"Empresa Brasileira de Serviços Hospitalares";"155914";"HOSPITAL UNIVERSITARIO ALCIDES CARNEIRO";"2021";"03";"***.957.174-**";"MARIA DO SOCORRO CAMPOS ARAUJO";"41210568000386";"CENTRO DIAGNOSTICO DE ANALISE CLINICA LTDA";"COMPRA A/V - R$ - APRES";"03/02/2021";"206,00"
"26000";"Ministério da Educação";"26443";"Empresa Brasileira de Serviços Hospitalares";"155914";"HOSPITAL UNIVERSITARIO ALCIDES CARNEIRO";"2021";"03";"***.957.174-**";"MARIA DO SOCORRO CAMPOS ARAUJO";"02575485000177";"HEMOCLIN CENTRO DE HEMATOLOGIA E LABORATORIO DE ANALISES CLINICAS S/S LTDA";"COMPRA A/V - R$ - APRES";"22/02/2021";"50,00"
"26000";"Ministério da Educação";"26443";"Empresa Brasileira de Serviços Hospitalares";"155914";"HOSPITAL UNIVERSITARIO ALCIDES CARNEIRO";"2021";"03";"***.957.174-**";"MARIA DO SOCORRO CAMPOS ARAUJO";"00452710000152";"PAGELAR INDUSTRIA COMERCIO E SERVICOS DE MOVEIS LTDA";"COMPRA A/V - R$ - APRES";"19/02/2021";"110,00"
"26000";"Ministério da Educação";"26443";"Empresa Brasileira de Serviços Hospitalares";"155914";"HOSPITAL UNIVERSITARIO ALCIDES CARNEIRO";"2021";"03";"***.957.174-**";"MARIA DO SOCORRO CAMPOS ARAUJO";"41210568000386";"CENTRO DIAGNOSTICO DE ANALISE CLINICA LTDA";"COMPRA A/V - R$ - APRES";"05/02/2021";"122,00"
"26000";"Ministério da Educação";"26443";"Empresa Brasileira de Serviços Hospitalares";"155903";"HOSPITAL UNIVERSITARIO DA UFJF";"2021";"03";"***.851.826-**";"ALAN DE PAIVA LOURES";"10573521000191";"MERCADO PAGO INSTITUICAO DE PAGAMENTO LTDA";"COMPRA A/V - R$ - APRES";"11/02/2021";"552,96"
"26000";"Ministério da Educação";"26443";"Empresa Brasileira de Serviços Hospitalares";"155903";"HOSPITAL UNIVERSITARIO DA UFJF";"2021";"03";"***.851.826-**";"ALAN DE PAIVA LOURES";"19540550000121";"ASAAS GESTAO FINANCEIRA INSTITUICAO DE PAGAMENTO S.A.";"COMPRA A/V - R$ - APRES";"19/02/2021";"799,97"
"26000";"Ministério da Educação";"26443";"Empresa Brasileira de Serviços Hospitalares";"155903";"HOSPITAL UNIVERSITARIO DA UFJF";"2021";"03";"***.851.826-**";"ALAN DE PAIVA LOURES";"18727053000174";"PAGAR.ME S.A.";"COMPRA A/V - R$ - APRES";"11/02/2021";"1419,03"
"26000";"Ministério da Educação";"26443";"Empresa Brasileira de Serviços Hospitalares";"155010";"HOSPITAL UNIVERSITARIO DA UFMA";"2021";"03";"***.326.183-**";"RAFAEL DOS SANTOS LOPES";"00175188000109";"D F COMERCIAL ODONTOLOGICA LTDA";"COMPRA A/V - R$ - APRES";"29/01/2021";"212,00"
"26000";"Ministério da Educação";"26443";"Empresa Brasileira de Serviços Hospitalares";"155010";"HOSPITAL UNIVERSITARIO DA UFMA";"2021";"03";"***.326.183-**";"RAFAEL DOS SANTOS LOPES";"03433866000184";"E. N. BELLO FARMACIA DE MANIPULACAO LTDA";"COMPRA A/V - R$ - APRES";"16/02/2021";"287,00"
"26000";"Ministério da Educação";"26443";"Empresa Brasileira de Serviços Hospitalares";"155010";"HOSPITAL UNIVERSITARIO DA UFMA";"2021";"03";"***.326.183-**";"RAFAEL DOS SANTOS LOPES";"00602864000183";"M A SILVA E CIA LTDA";"COMPRA A/V - R$ - APRES";"15/02/2021";"418,00"
"26000";"Ministério da Educação";"26443";"Empresa Brasileira de Serviços Hospitalares";"155010";"HOSPITAL UNIVERSITARIO DA UFMA";"2021";"03";"***.326.183-**";"RAFAEL DOS SANTOS LOPES";"07272825005416";"TECNO INDUSTRIA E COMERCIO DE COMPUTADORES LTDA";"COMPRA A/V - R$ - APRES";"08/02/2021";"596,00"
"26000";"Ministério da Educação";"26443";"Empresa Brasileira de Serviços Hospitalares";"155010";"HOSPITAL UNIVERSITARIO DA UFMA";"2021";"03";"***.326.183-**";"RAFAEL DOS SANTOS LOPES";"00735260000105";"MED-SURGERY HOSPITALAR LTDA";"COMPRA A/V - R$ - APRES";"03/02/2021";"216,00"
"26000";"Ministério da Educação";"26443";"Empresa Brasileira de Serviços Hospitalares";"155010";"HOSPITAL UNIVERSITARIO DA UFMA";"2021";"03";"***.326.183-**";"RAFAEL DOS SANTOS LOPES";"01703806000109";"M R MED HOSPITALAR LTDA";"COMPRA A/V - R$ - APRES";"10/02/2021";"1552,50"
"26000";"Ministério da Educação";"26443";"Empresa Brasileira de Serviços Hospitalares";"155010";"HOSPITAL UNIVERSITARIO DA UFMA";"2021";"03";"***.326.183-**";"RAFAEL DOS SANTOS LOPES";"61585865177590";"RAIA DROGASIL S/A";"COMPRA A/V - R$ - APRES";"19/02/2021";"97,18"
"26000";"Ministério da Educação";"26443";"Empresa Brasileira de Serviços Hospitalares";"155010";"HOSPITAL UNIVERSITARIO DA UFMA";"2021";"03";"***.326.183-**";"RAFAEL DOS SANTOS LOPES";"61585865177590";"RAIA DROGASIL S/A";"COMPRA A/V - R$ - APRES";"29/01/2021";"69,58"
"26000";"Ministério da Educação";"26443";"Empresa Brasileira de Serviços Hospitalares";"155010";"HOSPITAL UNIVERSITARIO DA UFMA";"2021";"03";"***.326.183-**";"RAFAEL DOS SANTOS LOPES";"10781820000111";"ROYALMED HOSPITALAR LTDA";"COMPRA A/V - R$ - APRES";"27/01/2021";"1350,00"
"26000";"Ministério da Educação";"26443";"Empresa Brasileira de Serviços Hospitalares";"155010";"HOSPITAL UNIVERSITARIO DA UFMA";"2021";"03";"***.326.183-**";"RAFAEL DOS SANTOS LOPES";"03557504000103";"A. CARVALHO COMPONENTES ELETRONICOS LTDA";"COMPRA A/V - R$ - APRES";"18/02/2021";"97,00"
"26000";"Ministério da Educação";"26443";"Empresa Brasileira de Serviços Hospitalares";"155010";"HOSPITAL UNIVERSITARIO DA UFMA";"2021";"03";"***.326.183-**";"RAFAEL DOS SANTOS LOPES";"63568984000121";"RECOPREL COMERCIAL LTDA";"COMPRA A/V - R$ - APRES";"04/02/2021";"375,00"
"26000";"Ministério da Educação";"26443";"Empresa Brasileira de Serviços Hospitalares";"155010";"HOSPITAL UNIVERSITARIO DA UFMA";"2021";"03";"***.326.183-**";"RAFAEL DOS SANTOS LOPES";"04899316006744";"IMIFARMA PRODUTOS FARMACEUTICOS E COSMETICOS SA";"COMPRA A/V - R$ - APRES";"09/02/2021";"84,87"
"26000";"Ministério da Educação";"26443";"Empresa Brasileira de Serviços Hospitalares";"155010";"HOSPITAL UNIVERSITARIO DA UFMA";"2021";"03";"***.326.183-**";"RAFAEL DOS SANTOS LOPES";"02012862001727";"TAM LINHAS AEREAS S/A.";"COMPRA A/V - R$ - APRES";"05/02/2021";"894,90"
"26000";"Ministério da Educação";"26443";"Empresa Brasileira de Serviços Hospitalares";"155010";"HOSPITAL UNIVERSITARIO DA UFMA";"2021";"03";"***.326.183-**";"RAFAEL DOS SANTOS LOPES";"23706146000152";"FACIAL FARMACIA DE MANIPULACAO LTDA";"COMPRA A/V - R$ - APRES";"30/01/2021";"51,00"
"26000";"Ministério da Educação";"26443";"Empresa Brasileira de Serviços Hospitalares";"155010";"HOSPITAL UNIVERSITARIO DA UFMA";"2021";"03";"***.326.183-**";"RAFAEL DOS SANTOS LOPES";"06626253018875";"EMPREENDIMENTOS PAGUE MENOS S/A";"COMPRA A/V - R$ - APRES";"02/02/2021";"51,80"
"26000";"Ministério da Educação";"26443";"Empresa Brasileira de Serviços Hospitalares";"155010";"HOSPITAL UNIVERSITARIO DA UFMA";"2021";"03";"***.326.183-**";"RAFAEL DOS SANTOS LOPES";"06626253050418";"EMPREENDIMENTOS PAGUE MENOS S/A";"COMPRA A/V - R$ - APRES";"06/02/2021";"37,00"
"26000";"Ministério da Educação";"26443";"Empresa Brasileira de Serviços Hospitalares";"155010";"HOSPITAL UNIVERSITARIO DA UFMA";"2021";"03";"***.326.183-**";"RAFAEL DOS SANTOS LOPES";"12103222000119";"CASTRO COMERCIO E REPRESENTACOES LTDA";"COMPRA A/V - R$ - APRES";"29/01/2021";"800,00"
"26000";"Ministério da Educação";"26443";"Empresa Brasileira de Serviços Hospitalares";"155913";"HOSPITAL UNIVERSITARIO DA UFSC";"2021";"03";"***.043.489-**";"DANIELA QUADROS";"78255916000775";"FIEDLER AUTOMACAO INDUSTRIAL LTDA";"COMPRA A/V - R$ - APRES";"27/01/2021";"705,38"
"26000";"Ministério da Educação";"26443";"Empresa Brasileira de Serviços Hospitalares";"155913";"HOSPITAL UNIVERSITARIO DA UFSC";"2021";"03";"***.043.489-**";"DANIELA QUADROS";"07145265000127";"MN COMERCIO DE PARAFUSOS LTDA";"COMPRA A/V - R$ - APRES";"02/02/2021";"47,30"
"26000";"Ministério da Educação";"26443";"Empresa Brasileira de Serviços Hospitalares";"155913";"HOSPITAL UNIVERSITARIO DA UFSC";"2021";"03";"***.692.670-**";"LEO FABRICIO PEREIRA";"83873935000100";"LOJA DOMINIK LTDA";"COMPRA A/V - R$ - APRES";"11/02/2021";"213,00"
"26000";"Ministério da Educação";"26443";"Empresa Brasileira de Serviços Hospitalares";"155913";"HOSPITAL UNIVERSITARIO DA UFSC";"2021";"03";"***.043.489-**";"DANIELA QUADROS";"26953213000121";"A LOJA DO ROLAMENTO LTDA";"COMPRA A/V - R$ - APRES";"01/02/2021";"43,00"
"26000";"Ministério da Educação";"26443";"Empresa Brasileira de Serviços Hospitalares";"155913";"HOSPITAL UNIVERSITARIO DA UFSC";"2021";"03";"***.754.429-**";"TIAGO GUALBERTO DA SILVA";"76599257000173";"ZINCA RAPIDO COMERCIO DE FERRAGENS LTDA";"COMPRA A/V - R$ - APRES";"01/02/2021";"375,10"
"26000";"Ministério da Educação";"26443";"Empresa Brasileira de Serviços Hospitalares";"155913";"HOSPITAL UNIVERSITARIO DA UFSC";"2021";"03";"***.754.429-**";"TIAGO GUALBERTO DA SILVA";"76599257000173";"ZINCA RAPIDO COMERCIO DE FERRAGENS LTDA";"COMPRA A/V - R$ - APRES";"01/02/2021";"156,86"
"26000";"Ministério da Educação";"26443";"Empresa Brasileira de Serviços Hospitalares";"155913";"HOSPITAL UNIVERSITARIO DA UFSC";"2021";"03";"***.692.670-**";"LEO FABRICIO PEREIRA";"00077808000177";"PRODOCTOR- COM DE EQUIPAMENTOS ODONTOLOGICOS E SERV LTDA";"COMPRA A/V - R$ - APRES";"11/02/2021";"23,00"
"26000";"Ministério da Educação";"26443";"Empresa Brasileira de Serviços Hospitalares";"155913";"HOSPITAL UNIVERSITARIO DA UFSC";"2021";"03";"***.043.489-**";"DANIELA QUADROS";"28533398000140";"VALOREM MEIOS ELETRONICOS LTDA";"COMPRA A/V - R$ - APRES";"02/02/2021";"50,00"
"26000";"Ministério da Educação";"26443";"Empresa Brasileira de Serviços Hospitalares";"155913";"HOSPITAL UNIVERSITARIO DA UFSC";"2021";"03";"***.043.489-**";"DANIELA QUADROS";"28533398000140";"VALOREM MEIOS ELETRONICOS LTDA";"COMPRA A/V - R$ - APRES";"27/01/2021";"1072,08"
"26000";"Ministério da Educação";"26443";"Empresa Brasileira de Serviços Hospitalares";"155913";"HOSPITAL UNIVERSITARIO DA UFSC";"2021";"03";"***.043.489-**";"DANIELA QUADROS";"12821926000208";"ENERGILUZ COMERCIO DE MATERIAIS ELETRICOS LTDA";"COMPRA A/V - R$ - APRES";"02/02/2021";"228,76"
"26000";"Ministério da Educação";"26443";"Empresa Brasileira de Serviços Hospitalares";"155913";"HOSPITAL UNIVERSITARIO DA UFSC";"2021";"03";"***.043.489-**";"DANIELA QUADROS";"12821926000208";"ENERGILUZ COMERCIO DE MATERIAIS ELETRICOS LTDA";"COMPRA A/V - R$ - APRES";"02/02/2021";"384,00"
"26000";"Ministério da Educação";"26443";"Empresa Brasileira de Serviços Hospitalares";"155913";"HOSPITAL UNIVERSITARIO DA UFSC";"2021";"03";"***.043.489-**";"DANIELA QUADROS";"95767943000231";"COMERCIAL STECANELA DE MATERIAIS ELETRICOS LTDA";"COMPRA A/V - R$ - APRES";"02/02/2021";"199,70"
"26000";"Ministério da Educação";"26443";"Empresa Brasileira de Serviços Hospitalares";"155913";"HOSPITAL UNIVERSITARIO DA UFSC";"2021";"03";"***.692.670-**";"LEO FABRICIO PEREIRA";"83240333000204";"LOJAS MILIUM LTDA";"COMPRA A/V - R$ - APRES";"11/02/2021";"71,80"
"26000";"Ministério da Educação";"26443";"Empresa Brasileira de Serviços Hospitalares";"155913";"HOSPITAL UNIVERSITARIO DA UFSC";"2021";"03";"***.043.489-**";"DANIELA QUADROS";"75893826000126";"CASAS DO CANO LTDA";"COMPRA A/V - R$ - APRES";"03/02/2021";"114,00"
"26000";"Ministério da Educação";"26443";"Empresa Brasileira de Serviços Hospitalares";"155913";"HOSPITAL UNIVERSITARIO DA UFSC";"2021";"03";"***.754.429-**";"TIAGO GUALBERTO DA SILVA";"73780397000155";"MARCIO LAURO DE SOUZA";"COMPRA A/V - R$ - APRES";"02/02/2021";"850,00"
"26000";"Ministério da Educação";"26443";"Empresa Brasileira de Serviços Hospitalares";"155913";"HOSPITAL UNIVERSITARIO DA UFSC";"2021";"03";"***.754.429-**";"TIAGO GUALBERTO DA SILVA";"24438557000177";"24.438.557 SERGIO GUIMARAES";"COMPRA A/V - R$ - APRES";"04/02/2021";"415,00"
"26000";"Ministério da Educação";"26443";"Empresa Brasileira de Serviços Hospitalares";"155913";"HOSPITAL UNIVERSITARIO DA UFSC";"2021";"03";"***.043.489-**";"DANIELA QUADROS";"78255916000775";"FIEDLER AUTOMACAO INDUSTRIAL LTDA";"COMPRA A/V - R$ - APRES";"02/02/2021";"86,17"
"26000";"Ministério da Educação";"26443";"Empresa Brasileira de Serviços Hospitalares";"155913";"HOSPITAL UNIVERSITARIO DA UFSC";"2021";"03";"***.692.670-**";"LEO FABRICIO PEREIRA";"22722691000170";"XING ELETRONICOS LTDA";"COMPRA A/V - R$ - APRES";"11/02/2021";"155,00"
"26000";"Ministério da Educação";"26443";"Empresa Brasileira de Serviços Hospitalares";"155913";"HOSPITAL UNIVERSITARIO DA UFSC";"2021";"03";"***.692.670-**";"LEO FABRICIO PEREIRA";"04821345000167";"ELETRO PARTS COMPONENTES ELETRONICOS LTDA";"COMPRA A/V - R$ - APRES";"11/02/2021";"293,70"
"26000";"Ministério da Educação";"26443";"Empresa Brasileira de Serviços Hospitalares";"155125";"HOSPITAL UNIVERSITARIO DE SANTA MARIA";"2021";"03";"***.437.830-**";"WILMAR FLORES DE CASTRO";"95113874000161";"NERISON M PINTO & CIA LTDA";"COMPRA A/V - R$ - APRES";"12/02/2021";"300,00"
"26000";"Ministério da Educação";"26443";"Empresa Brasileira de Serviços Hospitalares";"155125";"HOSPITAL UNIVERSITARIO DE SANTA MARIA";"2021";"03";"***.764.360-**";"RODRIGO SELIPRIN CEZAR";"00954885000168";"VIDRACARIA MIRAGEM LTDA";"COMPRA A/V - R$ - APRES";"12/02/2021";"200,00"
"26000";"Ministério da Educação";"26443";"Empresa Brasileira de Serviços Hospitalares";"155125";"HOSPITAL UNIVERSITARIO DE SANTA MARIA";"2021";"03";"***.764.360-**";"RODRIGO SELIPRIN CEZAR";"04716525000189";"APROQUIM - COMERCIO DE PRODUTOS QUIMICOS LTDA";"COMPRA A/V - R$ - APRES";"05/02/2021";"180,00"
"26000";"Ministério da Educação";"26443";"Empresa Brasileira de Serviços Hospitalares";"155125";"HOSPITAL UNIVERSITARIO DE SANTA MARIA";"2021";"03";"***.437.830-**";"WILMAR FLORES DE CASTRO";"04716525000189";"APROQUIM - COMERCIO DE PRODUTOS QUIMICOS LTDA";"COMPRA A/V - R$ - APRES";"19/02/2021";"432,00"
"26000";"Ministério da Educação";"26443";"Empresa Brasileira de Serviços Hospitalares";"155125";"HOSPITAL UNIVERSITARIO DE SANTA MARIA";"2021";"03";"***.437.830-**";"WILMAR FLORES DE CASTRO";"04716525000189";"APROQUIM - COMERCIO DE PRODUTOS QUIMICOS LTDA";"COMPRA A/V - R$ - APRES";"12/02/2021";"162,00"
"26000";"Ministério da Educação";"26443";"Empresa Brasileira de Serviços Hospitalares";"155125";"HOSPITAL UNIVERSITARIO DE SANTA MARIA";"2021";"03";"***.764.360-**";"RODRIGO SELIPRIN CEZAR";"04119423000186";"RUBEN DE O. ANDRADE";"COMPRA A/V - R$ - APRES";"12/02/2021";"160,00"
"26000";"Ministério da Educação";"26443";"Empresa Brasileira de Serviços Hospitalares";"155125";"HOSPITAL UNIVERSITARIO DE SANTA MARIA";"2021";"03";"***.764.360-**";"RODRIGO SELIPRIN CEZAR";"06082365000199";"REFRIGERACAO LUZ LTDA";"COMPRA A/V - R$ - APRES";"23/02/2021";"763,90"
"26000";"Ministério da Educação";"26443";"Empresa Brasileira de Serviços Hospitalares";"155125";"HOSPITAL UNIVERSITARIO DE SANTA MARIA";"2021";"03";"***.764.360-**";"RODRIGO SELIPRIN CEZAR";"00939913000178";"TORNEARIA HOPPE LTDA";"COMPRA A/V - R$ - APRES";"19/02/2021";"470,00"
"26000";"Ministério da Educação";"26443";"Empresa Brasileira de Serviços Hospitalares";"155125";"HOSPITAL UNIVERSITARIO DE SANTA MARIA";"2021";"03";"***.437.830-**";"WILMAR FLORES DE CASTRO";"01503778002";"EZEQUIEL BILIBIO PARCIANELLO";"COMPRA A/V - R$ - APRES";"23/02/2021";"20,00"
"26000";"Ministério da Educação";"26443";"Empresa Brasileira de Serviços Hospitalares";"155125";"HOSPITAL UNIVERSITARIO DE SANTA MARIA";"2021";"03";"***.764.360-**";"RODRIGO SELIPRIN CEZAR";"10324034000195";"CASA DO EPISM DISTRIBUIDORA LTDA";"COMPRA A/V - R$ - APRES";"04/02/2021";"270,00"
"26000";"Ministério da Educação";"26443";"Empresa Brasileira de Serviços Hospitalares";"155125";"HOSPITAL UNIVERSITARIO DE SANTA MARIA";"2021";"03";"***.764.360-**";"RODRIGO SELIPRIN CEZAR";"22968726000155";"A8 MATERIAIS PARA CONSTRUCAO LTDA";"COMPRA A/V - R$ - APRES";"08/02/2021";"88,76"
"26000";"Ministério da Educação";"26443";"Empresa Brasileira de Serviços Hospitalares";"155125";"HOSPITAL UNIVERSITARIO DE SANTA MARIA";"2021";"03";"***.437.830-**";"WILMAR FLORES DE CASTRO";"06109206000130";"STANGHERLIN COMERCIO DE EPI'S, EPC'S E FERRAMENTAS LTDA";"COMPRA A/V - R$ - APRES";"12/02/2021";"250,00"
"26000";"Ministério da Educação";"26443";"Empresa Brasileira de Serviços Hospitalares";"155125";"HOSPITAL UNIVERSITARIO DE SANTA MARIA";"2021";"03";"***.437.830-**";"WILMAR FLORES DE CASTRO";"07851743000114";"JANAINA IVERONICA DE OLIVEIRA";"COMPRA A/V - R$ - APRES";"12/02/2021";"400,00"
"26000";"Ministério da Educação";"26443";"Empresa Brasileira de Serviços Hospitalares";"155125";"HOSPITAL UNIVERSITARIO DE SANTA MARIA";"2021";"03";"***.764.360-**";"RODRIGO SELIPRIN CEZAR";"06090132000138";"ROTULA PAPELARIA LTDA";"COMPRA A/V - R$ - APRES";"05/02/2021";"154,20"
"26000";"Ministério da Educação";"26443";"Empresa Brasileira de Serviços Hospitalares";"155125";"HOSPITAL UNIVERSITARIO DE SANTA MARIA";"2021";"03";"***.437.830-**";"WILMAR FLORES DE CASTRO";"06090132000138";"ROTULA PAPELARIA LTDA";"COMPRA A/V - R$ - APRES";"23/02/2021";"585,00"
"26000";"Ministério da Educação";"26443";"Empresa Brasileira de Serviços Hospitalares";"155125";"HOSPITAL UNIVERSITARIO DE SANTA MARIA";"2021";"03";"***.437.830-**";"WILMAR FLORES DE CASTRO";"06090132000138";"ROTULA PAPELARIA LTDA";"COMPRA A/V - R$ - APRES";"23/02/2021";"308,40"
"26000";"Ministério da Educação";"26443";"Empresa Brasileira de Serviços Hospitalares";"155125";"HOSPITAL UNIVERSITARIO DE SANTA MARIA";"2021";"03";"***.764.360-**";"RODRIGO SELIPRIN CEZAR";"07502942000117";"ELETRO MECANICA E COMERCIO DE FERRAGENS SLNSBT LTDA";"COMPRA A/V - R$ - APRES";"08/02/2021";"372,30"
"26000";"Ministério da Educação";"26443";"Empresa Brasileira de Serviços Hospitalares";"155125";"HOSPITAL UNIVERSITARIO DE SANTA MARIA";"2021";"03";"***.437.830-**";"WILMAR FLORES DE CASTRO";"93185098000180";"COMERCIAL CIRURGICA MEDIANEIRA LTDA";"COMPRA A/V - R$ - APRES";"19/02/2021";"20,00"
"26000";"Ministério da Educação";"26443";"Empresa Brasileira de Serviços Hospitalares";"155125";"HOSPITAL UNIVERSITARIO DE SANTA MARIA";"2021";"03";"***.437.830-**";"WILMAR FLORES DE CASTRO";"93185098000180";"COMERCIAL CIRURGICA MEDIANEIRA LTDA";"COMPRA A/V - R$ - APRES";"12/02/2021";"180,60"
"26000";"Ministério da Educação";"26443";"Empresa Brasileira de Serviços Hospitalares";"155125";"HOSPITAL UNIVERSITARIO DE SANTA MARIA";"2021";"03";"***.437.830-**";"WILMAR FLORES DE CASTRO";"93185098000180";"COMERCIAL CIRURGICA MEDIANEIRA LTDA";"COMPRA A/V - R$ - APRES";"12/02/2021";"150,96"
"26000";"Ministério da Educação";"26443";"Empresa Brasileira de Serviços Hospitalares";"155023";"HOSPITAL UNIVERSITARIO LAURO WANDERLEY";"2021";"03";"***.955.174-**";"ADRIANO AUGUSTO DA SILVA";"12681144000130";"PROJECTA MATERIAL DE CONSTRUCAO LTDA";"COMPRA A/V - R$ - APRES";"02/02/2021";"1220,62"
"26000";"Ministério da Educação";"26443";"Empresa Brasileira de Serviços Hospitalares";"155023";"HOSPITAL UNIVERSITARIO LAURO WANDERLEY";"2021";"03";"***.955.174-**";"ADRIANO AUGUSTO DA SILVA";"00958548002001";"DROGARIA DROGAVISTA LTDA";"COMPRA A/V - R$ - APRES";"12/02/2021";"89,90"
"26000";"Ministério da Educação";"26443";"Empresa Brasileira de Serviços Hospitalares";"155023";"HOSPITAL UNIVERSITARIO LAURO WANDERLEY";"2021";"03";"***.955.174-**";"ADRIANO AUGUSTO DA SILVA";"13428556000125";"SERVMEDJP COMERCIO E ALUGUEL DE EQUIPAMENTOS E MATERIAIS MEDICO HOSPITALARES LTDA";"COMPRA A/V - R$ - APRES";"22/02/2021";"590,00"
"26000";"Ministério da Educação";"26443";"Empresa Brasileira de Serviços Hospitalares";"155023";"HOSPITAL UNIVERSITARIO LAURO WANDERLEY";"2021";"03";"***.955.174-**";"ADRIANO AUGUSTO DA SILVA";"13428556000125";"SERVMEDJP COMERCIO E ALUGUEL DE EQUIPAMENTOS E MATERIAIS MEDICO HOSPITALARES LTDA";"COMPRA A/V - R$ - APRES";"11/02/2021";"1470,00"
"26000";"Ministério da Educação";"26443";"Empresa Brasileira de Serviços Hospitalares";"155023";"HOSPITAL UNIVERSITARIO LAURO WANDERLEY";"2021";"03";"***.955.174-**";"ADRIANO AUGUSTO DA SILVA";"04099366000110";"W FELIPE DA SILVA";"COMPRA A/V - R$ - APRES";"23/02/2021";"1056,00"
"26000";"Ministério da Educação";"26443";"Empresa Brasileira de Serviços Hospitalares";"155023";"HOSPITAL UNIVERSITARIO LAURO WANDERLEY";"2021";"03";"***.955.174-**";"ADRIANO AUGUSTO DA SILVA";"04099366000110";"W FELIPE DA SILVA";"COMPRA A/V - R$ - APRES";"23/02/2021";"750,00"
"26000";"Ministério da Educação";"26443";"Empresa Brasileira de Serviços Hospitalares";"155023";"HOSPITAL UNIVERSITARIO LAURO WANDERLEY";"2021";"03";"***.955.174-**";"ADRIANO AUGUSTO DA SILVA";"21473708000130";"PB ACO COMERCIAL DE FERRO E ACO LTDA";"COMPRA A/V - R$ - APRES";"09/02/2021";"153,73"
"26000";"Ministério da Educação";"26443";"Empresa Brasileira de Serviços Hospitalares";"155023";"HOSPITAL UNIVERSITARIO LAURO WANDERLEY";"2021";"03";"***.955.174-**";"ADRIANO AUGUSTO DA SILVA";"06626253012672";"EMPREENDIMENTOS PAGUE MENOS S/A";"COMPRA A/V - R$ - APRES";"05/02/2021";"46,90"
"26000";"Ministério da Educação";"26443";"Empresa Brasileira de Serviços Hospitalares";"155023";"HOSPITAL UNIVERSITARIO LAURO WANDERLEY";"2021";"03";"***.955.174-**";"ADRIANO AUGUSTO DA SILVA";"04211357000170";"VTO COMERCIO FARMACEUTICO LTDA";"COMPRA A/V - R$ - APRES";"05/02/2021";"33,25"
"26000";"Ministério da Educação";"26443";"Empresa Brasileira de Serviços Hospitalares";"155023";"HOSPITAL UNIVERSITARIO LAURO WANDERLEY";"2021";"03";"***.955.174-**";"ADRIANO AUGUSTO DA SILVA";"41201138000136";"COSTA SERVICOS ADMINISTRATIVOS LTDA";"COMPRA A/V - R$ - APRES";"09/02/2021";"28,00"
"26000";"Ministério da Educação";"26443";"Empresa Brasileira de Serviços Hospitalares";"155023";"HOSPITAL UNIVERSITARIO LAURO WANDERLEY";"2021";"03";"***.955.174-**";"ADRIANO AUGUSTO DA SILVA";"11278315000111";"PROMED MATERIAIS CIRURGICOS LTDA";"COMPRA A/V - R$ - APRES";"10/02/2021";"600,00"
"26000";"Ministério da Educação";"26443";"Empresa Brasileira de Serviços Hospitalares";"155023";"HOSPITAL UNIVERSITARIO LAURO WANDERLEY";"2021";"03";"***.955.174-**";"ADRIANO AUGUSTO DA SILVA";"06054314000153";"CAROLINA LUCENA SOARES DE MELO LTDA";"COMPRA A/V - R$ - APRES";"12/02/2021";"1746,14"
"26000";"Ministério da Educação";"26443";"Empresa Brasileira de Serviços Hospitalares";"155023";"HOSPITAL UNIVERSITARIO LAURO WANDERLEY";"2021";"03";"***.955.174-**";"ADRIANO AUGUSTO DA SILVA";"08401713000179";"GENIEZER PEREIRA & CIA LTDA";"COMPRA A/V - R$ - APRES";"09/02/2021";"63,36"
"26000";"Ministério da Educação";"26443";"Empresa Brasileira de Serviços Hospitalares";"155013";"HOSPITAL UNIVERSITARIO ONOFRE LOPES";"2021";"03";"***.382.134-**";"DAVIDSON ROGERIO DE MEDEIROS FLORENTINO";"27708511000119";"F A CAVALCANTE MELO EMBALAGENS";"COMPRA A/V - R$ - APRES";"17/02/2021";"1560,00"
"26000";"Ministério da Educação";"26443";"Empresa Brasileira de Serviços Hospitalares";"155013";"HOSPITAL UNIVERSITARIO ONOFRE LOPES";"2021";"03";"***.382.134-**";"DAVIDSON ROGERIO DE MEDEIROS FLORENTINO";"08713513000151";"CASA NORTE LTDA";"COMPRA A/V - R$ - APRES";"17/02/2021";"1592,40"
"26000";"Ministério da Educação";"26443";"Empresa Brasileira de Serviços Hospitalares";"155015";"MATERNIDADE ESCOLA JANUARIO CICCO";"2021";"03";"***.528.274-**";"JOSE EDIVAN DA SILVA ABREU";"10220219000150";"LEONARDO GONZAGA DO NASCIMENTO";"COMPRA A/V - R$ - APRES";"09/02/2021";"560,00"
"26000";"Ministério da Educação";"26443";"Empresa Brasileira de Serviços Hospitalares";"155015";"MATERNIDADE ESCOLA JANUARIO CICCO";"2021";"03";"***.528.274-**";"JOSE EDIVAN DA SILVA ABREU";"08403578000877";"COMERCIAL JOSE LUCENA LTDA";"COMPRA A/V - R$ - APRES";"04/02/2021";"76,40"
"26000";"Ministério da Educação";"26443";"Empresa Brasileira de Serviços Hospitalares";"155015";"MATERNIDADE ESCOLA JANUARIO CICCO";"2021";"03";"***.528.274-**";"JOSE EDIVAN DA SILVA ABREU";"08412520000202";"NATAL SERVICE LTDA";"COMPRA A/V - R$ - APRES";"22/02/2021";"45,00"
"26000";"Ministério da Educação";"26443";"Empresa Brasileira de Serviços Hospitalares";"155015";"MATERNIDADE ESCOLA JANUARIO CICCO";"2021";"03";"***.528.274-**";"JOSE EDIVAN DA SILVA ABREU";"09392341000205";"LAMPADINHA MATERIAIS ELETRICOS LTDA";"COMPRA A/V - R$ - APRES";"22/02/2021";"52,50"
"26000";"Ministério da Educação";"26443";"Empresa Brasileira de Serviços Hospitalares";"155015";"MATERNIDADE ESCOLA JANUARIO CICCO";"2021";"03";"***.528.274-**";"JOSE EDIVAN DA SILVA ABREU";"09392341000205";"LAMPADINHA MATERIAIS ELETRICOS LTDA";"COMPRA A/V - R$ - APRES";"12/02/2021";"455,80"
"26000";"Ministério da Educação";"26443";"Empresa Brasileira de Serviços Hospitalares";"155015";"MATERNIDADE ESCOLA JANUARIO CICCO";"2021";"03";"***.528.274-**";"JOSE EDIVAN DA SILVA ABREU";"09392341000205";"LAMPADINHA MATERIAIS ELETRICOS LTDA";"COMPRA A/V - R$ - APRES";"04/02/2021";"95,40"
"26000";"Ministério da Educação";"26443";"Empresa Brasileira de Serviços Hospitalares";"155015";"MATERNIDADE ESCOLA JANUARIO CICCO";"2021";"03";"***.058.014-**";"WILSON CRUZ E SILVA FILHO";"09392341000205";"LAMPADINHA MATERIAIS ELETRICOS LTDA";"COMPRA A/V - R$ - APRES";"01/02/2021";"127,00"
"26000";"Ministério da Educação";"26443";"Empresa Brasileira de Serviços Hospitalares";"155015";"MATERNIDADE ESCOLA JANUARIO CICCO";"2021";"03";"***.528.274-**";"JOSE EDIVAN DA SILVA ABREU";"05211577000166";"JAMAD MADEIRAS E FERRAGENS LTDA";"COMPRA A/V - R$ - APRES";"19/02/2021";"80,00"
"26000";"Ministério da Educação";"26443";"Empresa Brasileira de Serviços Hospitalares";"155015";"MATERNIDADE ESCOLA JANUARIO CICCO";"2021";"03";"***.528.274-**";"JOSE EDIVAN DA SILVA ABREU";"33937817000140";"NATAL LIMP DISTRIBUIDORA DE PRODUTOS DE LIMPEZA LTDA";"COMPRA A/V - R$ - APRES";"10/02/2021";"775,20"
"26000";"Ministério da Educação";"26443";"Empresa Brasileira de Serviços Hospitalares";"155015";"MATERNIDADE ESCOLA JANUARIO CICCO";"2021";"03";"***.528.274-**";"JOSE EDIVAN DA SILVA ABREU";"04583435000167";"CONSTRUSHOP COMERCIO E SERVICOS LTDA";"COMPRA A/V - R$ - APRES";"12/02/2021";"640,00"
"26000";"Ministério da Educação";"26443";"Empresa Brasileira de Serviços Hospitalares";"155015";"MATERNIDADE ESCOLA JANUARIO CICCO";"2021";"03";"***.058.014-**";"WILSON CRUZ E SILVA FILHO";"01274126000117";"D OXXI NORDESTE LTDA";"COMPRA A/V - R$ - APRES";"12/02/2021";"109,04"
"26000";"Ministério da Educação";"26443";"Empresa Brasileira de Serviços Hospitalares";"155015";"MATERNIDADE ESCOLA JANUARIO CICCO";"2021";"03";"***.058.014-**";"WILSON CRUZ E SILVA FILHO";"40774796000154";"HEMOLAB LABORATORIO DE HEMATOLOGIA E ANALISES CLINICAS LTDA";"COMPRA A/V - R$ - APRES";"08/02/2021";"285,00"
"26000";"Ministério da Educação";"26443";"Empresa Brasileira de Serviços Hospitalares";"155015";"MATERNIDADE ESCOLA JANUARIO CICCO";"2021";"03";"***.528.274-**";"JOSE EDIVAN DA SILVA ABREU";"02261874000128";"CLIMATIC REFRIGERACAO LTDA";"COMPRA A/V - R$ - APRES";"12/02/2021";"225,60"
"26000";"Ministério da Educação";"26443";"Empresa Brasileira de Serviços Hospitalares";"155015";"MATERNIDADE ESCOLA JANUARIO CICCO";"2021";"03";"***.528.274-**";"JOSE EDIVAN DA SILVA ABREU";"02261874000128";"CLIMATIC REFRIGERACAO LTDA";"COMPRA A/V - R$ - APRES";"12/02/2021";"55,44"
"26000";"Ministério da Educação";"26271";"Fundação Universidade de Brasília";"154040";"FUNDACAO UNIVERSIDADE DE BRASILIA - UNB";"2021";"03";"***.743.041-**";"RAQUEL BRAZ ASSUNCAO BOTELHO";"03696869000100";"BIG TRANS COMERCIAL DE ALIMENTOS LTDA";"COMPRA A/V - R$ - APRES";"22/02/2021";"420,71"
"26000";"Ministério da Educação";"26271";"Fundação Universidade de Brasília";"154040";"FUNDACAO UNIVERSIDADE DE BRASILIA - UNB";"2021";"03";"***.743.041-**";"RAQUEL BRAZ ASSUNCAO BOTELHO";"03696869000100";"BIG TRANS COMERCIAL DE ALIMENTOS LTDA";"COMPRA A/V - R$ - APRES";"18/02/2021";"571,86"
"26000";"Ministério da Educação";"26271";"Fundação Universidade de Brasília";"154040";"FUNDACAO UNIVERSIDADE DE BRASILIA - UNB";"2021";"03";"***.997.366-**";"ADRIANO PEREIRA BOTELHO";"26487744000338";"GRAVIA INDUSTRIA DE PERFILADOS DE ACO LTDA";"COMPRA A/V - R$ - APRES";"12/02/2021";"546,04"
"26000";"Ministério da Educação";"26271";"Fundação Universidade de Brasília";"154040";"FUNDACAO UNIVERSIDADE DE BRASILIA - UNB";"2021";"03";"***.997.366-**";"ADRIANO PEREIRA BOTELHO";"06969031000131";"BATERAL DISTRIBUIDORA DE BATERIAS LTDA";"COMPRA A/V - R$ - APRES";"12/02/2021";"1690,00"
"26000";"Ministério da Educação";"26278";"Fundação Universidade Federal de Pelotas";"154047";"FUNDACAO UNIVERSIDADE FEDERAL DE PELOTAS";"2021";"03";"***.856.910-**";"GILBERTO LOGUERCIO COLLARES";"01126123005";"GERSON CUNHA DA COSTA JUNIOR";"COMPRA A/V - R$ - APRES";"15/02/2021";"295,00"
"26000";"Ministério da Educação";"26278";"Fundação Universidade Federal de Pelotas";"154047";"FUNDACAO UNIVERSIDADE FEDERAL DE PELOTAS";"2021";"03";"***.856.910-**";"GILBERTO LOGUERCIO COLLARES";"87378428000150";"IRMAOS JOUGLARD LTDA";"COMPRA A/V - R$ - APRES";"10/02/2021";"22,90"
"26000";"Ministério da Educação";"26278";"Fundação Universidade Federal de Pelotas";"154047";"FUNDACAO UNIVERSIDADE FEDERAL DE PELOTAS";"2021";"03";"***.856.910-**";"GILBERTO LOGUERCIO COLLARES";"05109019000194";"MORTAGUA COMERCIO DE UTILIDADES DOMESTICAS LTDA";"COMPRA A/V - R$ - APRES";"19/02/2021";"99,00"
"26000";"Ministério da Educação";"26278";"Fundação Universidade Federal de Pelotas";"154047";"FUNDACAO UNIVERSIDADE FEDERAL DE PELOTAS";"2021";"03";"***.856.910-**";"GILBERTO LOGUERCIO COLLARES";"94915394000151";"LOPES E MADRUGA LTDA";"COMPRA A/V - R$ - APRES";"10/02/2021";"507,38"
"26000";"Ministério da Educação";"26278";"Fundação Universidade Federal de Pelotas";"154047";"FUNDACAO UNIVERSIDADE FEDERAL DE PELOTAS";"2021";"03";"***.856.910-**";"GILBERTO LOGUERCIO COLLARES";"05541414000141";"ELETRONICA DO PROFESSOR COMERCIO DE PECAS E EQUIPAMENTOS ELETRONICOS LTDA";"COMPRA A/V - R$ - APRES";"19/02/2021";"22,40"
"26000";"Ministério da Educação";"26278";"Fundação Universidade Federal de Pelotas";"154047";"FUNDACAO UNIVERSIDADE FEDERAL DE PELOTAS";"2021";"03";"***.856.910-**";"GILBERTO LOGUERCIO COLLARES";"61585865199306";"RAIA DROGASIL S/A";"COMPRA A/V - R$ - APRES";"19/02/2021";"29,85"
"26000";"Ministério da Educação";"26278";"Fundação Universidade Federal de Pelotas";"154047";"FUNDACAO UNIVERSIDADE FEDERAL DE PELOTAS";"2021";"03";"***.856.910-**";"GILBERTO LOGUERCIO COLLARES";"03888693000199";"MARTINS & HILLAL COMERCIO DE TINTAS LTDA";"COMPRA A/V - R$ - APRES";"22/02/2021";"84,06"
"26000";"Ministério da Educação";"26268";"Fundação Universidade Federal de Rondônia";"154082";"PRO-REITORIA DE ADMINISTRACAO";"2021";"03";"***.422.242-**";"JULIANA BARROSO DA SILVA";"21120482000193";"CERTIRON LTDA";"COMPRA A/V - R$ - APRES";"18/02/2021";"1400,00"
"26000";"Ministério da Educação";"26281";"Fundação Universidade Federal de Sergipe";"154050";"FUNDACAO UNIVERSIDADE FEDERAL DE SERGIPE";"2021";"03";"***.234.019-**";"RENATA GRESPAN";"13161435000160";"AGROVEL AGRICULTURA E VETERINARIA LTDA";"COMPRA A/V - R$ - APRES";"19/02/2021";"800,00"
"26000";"Ministério da Educação";"26281";"Fundação Universidade Federal de Sergipe";"154050";"FUNDACAO UNIVERSIDADE FEDERAL DE SERGIPE";"2021";"03";"***.234.019-**";"RENATA GRESPAN";"13161435000160";"AGROVEL AGRICULTURA E VETERINARIA LTDA";"COMPRA A/V - R$ - APRES";"12/02/2021";"800,00"
"26000";"Ministério da Educação";"26285";"Fundação Universidade Federal de São João Del-Rei";"154069";"FUNDACAO UNIVERSIDADE FEDERAL DE S.J.DEL-REI";"2021";"03";"***.098.836-**";"FABIO CHAVES";"18556357000116";"SERRARIA AGOSTINI LTDA";"COMPRA A/V - R$ - APRES";"12/02/2021";"457,20"
"26000";"Ministério da Educação";"26285";"Fundação Universidade Federal de São João Del-Rei";"154069";"FUNDACAO UNIVERSIDADE FEDERAL DE S.J.DEL-REI";"2021";"03";"***.098.836-**";"FABIO CHAVES";"21513577000177";"ELETRO BRAGA LTDA";"COMPRA A/V - R$ - APRES";"12/02/2021";"787,95"
"26000";"Ministério da Educação";"26285";"Fundação Universidade Federal de São João Del-Rei";"154069";"FUNDACAO UNIVERSIDADE FEDERAL DE S.J.DEL-REI";"2021";"03";"***.750.716-**";"VANESSA CASSIA SILVA FONSECA";"65100026000238";"J K MATERIAIS DE CONSTRUCOES LTDA";"COMPRA A/V - R$ - APRES";"23/02/2021";"243,88"
"26000";"Ministério da Educação";"26285";"Fundação Universidade Federal de São João Del-Rei";"154069";"FUNDACAO UNIVERSIDADE FEDERAL DE S.J.DEL-REI";"2021";"03";"***.750.716-**";"VANESSA CASSIA SILVA FONSECA";"65100026000238";"J K MATERIAIS DE CONSTRUCOES LTDA";"COMPRA A/V - R$ - APRES";"01/02/2021";"359,72"
"26000";"Ministério da Educação";"26285";"Fundação Universidade Federal de São João Del-Rei";"154069";"FUNDACAO UNIVERSIDADE FEDERAL DE S.J.DEL-REI";"2021";"03";"***.098.836-**";"FABIO CHAVES";"10256165000182";"SANTOZA EMPREENDIMENTOS LTDA";"COMPRA A/V - R$ - APRES";"05/02/2021";"417,00"
"26000";"Ministério da Educação";"26285";"Fundação Universidade Federal de São João Del-Rei";"154069";"FUNDACAO UNIVERSIDADE FEDERAL DE S.J.DEL-REI";"2021";"03";"***.750.716-**";"VANESSA CASSIA SILVA FONSECA";"10648892000195";"NEUSA FERNANDES DE OLIVEIRA";"COMPRA A/V - R$ - APRES";"03/02/2021";"250,00"
"26000";"Ministério da Educação";"26285";"Fundação Universidade Federal de São João Del-Rei";"154069";"FUNDACAO UNIVERSIDADE FEDERAL DE S.J.DEL-REI";"2021";"03";"***.750.716-**";"VANESSA CASSIA SILVA FONSECA";"24989477000533";"COOPERATIVA REG DE PRODUTORES RURAIS DE S LAGOAS LTDA";"COMPRA A/V - R$ - APRES";"19/02/2021";"70,00"
"26000";"Ministério da Educação";"26285";"Fundação Universidade Federal de São João Del-Rei";"154069";"FUNDACAO UNIVERSIDADE FEDERAL DE S.J.DEL-REI";"2021";"03";"***.098.836-**";"FABIO CHAVES";"08074463000100";"NEWKIDS EQUIPAMENTOS DE INFORMATICA LTDA";"COMPRA A/V - R$ - APRES";"05/02/2021";"98,00"
"26000";"Ministério da Educação";"26285";"Fundação Universidade Federal de São João Del-Rei";"154069";"FUNDACAO UNIVERSIDADE FEDERAL DE S.J.DEL-REI";"2021";"03";"***.750.716-**";"VANESSA CASSIA SILVA FONSECA";"37256170000141";"CASA DOS PARAFUSOS RAPOSO LTDA";"COMPRA A/V - R$ - APRES";"08/02/2021";"17,00"
"26000";"Ministério da Educação";"26285";"Fundação Universidade Federal de São João Del-Rei";"154069";"FUNDACAO UNIVERSIDADE FEDERAL DE S.J.DEL-REI";"2021";"03";"***.098.836-**";"FABIO CHAVES";"17444118000101";"OFICINA SBAMPATO LTDA";"COMPRA A/V - R$ - APRES";"05/02/2021";"475,19"
"26000";"Ministério da Educação";"26285";"Fundação Universidade Federal de São João Del-Rei";"154069";"FUNDACAO UNIVERSIDADE FEDERAL DE S.J.DEL-REI";"2021";"03";"***.876.416-**";"EDUARDO SERGIO DA SILVA";"-2";"NAO SE APLICA";"SAQUE CASH/ATM BB";"02/02/2021";"380,00"
"26000";"Ministério da Educação";"26285";"Fundação Universidade Federal de São João Del-Rei";"154069";"FUNDACAO UNIVERSIDADE FEDERAL DE S.J.DEL-REI";"2021";"03";"***.876.416-**";"EDUARDO SERGIO DA SILVA";"-2";"NAO SE APLICA";"SAQUE CASH/ATM BB";"01/02/2021";"1000,00"
"26000";"Ministério da Educação";"26285";"Fundação Universidade Federal de São João Del-Rei";"154069";"FUNDACAO UNIVERSIDADE FEDERAL DE S.J.DEL-REI";"2021";"03";"***.750.716-**";"VANESSA CASSIA SILVA FONSECA";"-2";"NAO SE APLICA";"SAQUE CASH/ATM BB";"08/02/2021";"200,00"
"26000";"Ministério da Educação";"26285";"Fundação Universidade Federal de São João Del-Rei";"154069";"FUNDACAO UNIVERSIDADE FEDERAL DE S.J.DEL-REI";"2021";"03";"***.876.416-**";"EDUARDO SERGIO DA SILVA";"23994023000164";"CLEBER GONCALVES ROCHA LTDA";"COMPRA A/V - R$ - APRES";"18/02/2021";"280,00"
"26000";"Ministério da Educação";"26294";"Hospital de Clínicas de Porto Alegre";"155001";"HOSPITAL DE CLINICAS DE PORTO ALEGRE";"2021";"03";"***.115.480-**";"FELIPE DALBOSCO SILVEIRA";"87158143000104";"DUMONT COMERCIO DE EQUIPAMENTOS ELETRICOS LTDA";"COMPRA A/V - R$ - APRES";"10/02/2021";"179,00"
"26000";"Ministério da Educação";"26294";"Hospital de Clínicas de Porto Alegre";"155001";"HOSPITAL DE CLINICAS DE PORTO ALEGRE";"2021";"03";"***.474.720-**";"SERGIO MACHADO SOARES";"00720496000763";"FARMACIA SM LTDA";"COMPRA A/V - R$ - APRES";"19/02/2021";"480,24"
"26000";"Ministério da Educação";"26294";"Hospital de Clínicas de Porto Alegre";"155001";"HOSPITAL DE CLINICAS DE PORTO ALEGRE";"2021";"03";"***.520.330-**";"JOAO ALVES RIBEIRO FILHO";"92664028000141";"FERRAMENTAS GERAIS COMERCIO E IMPORTACAO DE FERRAMENTAS E MAQUINAS LTDA";"COMPRA A/V - R$ - APRES";"22/02/2021";"332,91"
"26000";"Ministério da Educação";"26294";"Hospital de Clínicas de Porto Alegre";"155001";"HOSPITAL DE CLINICAS DE PORTO ALEGRE";"2021";"03";"***.115.480-**";"FELIPE DALBOSCO SILVEIRA";"92664028000141";"FERRAMENTAS GERAIS COMERCIO E IMPORTACAO DE FERRAMENTAS E MAQUINAS LTDA";"COMPRA A/V - R$ - APRES";"11/02/2021";"337,47"
"26000";"Ministério da Educação";"26294";"Hospital de Clínicas de Porto Alegre";"155001";"HOSPITAL DE CLINICAS DE PORTO ALEGRE";"2021";"03";"***.474.720-**";"SERGIO MACHADO SOARES";"15425015000179";"ITUNING COMERCIO E IMPORTACAO LTDA";"COMPRA A/V - R$ - APRES";"04/02/2021";"299,80"
"26000";"Ministério da Educação";"26294";"Hospital de Clínicas de Porto Alegre";"155001";"HOSPITAL DE CLINICAS DE PORTO ALEGRE";"2021";"03";"***.783.990-**";"BRENDA SOUSA FERREIRA";"02232716000220";"T & C METALURGICA LTDA";"COMPRA A/V - R$ - APRES";"10/02/2021";"173,00"
"26000";"Ministério da Educação";"26294";"Hospital de Clínicas de Porto Alegre";"155001";"HOSPITAL DE CLINICAS DE PORTO ALEGRE";"2021";"03";"***.474.720-**";"SERGIO MACHADO SOARES";"93015006000970";"COMPANHIA ZAFFARI COMERCIO E INDUSTRIA";"COMPRA A/V - R$ - APRES";"12/02/2021";"67,60"
"26000";"Ministério da Educação";"26294";"Hospital de Clínicas de Porto Alegre";"155001";"HOSPITAL DE CLINICAS DE PORTO ALEGRE";"2021";"03";"***.896.320-**";"ALESSANDRO CAMARGO DA SILVA";"00388019000157";"R. TREICHEL - COMERCIAL LTDA";"COMPRA A/V - R$ - APRES";"10/02/2021";"46,80"
"26000";"Ministério da Educação";"26294";"Hospital de Clínicas de Porto Alegre";"155001";"HOSPITAL DE CLINICAS DE PORTO ALEGRE";"2021";"03";"***.392.760-**";"ISABEL CRISTINA ROSSATO";"94568607000116";"LINNA FESTAS COMERCIO DE ARTESANATOS LTDA";"COMPRA A/V - R$ - APRES";"08/02/2021";"37,60"
"26000";"Ministério da Educação";"26294";"Hospital de Clínicas de Porto Alegre";"155001";"HOSPITAL DE CLINICAS DE PORTO ALEGRE";"2021";"03";"***.896.320-**";"ALESSANDRO CAMARGO DA SILVA";"92224062000103";"R J DIEHL COMERCIO DE MATERIAIS PARA MOVEIS LTDA";"COMPRA A/V - R$ - APRES";"04/02/2021";"381,60"
"26000";"Ministério da Educação";"26294";"Hospital de Clínicas de Porto Alegre";"155001";"HOSPITAL DE CLINICAS DE PORTO ALEGRE";"2021";"03";"***.084.830-**";"LUIZ HENRIQUE STEIN";"92224062000103";"R J DIEHL COMERCIO DE MATERIAIS PARA MOVEIS LTDA";"COMPRA A/V - R$ - APRES";"22/02/2021";"389,47"
"26000";"Ministério da Educação";"26294";"Hospital de Clínicas de Porto Alegre";"155001";"HOSPITAL DE CLINICAS DE PORTO ALEGRE";"2021";"03";"***.084.830-**";"LUIZ HENRIQUE STEIN";"92224062000103";"R J DIEHL COMERCIO DE MATERIAIS PARA MOVEIS LTDA";"COMPRA A/V - R$ - APRES";"19/02/2021";"392,60"
"26000";"Ministério da Educação";"26294";"Hospital de Clínicas de Porto Alegre";"155001";"HOSPITAL DE CLINICAS DE PORTO ALEGRE";"2021";"03";"***.896.320-**";"ALESSANDRO CAMARGO DA SILVA";"92739382000198";"COMERCIAL ELETRICA SAO PEDRO LTDA";"COMPRA A/V - R$ - APRES";"19/02/2021";"366,99"
"26000";"Ministério da Educação";"26294";"Hospital de Clínicas de Porto Alegre";"155001";"HOSPITAL DE CLINICAS DE PORTO ALEGRE";"2021";"03";"***.896.320-**";"ALESSANDRO CAMARGO DA SILVA";"72313828000100";"PLENOBRAS DISTRIBUIDORA ELETRICA E HIDRAULICA LTDA";"COMPRA A/V - R$ - APRES";"19/02/2021";"259,90"
"26000";"Ministério da Educação";"26294";"Hospital de Clínicas de Porto Alegre";"155001";"HOSPITAL DE CLINICAS DE PORTO ALEGRE";"2021";"03";"***.783.990-**";"BRENDA SOUSA FERREIRA";"91526467000125";"CENTRAL DE PARAFUSOS SA";"COMPRA A/V - R$ - APRES";"10/02/2021";"391,00"
"26000";"Ministério da Educação";"26294";"Hospital de Clínicas de Porto Alegre";"155001";"HOSPITAL DE CLINICAS DE PORTO ALEGRE";"2021";"03";"***.084.830-**";"LUIZ HENRIQUE STEIN";"36058665000101";"PUXAFER COMERCIO DE MATERIAIS PARA MOVEIS LTDA";"COMPRA A/V - R$ - APRES";"19/02/2021";"370,60"
"26000";"Ministério da Educação";"26294";"Hospital de Clínicas de Porto Alegre";"155001";"HOSPITAL DE CLINICAS DE PORTO ALEGRE";"2021";"03";"***.520.330-**";"JOAO ALVES RIBEIRO FILHO";"10280765000267";"TUMELERO MATERIAIS DE CONSTRUCAO LTDA";"COMPRA A/V - R$ - APRES";"09/02/2021";"395,70"
"26000";"Ministério da Educação";"26294";"Hospital de Clínicas de Porto Alegre";"155001";"HOSPITAL DE CLINICAS DE PORTO ALEGRE";"2021";"03";"***.896.320-**";"ALESSANDRO CAMARGO DA SILVA";"92706357000108";"FERRAGEM BENFER COMERCIO LTDA";"COMPRA A/V - R$ - APRES";"11/02/2021";"361,80"
"26000";"Ministério da Educação";"26294";"Hospital de Clínicas de Porto Alegre";"155001";"HOSPITAL DE CLINICAS DE PORTO ALEGRE";"2021";"03";"***.520.330-**";"JOAO ALVES RIBEIRO FILHO";"92706357000108";"FERRAGEM BENFER COMERCIO LTDA";"COMPRA A/V - R$ - APRES";"11/02/2021";"390,65"
"26000";"Ministério da Educação";"26294";"Hospital de Clínicas de Porto Alegre";"155001";"HOSPITAL DE CLINICAS DE PORTO ALEGRE";"2021";"03";"***.520.330-**";"JOAO ALVES RIBEIRO FILHO";"92706357000108";"FERRAGEM BENFER COMERCIO LTDA";"COMPRA A/V - R$ - APRES";"09/02/2021";"390,65"
"26000";"Ministério da Educação";"26294";"Hospital de Clínicas de Porto Alegre";"155001";"HOSPITAL DE CLINICAS DE PORTO ALEGRE";"2021";"03";"***.783.990-**";"BRENDA SOUSA FERREIRA";"89945133000144";"NESTOR BORTOLINI & CIA LTDA";"COMPRA A/V - R$ - APRES";"18/02/2021";"144,40"
"26000";"Ministério da Educação";"26294";"Hospital de Clínicas de Porto Alegre";"155001";"HOSPITAL DE CLINICAS DE PORTO ALEGRE";"2021";"03";"***.115.480-**";"FELIPE DALBOSCO SILVEIRA";"02613098000188";"FERRAGEM MARANGONI LTDA";"COMPRA A/V - R$ - APRES";"10/02/2021";"397,70"
"26000";"Ministério da Educação";"26294";"Hospital de Clínicas de Porto Alegre";"155001";"HOSPITAL DE CLINICAS DE PORTO ALEGRE";"2021";"03";"***.896.320-**";"ALESSANDRO CAMARGO DA SILVA";"94967759000191";"MULTI COMERCIO DE MATERIAL DE CONSTRUCAO LTDA";"COMPRA A/V - R$ - APRES";"04/02/2021";"400,00"
"26000";"Ministério da Educação";"26294";"Hospital de Clínicas de Porto Alegre";"155001";"HOSPITAL DE CLINICAS DE PORTO ALEGRE";"2021";"03";"***.979.730-**";"AMARANTE MENEZES DE OLIVEIRA";"01670245000199";"IMPORTEC COMERCIO E SERVICOS DE INFORMATICA E ELETRONICA LTDA";"COMPRA A/V - R$ - APRES";"05/02/2021";"359,00"
"26000";"Ministério da Educação";"26294";"Hospital de Clínicas de Porto Alegre";"155001";"HOSPITAL DE CLINICAS DE PORTO ALEGRE";"2021";"03";"***.008.130-**";"MARCOS VINICIUS ZINN HUBNER";"92660406000119";"FRIGELAR COMERCIO E INDUSTRIA LTDA";"COMPRA A/V - R$ - APRES";"18/02/2021";"566,37"
"26000";"Ministério da Educação";"26294";"Hospital de Clínicas de Porto Alegre";"155001";"HOSPITAL DE CLINICAS DE PORTO ALEGRE";"2021";"03";"***.783.990-**";"BRENDA SOUSA FERREIRA";"01438784002060";"LEROY MERLIN COMPANHIA BRASILEIRA DE BRICOLAGEM";"COMPRA A/V - R$ - APRES";"12/02/2021";"533,90"
"26000";"Ministério da Educação";"26294";"Hospital de Clínicas de Porto Alegre";"155001";"HOSPITAL DE CLINICAS DE PORTO ALEGRE";"2021";"03";"***.474.720-**";"SERGIO MACHADO SOARES";"94804432000107";"ARTEMISIA FARMACIA DE MANIPULACAO LTDA";"COMPRA A/V - R$ - APRES";"12/02/2021";"58,00"
"26000";"Ministério da Educação";"26294";"Hospital de Clínicas de Porto Alegre";"155001";"HOSPITAL DE CLINICAS DE PORTO ALEGRE";"2021";"03";"***.084.830-**";"LUIZ HENRIQUE STEIN";"02519370000165";"TURMINA & WAGNER LTDA";"COMPRA A/V - R$ - APRES";"22/02/2021";"399,95"
"26000";"Ministério da Educação";"26294";"Hospital de Clínicas de Porto Alegre";"155001";"HOSPITAL DE CLINICAS DE PORTO ALEGRE";"2021";"03";"***.520.330-**";"JOAO ALVES RIBEIRO FILHO";"92321785000708";"AQUARELA TINTAS LTDA.";"COMPRA A/V - R$ - APRES";"22/02/2021";"394,00"
"26000";"Ministério da Educação";"26294";"Hospital de Clínicas de Porto Alegre";"155001";"HOSPITAL DE CLINICAS DE PORTO ALEGRE";"2021";"03";"***.115.480-**";"FELIPE DALBOSCO SILVEIRA";"02325233000190";"G D DE VARGAS MACHADO & CIA LTDA";"COMPRA A/V - R$ - APRES";"10/02/2021";"197,00"
"26000";"Ministério da Educação";"26294";"Hospital de Clínicas de Porto Alegre";"155001";"HOSPITAL DE CLINICAS DE PORTO ALEGRE";"2021";"03";"***.491.170-**";"SIMONE NASCIMENTO SILVA";"13062172000131";"PINTO BANDEIRA AVIAMENTOS LTDA.";"COMPRA A/V - R$ - APRES";"10/02/2021";"133,80"
"26000";"Ministério da Educação";"26294";"Hospital de Clínicas de Porto Alegre";"155001";"HOSPITAL DE CLINICAS DE PORTO ALEGRE";"2021";"03";"***.392.760-**";"ISABEL CRISTINA ROSSATO";"73769051000156";"MUSCLE SHOP COMERCIO DE MATERIAL ESPORTIVO E MATERIAL DE ORTOPEDIA LTDA";"COMPRA A/V - R$ - APRES";"08/02/2021";"169,00"
"26000";"Ministério da Educação";"26294";"Hospital de Clínicas de Porto Alegre";"155001";"HOSPITAL DE CLINICAS DE PORTO ALEGRE";"2021";"03";"***.896.320-**";"ALESSANDRO CAMARGO DA SILVA";"10942681000160";"GAUCHA COMERCIO DE FECHADURAS LTDA.";"COMPRA A/V - R$ - APRES";"04/02/2021";"386,40"
"26000";"Ministério da Educação";"26294";"Hospital de Clínicas de Porto Alegre";"155001";"HOSPITAL DE CLINICAS DE PORTO ALEGRE";"2021";"03";"***.115.480-**";"FELIPE DALBOSCO SILVEIRA";"10573521000191";"MERCADO PAGO INSTITUICAO DE PAGAMENTO LTDA";"COMPRA A/V - R$ - APRES";"18/02/2021";"268,89"
"26000";"Ministério da Educação";"26294";"Hospital de Clínicas de Porto Alegre";"155001";"HOSPITAL DE CLINICAS DE PORTO ALEGRE";"2021";"03";"***.896.320-**";"ALESSANDRO CAMARGO DA SILVA";"00212675000102";"ABT COMERCIAL ELETRICA LTDA";"COMPRA A/V - R$ - APRES";"12/02/2021";"282,63"
"26000";"Ministério da Educação";"26294";"Hospital de Clínicas de Porto Alegre";"155001";"HOSPITAL DE CLINICAS DE PORTO ALEGRE";"2021";"03";"***.896.320-**";"ALESSANDRO CAMARGO DA SILVA";"00212675000102";"ABT COMERCIAL ELETRICA LTDA";"COMPRA A/V - R$ - APRES";"10/02/2021";"398,70"
"26000";"Ministério da Educação";"26294";"Hospital de Clínicas de Porto Alegre";"155001";"HOSPITAL DE CLINICAS DE PORTO ALEGRE";"2021";"03";"***.008.130-**";"MARCOS VINICIUS ZINN HUBNER";"89546196000128";"MANOTECNICA-MANUT DE INSTRUMENTOS DE PRECISAO LTDA";"COMPRA A/V - R$ - APRES";"18/02/2021";"50,00"
"26000";"Ministério da Educação";"26294";"Hospital de Clínicas de Porto Alegre";"155001";"HOSPITAL DE CLINICAS DE PORTO ALEGRE";"2021";"03";"***.474.720-**";"SERGIO MACHADO SOARES";"92740687000110";"COMERCIAL PORCELANAS E TALHERES KNETIG LTDA";"COMPRA A/V - R$ - APRES";"19/02/2021";"234,00"
"26000";"Ministério da Educação";"26294";"Hospital de Clínicas de Porto Alegre";"155001";"HOSPITAL DE CLINICAS DE PORTO ALEGRE";"2021";"03";"***.783.990-**";"BRENDA SOUSA FERREIRA";"87106357000137";"MADELEI PRODUTOS PARA MOVEIS E DECORACAO LTDA";"COMPRA A/V - R$ - APRES";"18/02/2021";"213,00"
"26000";"Ministério da Educação";"26294";"Hospital de Clínicas de Porto Alegre";"155001";"HOSPITAL DE CLINICAS DE PORTO ALEGRE";"2021";"03";"***.520.330-**";"JOAO ALVES RIBEIRO FILHO";"02279038000170";"TINTAS BARUFFALDI LTDA";"COMPRA A/V - R$ - APRES";"22/02/2021";"347,00"
"26000";"Ministério da Educação";"26294";"Hospital de Clínicas de Porto Alegre";"155001";"HOSPITAL DE CLINICAS DE PORTO ALEGRE";"2021";"03";"***.520.330-**";"JOAO ALVES RIBEIRO FILHO";"02279038000170";"TINTAS BARUFFALDI LTDA";"COMPRA A/V - R$ - APRES";"12/02/2021";"384,30"
"26000";"Ministério da Educação";"26294";"Hospital de Clínicas de Porto Alegre";"155001";"HOSPITAL DE CLINICAS DE PORTO ALEGRE";"2021";"03";"***.008.130-**";"MARCOS VINICIUS ZINN HUBNER";"02033557000154";"VERTICE COMERCIO DE EQUIPAMENTOS HIDRO PNEUMATICOS LTDA.";"COMPRA A/V - R$ - APRES";"18/02/2021";"402,05"
"26000";"Ministério da Educação";"26294";"Hospital de Clínicas de Porto Alegre";"155001";"HOSPITAL DE CLINICAS DE PORTO ALEGRE";"2021";"03";"***.950.390-**";"MIGUELINA TROISI BONFRISCO";"-2";"NAO SE APLICA";"SAQUE CASH/ATM BB";"04/02/2021";"100,00"
"26000";"Ministério da Educação";"26294";"Hospital de Clínicas de Porto Alegre";"155001";"HOSPITAL DE CLINICAS DE PORTO ALEGRE";"2021";"03";"***.783.990-**";"BRENDA SOUSA FERREIRA";"92671775000107";"REI DAS TORNEIRAS COMERCIO DE METAIS LTDA";"COMPRA A/V - R$ - APRES";"12/02/2021";"408,00"
"26000";"Ministério da Educação";"26294";"Hospital de Clínicas de Porto Alegre";"155001";"HOSPITAL DE CLINICAS DE PORTO ALEGRE";"2021";"03";"***.474.720-**";"SERGIO MACHADO SOARES";"91958256000242";"SERWITAL COMERCIO DE PRODUTOS HOSPITALARES LTDA";"COMPRA A/V - R$ - APRES";"09/02/2021";"698,00"
"26000";"Ministério da Educação";"26294";"Hospital de Clínicas de Porto Alegre";"155001";"HOSPITAL DE CLINICAS DE PORTO ALEGRE";"2021";"03";"***.115.480-**";"FELIPE DALBOSCO SILVEIRA";"10904851000112";"DIAMANSUL COMERCIAL LTDA";"COMPRA A/V - R$ - APRES";"10/02/2021";"149,06"
"26000";"Ministério da Educação";"26294";"Hospital de Clínicas de Porto Alegre";"155001";"HOSPITAL DE CLINICAS DE PORTO ALEGRE";"2021";"03";"***.896.320-**";"ALESSANDRO CAMARGO DA SILVA";"34837269000149";"LUMEPLUS- LED COMERCIO DE MATERIAL ELETRICO E ILUMINACAO LTDA";"COMPRA A/V - R$ - APRES";"10/02/2021";"380,00"
"26000";"Ministério da Educação";"26294";"Hospital de Clínicas de Porto Alegre";"155001";"HOSPITAL DE CLINICAS DE PORTO ALEGRE";"2021";"03";"***.474.720-**";"SERGIO MACHADO SOARES";"88212113049451";"COMERCIO DE MEDICAMENTOS BRAIR LTDA";"COMPRA A/V - R$ - APRES";"12/02/2021";"101,94"
"26000";"Ministério da Educação";"26294";"Hospital de Clínicas de Porto Alegre";"155001";"HOSPITAL DE CLINICAS DE PORTO ALEGRE";"2021";"03";"***.171.220-**";"VIVIAN SPESSATTO";"88212113049451";"COMERCIO DE MEDICAMENTOS BRAIR LTDA";"COMPRA A/V - R$ - APRES";"05/02/2021";"80,55"
"26000";"Ministério da Educação";"26294";"Hospital de Clínicas de Porto Alegre";"155001";"HOSPITAL DE CLINICAS DE PORTO ALEGRE";"2021";"03";"***.171.220-**";"VIVIAN SPESSATTO";"88212113049451";"COMERCIO DE MEDICAMENTOS BRAIR LTDA";"COMPRA A/V - R$ - APRES";"27/01/2021";"80,55"
"26000";"Ministério da Educação";"26294";"Hospital de Clínicas de Porto Alegre";"155001";"HOSPITAL DE CLINICAS DE PORTO ALEGRE";"2021";"03";"***.392.760-**";"ISABEL CRISTINA ROSSATO";"01150578000197";"DISTRIBUIDORA DE PAPEIS SENHOR DOS PASSOS LTDA";"COMPRA A/V - R$ - APRES";"08/02/2021";"142,05"
"26000";"Ministério da Educação";"26294";"Hospital de Clínicas de Porto Alegre";"155001";"HOSPITAL DE CLINICAS DE PORTO ALEGRE";"2021";"03";"***.434.720-**";"ALDINA JACOB QUINTANA";"93015006001519";"COMPANHIA ZAFFARI COMERCIO E INDUSTRIA";"COMPRA A/V - R$ - APRES";"05/02/2021";"77,40"
"26000";"Ministério da Educação";"26294";"Hospital de Clínicas de Porto Alegre";"155001";"HOSPITAL DE CLINICAS DE PORTO ALEGRE";"2021";"03";"***.008.130-**";"MARCOS VINICIUS ZINN HUBNER";"94927316000177";"BELT CORREIAS ESPECIAIS LTDA";"COMPRA A/V - R$ - APRES";"18/02/2021";"270,00"
"26000";"Ministério da Educação";"26294";"Hospital de Clínicas de Porto Alegre";"155001";"HOSPITAL DE CLINICAS DE PORTO ALEGRE";"2021";"03";"***.115.480-**";"FELIPE DALBOSCO SILVEIRA";"94927316000177";"BELT CORREIAS ESPECIAIS LTDA";"COMPRA A/V - R$ - APRES";"10/02/2021";"40,00"
"26000";"Ministério da Educação";"26294";"Hospital de Clínicas de Porto Alegre";"155001";"HOSPITAL DE CLINICAS DE PORTO ALEGRE";"2021";"03";"***.491.170-**";"SIMONE NASCIMENTO SILVA";"00460986000697";"CENTRAL IMPORTADORA TEXTIL LTDA";"COMPRA A/V - R$ - APRES";"10/02/2021";"200,00"
"26000";"Ministério da Educação";"26294";"Hospital de Clínicas de Porto Alegre";"155001";"HOSPITAL DE CLINICAS DE PORTO ALEGRE";"2021";"03";"***.392.760-**";"ISABEL CRISTINA ROSSATO";"00460986000697";"CENTRAL IMPORTADORA TEXTIL LTDA";"COMPRA A/V - R$ - APRES";"08/02/2021";"149,40"
"26000";"Ministério da Educação";"26294";"Hospital de Clínicas de Porto Alegre";"155001";"HOSPITAL DE CLINICAS DE PORTO ALEGRE";"2021";"03";"***.896.320-**";"ALESSANDRO CAMARGO DA SILVA";"90071622000101";"FERRAMENTAS E MAQUINAS EF LTDA";"COMPRA A/V - R$ - APRES";"10/02/2021";"111,00"
"26000";"Ministério da Educação";"26404";"Instituto Federal de Educação, Ciência e Tecnologia Baiano";"158129";"INST FED DE EDUC CIENC E TECNOLOGIA BAIANO";"2021";"03";"***.143.595-**";"EDVALDO PEREIRA DOS SANTOS FILHO";"-1";"SEM INFORMACAO";"COMPRA A/V - R$ - APRES";"12/02/2021";"1257,50"
"26000";"Ministério da Educação";"26404";"Instituto Federal de Educação, Ciência e Tecnologia Baiano";"158129";"INST FED DE EDUC CIENC E TECNOLOGIA BAIANO";"2021";"03";"***.143.595-**";"EDVALDO PEREIRA DOS SANTOS FILHO";"10230480000300";"FERREIRA COSTA & CIA LTDA";"COMPRA A/V - R$ - APRES";"12/02/2021";"1101,65"
"26000";"Ministério da Educação";"26404";"Instituto Federal de Educação, Ciência e Tecnologia Baiano";"155821";"INST.FED.BAIANO / CAMPUS SERRINHA";"2021";"03";"***.422.395-**";"KERDOVAL DA SILVA SOUZA";"03690864577";"AUGUSTO CESAR DO ROSARIO SILVA";"COMPRA A/V - R$ - APRES";"09/02/2021";"427,50"
"26000";"Ministério da Educação";"26422";"Instituto Federal de Educação, Ciência e Tecnologia Catarinense";"154706";"IF CATARINENSE - CAMPUS BRUSQUE";"2021";"03";"***.929.629-**";"DIEGO CARLOS MULLER";"00553041000105";"COOFERJAKO MATERIAL DE CONSTRUCAO LTDA";"COMPRA A/V - R$ - APRES";"19/02/2021";"300,00"
"26000";"Ministério da Educação";"26422";"Instituto Federal de Educação, Ciência e Tecnologia Catarinense";"154706";"IF CATARINENSE - CAMPUS BRUSQUE";"2021";"03";"***.929.629-**";"DIEGO CARLOS MULLER";"08321729000171";"ELESUL ELETRO ELETRONICA LTDA";"COMPRA A/V - R$ - APRES";"09/02/2021";"126,80"
"26000";"Ministério da Educação";"26422";"Instituto Federal de Educação, Ciência e Tecnologia Catarinense";"154706";"IF CATARINENSE - CAMPUS BRUSQUE";"2021";"03";"***.929.629-**";"DIEGO CARLOS MULLER";"00553041000105";"COOFERJAKO MATERIAL DE CONSTRUCAO LTDA";"COMPRA A/V - R$ - APRES";"22/02/2021";"105,00"
"26000";"Ministério da Educação";"26422";"Instituto Federal de Educação, Ciência e Tecnologia Catarinense";"158460";"IF CATARINENSE - CAMPUS CAMBORIU";"2021";"03";"***.314.500-**";"MARCEL AMARAL DAOUD";"04556068000102";"EVOLUSERVICES INSTITUICAO DE PAGAMENTO LTDA";"COMPRA A/V - R$ - APRES";"04/02/2021";"94,70"
"26000";"Ministério da Educação";"26422";"Instituto Federal de Educação, Ciência e Tecnologia Catarinense";"158460";"IF CATARINENSE - CAMPUS CAMBORIU";"2021";"03";"***.314.500-**";"MARCEL AMARAL DAOUD";"85789782000223";"COOPERATIVA REGIONAL AGROPECUARIA VALE DO ITAJAI";"COMPRA A/V - R$ - APRES";"23/02/2021";"659,90"
"26000";"Ministério da Educação";"26422";"Instituto Federal de Educação, Ciência e Tecnologia Catarinense";"158458";"IF CATARINENSE - CAMPUS RIO DO SUL";"2021";"03";"***.747.679-**";"HELMUTH DOS SANTOS";"75862961000295";"ARDUINO NARDELLI E FILHOS LTDA";"COMPRA A/V - R$ - APRES";"18/02/2021";"133,59"
"26000";"Ministério da Educação";"26422";"Instituto Federal de Educação, Ciência e Tecnologia Catarinense";"158458";"IF CATARINENSE - CAMPUS RIO DO SUL";"2021";"03";"***.747.679-**";"HELMUTH DOS SANTOS";"75862961000295";"ARDUINO NARDELLI E FILHOS LTDA";"COMPRA A/V - R$ - APRES";"17/02/2021";"94,75"
"26000";"Ministério da Educação";"26422";"Instituto Federal de Educação, Ciência e Tecnologia Catarinense";"158458";"IF CATARINENSE - CAMPUS RIO DO SUL";"2021";"03";"***.747.679-**";"HELMUTH DOS SANTOS";"74064544000153";"RETENSUL COMERCIO DE PECAS LTDA";"COMPRA A/V - R$ - APRES";"16/02/2021";"23,00"
"26000";"Ministério da Educação";"26422";"Instituto Federal de Educação, Ciência e Tecnologia Catarinense";"158458";"IF CATARINENSE - CAMPUS RIO DO SUL";"2021";"03";"***.603.519-**";"ADRIANO BECKER";"04565579000190";"RIOSIGNS COMUNICACAO VISUAL E OFICINA MECANICA LTDA";"COMPRA A/V - R$ - APRES";"10/02/2021";"432,00"
"26000";"Ministério da Educação";"26422";"Instituto Federal de Educação, Ciência e Tecnologia Catarinense";"158458";"IF CATARINENSE - CAMPUS RIO DO SUL";"2021";"03";"***.273.050-**";"RAFAEL DA ROSA COUTO";"01306841000194";"L A RAMOS & CIA LTDA";"COMPRA A/V - R$ - APRES";"04/02/2021";"795,00"
"26000";"Ministério da Educação";"26422";"Instituto Federal de Educação, Ciência e Tecnologia Catarinense";"158458";"IF CATARINENSE - CAMPUS RIO DO SUL";"2021";"03";"***.747.679-**";"HELMUTH DOS SANTOS";"82763061000175";"RIOSUL TINTAS LTDA";"COMPRA A/V - R$ - APRES";"18/02/2021";"61,28"
"26000";"Ministério da Educação";"26422";"Instituto Federal de Educação, Ciência e Tecnologia Catarinense";"158458";"IF CATARINENSE - CAMPUS RIO DO SUL";"2021";"03";"***.273.050-**";"RAFAEL DA ROSA COUTO";"01008821000137";"SIEVERS & CIA LTDA";"COMPRA A/V - R$ - APRES";"10/02/2021";"307,50"
"26000";"Ministério da Educação";"26422";"Instituto Federal de Educação, Ciência e Tecnologia Catarinense";"158458";"IF CATARINENSE - CAMPUS RIO DO SUL";"2021";"03";"***.747.679-**";"HELMUTH DOS SANTOS";"80653918000330";"TONET MATERIAIS DE CONSTRUCAO LTDA";"COMPRA A/V - R$ - APRES";"22/02/2021";"340,48"
"26000";"Ministério da Educação";"26422";"Instituto Federal de Educação, Ciência e Tecnologia Catarinense";"158458";"IF CATARINENSE - CAMPUS RIO DO SUL";"2021";"03";"***.747.679-**";"HELMUTH DOS SANTOS";"80653918000330";"TONET MATERIAIS DE CONSTRUCAO LTDA";"COMPRA A/V - R$ - APRES";"17/02/2021";"463,50"
"26000";"Ministério da Educação";"26422";"Instituto Federal de Educação, Ciência e Tecnologia Catarinense";"158458";"IF CATARINENSE - CAMPUS RIO DO SUL";"2021";"03";"***.273.050-**";"RAFAEL DA ROSA COUTO";"82956160004594";"MUNDIALMIX COMERCIO DE ALIMENTOS LTDA";"COMPRA A/V - R$ - APRES";"19/02/2021";"127,88"
"26000";"Ministério da Educação";"26422";"Instituto Federal de Educação, Ciência e Tecnologia Catarinense";"158458";"IF CATARINENSE - CAMPUS RIO DO SUL";"2021";"03";"***.273.050-**";"RAFAEL DA ROSA COUTO";"74072513000306";"AGRO-COMERCIAL AFUBRA LTDA";"COMPRA A/V - R$ - APRES";"19/02/2021";"105,50"
"26000";"Ministério da Educação";"26422";"Instituto Federal de Educação, Ciência e Tecnologia Catarinense";"158125";"INSTITUTO FEDERAL CATARINENSE - REITORIA";"2021";"03";"***.896.739-**";"RODRIGO REIGOZA";"19046775000126";"MEGA COMERCIO DE COMPONENTES ELETRONICOS LTDA.";"COMPRA A/V - R$ - APRES";"03/02/2021";"130,70"
"26000";"Ministério da Educação";"26422";"Instituto Federal de Educação, Ciência e Tecnologia Catarinense";"158125";"INSTITUTO FEDERAL CATARINENSE - REITORIA";"2021";"03";"***.896.739-**";"RODRIGO REIGOZA";"19046775000126";"MEGA COMERCIO DE COMPONENTES ELETRONICOS LTDA.";"COMPRA A/V - R$ - APRES";"02/02/2021";"505,70"
"26000";"Ministério da Educação";"26422";"Instituto Federal de Educação, Ciência e Tecnologia Catarinense";"158125";"INSTITUTO FEDERAL CATARINENSE - REITORIA";"2021";"03";"***.896.739-**";"RODRIGO REIGOZA";"00471578000207";"CONSTRUCON MATERIAIS DE CONSTRUCAO LTDA";"COMPRA A/V - R$ - APRES";"18/02/2021";"286,66"
"26000";"Ministério da Educação";"26422";"Instituto Federal de Educação, Ciência e Tecnologia Catarinense";"158125";"INSTITUTO FEDERAL CATARINENSE - REITORIA";"2021";"03";"***.896.739-**";"RODRIGO REIGOZA";"00471578000207";"CONSTRUCON MATERIAIS DE CONSTRUCAO LTDA";"COMPRA A/V - R$ - APRES";"12/02/2021";"110,49"
"26000";"Ministério da Educação";"26422";"Instituto Federal de Educação, Ciência e Tecnologia Catarinense";"158125";"INSTITUTO FEDERAL CATARINENSE - REITORIA";"2021";"03";"***.896.739-**";"RODRIGO REIGOZA";"00471578000207";"CONSTRUCON MATERIAIS DE CONSTRUCAO LTDA";"COMPRA A/V - R$ - APRES";"10/02/2021";"138,83"
"26000";"Ministério da Educação";"26422";"Instituto Federal de Educação, Ciência e Tecnologia Catarinense";"158125";"INSTITUTO FEDERAL CATARINENSE - REITORIA";"2021";"03";"***.896.739-**";"RODRIGO REIGOZA";"00471578000207";"CONSTRUCON MATERIAIS DE CONSTRUCAO LTDA";"COMPRA A/V - R$ - APRES";"09/02/2021";"173,14"
"26000";"Ministério da Educação";"26422";"Instituto Federal de Educação, Ciência e Tecnologia Catarinense";"158125";"INSTITUTO FEDERAL CATARINENSE - REITORIA";"2021";"03";"***.896.739-**";"RODRIGO REIGOZA";"00471578000207";"CONSTRUCON MATERIAIS DE CONSTRUCAO LTDA";"COMPRA A/V - R$ - APRES";"08/02/2021";"141,57"
"26000";"Ministério da Educação";"26422";"Instituto Federal de Educação, Ciência e Tecnologia Catarinense";"158125";"INSTITUTO FEDERAL CATARINENSE - REITORIA";"2021";"03";"***.896.739-**";"RODRIGO REIGOZA";"00471578000207";"CONSTRUCON MATERIAIS DE CONSTRUCAO LTDA";"COMPRA A/V - R$ - APRES";"02/02/2021";"125,69"
"26000";"Ministério da Educação";"26422";"Instituto Federal de Educação, Ciência e Tecnologia Catarinense";"158125";"INSTITUTO FEDERAL CATARINENSE - REITORIA";"2021";"03";"***.569.690-**";"PATRIC DOUGLAS GRISELI";"00471578000207";"CONSTRUCON MATERIAIS DE CONSTRUCAO LTDA";"COMPRA A/V - R$ - APRES";"11/02/2021";"84,65"
"26000";"Ministério da Educação";"26422";"Instituto Federal de Educação, Ciência e Tecnologia Catarinense";"158125";"INSTITUTO FEDERAL CATARINENSE - REITORIA";"2021";"03";"***.896.739-**";"RODRIGO REIGOZA";"02919668000162";"MISSNER HOSPITALAR LTDA";"COMPRA A/V - R$ - APRES";"03/02/2021";"150,00"
"26000";"Ministério da Educação";"26422";"Instituto Federal de Educação, Ciência e Tecnologia Catarinense";"158125";"INSTITUTO FEDERAL CATARINENSE - REITORIA";"2021";"03";"***.896.739-**";"RODRIGO REIGOZA";"05335532963";"MARCELO FELIPPE SCHLOSSMACHER";"COMPRA A/V - R$ - APRES";"03/02/2021";"10,00"
"26000";"Ministério da Educação";"26422";"Instituto Federal de Educação, Ciência e Tecnologia Catarinense";"158125";"INSTITUTO FEDERAL CATARINENSE - REITORIA";"2021";"03";"***.569.690-**";"PATRIC DOUGLAS GRISELI";"72274749000138";"BUENAS CHE EDITORA E PROMOTORA DE EVENTOS LTDA";"COMPRA A/V - R$ - APRES";"02/02/2021";"269,10"
"26000";"Ministério da Educação";"26422";"Instituto Federal de Educação, Ciência e Tecnologia Catarinense";"158125";"INSTITUTO FEDERAL CATARINENSE - REITORIA";"2021";"03";"***.896.739-**";"RODRIGO REIGOZA";"17570443000110";"MIRANDA MOVEIS LTDA";"COMPRA A/V - R$ - APRES";"22/02/2021";"372,00"
"26000";"Ministério da Educação";"26422";"Instituto Federal de Educação, Ciência e Tecnologia Catarinense";"158125";"INSTITUTO FEDERAL CATARINENSE - REITORIA";"2021";"03";"***.896.739-**";"RODRIGO REIGOZA";"17570443000110";"MIRANDA MOVEIS LTDA";"COMPRA A/V - R$ - APRES";"19/02/2021";"1000,00"
"26000";"Ministério da Educação";"26422";"Instituto Federal de Educação, Ciência e Tecnologia Catarinense";"158125";"INSTITUTO FEDERAL CATARINENSE - REITORIA";"2021";"03";"***.896.739-**";"RODRIGO REIGOZA";"82699588001230";"ZEUS DO BRASIL LTDA";"COMPRA A/V - R$ - APRES";"18/02/2021";"27,90"
"26000";"Ministério da Educação";"26422";"Instituto Federal de Educação, Ciência e Tecnologia Catarinense";"158125";"INSTITUTO FEDERAL CATARINENSE - REITORIA";"2021";"03";"***.569.690-**";"PATRIC DOUGLAS GRISELI";"16668076000200";"SUMUP INSTITUICAO DE PAGAMENTO BRASIL LTDA";"COMPRA A/V - R$ - APRES";"22/02/2021";"400,00"
"26000";"Ministério da Educação";"26422";"Instituto Federal de Educação, Ciência e Tecnologia Catarinense";"158125";"INSTITUTO FEDERAL CATARINENSE - REITORIA";"2021";"03";"***.896.739-**";"RODRIGO REIGOZA";"80963598000153";"ELETRICA ZATA LTDA";"COMPRA A/V - R$ - APRES";"29/01/2021";"389,00"
"26000";"Ministério da Educação";"26422";"Instituto Federal de Educação, Ciência e Tecnologia Catarinense";"158125";"INSTITUTO FEDERAL CATARINENSE - REITORIA";"2021";"03";"***.896.739-**";"RODRIGO REIGOZA";"83240333003130";"LOJAS MILIUM LTDA";"COMPRA A/V - R$ - APRES";"29/01/2021";"40,00"
"26000";"Ministério da Educação";"26422";"Instituto Federal de Educação, Ciência e Tecnologia Catarinense";"158125";"INSTITUTO FEDERAL CATARINENSE - REITORIA";"2021";"03";"***.896.739-**";"RODRIGO REIGOZA";"19046775000126";"MEGA COMERCIO DE COMPONENTES ELETRONICOS LTDA.";"COMPRA A/V - R$ - APRES";"03/02/2021";"59,40"
"26000";"Ministério da Educação";"26422";"Instituto Federal de Educação, Ciência e Tecnologia Catarinense";"158125";"INSTITUTO FEDERAL CATARINENSE - REITORIA";"2021";"03";"***.896.739-**";"RODRIGO REIGOZA";"13776742000155";"RENDIMENTOPAY INSTITUICAO DE PAGAMENTO S.A.";"COMPRA A/V - R$ - APRES";"09/02/2021";"15,00"
"26000";"Ministério da Educação";"26409";"Instituto Federal de Educação, Ciência e Tecnologia de Minas Gerais";"158514";"INST.FED. MINAS GERAIS/CAMPUS CONGONHAS";"2021";"03";"***.119.086-**";"WILLIAM SILVA TOMAZ";"00778923000179";"DISTRIBUIDORA WZ LTDA";"COMPRA A/V - R$ - APRES";"16/02/2021";"224,00"
"26000";"Ministério da Educação";"26409";"Instituto Federal de Educação, Ciência e Tecnologia de Minas Gerais";"158122";"INST.FED.DE EDUC.,CIENC.E TEC.DE MINAS GERAIS";"2021";"03";"***.356.916-**";"RODRIGO DE ANDRADE REIS";"19712173000160";"CASA DO AGRICULTOR LTDA";"COMPRA A/V - R$ - APRES";"16/02/2021";"218,00"
"26000";"Ministério da Educação";"26409";"Instituto Federal de Educação, Ciência e Tecnologia de Minas Gerais";"158122";"INST.FED.DE EDUC.,CIENC.E TEC.DE MINAS GERAIS";"2021";"03";"***.479.276-**";"LEONARDO DE PAIVA BARBOSA";"17203654000115";"PONTE NOVA TINTAS LTDA";"COMPRA A/V - R$ - APRES";"02/02/2021";"231,00"
"26000";"Ministério da Educação";"26409";"Instituto Federal de Educação, Ciência e Tecnologia de Minas Gerais";"158122";"INST.FED.DE EDUC.,CIENC.E TEC.DE MINAS GERAIS";"2021";"03";"***.118.156-**";"ALEX DE ANDRADE FERNANDES";"17155342000930";"LOJA ELETRICA LTDA";"COMPRA A/V - R$ - APRES";"05/02/2021";"944,40"
"26000";"Ministério da Educação";"26409";"Instituto Federal de Educação, Ciência e Tecnologia de Minas Gerais";"158122";"INST.FED.DE EDUC.,CIENC.E TEC.DE MINAS GERAIS";"2021";"03";"***.792.496-**";"PETER FRANKLIN RIBEIRO DE SOUZA";"86601572000141";"PROJELMIG ELETRICA LTDA";"COMPRA A/V - R$ - APRES";"12/02/2021";"923,00"
"26000";"Ministério da Educação";"26409";"Instituto Federal de Educação, Ciência e Tecnologia de Minas Gerais";"158122";"INST.FED.DE EDUC.,CIENC.E TEC.DE MINAS GERAIS";"2021";"03";"***.792.496-**";"PETER FRANKLIN RIBEIRO DE SOUZA";"86601572000141";"PROJELMIG ELETRICA LTDA";"COMPRA A/V - R$ - APRES";"11/02/2021";"1846,00"
"26000";"Ministério da Educação";"26409";"Instituto Federal de Educação, Ciência e Tecnologia de Minas Gerais";"158122";"INST.FED.DE EDUC.,CIENC.E TEC.DE MINAS GERAIS";"2021";"03";"***.479.276-**";"LEONARDO DE PAIVA BARBOSA";"20386348000176";"A RURAL MADEIRAS E MATERIAIS DE CONSTRUCAO LTDA";"COMPRA A/V - R$ - APRES";"11/02/2021";"187,40"
"26000";"Ministério da Educação";"26409";"Instituto Federal de Educação, Ciência e Tecnologia de Minas Gerais";"158122";"INST.FED.DE EDUC.,CIENC.E TEC.DE MINAS GERAIS";"2021";"03";"***.373.926-**";"LEONARDO JUNIO FERREIRA";"38232289000147";"MEGA CHAVES BURITIS LTDA";"COMPRA A/V - R$ - APRES";"19/02/2021";"39,20"
"26000";"Ministério da Educação";"26409";"Instituto Federal de Educação, Ciência e Tecnologia de Minas Gerais";"158122";"INST.FED.DE EDUC.,CIENC.E TEC.DE MINAS GERAIS";"2021";"03";"***.118.156-**";"ALEX DE ANDRADE FERNANDES";"14605866000130";"ELETROMOTORES SOARES LTDA";"COMPRA A/V - R$ - APRES";"22/02/2021";"87,00"
"26000";"Ministério da Educação";"26409";"Instituto Federal de Educação, Ciência e Tecnologia de Minas Gerais";"158122";"INST.FED.DE EDUC.,CIENC.E TEC.DE MINAS GERAIS";"2021";"03";"***.479.276-**";"LEONARDO DE PAIVA BARBOSA";"11012154000110";"L H COMERCIO E SERVICOS LTDA";"COMPRA A/V - R$ - APRES";"11/02/2021";"35,00"
"26000";"Ministério da Educação";"26409";"Instituto Federal de Educação, Ciência e Tecnologia de Minas Gerais";"158122";"INST.FED.DE EDUC.,CIENC.E TEC.DE MINAS GERAIS";"2021";"03";"***.356.916-**";"RODRIGO DE ANDRADE REIS";"28892101000133";"MARIA AUXILIADORA DE OLIVEIRA ATANAZIO";"COMPRA A/V - R$ - APRES";"15/02/2021";"389,40"
"26000";"Ministério da Educação";"26409";"Instituto Federal de Educação, Ciência e Tecnologia de Minas Gerais";"158122";"INST.FED.DE EDUC.,CIENC.E TEC.DE MINAS GERAIS";"2021";"03";"***.792.496-**";"PETER FRANKLIN RIBEIRO DE SOUZA";"03587099626";"VERTULINO ROCHA BARBOSA";"COMPRA A/V - R$ - APRES";"09/02/2021";"890,00"
"26000";"Ministério da Educação";"26409";"Instituto Federal de Educação, Ciência e Tecnologia de Minas Gerais";"158122";"INST.FED.DE EDUC.,CIENC.E TEC.DE MINAS GERAIS";"2021";"03";"***.515.066-**";"RODRIGO GONCALVES DE OLIVEIRA";"22312334000133";"CENTRAL AGRICOLA LTDA";"COMPRA A/V - R$ - APRES";"18/02/2021";"180,00"
"26000";"Ministério da Educação";"26409";"Instituto Federal de Educação, Ciência e Tecnologia de Minas Gerais";"158122";"INST.FED.DE EDUC.,CIENC.E TEC.DE MINAS GERAIS";"2021";"03";"***.479.276-**";"LEONARDO DE PAIVA BARBOSA";"10469209000152";"ELETRICA CEU LTDA";"COMPRA A/V - R$ - APRES";"22/02/2021";"290,00"
"26000";"Ministério da Educação";"26409";"Instituto Federal de Educação, Ciência e Tecnologia de Minas Gerais";"158122";"INST.FED.DE EDUC.,CIENC.E TEC.DE MINAS GERAIS";"2021";"03";"***.479.276-**";"LEONARDO DE PAIVA BARBOSA";"23797376003270";"BARTOFIL DISTRIBUIDORA SA";"COMPRA A/V - R$ - APRES";"02/02/2021";"133,39"
"26000";"Ministério da Educação";"26409";"Instituto Federal de Educação, Ciência e Tecnologia de Minas Gerais";"158122";"INST.FED.DE EDUC.,CIENC.E TEC.DE MINAS GERAIS";"2021";"03";"***.479.276-**";"LEONARDO DE PAIVA BARBOSA";"06249677000497";"SEMA MATERIAL ELETRICO LTDA";"COMPRA A/V - R$ - APRES";"02/02/2021";"30,00"
"26000";"Ministério da Educação";"26409";"Instituto Federal de Educação, Ciência e Tecnologia de Minas Gerais";"158122";"INST.FED.DE EDUC.,CIENC.E TEC.DE MINAS GERAIS";"2021";"03";"***.118.156-**";"ALEX DE ANDRADE FERNANDES";"08641522000184";"PRATIC COMERCIO DE MATERIAL DE SEGURANCA LTDA";"COMPRA A/V - R$ - APRES";"12/02/2021";"25,40"
"26000";"Ministério da Educação";"26409";"Instituto Federal de Educação, Ciência e Tecnologia de Minas Gerais";"158122";"INST.FED.DE EDUC.,CIENC.E TEC.DE MINAS GERAIS";"2021";"03";"***.118.156-**";"ALEX DE ANDRADE FERNANDES";"28624878000117";"POSTO JR FAISAO IV LTDA";"COMPRA A/V - R$ - APRES";"18/02/2021";"80,00"
"26000";"Ministério da Educação";"26409";"Instituto Federal de Educação, Ciência e Tecnologia de Minas Gerais";"158122";"INST.FED.DE EDUC.,CIENC.E TEC.DE MINAS GERAIS";"2021";"03";"***.118.156-**";"ALEX DE ANDRADE FERNANDES";"28624878000117";"POSTO JR FAISAO IV LTDA";"COMPRA A/V - R$ - APRES";"16/02/2021";"261,00"
"26000";"Ministério da Educação";"26409";"Instituto Federal de Educação, Ciência e Tecnologia de Minas Gerais";"158122";"INST.FED.DE EDUC.,CIENC.E TEC.DE MINAS GERAIS";"2021";"03";"***.792.496-**";"PETER FRANKLIN RIBEIRO DE SOUZA";"16950040000134";"SOLAR COM. MATERIAL DE CONSTRUCAO LTDA";"COMPRA A/V - R$ - APRES";"05/02/2021";"29,00"
"26000";"Ministério da Educação";"26409";"Instituto Federal de Educação, Ciência e Tecnologia de Minas Gerais";"158275";"INST.FED.MINAS GERAIS/CAMPUS BAMBUI";"2021";"03";"***.889.836-**";"RODRIGO VIEIRA DE MELO";"03499620000105";"FONSECA SOARES DISTRIBUIDORA LTDA";"COMPRA A/V - R$ - APRES";"02/02/2021";"229,50"
"26000";"Ministério da Educação";"26409";"Instituto Federal de Educação, Ciência e Tecnologia de Minas Gerais";"158275";"INST.FED.MINAS GERAIS/CAMPUS BAMBUI";"2021";"03";"***.889.836-**";"RODRIGO VIEIRA DE MELO";"05314621000163";"ARCOLIMP LTDA";"COMPRA A/V - R$ - APRES";"02/02/2021";"97,00"
"26000";"Ministério da Educação";"26409";"Instituto Federal de Educação, Ciência e Tecnologia de Minas Gerais";"158275";"INST.FED.MINAS GERAIS/CAMPUS BAMBUI";"2021";"03";"***.889.836-**";"RODRIGO VIEIRA DE MELO";"02715145000102";"LENICE MOREIRA DORNELAS";"COMPRA A/V - R$ - APRES";"05/02/2021";"230,00"
"26000";"Ministério da Educação";"26409";"Instituto Federal de Educação, Ciência e Tecnologia de Minas Gerais";"158275";"INST.FED.MINAS GERAIS/CAMPUS BAMBUI";"2021";"03";"***.889.836-**";"RODRIGO VIEIRA DE MELO";"64439490000100";"PRIMOS CORAGEM LTDA";"COMPRA A/V - R$ - APRES";"04/02/2021";"990,10"
"26000";"Ministério da Educação";"26409";"Instituto Federal de Educação, Ciência e Tecnologia de Minas Gerais";"158275";"INST.FED.MINAS GERAIS/CAMPUS BAMBUI";"2021";"03";"***.889.836-**";"RODRIGO VIEIRA DE MELO";"00776574000156";"AMERICANAS S.A - EM RECUPERACAO JUDICIAL";"COMPRA A/V - R$ - APRES";"22/02/2021";"876,56"
"26000";"Ministério da Educação";"26409";"Instituto Federal de Educação, Ciência e Tecnologia de Minas Gerais";"155678";"INST.FED.MINAS GERAIS/CAMPUS BETIM";"2021";"03";"***.226.196-**";"MATHEUS LINO FERREIRA GONCALVES";"17152998000223";"GARRA COMERCIO LTDA";"COMPRA A/V - R$ - APRES";"18/02/2021";"123,60"
"26000";"Ministério da Educação";"26409";"Instituto Federal de Educação, Ciência e Tecnologia de Minas Gerais";"155678";"INST.FED.MINAS GERAIS/CAMPUS BETIM";"2021";"03";"***.226.196-**";"MATHEUS LINO FERREIRA GONCALVES";"10573521000191";"MERCADO PAGO INSTITUICAO DE PAGAMENTO LTDA";"COMPRA A/V - R$ - APRES";"02/02/2021";"365,00"
"26000";"Ministério da Educação";"26409";"Instituto Federal de Educação, Ciência e Tecnologia de Minas Gerais";"158476";"INST.FED.MINAS GERAIS/CAMPUS S.J.EVANGELISTA";"2021";"03";"***.011.906-**";"PAULO MODESTO DE CAMPOS";"17249111006099";"COOPERATIVA CENTRAL DOS PRODUTORES RURAIS DE MINAS GERAIS LTDA";"COMPRA A/V - R$ - APRES";"17/02/2021";"187,18"
"26000";"Ministério da Educação";"26409";"Instituto Federal de Educação, Ciência e Tecnologia de Minas Gerais";"158476";"INST.FED.MINAS GERAIS/CAMPUS S.J.EVANGELISTA";"2021";"03";"***.011.906-**";"PAULO MODESTO DE CAMPOS";"10573521000191";"MERCADO PAGO INSTITUICAO DE PAGAMENTO LTDA";"COMPRA A/V - R$ - APRES";"12/02/2021";"359,50"
"26000";"Ministério da Educação";"26409";"Instituto Federal de Educação, Ciência e Tecnologia de Minas Gerais";"158476";"INST.FED.MINAS GERAIS/CAMPUS S.J.EVANGELISTA";"2021";"03";"***.011.906-**";"PAULO MODESTO DE CAMPOS";"23930431000152";"AGROPECUARIA GUANHAES COMERCIO DE PRODUTOS AGRICOLAS LTDA";"COMPRA A/V - R$ - APRES";"19/02/2021";"185,50"
"26000";"Ministério da Educação";"26409";"Instituto Federal de Educação, Ciência e Tecnologia de Minas Gerais";"156383";"INSTITUTO FED. MINAS GERAIS/SANTA LUZIA";"2021";"03";"***.817.686-**";"RAMON PAES GUIMARAES";"17169442000169";"FORNECEDORA MATERIAIS CONSTRUCAO OLIVEIRA LTDA";"COMPRA A/V - R$ - APRES";"23/02/2021";"113,60"
"26000";"Ministério da Educação";"26409";"Instituto Federal de Educação, Ciência e Tecnologia de Minas Gerais";"156383";"INSTITUTO FED. MINAS GERAIS/SANTA LUZIA";"2021";"03";"***.817.686-**";"RAMON PAES GUIMARAES";"17169442000169";"FORNECEDORA MATERIAIS CONSTRUCAO OLIVEIRA LTDA";"COMPRA A/V - R$ - APRES";"08/02/2021";"56,80"
"26000";"Ministério da Educação";"26438";"Instituto Federal de Educação, Ciência e Tecnologia de Santa Catarina";"158516";"INST.FED.DE EDUC.,CIENC.E TEC.DE STA.CAT/IFSC";"2021";"03";"***.267.989-**";"LUIZ CARLOS MARTINS";"37008039000165";"IRMAS VAIRA COMERCIO DE TINTAS LTDA";"COMPRA A/V - R$ - APRES";"23/02/2021";"199,00"
"26000";"Ministério da Educação";"26438";"Instituto Federal de Educação, Ciência e Tecnologia de Santa Catarina";"158516";"INST.FED.DE EDUC.,CIENC.E TEC.DE STA.CAT/IFSC";"2021";"03";"***.267.989-**";"LUIZ CARLOS MARTINS";"13501187001392";"CASAS DA AGUA MATERIAIS PARA CONSTRUCAO LTDA";"COMPRA A/V - R$ - APRES";"19/02/2021";"335,00"
"26000";"Ministério da Educação";"26406";"Instituto Federal de Educação, Ciência e Tecnologia do Espírito Santo";"158424";"IFES - CAMPUS ITAPINA";"2021";"03";"***.703.267-**";"WILSON PANCIERI";"10970016794";"RENATA FERRARI TOZZO";"COMPRA A/V - R$ - APRES";"04/02/2021";"535,00"
"26000";"Ministério da Educação";"26406";"Instituto Federal de Educação, Ciência e Tecnologia do Espírito Santo";"158424";"IFES - CAMPUS ITAPINA";"2021";"03";"***.924.447-**";"FABIO ADONIAS MONTEIRO";"31489289000188";"COMERCIAL PAPELARIA E LIVRARIA LTDA";"COMPRA A/V - R$ - APRES";"09/02/2021";"842,10"
"26000";"Ministério da Educação";"26406";"Instituto Federal de Educação, Ciência e Tecnologia do Espírito Santo";"158424";"IFES - CAMPUS ITAPINA";"2021";"03";"***.703.267-**";"WILSON PANCIERI";"10573521000191";"MERCADO PAGO INSTITUICAO DE PAGAMENTO LTDA";"COMPRA A/V - R$ - APRES";"12/02/2021";"531,00"
"26000";"Ministério da Educação";"26406";"Instituto Federal de Educação, Ciência e Tecnologia do Espírito Santo";"158424";"IFES - CAMPUS ITAPINA";"2021";"03";"***.703.267-**";"WILSON PANCIERI";"05996625000179";"COMERCIAL MANSUR LTDA";"COMPRA A/V - R$ - APRES";"09/02/2021";"125,80"
"26000";"Ministério da Educação";"26406";"Instituto Federal de Educação, Ciência e Tecnologia do Espírito Santo";"158424";"IFES - CAMPUS ITAPINA";"2021";"03";"***.703.267-**";"WILSON PANCIERI";"08210806000205";"VITORIA AGRICOLA LTDA";"COMPRA A/V - R$ - APRES";"29/01/2021";"200,00"
"26000";"Ministério da Educação";"26408";"Instituto Federal de Educação, Ciência e Tecnologia do Maranhão";"154854";"IFMA/CAMPUS GRAJAU";"2021";"03";"***.005.993-**";"MARIA SIMONE DA CONCEICAO MARTINS";"03431191000134";"M N DOS REIS SILVA MATERIAIS DE CONSTRUCAO LTDA";"COMPRA A/V - R$ - APRES";"22/02/2021";"65,46"
"26000";"Ministério da Educação";"26408";"Instituto Federal de Educação, Ciência e Tecnologia do Maranhão";"154854";"IFMA/CAMPUS GRAJAU";"2021";"03";"***.005.993-**";"MARIA SIMONE DA CONCEICAO MARTINS";"03431191000134";"M N DOS REIS SILVA MATERIAIS DE CONSTRUCAO LTDA";"COMPRA A/V - R$ - APRES";"11/02/2021";"1357,66"
"26000";"Ministério da Educação";"26408";"Instituto Federal de Educação, Ciência e Tecnologia do Maranhão";"154854";"IFMA/CAMPUS GRAJAU";"2021";"03";"***.005.993-**";"MARIA SIMONE DA CONCEICAO MARTINS";"14760445000184";"I. C. GOMES & CIA. LTDA";"COMPRA A/V - R$ - APRES";"22/02/2021";"73,00"
"26000";"Ministério da Educação";"26408";"Instituto Federal de Educação, Ciência e Tecnologia do Maranhão";"154859";"IFMA/CAMPUS SJ DE RIBAMAR";"2021";"03";"***.238.053-**";"CARLOS EDUARDO DOS SANTOS MACEDO";"04143362000192";"EVOLUTIVA LIVRARIA E PAPELARIA LTDA";"COMPRA A/V - R$ - APRES";"28/01/2021";"341,32"
"26000";"Ministério da Educação";"26408";"Instituto Federal de Educação, Ciência e Tecnologia do Maranhão";"154859";"IFMA/CAMPUS SJ DE RIBAMAR";"2021";"03";"***.238.053-**";"CARLOS EDUARDO DOS SANTOS MACEDO";"18910070000142";"CAPISTRANO MATERIAIS DE CONSTRUCAO LTDA";"COMPRA A/V - R$ - APRES";"11/02/2021";"15,00"
"26000";"Ministério da Educação";"26408";"Instituto Federal de Educação, Ciência e Tecnologia do Maranhão";"158128";"INST. FED. DO MARANHAO";"2021";"03";"***.076.003-**";"LEONARDO DE ARAUJO SOUZA";"36679214000183";"AVELINO R VIANA";"COMPRA A/V - R$ - APRES";"09/02/2021";"100,00"
"26000";"Ministério da Educação";"26408";"Instituto Federal de Educação, Ciência e Tecnologia do Maranhão";"158128";"INST. FED. DO MARANHAO";"2021";"03";"***.076.003-**";"LEONARDO DE ARAUJO SOUZA";"04873463000119";"SUELY MUNIZ PASSOS";"COMPRA A/V - R$ - APRES";"02/02/2021";"147,00"
"26000";"Ministério da Educação";"26408";"Instituto Federal de Educação, Ciência e Tecnologia do Maranhão";"158128";"INST. FED. DO MARANHAO";"2021";"03";"***.076.003-**";"LEONARDO DE ARAUJO SOUZA";"63445530000163";"ELETRICA RECIFE COMERCIAL LTDA";"COMPRA A/V - R$ - APRES";"09/02/2021";"310,00"
"26000";"Ministério da Educação";"26408";"Instituto Federal de Educação, Ciência e Tecnologia do Maranhão";"158128";"INST. FED. DO MARANHAO";"2021";"03";"***.076.003-**";"LEONARDO DE ARAUJO SOUZA";"34094345000173";"BRASIL BALANCAS E PAPEIS COMERCIO E SERVICOS LTDA";"COMPRA A/V - R$ - APRES";"10/02/2021";"250,00"
"26000";"Ministério da Educação";"26408";"Instituto Federal de Educação, Ciência e Tecnologia do Maranhão";"158128";"INST. FED. DO MARANHAO";"2021";"03";"***.076.003-**";"LEONARDO DE ARAUJO SOUZA";"07049976000289";"J GONCALVES DOS SANTOS FILHO & CIA LTDA";"COMPRA A/V - R$ - APRES";"28/01/2021";"37,70"
"26000";"Ministério da Educação";"26408";"Instituto Federal de Educação, Ciência e Tecnologia do Maranhão";"158128";"INST. FED. DO MARANHAO";"2021";"03";"***.076.003-**";"LEONARDO DE ARAUJO SOUZA";"-2";"NAO SE APLICA";"SAQUE CASH/ATM BB";"11/02/2021";"300,00"
"26000";"Ministério da Educação";"26414";"Instituto Federal de Educação, Ciência e Tecnologia do Mato Grosso";"158494";"INST.FED.MATO GROSSO/CAMPUS BELA VISTA";"2021";"03";"***.357.481-**";"ISADORA TIBALDI BATISTA";"13183133000192";"M. J. DA SILVA - MATERIAIS PARA CONSTRUCAO";"COMPRA A/V - R$ - APRES";"28/01/2021";"226,00"
"26000";"Ministério da Educação";"26414";"Instituto Federal de Educação, Ciência e Tecnologia do Mato Grosso";"158494";"INST.FED.MATO GROSSO/CAMPUS BELA VISTA";"2021";"03";"***.357.481-**";"ISADORA TIBALDI BATISTA";"13214296000195";"WENDER DE JESUS ARRUDA LTDA";"COMPRA A/V - R$ - APRES";"11/02/2021";"40,00"
"26000";"Ministério da Educação";"26414";"Instituto Federal de Educação, Ciência e Tecnologia do Mato Grosso";"158494";"INST.FED.MATO GROSSO/CAMPUS BELA VISTA";"2021";"03";"***.357.481-**";"ISADORA TIBALDI BATISTA";"13214296000195";"WENDER DE JESUS ARRUDA LTDA";"COMPRA A/V - R$ - APRES";"11/02/2021";"180,00"
"26000";"Ministério da Educação";"26414";"Instituto Federal de Educação, Ciência e Tecnologia do Mato Grosso";"158494";"INST.FED.MATO GROSSO/CAMPUS BELA VISTA";"2021";"03";"***.357.481-**";"ISADORA TIBALDI BATISTA";"29180873000105";"MONTEIRO MADEIRAS E ACESSORIOS LTDA";"COMPRA A/V - R$ - APRES";"11/02/2021";"142,80"
"26000";"Ministério da Educação";"26414";"Instituto Federal de Educação, Ciência e Tecnologia do Mato Grosso";"158494";"INST.FED.MATO GROSSO/CAMPUS BELA VISTA";"2021";"03";"***.357.481-**";"ISADORA TIBALDI BATISTA";"31839636000155";"CONSTRUCOES CUIABA MATERIAIS PARA CONSTRUCOES LTDA";"COMPRA A/V - R$ - APRES";"12/02/2021";"60,00"
"26000";"Ministério da Educação";"26414";"Instituto Federal de Educação, Ciência e Tecnologia do Mato Grosso";"158494";"INST.FED.MATO GROSSO/CAMPUS BELA VISTA";"2021";"03";"***.357.481-**";"ISADORA TIBALDI BATISTA";"31839636000155";"CONSTRUCOES CUIABA MATERIAIS PARA CONSTRUCOES LTDA";"COMPRA A/V - R$ - APRES";"04/02/2021";"59,60"
"26000";"Ministério da Educação";"26414";"Instituto Federal de Educação, Ciência e Tecnologia do Mato Grosso";"158494";"INST.FED.MATO GROSSO/CAMPUS BELA VISTA";"2021";"03";"***.357.481-**";"ISADORA TIBALDI BATISTA";"07182976000171";"ROLMASTER ROLAMENTOS LTDA";"COMPRA A/V - R$ - APRES";"03/02/2021";"165,00"
"26000";"Ministério da Educação";"26414";"Instituto Federal de Educação, Ciência e Tecnologia do Mato Grosso";"158494";"INST.FED.MATO GROSSO/CAMPUS BELA VISTA";"2021";"03";"***.357.481-**";"ISADORA TIBALDI BATISTA";"07158008000120";"SANTA DOS REIS";"COMPRA A/V - R$ - APRES";"03/02/2021";"146,50"
"26000";"Ministério da Educação";"26414";"Instituto Federal de Educação, Ciência e Tecnologia do Mato Grosso";"158970";"INST.FED.MATO GROSSO/CAMPUS PRIMAV. DO LESTE";"2021";"03";"***.865.691-**";"JOSIANE LUIZA DE OLIVEIRA";"21956606000175";"JULIO LOPES 85685445172";"COMPRA A/V - R$ - APRES";"10/02/2021";"250,00"
"26000";"Ministério da Educação";"26414";"Instituto Federal de Educação, Ciência e Tecnologia do Mato Grosso";"158970";"INST.FED.MATO GROSSO/CAMPUS PRIMAV. DO LESTE";"2021";"03";"***.865.691-**";"JOSIANE LUIZA DE OLIVEIRA";"21956606000175";"JULIO LOPES 85685445172";"COMPRA A/V - R$ - APRES";"09/02/2021";"700,00"
"26000";"Ministério da Educação";"26414";"Instituto Federal de Educação, Ciência e Tecnologia do Mato Grosso";"158970";"INST.FED.MATO GROSSO/CAMPUS PRIMAV. DO LESTE";"2021";"03";"***.865.691-**";"JOSIANE LUIZA DE OLIVEIRA";"02558609000106";"NELSON KIST LTDA";"COMPRA A/V - R$ - APRES";"09/02/2021";"80,00"
"26000";"Ministério da Educação";"26414";"Instituto Federal de Educação, Ciência e Tecnologia do Mato Grosso";"158970";"INST.FED.MATO GROSSO/CAMPUS PRIMAV. DO LESTE";"2021";"03";"***.865.691-**";"JOSIANE LUIZA DE OLIVEIRA";"26552687000161";"CADORE BIDOIA & CIA LTDA";"COMPRA A/V - R$ - APRES";"10/02/2021";"220,00"
"26000";"Ministério da Educação";"26414";"Instituto Federal de Educação, Ciência e Tecnologia do Mato Grosso";"158335";"INST.FED.MATO GROSSO/CAMPUS SAO VICENTE";"2021";"03";"***.249.180-**";"IVANOR ANTONIO KAYSER";"01092823000157";"ELIENE SIRINA DA SILVA LIMITADA";"COMPRA A/V - R$ - APRES";"19/02/2021";"700,00"
"26000";"Ministério da Educação";"26414";"Instituto Federal de Educação, Ciência e Tecnologia do Mato Grosso";"158335";"INST.FED.MATO GROSSO/CAMPUS SAO VICENTE";"2021";"03";"***.249.180-**";"IVANOR ANTONIO KAYSER";"30210910000160";"ELIZIANE S. N. DE AQUINO LTDA";"COMPRA A/V - R$ - APRES";"28/01/2021";"362,00"
"26000";"Ministério da Educação";"26414";"Instituto Federal de Educação, Ciência e Tecnologia do Mato Grosso";"158335";"INST.FED.MATO GROSSO/CAMPUS SAO VICENTE";"2021";"03";"***.249.180-**";"IVANOR ANTONIO KAYSER";"22487265000107";"NUTRIR COMERCIO E REPRESENTACAO DE PRODUTOS AGROPECUARIOS LTDA";"COMPRA A/V - R$ - APRES";"29/01/2021";"969,00"
"26000";"Ministério da Educação";"26414";"Instituto Federal de Educação, Ciência e Tecnologia do Mato Grosso";"158335";"INST.FED.MATO GROSSO/CAMPUS SAO VICENTE";"2021";"03";"***.249.180-**";"IVANOR ANTONIO KAYSER";"33679788000163";"TOBIANO AGROPECUARIA LTDA";"COMPRA A/V - R$ - APRES";"28/01/2021";"930,00"
"26000";"Ministério da Educação";"26414";"Instituto Federal de Educação, Ciência e Tecnologia do Mato Grosso";"158335";"INST.FED.MATO GROSSO/CAMPUS SAO VICENTE";"2021";"03";"***.249.180-**";"IVANOR ANTONIO KAYSER";"33679788000163";"TOBIANO AGROPECUARIA LTDA";"COMPRA A/V - R$ - APRES";"28/01/2021";"1395,00"
"26000";"Ministério da Educação";"26414";"Instituto Federal de Educação, Ciência e Tecnologia do Mato Grosso";"158335";"INST.FED.MATO GROSSO/CAMPUS SAO VICENTE";"2021";"03";"***.249.180-**";"IVANOR ANTONIO KAYSER";"33679788000163";"TOBIANO AGROPECUARIA LTDA";"COMPRA A/V - R$ - APRES";"28/01/2021";"1085,00"
"26000";"Ministério da Educação";"26414";"Instituto Federal de Educação, Ciência e Tecnologia do Mato Grosso";"158335";"INST.FED.MATO GROSSO/CAMPUS SAO VICENTE";"2021";"03";"***.249.180-**";"IVANOR ANTONIO KAYSER";"33679788000163";"TOBIANO AGROPECUARIA LTDA";"COMPRA A/V - R$ - APRES";"28/01/2021";"155,00"
"26000";"Ministério da Educação";"26414";"Instituto Federal de Educação, Ciência e Tecnologia do Mato Grosso";"158335";"INST.FED.MATO GROSSO/CAMPUS SAO VICENTE";"2021";"03";"***.249.180-**";"IVANOR ANTONIO KAYSER";"33679788000163";"TOBIANO AGROPECUARIA LTDA";"COMPRA A/V - R$ - APRES";"28/01/2021";"1550,00"
"26000";"Ministério da Educação";"26414";"Instituto Federal de Educação, Ciência e Tecnologia do Mato Grosso";"158335";"INST.FED.MATO GROSSO/CAMPUS SAO VICENTE";"2021";"03";"***.249.180-**";"IVANOR ANTONIO KAYSER";"33679788000163";"TOBIANO AGROPECUARIA LTDA";"COMPRA A/V - R$ - APRES";"28/01/2021";"1705,00"
"26000";"Ministério da Educação";"26414";"Instituto Federal de Educação, Ciência e Tecnologia do Mato Grosso";"158335";"INST.FED.MATO GROSSO/CAMPUS SAO VICENTE";"2021";"03";"***.249.180-**";"IVANOR ANTONIO KAYSER";"33679788000163";"TOBIANO AGROPECUARIA LTDA";"COMPRA A/V - R$ - APRES";"28/01/2021";"1240,00"
"26000";"Ministério da Educação";"26414";"Instituto Federal de Educação, Ciência e Tecnologia do Mato Grosso";"158971";"INST.FED.MATO GROSSO/CAMPUS VARZEA GRANDE";"2021";"03";"***.465.741-**";"WASHINGTON FABRICIO MARTINS";"30222540000180";"CONSTRUROCHA MATERIAIS PARA CONSTRUCAO LTDA";"COMPRA A/V - R$ - APRES";"10/02/2021";"60,71"
"26000";"Ministério da Educação";"26414";"Instituto Federal de Educação, Ciência e Tecnologia do Mato Grosso";"158971";"INST.FED.MATO GROSSO/CAMPUS VARZEA GRANDE";"2021";"03";"***.465.741-**";"WASHINGTON FABRICIO MARTINS";"30222540000180";"CONSTRUROCHA MATERIAIS PARA CONSTRUCAO LTDA";"COMPRA A/V - R$ - APRES";"04/02/2021";"65,15"
"26000";"Ministério da Educação";"26414";"Instituto Federal de Educação, Ciência e Tecnologia do Mato Grosso";"158971";"INST.FED.MATO GROSSO/CAMPUS VARZEA GRANDE";"2021";"03";"***.465.741-**";"WASHINGTON FABRICIO MARTINS";"30222540000180";"CONSTRUROCHA MATERIAIS PARA CONSTRUCAO LTDA";"COMPRA A/V - R$ - APRES";"01/02/2021";"400,58"
"26000";"Ministério da Educação";"26414";"Instituto Federal de Educação, Ciência e Tecnologia do Mato Grosso";"158971";"INST.FED.MATO GROSSO/CAMPUS VARZEA GRANDE";"2021";"03";"***.465.741-**";"WASHINGTON FABRICIO MARTINS";"30222540000180";"CONSTRUROCHA MATERIAIS PARA CONSTRUCAO LTDA";"COMPRA A/V - R$ - APRES";"29/01/2021";"109,81"
"26000";"Ministério da Educação";"26414";"Instituto Federal de Educação, Ciência e Tecnologia do Mato Grosso";"158971";"INST.FED.MATO GROSSO/CAMPUS VARZEA GRANDE";"2021";"03";"***.465.741-**";"WASHINGTON FABRICIO MARTINS";"30222540000180";"CONSTRUROCHA MATERIAIS PARA CONSTRUCAO LTDA";"COMPRA A/V - R$ - APRES";"28/01/2021";"34,50"
"26000";"Ministério da Educação";"26414";"Instituto Federal de Educação, Ciência e Tecnologia do Mato Grosso";"158971";"INST.FED.MATO GROSSO/CAMPUS VARZEA GRANDE";"2021";"03";"***.465.741-**";"WASHINGTON FABRICIO MARTINS";"08139615000296";"PARANA COMERCIO DE MATERIAIS ELETRICOS E SERVICOS LTDA";"COMPRA A/V - R$ - APRES";"30/01/2021";"100,00"
"26000";"Ministério da Educação";"26414";"Instituto Federal de Educação, Ciência e Tecnologia do Mato Grosso";"158971";"INST.FED.MATO GROSSO/CAMPUS VARZEA GRANDE";"2021";"03";"***.465.741-**";"WASHINGTON FABRICIO MARTINS";"08139615000296";"PARANA COMERCIO DE MATERIAIS ELETRICOS E SERVICOS LTDA";"COMPRA A/V - R$ - APRES";"28/01/2021";"94,90"
"26000";"Ministério da Educação";"26414";"Instituto Federal de Educação, Ciência e Tecnologia do Mato Grosso";"158971";"INST.FED.MATO GROSSO/CAMPUS VARZEA GRANDE";"2021";"03";"***.465.741-**";"WASHINGTON FABRICIO MARTINS";"19468242000132";"IFOOD PAGO INSTITUICAO DE PAGAMENTO S.A.";"COMPRA A/V - R$ - APRES";"30/01/2021";"610,91"
"26000";"Ministério da Educação";"26414";"Instituto Federal de Educação, Ciência e Tecnologia do Mato Grosso";"158971";"INST.FED.MATO GROSSO/CAMPUS VARZEA GRANDE";"2021";"03";"***.465.741-**";"WASHINGTON FABRICIO MARTINS";"04181115000180";"PIZZATTO MATERIAIS ELETRICOS LTDA";"COMPRA A/V - R$ - APRES";"01/02/2021";"14,00"
"26000";"Ministério da Educação";"26414";"Instituto Federal de Educação, Ciência e Tecnologia do Mato Grosso";"158971";"INST.FED.MATO GROSSO/CAMPUS VARZEA GRANDE";"2021";"03";"***.465.741-**";"WASHINGTON FABRICIO MARTINS";"05565390000160";"M R CAMASSOLA";"COMPRA A/V - R$ - APRES";"28/01/2021";"474,04"
"26000";"Ministério da Educação";"26433";"Instituto Federal de Educação, Ciência e Tecnologia do Rio de Janeiro";"158485";"CAMPUS PINHEIRAL";"2021";"03";"***.446.947-**";"ELIO ALVES DE MOURA";"31331247000114";"L & C LUXTEN DE PINHEIRAL COMERCIO E SERVICOS DE ELETRICA LTDA";"COMPRA A/V - R$ - APRES";"23/02/2021";"62,10"
"26000";"Ministério da Educação";"26433";"Instituto Federal de Educação, Ciência e Tecnologia do Rio de Janeiro";"158485";"CAMPUS PINHEIRAL";"2021";"03";"***.446.947-**";"ELIO ALVES DE MOURA";"27895424000118";"MACOPIL MATERIAL DE CONSTRUCAO LTDA";"COMPRA A/V - R$ - APRES";"19/02/2021";"51,07"
"26000";"Ministério da Educação";"26433";"Instituto Federal de Educação, Ciência e Tecnologia do Rio de Janeiro";"158485";"CAMPUS PINHEIRAL";"2021";"03";"***.446.947-**";"ELIO ALVES DE MOURA";"10238893000161";"PRIMAQ MERCANTIL DE MAQUINAS AGRICOLAS LTDA";"COMPRA A/V - R$ - APRES";"23/02/2021";"110,00"
"26000";"Ministério da Educação";"26433";"Instituto Federal de Educação, Ciência e Tecnologia do Rio de Janeiro";"158485";"CAMPUS PINHEIRAL";"2021";"03";"***.446.947-**";"ELIO ALVES DE MOURA";"18801989000106";"ALDEONI DE FREITAS SILVA MATERIAL DE CONSTRUCAO";"COMPRA A/V - R$ - APRES";"22/02/2021";"520,85"
"26000";"Ministério da Educação";"26433";"Instituto Federal de Educação, Ciência e Tecnologia do Rio de Janeiro";"158485";"CAMPUS PINHEIRAL";"2021";"03";"***.446.947-**";"ELIO ALVES DE MOURA";"29065414000180";"HIDRO ELETRICA VOLTA REDONDA LTDA";"COMPRA A/V - R$ - APRES";"23/02/2021";"116,82"
"26000";"Ministério da Educação";"26424";"Instituto Federal de Educação, Ciência e Tecnologia do Tocantins";"158511";"INST.FED.DO TOCANTINS/CAMPUS ARAGUAINA";"2021";"03";"***.017.381-**";"HANDEL BEZERRA DIAS";"11514376000130";"M MARTINS MARQUES & CIA. LTDA";"COMPRA A/V - R$ - APRES";"09/02/2021";"140,00"
"26000";"Ministério da Educação";"26424";"Instituto Federal de Educação, Ciência e Tecnologia do Tocantins";"158511";"INST.FED.DO TOCANTINS/CAMPUS ARAGUAINA";"2021";"03";"***.017.381-**";"HANDEL BEZERRA DIAS";"13535892000177";"PLATINA COMERCIO DE PRODUTOS MEDICOS HOSPITALARES LTDA";"COMPRA A/V - R$ - APRES";"22/02/2021";"105,00"
"26000";"Ministério da Educação";"26424";"Instituto Federal de Educação, Ciência e Tecnologia do Tocantins";"158337";"INST.FED.DO TOCANTINS/CAMPUS ARAGUATINS";"2021";"03";"***.261.501-**";"JECIVAN BARBOSA RODRIGUES";"38197725000194";"F. C. DA S. A. MORAIS";"COMPRA A/V - R$ - APRES";"04/02/2021";"515,95"
"26000";"Ministério da Educação";"26424";"Instituto Federal de Educação, Ciência e Tecnologia do Tocantins";"158337";"INST.FED.DO TOCANTINS/CAMPUS ARAGUATINS";"2021";"03";"***.261.501-**";"JECIVAN BARBOSA RODRIGUES";"07277453000109";"MOUSINHO COMERCIO VAREJISTA DE MATERIAIS PARA CONSTRUCAO LTDA";"COMPRA A/V - R$ - APRES";"03/02/2021";"415,90"
"26000";"Ministério da Educação";"26424";"Instituto Federal de Educação, Ciência e Tecnologia do Tocantins";"158337";"INST.FED.DO TOCANTINS/CAMPUS ARAGUATINS";"2021";"03";"***.261.501-**";"JECIVAN BARBOSA RODRIGUES";"15492196000156";"A N COMERCIO VAREJISTA DE MATERIAIS ELETRICOS LTDA";"COMPRA A/V - R$ - APRES";"08/02/2021";"264,06"
"26000";"Ministério da Educação";"26424";"Instituto Federal de Educação, Ciência e Tecnologia do Tocantins";"158337";"INST.FED.DO TOCANTINS/CAMPUS ARAGUATINS";"2021";"03";"***.261.501-**";"JECIVAN BARBOSA RODRIGUES";"13224931000115";"J. K. MATERIAL DE CONSTRUCAO E ACABAMENTO LTDA";"COMPRA A/V - R$ - APRES";"03/02/2021";"54,00"
"26000";"Ministério da Educação";"26424";"Instituto Federal de Educação, Ciência e Tecnologia do Tocantins";"158337";"INST.FED.DO TOCANTINS/CAMPUS ARAGUATINS";"2021";"03";"***.261.501-**";"JECIVAN BARBOSA RODRIGUES";"16668076000120";"SUMUP INSTITUICAO DE PAGAMENTO BRASIL LTDA";"COMPRA A/V - R$ - APRES";"10/02/2021";"1665,00"
"26000";"Ministério da Educação";"26424";"Instituto Federal de Educação, Ciência e Tecnologia do Tocantins";"158337";"INST.FED.DO TOCANTINS/CAMPUS ARAGUATINS";"2021";"03";"***.261.501-**";"JECIVAN BARBOSA RODRIGUES";"26641886000146";"L A DE CARVALHO";"COMPRA A/V - R$ - APRES";"23/02/2021";"25,00"
"26000";"Ministério da Educação";"26424";"Instituto Federal de Educação, Ciência e Tecnologia do Tocantins";"158337";"INST.FED.DO TOCANTINS/CAMPUS ARAGUATINS";"2021";"03";"***.261.501-**";"JECIVAN BARBOSA RODRIGUES";"26641886000146";"L A DE CARVALHO";"COMPRA A/V - R$ - APRES";"22/02/2021";"170,00"
"26000";"Ministério da Educação";"26424";"Instituto Federal de Educação, Ciência e Tecnologia do Tocantins";"158628";"INST.FED.DO TOCANTINS/CAMPUS DIANOPOLIS";"2021";"03";"***.944.003-**";"LEOMARA DE CARVALHO SILVA";"17244717000181";"POMPEIA COMERCIO DE MATERIAIS ELETRICOS LTDA";"COMPRA A/V - R$ - APRES";"10/02/2021";"1640,00"
"26000";"Ministério da Educação";"26424";"Instituto Federal de Educação, Ciência e Tecnologia do Tocantins";"158628";"INST.FED.DO TOCANTINS/CAMPUS DIANOPOLIS";"2021";"03";"***.944.003-**";"LEOMARA DE CARVALHO SILVA";"14320423000101";"INOVE MATERIAIS DE CONSTRUCAO LTDA";"COMPRA A/V - R$ - APRES";"11/02/2021";"66,00"
"26000";"Ministério da Educação";"26424";"Instituto Federal de Educação, Ciência e Tecnologia do Tocantins";"158628";"INST.FED.DO TOCANTINS/CAMPUS DIANOPOLIS";"2021";"03";"***.944.003-**";"LEOMARA DE CARVALHO SILVA";"06291441000176";"ARAUJO & BORGES LTDA";"COMPRA A/V - R$ - APRES";"18/02/2021";"64,77"
"26000";"Ministério da Educação";"26424";"Instituto Federal de Educação, Ciência e Tecnologia do Tocantins";"158556";"INST.FED.DO TOCANTINS/CAMPUS GURUPI";"2021";"03";"***.420.071-**";"EDMUNDO COSTA DE OLIVEIRA";"08639075000129";"ALVES & BORGES LTDA";"COMPRA A/V - R$ - APRES";"22/02/2021";"300,00"
"26000";"Ministério da Educação";"26424";"Instituto Federal de Educação, Ciência e Tecnologia do Tocantins";"158556";"INST.FED.DO TOCANTINS/CAMPUS GURUPI";"2021";"03";"***.420.071-**";"EDMUNDO COSTA DE OLIVEIRA";"14837354000108";"ALEX VARIEDADES LTDA";"COMPRA A/V - R$ - APRES";"23/02/2021";"190,00"
"26000";"Ministério da Educação";"26424";"Instituto Federal de Educação, Ciência e Tecnologia do Tocantins";"158556";"INST.FED.DO TOCANTINS/CAMPUS GURUPI";"2021";"03";"***.420.071-**";"EDMUNDO COSTA DE OLIVEIRA";"02060218000167";"METALURGICA DO NORTE LTDA";"COMPRA A/V - R$ - APRES";"23/02/2021";"400,00"
"26000";"Ministério da Educação";"26424";"Instituto Federal de Educação, Ciência e Tecnologia do Tocantins";"158556";"INST.FED.DO TOCANTINS/CAMPUS GURUPI";"2021";"03";"***.420.071-**";"EDMUNDO COSTA DE OLIVEIRA";"-1";"SEM INFORMACAO";"COMPRA A/V - R$ - APRES";"22/02/2021";"185,00"
"26000";"Ministério da Educação";"26424";"Instituto Federal de Educação, Ciência e Tecnologia do Tocantins";"158556";"INST.FED.DO TOCANTINS/CAMPUS GURUPI";"2021";"03";"***.420.071-**";"EDMUNDO COSTA DE OLIVEIRA";"-1";"SEM INFORMACAO";"COMPRA A/V - R$ - APRES";"22/02/2021";"70,00"
"26000";"Ministério da Educação";"26424";"Instituto Federal de Educação, Ciência e Tecnologia do Tocantins";"158489";"INST.FED.DO TOCANTINS/CAMPUS PARAISO DO TO";"2021";"03";"***.806.281-**";"DYEGO PEREIRA LIMA";"01138341000190";"PARAISO COMERCIO VAREJ PROD AGROPECUARIOS LTDA";"COMPRA A/V - R$ - APRES";"22/02/2021";"165,00"
"26000";"Ministério da Educação";"26424";"Instituto Federal de Educação, Ciência e Tecnologia do Tocantins";"158489";"INST.FED.DO TOCANTINS/CAMPUS PARAISO DO TO";"2021";"03";"***.806.281-**";"DYEGO PEREIRA LIMA";"29877139000280";"PROFETA E PROFETA LTDA";"COMPRA A/V - R$ - APRES";"18/02/2021";"510,00"
"26000";"Ministério da Educação";"26424";"Instituto Federal de Educação, Ciência e Tecnologia do Tocantins";"158489";"INST.FED.DO TOCANTINS/CAMPUS PARAISO DO TO";"2021";"03";"***.806.281-**";"DYEGO PEREIRA LIMA";"98950231115";"NAUREA REGIA ALVES COSTA NUNES";"COMPRA A/V - R$ - APRES";"10/02/2021";"515,81"
"26000";"Ministério da Educação";"26424";"Instituto Federal de Educação, Ciência e Tecnologia do Tocantins";"158489";"INST.FED.DO TOCANTINS/CAMPUS PARAISO DO TO";"2021";"03";"***.806.281-**";"DYEGO PEREIRA LIMA";"02904506000150";"REMO MATERIAIS DE CONSTRUCAO LTDA";"COMPRA A/V - R$ - APRES";"22/02/2021";"1201,31"
"26000";"Ministério da Educação";"26424";"Instituto Federal de Educação, Ciência e Tecnologia do Tocantins";"158489";"INST.FED.DO TOCANTINS/CAMPUS PARAISO DO TO";"2021";"03";"***.806.281-**";"DYEGO PEREIRA LIMA";"31496683000143";"CIMENTAO - COMERCIO VAREJISTA DE CIMENTO LTDA";"COMPRA A/V - R$ - APRES";"08/02/2021";"465,00"
"26000";"Ministério da Educação";"26413";"Instituto Federal de Educação, Ciência e Tecnologia do Triângulo Mineiro";"158099";"INST.FED.DE EDUC.,CIENC.E TEC.DO TRIA.MINEIRO";"2021";"03";"***.272.876-**";"JULIO CESAR DE CARVALHO";"03378899000250";"MECPAPER LTDA";"COMPRA A/V - R$ - APRES";"03/02/2021";"78,00"
"26000";"Ministério da Educação";"26407";"Instituto Federal de Educação, Ciência e Tecnologia Goiano";"155061";"IF GOIANO - CAMPUS CRISTALINA";"2021";"03";"***.169.051-**";"BRUNO BARBOZA DOS SANTOS";"10856491000201";"REDE DA CONSTRUCAO LTDA";"COMPRA A/V - R$ - APRES";"08/02/2021";"160,00"
"26000";"Ministério da Educação";"26407";"Instituto Federal de Educação, Ciência e Tecnologia Goiano";"155061";"IF GOIANO - CAMPUS CRISTALINA";"2021";"03";"***.169.051-**";"BRUNO BARBOZA DOS SANTOS";"04726418000131";"MAX SOLDAS E FERRAGENS LTDA";"COMPRA A/V - R$ - APRES";"08/02/2021";"17,00"
"26000";"Ministério da Educação";"26407";"Instituto Federal de Educação, Ciência e Tecnologia Goiano";"155061";"IF GOIANO - CAMPUS CRISTALINA";"2021";"03";"***.169.051-**";"BRUNO BARBOZA DOS SANTOS";"08631496000103";"CONDOR LOC LTDA";"COMPRA A/V - R$ - APRES";"18/02/2021";"400,00"
"26000";"Ministério da Educação";"26407";"Instituto Federal de Educação, Ciência e Tecnologia Goiano";"155061";"IF GOIANO - CAMPUS CRISTALINA";"2021";"03";"***.169.051-**";"BRUNO BARBOZA DOS SANTOS";"16668076000120";"SUMUP INSTITUICAO DE PAGAMENTO BRASIL LTDA";"COMPRA A/V - R$ - APRES";"11/02/2021";"450,00"
"26000";"Ministério da Educação";"26407";"Instituto Federal de Educação, Ciência e Tecnologia Goiano";"155061";"IF GOIANO - CAMPUS CRISTALINA";"2021";"03";"***.169.051-**";"BRUNO BARBOZA DOS SANTOS";"10856491000201";"REDE DA CONSTRUCAO LTDA";"COMPRA A/V - R$ - APRES";"15/02/2021";"145,00"
"26000";"Ministério da Educação";"26407";"Instituto Federal de Educação, Ciência e Tecnologia Goiano";"155061";"IF GOIANO - CAMPUS CRISTALINA";"2021";"03";"***.169.051-**";"BRUNO BARBOZA DOS SANTOS";"05081743000157";"MUNDIAL COR TINTAS LTDA";"COMPRA A/V - R$ - APRES";"22/02/2021";"100,00"
"26000";"Ministério da Educação";"26407";"Instituto Federal de Educação, Ciência e Tecnologia Goiano";"158299";"IF GOIANO - CAMPUS RIO VERDE";"2021";"03";"***.479.171-**";"EDSON LUIZ SOUCHIE";"01867858000110";"CERRADAO PRODUTOS AGROPECUARIOS LTDA";"COMPRA A/V - R$ - APRES";"17/02/2021";"358,50"
"26000";"Ministério da Educação";"26407";"Instituto Federal de Educação, Ciência e Tecnologia Goiano";"158299";"IF GOIANO - CAMPUS RIO VERDE";"2021";"03";"***.479.171-**";"EDSON LUIZ SOUCHIE";"17085884000127";"LG MANGUEIRAS E PARAFUSOS LTDA";"COMPRA A/V - R$ - APRES";"03/02/2021";"200,00"
"26000";"Ministério da Educação";"26407";"Instituto Federal de Educação, Ciência e Tecnologia Goiano";"158299";"IF GOIANO - CAMPUS RIO VERDE";"2021";"03";"***.479.171-**";"EDSON LUIZ SOUCHIE";"03430685000102";"RONDO FOX BATERIAS LTDA";"COMPRA A/V - R$ - APRES";"04/02/2021";"800,00"
"26000";"Ministério da Educação";"26407";"Instituto Federal de Educação, Ciência e Tecnologia Goiano";"158299";"IF GOIANO - CAMPUS RIO VERDE";"2021";"03";"***.479.171-**";"EDSON LUIZ SOUCHIE";"04308362000103";"IAVE GRAINS ON FAITH LTDA";"COMPRA A/V - R$ - APRES";"19/02/2021";"72,00"
"26000";"Ministério da Educação";"26407";"Instituto Federal de Educação, Ciência e Tecnologia Goiano";"158299";"IF GOIANO - CAMPUS RIO VERDE";"2021";"03";"***.479.171-**";"EDSON LUIZ SOUCHIE";"03047573000169";"GLOBOMAQ BORRACHAS E MAQUINAS LTDA";"COMPRA A/V - R$ - APRES";"11/02/2021";"420,00"
"26000";"Ministério da Educação";"26407";"Instituto Federal de Educação, Ciência e Tecnologia Goiano";"158299";"IF GOIANO - CAMPUS RIO VERDE";"2021";"03";"***.479.171-**";"EDSON LUIZ SOUCHIE";"26739698000236";"AGRO-TAURUS BRASIL, INDUSTRIA, COMERCIO, DISTRIBUICAO, AGROPECUARIA E TRANSPORTES LTDA";"COMPRA A/V - R$ - APRES";"19/02/2021";"675,17"
"26000";"Ministério da Educação";"26407";"Instituto Federal de Educação, Ciência e Tecnologia Goiano";"158299";"IF GOIANO - CAMPUS RIO VERDE";"2021";"03";"***.479.171-**";"EDSON LUIZ SOUCHIE";"02705481001219";"SOMAFERTIL LTDA";"COMPRA A/V - R$ - APRES";"12/02/2021";"92,00"
"26000";"Ministério da Educação";"26407";"Instituto Federal de Educação, Ciência e Tecnologia Goiano";"158299";"IF GOIANO - CAMPUS RIO VERDE";"2021";"03";"***.479.171-**";"EDSON LUIZ SOUCHIE";"02589673000154";"COMERCIAL DE ROLAMENTOS, PECAS E RETENTORES RIO VERDE LTDA";"COMPRA A/V - R$ - APRES";"03/02/2021";"210,00"
"26000";"Ministério da Educação";"26407";"Instituto Federal de Educação, Ciência e Tecnologia Goiano";"158299";"IF GOIANO - CAMPUS RIO VERDE";"2021";"03";"***.479.171-**";"EDSON LUIZ SOUCHIE";"57788391115";"LUCIANNE CASTRO MARTINS DE OLIVEIRA";"COMPRA A/V - R$ - APRES";"16/02/2021";"120,00"
"26000";"Ministério da Educação";"26407";"Instituto Federal de Educação, Ciência e Tecnologia Goiano";"158299";"IF GOIANO - CAMPUS RIO VERDE";"2021";"03";"***.479.171-**";"EDSON LUIZ SOUCHIE";"03242792000107";"RIO TETO COMERCIO DE TINTAS LTDA";"COMPRA A/V - R$ - APRES";"22/02/2021";"115,00"
"26000";"Ministério da Educação";"26407";"Instituto Federal de Educação, Ciência e Tecnologia Goiano";"158299";"IF GOIANO - CAMPUS RIO VERDE";"2021";"03";"***.479.171-**";"EDSON LUIZ SOUCHIE";"03242792000107";"RIO TETO COMERCIO DE TINTAS LTDA";"COMPRA A/V - R$ - APRES";"19/02/2021";"17,00"
"26000";"Ministério da Educação";"26407";"Instituto Federal de Educação, Ciência e Tecnologia Goiano";"158299";"IF GOIANO - CAMPUS RIO VERDE";"2021";"03";"***.479.171-**";"EDSON LUIZ SOUCHIE";"03242792000107";"RIO TETO COMERCIO DE TINTAS LTDA";"COMPRA A/V - R$ - APRES";"18/02/2021";"227,50"
"26000";"Ministério da Educação";"26407";"Instituto Federal de Educação, Ciência e Tecnologia Goiano";"158299";"IF GOIANO - CAMPUS RIO VERDE";"2021";"03";"***.479.171-**";"EDSON LUIZ SOUCHIE";"01867858000110";"CERRADAO PRODUTOS AGROPECUARIOS LTDA";"COMPRA A/V - R$ - APRES";"18/02/2021";"514,47"
"26000";"Ministério da Educação";"26407";"Instituto Federal de Educação, Ciência e Tecnologia Goiano";"158299";"IF GOIANO - CAMPUS RIO VERDE";"2021";"03";"***.479.171-**";"EDSON LUIZ SOUCHIE";"37528147000169";"MADEIREIRA RIO VERDE E TAMBORARIA LTDA";"COMPRA A/V - R$ - APRES";"10/02/2021";"780,00"
"26000";"Ministério da Educação";"26407";"Instituto Federal de Educação, Ciência e Tecnologia Goiano";"158298";"IF GOIANO - CAMPUS URUTAI";"2021";"03";"***.931.641-**";"IRAIDES JACINTO";"16668076000200";"SUMUP INSTITUICAO DE PAGAMENTO BRASIL LTDA";"COMPRA A/V - R$ - APRES";"29/01/2021";"599,00"
"26000";"Ministério da Educação";"26407";"Instituto Federal de Educação, Ciência e Tecnologia Goiano";"158298";"IF GOIANO - CAMPUS URUTAI";"2021";"03";"***.931.641-**";"IRAIDES JACINTO";"01608488000105";"HOHL MAQUINAS AGRICOLAS LTDA";"COMPRA A/V - R$ - APRES";"27/01/2021";"206,00"
"26000";"Ministério da Educação";"26407";"Instituto Federal de Educação, Ciência e Tecnologia Goiano";"158298";"IF GOIANO - CAMPUS URUTAI";"2021";"03";"***.931.641-**";"IRAIDES JACINTO";"18442927000147";"CORUMBA HOSPITALAR LTDA";"COMPRA A/V - R$ - APRES";"29/01/2021";"200,00"
"26000";"Ministério da Educação";"26407";"Instituto Federal de Educação, Ciência e Tecnologia Goiano";"158298";"IF GOIANO - CAMPUS URUTAI";"2021";"03";"***.931.641-**";"IRAIDES JACINTO";"01273390000136";"POSTO GERAR LTDA";"COMPRA A/V - R$ - APRES";"12/02/2021";"217,80"
"26000";"Ministério da Educação";"26407";"Instituto Federal de Educação, Ciência e Tecnologia Goiano";"158298";"IF GOIANO - CAMPUS URUTAI";"2021";"03";"***.931.641-**";"IRAIDES JACINTO";"04127786000163";"EUDENICE MARQUES DA SILVA";"COMPRA A/V - R$ - APRES";"29/01/2021";"678,80"
"26000";"Ministério da Educação";"26407";"Instituto Federal de Educação, Ciência e Tecnologia Goiano";"158298";"IF GOIANO - CAMPUS URUTAI";"2021";"03";"***.931.641-**";"IRAIDES JACINTO";"08638166000140";"SUPERMERCADO SAO RAFAEL LTDA";"COMPRA A/V - R$ - APRES";"01/02/2021";"41,56"
"26000";"Ministério da Educação";"26407";"Instituto Federal de Educação, Ciência e Tecnologia Goiano";"158298";"IF GOIANO - CAMPUS URUTAI";"2021";"03";"***.931.641-**";"IRAIDES JACINTO";"05333963000120";"AGROFORTE NUTRICAO ANIMAL LTDA";"COMPRA A/V - R$ - APRES";"19/02/2021";"316,00"
"26000";"Ministério da Educação";"26407";"Instituto Federal de Educação, Ciência e Tecnologia Goiano";"158298";"IF GOIANO - CAMPUS URUTAI";"2021";"03";"***.931.641-**";"IRAIDES JACINTO";"16668076000200";"SUMUP INSTITUICAO DE PAGAMENTO BRASIL LTDA";"COMPRA A/V - R$ - APRES";"29/01/2021";"320,00"
"26000";"Ministério da Educação";"26436";"Instituto Federal de Educação, Ciência e Tecnologia Sul-rio-grandense";"151879";"INST.FED.SUL-RIO-GRANDENSE/CAMPUS BAGE";"2021";"03";"***.700.070-**";"ISRAEL LEMOS DOS SANTOS";"11185008000196";"BARRETO & FEIJO LTDA.";"COMPRA A/V - R$ - APRES";"23/02/2021";"105,00"
"26000";"Ministério da Educação";"26436";"Instituto Federal de Educação, Ciência e Tecnologia Sul-rio-grandense";"151879";"INST.FED.SUL-RIO-GRANDENSE/CAMPUS BAGE";"2021";"03";"***.700.070-**";"ISRAEL LEMOS DOS SANTOS";"11185008000196";"BARRETO & FEIJO LTDA.";"COMPRA A/V - R$ - APRES";"23/02/2021";"740,00"
"26000";"Ministério da Educação";"26436";"Instituto Federal de Educação, Ciência e Tecnologia Sul-rio-grandense";"158338";"INST.FED.SUL-RIO-GRANDENSE/CAMPUS PASSO FUNDO";"2021";"03";"***.280.190-**";"ALESSANDRO FERNANDES DELLA VECCHIA";"07473735006899";"SIM REDE DE POSTOS LTDA";"COMPRA A/V - R$ - APRES";"22/02/2021";"49,54"
"26000";"Ministério da Educação";"26436";"Instituto Federal de Educação, Ciência e Tecnologia Sul-rio-grandense";"158338";"INST.FED.SUL-RIO-GRANDENSE/CAMPUS PASSO FUNDO";"2021";"03";"***.280.190-**";"ALESSANDRO FERNANDES DELLA VECCHIA";"04975295000172";"VIDRACARIA LOP STAR LTDA";"COMPRA A/V - R$ - APRES";"22/02/2021";"750,00"
"26000";"Ministério da Educação";"26235";"Universidade Federal de Goiás";"153052";"UNIVERSIDADE FEDERAL DE GOIAS";"2021";"03";"***.986.001-**";"ANA CRISTINA SILVA REBELO";"26923102000172";"M B M PRODUTOS DE ESCRITORIO E INFORMATICA LTDA";"COMPRA A/V - R$ - APRES";"19/02/2021";"92,00"
"26000";"Ministério da Educação";"26235";"Universidade Federal de Goiás";"153052";"UNIVERSIDADE FEDERAL DE GOIAS";"2021";"03";"***.986.001-**";"ANA CRISTINA SILVA REBELO";"00154187000188";"CENTROMAQ PECAS E SERVICOS LTDA";"COMPRA A/V - R$ - APRES";"23/02/2021";"495,00"
"26000";"Ministério da Educação";"26235";"Universidade Federal de Goiás";"153052";"UNIVERSIDADE FEDERAL DE GOIAS";"2021";"03";"***.986.001-**";"ANA CRISTINA SILVA REBELO";"12083050000169";"12.083.050 MARCIA SANTANA DO NASCIMENTO SILVA";"COMPRA A/V - R$ - APRES";"22/02/2021";"680,00"
"26000";"Ministério da Educação";"26237";"Universidade Federal de Juiz de Fora";"153061";"UNIVERSIDADE FEDERAL DE JUIZ DE FORA";"2021";"03";"***.595.406-**";"MARCIO DE OLIVEIRA RESENDE SOUZA";"15630626000159";"MARCO A. E. MACHADO MATERIAIS ELETRICOS";"COMPRA A/V - R$ - APRES";"10/02/2021";"200,00"
"26000";"Ministério da Educação";"26237";"Universidade Federal de Juiz de Fora";"153061";"UNIVERSIDADE FEDERAL DE JUIZ DE FORA";"2021";"03";"***.595.406-**";"MARCIO DE OLIVEIRA RESENDE SOUZA";"17155342001074";"LOJA ELETRICA LTDA";"COMPRA A/V - R$ - APRES";"23/02/2021";"600,00"
"26000";"Ministério da Educação";"26238";"Universidade Federal de Minas Gerais";"153267";"DEPARTAMENTO MANUT. OPER.INFRA-ESTRUTURA/UFMG";"2021";"03";"***.248.516-**";"REINALDO DA COSTA SILVA";"04670928000134";"FORTEC ELETRONICA LTDA";"COMPRA A/V - R$ - APRES";"12/02/2021";"196,90"
"26000";"Ministério da Educação";"26238";"Universidade Federal de Minas Gerais";"153267";"DEPARTAMENTO MANUT. OPER.INFRA-ESTRUTURA/UFMG";"2021";"03";"***.248.516-**";"REINALDO DA COSTA SILVA";"02842891000159";"MAPRI LTDA.";"COMPRA A/V - R$ - APRES";"08/02/2021";"355,00"
"26000";"Ministério da Educação";"26238";"Universidade Federal de Minas Gerais";"153267";"DEPARTAMENTO MANUT. OPER.INFRA-ESTRUTURA/UFMG";"2021";"03";"***.248.516-**";"REINALDO DA COSTA SILVA";"92660406003215";"FRIGELAR COMERCIO E INDUSTRIA LTDA";"COMPRA A/V - R$ - APRES";"12/02/2021";"700,00"
"26000";"Ministério da Educação";"26238";"Universidade Federal de Minas Gerais";"153267";"DEPARTAMENTO MANUT. OPER.INFRA-ESTRUTURA/UFMG";"2021";"03";"***.248.516-**";"REINALDO DA COSTA SILVA";"01754239001949";"REFRIGERACAO DUFRIO COMERCIO E IMPORTACAO S.A.";"COMPRA A/V - R$ - APRES";"19/02/2021";"20,00"
"26000";"Ministério da Educação";"26238";"Universidade Federal de Minas Gerais";"153267";"DEPARTAMENTO MANUT. OPER.INFRA-ESTRUTURA/UFMG";"2021";"03";"***.248.516-**";"REINALDO DA COSTA SILVA";"01754239001949";"REFRIGERACAO DUFRIO COMERCIO E IMPORTACAO S.A.";"COMPRA A/V - R$ - APRES";"08/02/2021";"378,00"
"26000";"Ministério da Educação";"26238";"Universidade Federal de Minas Gerais";"153296";"INSTITUTO DE CIENCIAS AGRARIAS/UFMG";"2021";"03";"***.482.636-**";"SOCRATES DUMONT SOBRINHO";"22661482000163";"FREIOPECAS LTDA";"COMPRA A/V - R$ - APRES";"19/02/2021";"312,00"
"26000";"Ministério da Educação";"26238";"Universidade Federal de Minas Gerais";"153296";"INSTITUTO DE CIENCIAS AGRARIAS/UFMG";"2021";"03";"***.482.636-**";"SOCRATES DUMONT SOBRINHO";"21375605000137";"AUTO ELETRICA JACKSON LIMITADA";"COMPRA A/V - R$ - APRES";"18/02/2021";"460,00"
"26000";"Ministério da Educação";"26247";"Universidade Federal de Santa Maria";"153164";"UNIVERSIDADE FEDERAL DE SANTA MARIA";"2021";"03";"***.126.270-**";"JOSE JOAO MAYER AMARAIM";"06082365000199";"REFRIGERACAO LUZ LTDA";"COMPRA A/V - R$ - APRES";"11/02/2021";"35,00"
"26000";"Ministério da Educação";"26247";"Universidade Federal de Santa Maria";"153164";"UNIVERSIDADE FEDERAL DE SANTA MARIA";"2021";"03";"***.126.270-**";"JOSE JOAO MAYER AMARAIM";"22968726000155";"A8 MATERIAIS PARA CONSTRUCAO LTDA";"COMPRA A/V - R$ - APRES";"09/02/2021";"119,00"
"26000";"Ministério da Educação";"26247";"Universidade Federal de Santa Maria";"153164";"UNIVERSIDADE FEDERAL DE SANTA MARIA";"2021";"03";"***.126.270-**";"JOSE JOAO MAYER AMARAIM";"94163045000120";"CASA DAS MANGUEIRAS LTDA";"COMPRA A/V - R$ - APRES";"11/02/2021";"25,00"
"26000";"Ministério da Educação";"26247";"Universidade Federal de Santa Maria";"153164";"UNIVERSIDADE FEDERAL DE SANTA MARIA";"2021";"03";"***.126.270-**";"JOSE JOAO MAYER AMARAIM";"94248978000110";"A J BOLSON & CIA LTDA";"COMPRA A/V - R$ - APRES";"08/02/2021";"198,00"
"26000";"Ministério da Educação";"26243";"Universidade Federal do Rio Grande do Norte";"153107";"CENTRO DE CIENCIAS DA SAUDE DA UFRN";"2021";"03";"***.936.504-**";"FRANKLIN DANTAS FREIRE";"40778920000150";"FTP COMERCIO E SERVICOS DE INFORMATICA LTDA";"COMPRA A/V - R$ - APRES";"01/02/2021";"560,00"
"26000";"Ministério da Educação";"26243";"Universidade Federal do Rio Grande do Norte";"153107";"CENTRO DE CIENCIAS DA SAUDE DA UFRN";"2021";"03";"***.936.504-**";"FRANKLIN DANTAS FREIRE";"40778920000150";"FTP COMERCIO E SERVICOS DE INFORMATICA LTDA";"COMPRA A/V - R$ - APRES";"29/01/2021";"159,00"
"26000";"Ministério da Educação";"26243";"Universidade Federal do Rio Grande do Norte";"153103";"UNIVERSIDADE FEDERAL DO RIO GRANDE DO NORTE";"2021";"03";"***.256.344-**";"VANESSA TEIXEIRA DE LIMA OLIVEIRA";"09419392000445";"G A GOIS SUPERMERCADOS LTDA.";"COMPRA A/V - R$ - APRES";"19/02/2021";"53,11"
"26000";"Ministério da Educação";"26243";"Universidade Federal do Rio Grande do Norte";"153103";"UNIVERSIDADE FEDERAL DO RIO GRANDE DO NORTE";"2021";"03";"***.256.344-**";"VANESSA TEIXEIRA DE LIMA OLIVEIRA";"09419392000445";"G A GOIS SUPERMERCADOS LTDA.";"COMPRA A/V - R$ - APRES";"19/02/2021";"17,18"
"26000";"Ministério da Educação";"26254";"Universidade Federal do Triângulo Mineiro";"153035";"UNIVERSIDADE FEDERAL DO TRIANGULO MINEIRO";"2021";"03";"***.820.876-**";"JOSE LAZARO DE OLIVEIRA";"86598356000194";"DEONALDO DE SOUSA PORTO";"COMPRA A/V - R$ - APRES";"05/02/2021";"300,00"
"26000";"Ministério da Educação";"26254";"Universidade Federal do Triângulo Mineiro";"153035";"UNIVERSIDADE FEDERAL DO TRIANGULO MINEIRO";"2021";"03";"***.820.876-**";"JOSE LAZARO DE OLIVEIRA";"01065982000162";"COMERCIAL ELETRO FONTE LTDA";"COMPRA A/V - R$ - APRES";"05/02/2021";"210,00"
"26000";"Ministério da Educação";"26254";"Universidade Federal do Triângulo Mineiro";"153035";"UNIVERSIDADE FEDERAL DO TRIANGULO MINEIRO";"2021";"03";"***.820.876-**";"JOSE LAZARO DE OLIVEIRA";"65329906000108";"ARTE SCREEN MATERIAIS SERIGRAFICOS LTDA";"COMPRA A/V - R$ - APRES";"05/02/2021";"61,00"
"26000";"Ministério da Educação";"26254";"Universidade Federal do Triângulo Mineiro";"153035";"UNIVERSIDADE FEDERAL DO TRIANGULO MINEIRO";"2021";"03";"***.820.876-**";"JOSE LAZARO DE OLIVEIRA";"10230607000111";"SOLANGE BEATRIZ RIBEIRO CRUZ LTDA";"COMPRA A/V - R$ - APRES";"05/02/2021";"175,00"
"26000";"Ministério da Educação";"26255";"Universidade Federal dos Vales do Jequitinhonha e Mucuri";"153036";"UNIVERSIDADE FED.VALES JEQUITINHONHA E MUCURI";"2021";"03";"***.336.946-**";"GUILHERME PETRONE SOARES DE OLIVEIRA";"25667502000100";"JG ELETRICA E HIDRAULICA LTDA";"COMPRA A/V - R$ - APRES";"22/02/2021";"68,00"
"26000";"Ministério da Educação";"26255";"Universidade Federal dos Vales do Jequitinhonha e Mucuri";"153036";"UNIVERSIDADE FED.VALES JEQUITINHONHA E MUCURI";"2021";"03";"***.440.616-**";"ANDERSON MATOS FERNANDES";"05396952000190";"SIDNEY AUGUSTO CESAR";"COMPRA A/V - R$ - APRES";"19/02/2021";"330,00"
"26000";"Ministério da Educação";"26255";"Universidade Federal dos Vales do Jequitinhonha e Mucuri";"153036";"UNIVERSIDADE FED.VALES JEQUITINHONHA E MUCURI";"2021";"03";"***.336.946-**";"GUILHERME PETRONE SOARES DE OLIVEIRA";"70965009000112";"REFRIGERACAO TRAN-CHAN LTDA";"COMPRA A/V - R$ - APRES";"03/02/2021";"40,00"
"26000";"Ministério da Educação";"26255";"Universidade Federal dos Vales do Jequitinhonha e Mucuri";"153036";"UNIVERSIDADE FED.VALES JEQUITINHONHA E MUCURI";"2021";"03";"***.665.546-**";"JOSIMAR RODRIGUES OLIVEIRA";"04300453000194";"CASA DO FAZENDEIRO DE DIAMANTINA COMERCIO E INDUSTRIA LTDA";"COMPRA A/V - R$ - APRES";"03/02/2021";"220,48"
"26000";"Ministério da Educação";"26255";"Universidade Federal dos Vales do Jequitinhonha e Mucuri";"153036";"UNIVERSIDADE FED.VALES JEQUITINHONHA E MUCURI";"2021";"03";"***.665.546-**";"JOSIMAR RODRIGUES OLIVEIRA";"08284840000135";"ELETRO AVENIDA LTDA";"COMPRA A/V - R$ - APRES";"03/02/2021";"249,24"
"26000";"Ministério da Educação";"26249";"Universidade Federal Rural do Rio de Janeiro";"153166";"UNIVERSIDADE FEDERAL RURAL DO RIO DE JANEIRO";"2021";"03";"***.395.148-**";"EVANDRO SILVA PEREIRA COSTA";"08874311000191";"QUEST LABOR SOLUCOES PARA LABORATORIOS LTDA";"COMPRA A/V - R$ - APRES";"09/02/2021";"3000,00"
"26000";"Ministério da Educação";"26249";"Universidade Federal Rural do Rio de Janeiro";"153166";"UNIVERSIDADE FEDERAL RURAL DO RIO DE JANEIRO";"2021";"03";"***.395.148-**";"EVANDRO SILVA PEREIRA COSTA";"08874311000191";"QUEST LABOR SOLUCOES PARA LABORATORIOS LTDA";"COMPRA A/V - R$ - APRES";"09/02/2021";"2000,00"
"26000";"Ministério da Educação";"26249";"Universidade Federal Rural do Rio de Janeiro";"153166";"UNIVERSIDADE FEDERAL RURAL DO RIO DE JANEIRO";"2021";"03";"***.395.148-**";"EVANDRO SILVA PEREIRA COSTA";"08874311000191";"QUEST LABOR SOLUCOES PARA LABORATORIOS LTDA";"COMPRA A/V - R$ - APRES";"09/02/2021";"8000,00"
"26000";"Ministério da Educação";"26264";"Universidade Federal Rural do Semi-Árido";"153033";"UNIVERSIDADE FEDERAL RURAL DO SEMI-ARIDO - RN";"2021";"03";"***.849.343-**";"FRANCYELLE GURGEL DE CASTRO ALVES";"03708046000158";"CROP AGRICOLA LTDA";"COMPRA A/V - R$ - APRES";"19/02/2021";"212,00"
"26000";"Ministério da Educação";"26264";"Universidade Federal Rural do Semi-Árido";"153033";"UNIVERSIDADE FEDERAL RURAL DO SEMI-ARIDO - RN";"2021";"03";"***.354.344-**";"ANDRE MENEZES DO VALE";"07969641000106";"MARQ TECH COMERCIO E SERVICOS LTDA";"COMPRA A/V - R$ - APRES";"08/02/2021";"1700,00"
"25000";"Ministério da Fazenda";"25203";"Comissão de Valores Mobiliários";"173030";"COMISSAO DE VALORES MOBILIARIOS";"2021";"03";"***.231.287-**";"REGINALDO ALMEIDA NEGROMONTE";"71718555000200";"RW ADMINISTRADORA E EMPREENDIMENTOS LTDA";"COMPRA A/V - R$ - APRES";"12/02/2021";"1611,64"
"25000";"Ministério da Fazenda";"25915";"Fundo Constitucional do Distrito Federal";"170395";"FCDF±SSP ± POLICIA CIVIL DO DF";"2021";"03";"***.842.631-**";"MAURO AZEVEDO COELHO";"43283811005976";"KALUNGA SA";"COMPRA A/V - R$ - APRES";"11/02/2021";"1088,00"
"25000";"Ministério da Fazenda";"25915";"Fundo Constitucional do Distrito Federal";"170395";"FCDF±SSP ± POLICIA CIVIL DO DF";"2021";"03";"***.842.631-**";"MAURO AZEVEDO COELHO";"43283811005976";"KALUNGA SA";"COMPRA A/V - R$ - APRES";"11/02/2021";"320,00"
"25000";"Ministério da Fazenda";"25915";"Fundo Constitucional do Distrito Federal";"170395";"FCDF±SSP ± POLICIA CIVIL DO DF";"2021";"03";"***.162.876-**";"HENES APARECIDO ALVES";"04398866000153";"RV PROMOCIONAL IMPRESSOS E EMBALAGENS LTDA";"COMPRA A/V - R$ - APRES";"18/02/2021";"1760,00"
"25000";"Ministério da Fazenda";"25915";"Fundo Constitucional do Distrito Federal";"170395";"FCDF±SSP ± POLICIA CIVIL DO DF";"2021";"03";"***.843.461-**";"BRAZ FELIZARDO DA SILVEIRA";"28152414000155";"KREDIT PAGAMENTOS S/A";"COMPRA A/V - R$ - APRES";"18/02/2021";"50,98"
"25000";"Ministério da Fazenda";"25915";"Fundo Constitucional do Distrito Federal";"170395";"FCDF±SSP ± POLICIA CIVIL DO DF";"2021";"03";"***.523.563-**";"CICERO SANTOS COSTA QUINTO";"28152414000155";"KREDIT PAGAMENTOS S/A";"COMPRA A/V - R$ - APRES";"01/02/2021";"59,90"
"25000";"Ministério da Fazenda";"25915";"Fundo Constitucional do Distrito Federal";"170395";"FCDF±SSP ± POLICIA CIVIL DO DF";"2021";"03";"***.523.563-**";"CICERO SANTOS COSTA QUINTO";"01438784001411";"LEROY MERLIN COMPANHIA BRASILEIRA DE BRICOLAGEM";"COMPRA A/V - R$ - APRES";"28/01/2021";"239,70"
"25000";"Ministério da Fazenda";"25915";"Fundo Constitucional do Distrito Federal";"170395";"FCDF±SSP ± POLICIA CIVIL DO DF";"2021";"03";"***.504.211-**";"MARCIO SERRA ARAGAO";"01736422170";"LEONARDO HENRIQUE DE ABREU MELO";"COMPRA A/V - R$ - APRES";"02/02/2021";"200,00"
"25000";"Ministério da Fazenda";"25915";"Fundo Constitucional do Distrito Federal";"170395";"FCDF±SSP ± POLICIA CIVIL DO DF";"2021";"03";"***.504.211-**";"MARCIO SERRA ARAGAO";"04539985000189";"MADERMACK COMERCIO DE TINTAS LTDA";"COMPRA A/V - R$ - APRES";"04/02/2021";"628,83"
"25000";"Ministério da Fazenda";"25915";"Fundo Constitucional do Distrito Federal";"170395";"FCDF±SSP ± POLICIA CIVIL DO DF";"2021";"03";"***.523.563-**";"CICERO SANTOS COSTA QUINTO";"37083474000154";"AC COELHO MATERIAIS PARA CONSTRUCAO LTDA";"COMPRA A/V - R$ - APRES";"28/01/2021";"435,00"
"25000";"Ministério da Fazenda";"25915";"Fundo Constitucional do Distrito Federal";"170395";"FCDF±SSP ± POLICIA CIVIL DO DF";"2021";"03";"***.504.211-**";"MARCIO SERRA ARAGAO";"01998069000542";"ACTOS COMERCIO IMPORTACAO E EXPORTACAO LTDA";"COMPRA A/V - R$ - APRES";"19/02/2021";"585,01"
"25000";"Ministério da Fazenda";"25915";"Fundo Constitucional do Distrito Federal";"170395";"FCDF±SSP ± POLICIA CIVIL DO DF";"2021";"03";"";"Sigiloso";"-11";"Sigiloso";"Informações protegidas por sigilo";"";"800,00"
"25000";"Ministério da Fazenda";"25915";"Fundo Constitucional do Distrito Federal";"170395";"FCDF±SSP ± POLICIA CIVIL DO DF";"2021";"03";"";"Sigiloso";"-11";"Sigiloso";"Informações protegidas por sigilo";"";"800,00"
"25000";"Ministério da Fazenda";"25915";"Fundo Constitucional do Distrito Federal";"170395";"FCDF±SSP ± POLICIA CIVIL DO DF";"2021";"03";"";"Sigiloso";"-11";"Sigiloso";"Informações protegidas por sigilo";"";"800,00"
"25000";"Ministério da Fazenda";"25915";"Fundo Constitucional do Distrito Federal";"170395";"FCDF±SSP ± POLICIA CIVIL DO DF";"2021";"03";"";"Sigiloso";"-11";"Sigiloso";"Informações protegidas por sigilo";"";"1000,00"
"25000";"Ministério da Fazenda";"25915";"Fundo Constitucional do Distrito Federal";"170395";"FCDF±SSP ± POLICIA CIVIL DO DF";"2021";"03";"";"Sigiloso";"-11";"Sigiloso";"Informações protegidas por sigilo";"";"1000,00"
"25000";"Ministério da Fazenda";"25915";"Fundo Constitucional do Distrito Federal";"170395";"FCDF±SSP ± POLICIA CIVIL DO DF";"2021";"03";"";"Sigiloso";"-11";"Sigiloso";"Informações protegidas por sigilo";"";"800,00"
"25000";"Ministério da Fazenda";"25915";"Fundo Constitucional do Distrito Federal";"170395";"FCDF±SSP ± POLICIA CIVIL DO DF";"2021";"03";"";"Sigiloso";"-11";"Sigiloso";"Informações protegidas por sigilo";"";"1000,00"
"25000";"Ministério da Fazenda";"25915";"Fundo Constitucional do Distrito Federal";"170395";"FCDF±SSP ± POLICIA CIVIL DO DF";"2021";"03";"***.523.563-**";"CICERO SANTOS COSTA QUINTO";"05902751000117";"SIA PARAFUSOS E FERRAMENTAS LTDA";"COMPRA A/V - R$ - APRES";"28/01/2021";"60,00"
"25000";"Ministério da Fazenda";"25915";"Fundo Constitucional do Distrito Federal";"170395";"FCDF±SSP ± POLICIA CIVIL DO DF";"2021";"03";"***.504.211-**";"MARCIO SERRA ARAGAO";"03988378000133";"DF DISTRIBUIDORA DE PAPEIS LTDA";"COMPRA A/V - R$ - APRES";"18/02/2021";"1702,00"
"25000";"Ministério da Fazenda";"25915";"Fundo Constitucional do Distrito Federal";"170395";"FCDF±SSP ± POLICIA CIVIL DO DF";"2021";"03";"***.106.231-**";"MARCO ANTONIO DE SOUSA FERNANDES";"03621083000124";"ULTRASOM ELETRONICA LTDA";"COMPRA A/V - R$ - APRES";"19/02/2021";"714,00"
"25000";"Ministério da Fazenda";"25915";"Fundo Constitucional do Distrito Federal";"170395";"FCDF±SSP ± POLICIA CIVIL DO DF";"2021";"03";"***.523.563-**";"CICERO SANTOS COSTA QUINTO";"29640795000184";"LED SIA COMERCIO DE PRODUTOS ELETRICOS LTDA";"COMPRA A/V - R$ - APRES";"28/01/2021";"60,00"
"25000";"Ministério da Fazenda";"25915";"Fundo Constitucional do Distrito Federal";"170395";"FCDF±SSP ± POLICIA CIVIL DO DF";"2021";"03";"***.528.216-**";"RAFAEL BORELA VALENTE";"13727521000197";"ALMEIDA MENDES COMERCIO E CURSOS DE ARTES LTDA";"COMPRA A/V - R$ - APRES";"03/02/2021";"129,60"
"25000";"Ministério da Fazenda";"25915";"Fundo Constitucional do Distrito Federal";"170395";"FCDF±SSP ± POLICIA CIVIL DO DF";"2021";"03";"***.504.211-**";"MARCIO SERRA ARAGAO";"06954410000158";"SR - COMERCIAL DE SUPRIMENTOS PARA COMUNICACAO VISUAL LTDA";"COMPRA A/V - R$ - APRES";"28/01/2021";"1700,00"
"25000";"Ministério da Fazenda";"25915";"Fundo Constitucional do Distrito Federal";"170395";"FCDF±SSP ± POLICIA CIVIL DO DF";"2021";"03";"***.504.211-**";"MARCIO SERRA ARAGAO";"22392255000180";"VICENTE PIRES VIDROS LTDA";"COMPRA A/V - R$ - APRES";"22/02/2021";"181,60"
"25000";"Ministério da Fazenda";"25915";"Fundo Constitucional do Distrito Federal";"170395";"FCDF±SSP ± POLICIA CIVIL DO DF";"2021";"03";"***.843.461-**";"BRAZ FELIZARDO DA SILVEIRA";"-2";"NAO SE APLICA";"SAQUE CASH/ATM BB";"19/02/2021";"360,00"
"25000";"Ministério da Fazenda";"25915";"Fundo Constitucional do Distrito Federal";"170395";"FCDF±SSP ± POLICIA CIVIL DO DF";"2021";"03";"***.504.211-**";"MARCIO SERRA ARAGAO";"09461647000438";"SOLUTI - SOLUCOES EM NEGOCIOS INTELIGENTES S/A";"COMPRA A/V - R$ - APRES";"02/02/2021";"240,00"
"25000";"Ministério da Fazenda";"25915";"Fundo Constitucional do Distrito Federal";"170395";"FCDF±SSP ± POLICIA CIVIL DO DF";"2021";"03";"***.504.211-**";"MARCIO SERRA ARAGAO";"09461647000438";"SOLUTI - SOLUCOES EM NEGOCIOS INTELIGENTES S/A";"COMPRA A/V - R$ - APRES";"02/02/2021";"480,00"
"25000";"Ministério da Fazenda";"25915";"Fundo Constitucional do Distrito Federal";"170395";"FCDF±SSP ± POLICIA CIVIL DO DF";"2021";"03";"***.665.301-**";"SANLAC MACHADO DA CUNHA";"05667887000190";"VET CENTER- COMERCIO DE PRODUTOS VETERINARIOS LTDA.";"COMPRA A/V - R$ - APRES";"10/02/2021";"1070,85"
"25000";"Ministério da Fazenda";"25915";"Fundo Constitucional do Distrito Federal";"170395";"FCDF±SSP ± POLICIA CIVIL DO DF";"2021";"03";"***.665.301-**";"SANLAC MACHADO DA CUNHA";"05667887000190";"VET CENTER- COMERCIO DE PRODUTOS VETERINARIOS LTDA.";"COMPRA A/V - R$ - APRES";"04/02/2021";"1507,96"
"25000";"Ministério da Fazenda";"25915";"Fundo Constitucional do Distrito Federal";"170395";"FCDF±SSP ± POLICIA CIVIL DO DF";"2021";"03";"***.523.563-**";"CICERO SANTOS COSTA QUINTO";"13243215000185";"TURQUESA COMERCIO DE JOIAS LTDA";"COMPRA A/V - R$ - APRES";"09/02/2021";"101,00"
"25000";"Ministério da Fazenda";"25915";"Fundo Constitucional do Distrito Federal";"170395";"FCDF±SSP ± POLICIA CIVIL DO DF";"2021";"03";"***.106.231-**";"MARCO ANTONIO DE SOUSA FERNANDES";"38058475000101";"VALEVO COMERCIO DIGITAL LTDA";"COMPRA A/V - R$ - APRES";"19/02/2021";"860,00"
"25000";"Ministério da Fazenda";"25915";"Fundo Constitucional do Distrito Federal";"170395";"FCDF±SSP ± POLICIA CIVIL DO DF";"2021";"03";"***.162.876-**";"HENES APARECIDO ALVES";"02870318000159";"ARROBA INFORMATICA LTDA";"COMPRA A/V - R$ - APRES";"17/02/2021";"1180,00"
"25000";"Ministério da Fazenda";"25915";"Fundo Constitucional do Distrito Federal";"170395";"FCDF±SSP ± POLICIA CIVIL DO DF";"2021";"03";"***.523.563-**";"CICERO SANTOS COSTA QUINTO";"24907602000195";"PRIMEIRA LINHA COMERCIAL DE ROLAMENTOS LTDA";"COMPRA A/V - R$ - APRES";"28/01/2021";"495,48"
"25000";"Ministério da Fazenda";"25801";"Receita Federal do Brasil";"170339";"COORDENACAO-GERAL DE PESQ.INVESTIGACAO DA RFB";"2021";"03";"";"Sigiloso";"-11";"Sigiloso";"Informações protegidas por sigilo";"";"1000,00"
"25000";"Ministério da Fazenda";"25801";"Receita Federal do Brasil";"170339";"COORDENACAO-GERAL DE PESQ.INVESTIGACAO DA RFB";"2021";"03";"";"Sigiloso";"-11";"Sigiloso";"Informações protegidas por sigilo";"";"1000,00"
"25000";"Ministério da Fazenda";"25801";"Receita Federal do Brasil";"170339";"COORDENACAO-GERAL DE PESQ.INVESTIGACAO DA RFB";"2021";"03";"";"Sigiloso";"-11";"Sigiloso";"Informações protegidas por sigilo";"";"1000,00"
"25000";"Ministério da Fazenda";"25801";"Receita Federal do Brasil";"170339";"COORDENACAO-GERAL DE PESQ.INVESTIGACAO DA RFB";"2021";"03";"";"Sigiloso";"-11";"Sigiloso";"Informações protegidas por sigilo";"";"1000,00"
"25000";"Ministério da Fazenda";"25801";"Receita Federal do Brasil";"170339";"COORDENACAO-GERAL DE PESQ.INVESTIGACAO DA RFB";"2021";"03";"";"Sigiloso";"-11";"Sigiloso";"Informações protegidas por sigilo";"";"1000,00"
"25000";"Ministério da Fazenda";"25801";"Receita Federal do Brasil";"170339";"COORDENACAO-GERAL DE PESQ.INVESTIGACAO DA RFB";"2021";"03";"";"Sigiloso";"-11";"Sigiloso";"Informações protegidas por sigilo";"";"1000,00"
"25000";"Ministério da Fazenda";"25801";"Receita Federal do Brasil";"170339";"COORDENACAO-GERAL DE PESQ.INVESTIGACAO DA RFB";"2021";"03";"";"Sigiloso";"-11";"Sigiloso";"Informações protegidas por sigilo";"";"1000,00"
"25000";"Ministério da Fazenda";"25801";"Receita Federal do Brasil";"170339";"COORDENACAO-GERAL DE PESQ.INVESTIGACAO DA RFB";"2021";"03";"";"Sigiloso";"-11";"Sigiloso";"Informações protegidas por sigilo";"";"1000,00"
"25000";"Ministério da Fazenda";"25801";"Receita Federal do Brasil";"170339";"COORDENACAO-GERAL DE PESQ.INVESTIGACAO DA RFB";"2021";"03";"";"Sigiloso";"-11";"Sigiloso";"Informações protegidas por sigilo";"";"1000,00"
"25000";"Ministério da Fazenda";"25801";"Receita Federal do Brasil";"170109";"DELEGACIA DA RFB EM CAMPO GRANDE";"2021";"03";"***.377.551-**";"SANDRA JAKELINE WINCKLER";"20335148000194";"A R S SUPERMERCADOS LTDA";"COMPRA A/V - R$ - APRES";"23/02/2021";"187,37"
"25000";"Ministério da Fazenda";"25801";"Receita Federal do Brasil";"170109";"DELEGACIA DA RFB EM CAMPO GRANDE";"2021";"03";"***.343.341-**";"AROLDO BRANDAO";"14579690000190";"UESLEN DO NASCIMENTO RODRIGUES";"COMPRA A/V - R$ - APRES";"23/02/2021";"768,00"
"25000";"Ministério da Fazenda";"25801";"Receita Federal do Brasil";"170109";"DELEGACIA DA RFB EM CAMPO GRANDE";"2021";"03";"***.377.551-**";"SANDRA JAKELINE WINCKLER";"04024875000184";"FLORES, MENDONCA & SOUZA LTDA";"COMPRA A/V - R$ - APRES";"23/02/2021";"59,00"
"25000";"Ministério da Fazenda";"25801";"Receita Federal do Brasil";"170109";"DELEGACIA DA RFB EM CAMPO GRANDE";"2021";"03";"***.377.551-**";"SANDRA JAKELINE WINCKLER";"04024875000184";"FLORES, MENDONCA & SOUZA LTDA";"COMPRA A/V - R$ - APRES";"23/02/2021";"23,00"
"25000";"Ministério da Fazenda";"25801";"Receita Federal do Brasil";"170109";"DELEGACIA DA RFB EM CAMPO GRANDE";"2021";"03";"***.377.551-**";"SANDRA JAKELINE WINCKLER";"01024050000171";"EXATA PAPELARIA LTDA";"COMPRA A/V - R$ - APRES";"23/02/2021";"60,75"
"25000";"Ministério da Fazenda";"25801";"Receita Federal do Brasil";"170192";"DELEGACIA DA RFB EM CUIABA";"2021";"03";"***.304.361-**";"WALCEMIR CARLOS DA SILVA";"37470911000192";"ELETRO FIOS MATERIAIS ELETRICOS LTDA";"COMPRA A/V - R$ - APRES";"05/02/2021";"343,00"
"25000";"Ministério da Fazenda";"25801";"Receita Federal do Brasil";"170192";"DELEGACIA DA RFB EM CUIABA";"2021";"03";"***.304.361-**";"WALCEMIR CARLOS DA SILVA";"-2";"NAO SE APLICA";"SAQUE CASH/ATM BB";"22/02/2021";"500,00"
"25000";"Ministério da Fazenda";"25801";"Receita Federal do Brasil";"170198";"DELEGACIA DA RFB EM GOIANIA";"2021";"03";"***.315.271-**";"JOAO PAULO DOS SANTOS";"13119405000195";"GOIANITA EMPRESARIAL UTILIDADES LTDA EM RECUPERACAO JUDICIAL";"COMPRA A/V - R$ - APRES";"11/02/2021";"72,00"
"25000";"Ministério da Fazenda";"25801";"Receita Federal do Brasil";"170198";"DELEGACIA DA RFB EM GOIANIA";"2021";"03";"***.315.271-**";"JOAO PAULO DOS SANTOS";"00496983000107";"KAPITAO AMERICA EQUIPAMENTOS DE SEGURANCA LTDA";"COMPRA A/V - R$ - APRES";"08/02/2021";"1039,90"
"25000";"Ministério da Fazenda";"25801";"Receita Federal do Brasil";"170198";"DELEGACIA DA RFB EM GOIANIA";"2021";"03";"***.315.271-**";"JOAO PAULO DOS SANTOS";"25004292000161";"NACIONAL BORRACHA LTDA";"COMPRA A/V - R$ - APRES";"08/02/2021";"850,00"
"25000";"Ministério da Fazenda";"25801";"Receita Federal do Brasil";"170198";"DELEGACIA DA RFB EM GOIANIA";"2021";"03";"***.315.271-**";"JOAO PAULO DOS SANTOS";"02234417000144";"CARBOQUIMA PRODUTOS QUIMICOS LTDA";"COMPRA A/V - R$ - APRES";"17/02/2021";"226,00"
"25000";"Ministério da Fazenda";"25801";"Receita Federal do Brasil";"170198";"DELEGACIA DA RFB EM GOIANIA";"2021";"03";"***.315.271-**";"JOAO PAULO DOS SANTOS";"02192060000189";"LOURENCO MIRANDA MATERIAIS DE CONSTRUCAO LTDA";"COMPRA A/V - R$ - APRES";"23/02/2021";"98,00"
"25000";"Ministério da Fazenda";"25801";"Receita Federal do Brasil";"170198";"DELEGACIA DA RFB EM GOIANIA";"2021";"03";"***.315.271-**";"JOAO PAULO DOS SANTOS";"07649250000104";"LD VIOLATTI IMPRESSOS LTDA";"COMPRA A/V - R$ - APRES";"11/02/2021";"10,00"
"25000";"Ministério da Fazenda";"25801";"Receita Federal do Brasil";"170198";"DELEGACIA DA RFB EM GOIANIA";"2021";"03";"***.315.271-**";"JOAO PAULO DOS SANTOS";"00059527000191";"VIDRACARIA AKUARIUS LTDA";"COMPRA A/V - R$ - APRES";"17/02/2021";"470,00"
"25000";"Ministério da Fazenda";"25801";"Receita Federal do Brasil";"170198";"DELEGACIA DA RFB EM GOIANIA";"2021";"03";"***.315.271-**";"JOAO PAULO DOS SANTOS";"01847854000332";"ELETRO TRANSOL IND E COMERCIO MAT ELETRICOS LTDA";"COMPRA A/V - R$ - APRES";"08/02/2021";"171,50"
"25000";"Ministério da Fazenda";"25801";"Receita Federal do Brasil";"170198";"DELEGACIA DA RFB EM GOIANIA";"2021";"03";"***.315.271-**";"JOAO PAULO DOS SANTOS";"27524591000152";"MARCELO DA SILVA ASSIS";"COMPRA A/V - R$ - APRES";"04/02/2021";"23,35"
"25000";"Ministério da Fazenda";"25801";"Receita Federal do Brasil";"170171";"DELEGACIA DA RFB EM JOINVILLE";"2021";"03";"***.257.718-**";"MARCELO SILVA LAVANINI";"83240028000980";"COPAPEL COMERCIO E REPRESENTACOES DE PAPEL LTDA";"COMPRA A/V - R$ - APRES";"12/02/2021";"496,09"
"25000";"Ministério da Fazenda";"25801";"Receita Federal do Brasil";"170171";"DELEGACIA DA RFB EM JOINVILLE";"2021";"03";"***.257.718-**";"MARCELO SILVA LAVANINI";"84429810001391";"COMERCIO E INDUSTRIA BREITHAUPT LTDA FALIDO";"COMPRA A/V - R$ - APRES";"12/02/2021";"66,98"
"25000";"Ministério da Fazenda";"25801";"Receita Federal do Brasil";"170066";"DELEGACIA DA RFB EM MACEIO";"2021";"03";"***.614.624-**";"ERALDO ANDRE DA SILVA";"16668076000200";"SUMUP INSTITUICAO DE PAGAMENTO BRASIL LTDA";"COMPRA A/V - R$ - APRES";"18/02/2021";"600,00"
"25000";"Ministério da Fazenda";"25801";"Receita Federal do Brasil";"170209";"DELEGACIA DA RFB EM MANAUS";"2021";"03";"***.921.636-**";"SERGIO CARNEIRO GUIMARAES";"17155342000507";"LOJA ELETRICA LTDA";"COMPRA A/V - R$ - APRES";"17/02/2021";"1077,62"
"25000";"Ministério da Fazenda";"25801";"Receita Federal do Brasil";"170209";"DELEGACIA DA RFB EM MANAUS";"2021";"03";"***.921.636-**";"SERGIO CARNEIRO GUIMARAES";"43283811009297";"KALUNGA SA";"COMPRA A/V - R$ - APRES";"17/02/2021";"151,80"
"25000";"Ministério da Fazenda";"25801";"Receita Federal do Brasil";"170209";"DELEGACIA DA RFB EM MANAUS";"2021";"03";"***.652.692-**";"JEAN RAMALHO MOTA";"34366923000183";"B B P LIMA LTDA";"COMPRA A/V - R$ - APRES";"09/02/2021";"1337,70"
"25000";"Ministério da Fazenda";"25801";"Receita Federal do Brasil";"170209";"DELEGACIA DA RFB EM MANAUS";"2021";"03";"***.921.636-**";"SERGIO CARNEIRO GUIMARAES";"43283811003418";"KALUNGA SA";"COMPRA A/V - R$ - APRES";"17/02/2021";"210,00"
"25000";"Ministério da Fazenda";"25801";"Receita Federal do Brasil";"170209";"DELEGACIA DA RFB EM MANAUS";"2021";"03";"***.333.082-**";"JULIANA HATOUM MACHADO";"04501136000136";"L J GUERRA E CIA LTDA";"COMPRA A/V - R$ - APRES";"09/02/2021";"1123,80"
"25000";"Ministério da Fazenda";"25801";"Receita Federal do Brasil";"170209";"DELEGACIA DA RFB EM MANAUS";"2021";"03";"***.652.692-**";"JEAN RAMALHO MOTA";"00998473000120";"CLINICA PSICOLOGICA CR LTDA";"COMPRA A/V - R$ - APRES";"19/02/2021";"220,00"
"25000";"Ministério da Fazenda";"25801";"Receita Federal do Brasil";"170209";"DELEGACIA DA RFB EM MANAUS";"2021";"03";"***.652.692-**";"JEAN RAMALHO MOTA";"33586560000129";"VITOR LUIS ONO VIANA";"COMPRA A/V - R$ - APRES";"23/02/2021";"60,00"
"25000";"Ministério da Fazenda";"25801";"Receita Federal do Brasil";"170047";"DELEGACIA DA RFB EM NATAL";"2021";"03";"***.344.034-**";"ALEXANDRE RENAN ANTAS";"11982113000237";"MIRANDA COMPUTACAO E COMERCIO LTDA";"COMPRA A/V - R$ - APRES";"23/02/2021";"79,93"
"25000";"Ministério da Fazenda";"25801";"Receita Federal do Brasil";"170047";"DELEGACIA DA RFB EM NATAL";"2021";"03";"***.344.034-**";"ALEXANDRE RENAN ANTAS";"25006375000190";"ARTCOLD CLIMATIZACAO DE AMBIENTES E MANUTENCAO LTDA";"COMPRA A/V - R$ - APRES";"22/02/2021";"170,00"
"25000";"Ministério da Fazenda";"25801";"Receita Federal do Brasil";"170047";"DELEGACIA DA RFB EM NATAL";"2021";"03";"***.344.034-**";"ALEXANDRE RENAN ANTAS";"04471402000125";"EBARA TECNOLOGIA COMERCIO E SERVICOS EM INFORMATICA LTDA";"COMPRA A/V - R$ - APRES";"23/02/2021";"760,00"
"25000";"Ministério da Fazenda";"25801";"Receita Federal do Brasil";"170180";"DELEGACIA DA RFB EM PELOTAS";"2021";"03";"***.588.000-**";"PAULO ROBERTO DA SILVA CAMPELO";"18870388000147";"PSIU! SERIGRAFIA LTDA";"COMPRA A/V - R$ - APRES";"08/02/2021";"389,00"
"25000";"Ministério da Fazenda";"25801";"Receita Federal do Brasil";"170201";"DELEGACIA DA RFB EM PORTO VELHO";"2021";"03";"***.748.962-**";"MARIA HELENA QUEIROZ DE ARAUJO";"07349539000108";"JANIO C. C. DA SILVA";"COMPRA A/V - R$ - APRES";"05/02/2021";"148,00"
"25000";"Ministério da Fazenda";"25801";"Receita Federal do Brasil";"170201";"DELEGACIA DA RFB EM PORTO VELHO";"2021";"03";"***.244.712-**";"FRANCISCO ALMEIDA DA SILVA";"60433809272";"HERNANDES DE SOUZA FRANCO";"COMPRA A/V - R$ - APRES";"23/02/2021";"16,50"
"25000";"Ministério da Fazenda";"25801";"Receita Federal do Brasil";"170201";"DELEGACIA DA RFB EM PORTO VELHO";"2021";"03";"***.748.962-**";"MARIA HELENA QUEIROZ DE ARAUJO";"02179328000142";"FREITAS & CIA LTDA";"COMPRA A/V - R$ - APRES";"04/02/2021";"168,00"
"25000";"Ministério da Fazenda";"25801";"Receita Federal do Brasil";"170201";"DELEGACIA DA RFB EM PORTO VELHO";"2021";"03";"***.551.608-**";"NILZA FERREIRA DAMASCENO";"07409655000248";"A. O. MARTINS IMPORTACAO E EXPORTACAO LTDA";"COMPRA A/V - R$ - APRES";"12/02/2021";"73,00"
"25000";"Ministério da Fazenda";"25801";"Receita Federal do Brasil";"170201";"DELEGACIA DA RFB EM PORTO VELHO";"2021";"03";"***.748.962-**";"MARIA HELENA QUEIROZ DE ARAUJO";"84569250000137";"PAPELARIA CAPITAL COMERCIO DE PAPEIS E SERVICOS LTDA";"COMPRA A/V - R$ - APRES";"08/02/2021";"148,12"
"25000";"Ministério da Fazenda";"25801";"Receita Federal do Brasil";"170201";"DELEGACIA DA RFB EM PORTO VELHO";"2021";"03";"***.551.608-**";"NILZA FERREIRA DAMASCENO";"04877799000150";"M. W. GOMES OLIVEIRA COM. IMP. E EXP.";"COMPRA A/V - R$ - APRES";"23/02/2021";"84,00"
"25000";"Ministério da Fazenda";"25801";"Receita Federal do Brasil";"170201";"DELEGACIA DA RFB EM PORTO VELHO";"2021";"03";"***.319.612-**";"IRACY CARVALHO DOS SANTOS";"03344057000104";"LIVRARIA TEIXEIRA LTDA";"COMPRA A/V - R$ - APRES";"23/02/2021";"19,00"
"25000";"Ministério da Fazenda";"25801";"Receita Federal do Brasil";"170201";"DELEGACIA DA RFB EM PORTO VELHO";"2021";"03";"***.244.712-**";"FRANCISCO ALMEIDA DA SILVA";"11475129000172";"PVH PARAFUSOS E FERRAGENS LTDA";"COMPRA A/V - R$ - APRES";"12/02/2021";"45,00"
"25000";"Ministério da Fazenda";"25801";"Receita Federal do Brasil";"170201";"DELEGACIA DA RFB EM PORTO VELHO";"2021";"03";"***.244.712-**";"FRANCISCO ALMEIDA DA SILVA";"11475129000172";"PVH PARAFUSOS E FERRAGENS LTDA";"COMPRA A/V - R$ - APRES";"10/02/2021";"190,89"
"25000";"Ministério da Fazenda";"25801";"Receita Federal do Brasil";"170201";"DELEGACIA DA RFB EM PORTO VELHO";"2021";"03";"***.748.962-**";"MARIA HELENA QUEIROZ DE ARAUJO";"23096053000153";"NOVA QUIMICA COMERCIO LTDA";"COMPRA A/V - R$ - APRES";"04/02/2021";"90,00"
"25000";"Ministério da Fazenda";"25801";"Receita Federal do Brasil";"170183";"DELEGACIA DA RFB EM SANTA MARIA";"2021";"03";"***.065.570-**";"AIRTON DE OLIVEIRA TIELLET";"13046795000110";"ZANINI & ZANINI EMBALAGENS LTDA";"COMPRA A/V - R$ - APRES";"23/02/2021";"95,95"
"25000";"Ministério da Fazenda";"25801";"Receita Federal do Brasil";"170183";"DELEGACIA DA RFB EM SANTA MARIA";"2021";"03";"***.065.570-**";"AIRTON DE OLIVEIRA TIELLET";"27390604000148";"SERGIO AUGUSTO GRENDENE CARNIELUTTI LTDA";"COMPRA A/V - R$ - APRES";"10/02/2021";"60,00"
"25000";"Ministério da Fazenda";"25801";"Receita Federal do Brasil";"170219";"DELEGACIA DA RFB EM SANTAREM";"2021";"03";"***.940.792-**";"MAGALI MARIA FERNANDES NICOLAU";"06057223039620";"SENDAS DISTRIBUIDORA S/A";"COMPRA A/V - R$ - APRES";"23/02/2021";"55,70"
"25000";"Ministério da Fazenda";"25801";"Receita Federal do Brasil";"170219";"DELEGACIA DA RFB EM SANTAREM";"2021";"03";"***.940.792-**";"MAGALI MARIA FERNANDES NICOLAU";"06167186000154";"PAYGO ADMINISTRADORA DE MEIOS DE PAGAMENTOS LTDA";"COMPRA A/V - R$ - APRES";"10/02/2021";"1050,00"
"25000";"Ministério da Fazenda";"25801";"Receita Federal do Brasil";"170219";"DELEGACIA DA RFB EM SANTAREM";"2021";"03";"***.940.792-**";"MAGALI MARIA FERNANDES NICOLAU";"24118660000130";"AVANTE ATACADISTA LTDA";"COMPRA A/V - R$ - APRES";"23/02/2021";"239,40"
"25000";"Ministério da Fazenda";"25801";"Receita Federal do Brasil";"170147";"DELEGACIA DA RFB EM SANTO ANDRE";"2021";"03";"***.431.568-**";"SILVIA REGINA CASTILHO";"05634607841";"SEBASTIAO DA ROSA FONSECA";"COMPRA A/V - R$ - APRES";"05/02/2021";"600,00"
"25000";"Ministério da Fazenda";"25801";"Receita Federal do Brasil";"170035";"DELEGACIA DA RFB EM TERESINA";"2021";"03";"***.124.403-**";"NEWTON DE AZEVEDO COSTA";"07483654000405";"ENGECOPI COMERCIO DE MATERIAIS DE CONSTRUCAO LTDA";"COMPRA A/V - R$ - APRES";"11/02/2021";"1274,40"
"25000";"Ministério da Fazenda";"25801";"Receita Federal do Brasil";"170035";"DELEGACIA DA RFB EM TERESINA";"2021";"03";"***.124.403-**";"NEWTON DE AZEVEDO COSTA";"10573521000191";"MERCADO PAGO INSTITUICAO DE PAGAMENTO LTDA";"COMPRA A/V - R$ - APRES";"23/02/2021";"100,00"
"25000";"Ministério da Fazenda";"25801";"Receita Federal do Brasil";"170119";"DELEGACIA DA RFB EM VOLTA REDONDA";"2021";"03";"***.283.937-**";"MARTA REGINA BARBOSA";"00890562000158";"MARQ SUL PNEUS LTDA";"COMPRA A/V - R$ - APRES";"08/02/2021";"418,50"
"25000";"Ministério da Fazenda";"25801";"Receita Federal do Brasil";"170119";"DELEGACIA DA RFB EM VOLTA REDONDA";"2021";"03";"***.283.937-**";"MARTA REGINA BARBOSA";"15298753744";"IAN MATHEUS UCHOA LINS";"COMPRA A/V - R$ - APRES";"09/02/2021";"500,00"
"25000";"Ministério da Fazenda";"25801";"Receita Federal do Brasil";"170119";"DELEGACIA DA RFB EM VOLTA REDONDA";"2021";"03";"***.283.937-**";"MARTA REGINA BARBOSA";"03394944000189";"KYPAPEL DE VOLTA REDONDA DISTRIBUIDORA DE PAPEL LTDA";"COMPRA A/V - R$ - APRES";"08/02/2021";"66,00"
"25000";"Ministério da Fazenda";"25801";"Receita Federal do Brasil";"170010";"SECRET. ESPECIAL DA RECEITA FEDERAL DO BRASIL";"2021";"03";"***.367.736-**";"MICHELL BORGES CASTANHEIRA DE CARVALHO";"04068495000141";"NACIONAL COMERCIO DE CARTUCHOS LTDA";"COMPRA A/V - R$ - APRES";"29/01/2021";"867,00"
"25000";"Ministério da Fazenda";"25801";"Receita Federal do Brasil";"170010";"SECRET. ESPECIAL DA RECEITA FEDERAL DO BRASIL";"2021";"03";"***.114.656-**";"GERALDO PAMPLONA FILHO";"-2";"NAO SE APLICA";"SAQUE CASH/ATM BB";"01/02/2021";"10,00"
"25000";"Ministério da Fazenda";"25801";"Receita Federal do Brasil";"170177";"SUPERINTENDENCIA REGIONAL DA RFB NA 10A RF";"2021";"03";"***.688.100-**";"GUSTAVO DOS SANTOS AIDOS";"92845015000179";"FIORI MORES & CIA LTDA";"COMPRA A/V - R$ - APRES";"27/01/2021";"27,10"
"25000";"Ministério da Fazenda";"25801";"Receita Federal do Brasil";"170177";"SUPERINTENDENCIA REGIONAL DA RFB NA 10A RF";"2021";"03";"***.688.100-**";"GUSTAVO DOS SANTOS AIDOS";"00212675000102";"ABT COMERCIAL ELETRICA LTDA";"COMPRA A/V - R$ - APRES";"12/02/2021";"165,67"
"25000";"Ministério da Fazenda";"25801";"Receita Federal do Brasil";"170177";"SUPERINTENDENCIA REGIONAL DA RFB NA 10A RF";"2021";"03";"***.688.100-**";"GUSTAVO DOS SANTOS AIDOS";"00212675000102";"ABT COMERCIAL ELETRICA LTDA";"COMPRA A/V - R$ - APRES";"12/02/2021";"35,40"
"25000";"Ministério da Fazenda";"25801";"Receita Federal do Brasil";"170177";"SUPERINTENDENCIA REGIONAL DA RFB NA 10A RF";"2021";"03";"***.688.100-**";"GUSTAVO DOS SANTOS AIDOS";"00212675000102";"ABT COMERCIAL ELETRICA LTDA";"COMPRA A/V - R$ - APRES";"27/01/2021";"255,36"
"25000";"Ministério da Fazenda";"25801";"Receita Federal do Brasil";"170177";"SUPERINTENDENCIA REGIONAL DA RFB NA 10A RF";"2021";"03";"***.688.100-**";"GUSTAVO DOS SANTOS AIDOS";"92783927000163";"ZAMPIERON E DALACORTE COMERCIO DE ELETROELETRONICOS LTDA";"COMPRA A/V - R$ - APRES";"27/01/2021";"458,05"
"25000";"Ministério da Fazenda";"25801";"Receita Federal do Brasil";"170040";"SUPERINTENDENCIA REGIONAL DA RFB NA 3A RF";"2021";"03";"***.263.641-**";"SIMONE FERREIRA DE MORAES";"01438784004356";"LEROY MERLIN COMPANHIA BRASILEIRA DE BRICOLAGEM";"COMPRA A/V - R$ - APRES";"12/02/2021";"455,70"
"25000";"Ministério da Fazenda";"25801";"Receita Federal do Brasil";"170040";"SUPERINTENDENCIA REGIONAL DA RFB NA 3A RF";"2021";"03";"***.263.641-**";"SIMONE FERREIRA DE MORAES";"10337124000110";"TUCUNA2 SERVICOS ADMINISTRATIVOS LTDA";"COMPRA A/V - R$ - APRES";"19/02/2021";"322,80"
"25000";"Ministério da Fazenda";"25801";"Receita Federal do Brasil";"170040";"SUPERINTENDENCIA REGIONAL DA RFB NA 3A RF";"2021";"03";"***.263.641-**";"SIMONE FERREIRA DE MORAES";"35241363000101";"V R S COMERCIO E SERVICOS LTDA";"COMPRA A/V - R$ - APRES";"03/02/2021";"113,00"
"25000";"Ministério da Fazenda";"25801";"Receita Federal do Brasil";"170040";"SUPERINTENDENCIA REGIONAL DA RFB NA 3A RF";"2021";"03";"***.263.641-**";"SIMONE FERREIRA DE MORAES";"27933698000154";"F M M NOGUEIRA COMERCIO LTDA";"COMPRA A/V - R$ - APRES";"12/02/2021";"53,90"
"25000";"Ministério da Fazenda";"25801";"Receita Federal do Brasil";"170058";"SUPERINTENDENCIA REGIONAL DA RFB NA 4A RF";"2021";"03";"***.860.374-**";"HELIO RIEDEL DE OLIVEIRA MELO JUNIOR";"10832251000196";"CASA DAS PLACAS LTDA";"COMPRA A/V - R$ - APRES";"09/02/2021";"114,00"
"25000";"Ministério da Fazenda";"25801";"Receita Federal do Brasil";"170078";"SUPERINTENDENCIA REGIONAL DA RFB NA 5A RF";"2021";"03";"***.261.847-**";"PAULO CARDOSO AGUIAR";"04816736000193";"OUTLET DA CONSTRUCAO LTDA";"COMPRA A/V - R$ - APRES";"19/02/2021";"35,28"
"25000";"Ministério da Fazenda";"25801";"Receita Federal do Brasil";"170078";"SUPERINTENDENCIA REGIONAL DA RFB NA 5A RF";"2021";"03";"***.261.847-**";"PAULO CARDOSO AGUIAR";"34204669000117";"AUTO PECAS CASTRO LTDA";"COMPRA A/V - R$ - APRES";"19/02/2021";"530,00"
"25000";"Ministério da Fazenda";"25801";"Receita Federal do Brasil";"170078";"SUPERINTENDENCIA REGIONAL DA RFB NA 5A RF";"2021";"03";"***.261.847-**";"PAULO CARDOSO AGUIAR";"03936323000180";"DIGI CONTAS INTERMEDIACAO DE NEGOCIOS LTDA";"COMPRA A/V - R$ - APRES";"19/02/2021";"1220,00"
"25000";"Ministério da Fazenda";"25801";"Receita Federal do Brasil";"170078";"SUPERINTENDENCIA REGIONAL DA RFB NA 5A RF";"2021";"03";"***.261.847-**";"PAULO CARDOSO AGUIAR";"63473235001940";"COMERCIAL DE MIUDEZAS FREITAS LTDA";"COMPRA A/V - R$ - APRES";"19/02/2021";"245,20"
"25000";"Ministério da Fazenda";"25801";"Receita Federal do Brasil";"170078";"SUPERINTENDENCIA REGIONAL DA RFB NA 5A RF";"2021";"03";"***.261.847-**";"PAULO CARDOSO AGUIAR";"10230480000300";"FERREIRA COSTA & CIA LTDA";"COMPRA A/V - R$ - APRES";"19/02/2021";"187,80"
"25000";"Ministério da Fazenda";"25801";"Receita Federal do Brasil";"170078";"SUPERINTENDENCIA REGIONAL DA RFB NA 5A RF";"2021";"03";"***.261.847-**";"PAULO CARDOSO AGUIAR";"56721943549";"CLAUDIO LUIS CERQUEIRA SANTOS";"COMPRA A/V - R$ - APRES";"19/02/2021";"600,00"
"25000";"Ministério da Fazenda";"25801";"Receita Federal do Brasil";"170133";"SUPERINTENDENCIA REGIONAL DA RFB NA 8A RF";"2021";"03";"***.225.488-**";"PEDRO FRANCA GUIMARAES FERREIRA";"05520854000112";"JELMARK - COMERCIO DE ROLAMENTOS E PECAS LTDA";"COMPRA A/V - R$ - APRES";"05/02/2021";"572,00"
"25000";"Ministério da Fazenda";"25801";"Receita Federal do Brasil";"170133";"SUPERINTENDENCIA REGIONAL DA RFB NA 8A RF";"2021";"03";"***.225.488-**";"PEDRO FRANCA GUIMARAES FERREIRA";"21245616000100";"ROBERFIX ELEMENTOS DE FIXACAO LTDA";"COMPRA A/V - R$ - APRES";"05/02/2021";"95,40"
"25000";"Ministério da Fazenda";"25801";"Receita Federal do Brasil";"170156";"SUPERINTENDENCIA REGIONAL DA RFB NA 9A RF";"2021";"03";"***.044.779-**";"ORLANDO PINTO NETO";"02181482000159";"ELETROBIT COMERCIO DE MATERIAIS ELETRICOS LTDA";"COMPRA A/V - R$ - APRES";"11/02/2021";"542,30"
"25000";"Ministério da Fazenda";"25801";"Receita Federal do Brasil";"170156";"SUPERINTENDENCIA REGIONAL DA RFB NA 9A RF";"2021";"03";"***.044.779-**";"ORLANDO PINTO NETO";"02181482000159";"ELETROBIT COMERCIO DE MATERIAIS ELETRICOS LTDA";"COMPRA A/V - R$ - APRES";"11/02/2021";"942,25"
"25000";"Ministério da Fazenda";"25801";"Receita Federal do Brasil";"170156";"SUPERINTENDENCIA REGIONAL DA RFB NA 9A RF";"2021";"03";"***.044.779-**";"ORLANDO PINTO NETO";"84866342001746";"COMERCIO DE TINTAS MATERIAL ELETRICO E HIDRAULICO VERGINIA LTDA";"COMPRA A/V - R$ - APRES";"23/02/2021";"150,00"
"25000";"Ministério da Fazenda";"25801";"Receita Federal do Brasil";"170156";"SUPERINTENDENCIA REGIONAL DA RFB NA 9A RF";"2021";"03";"***.044.779-**";"ORLANDO PINTO NETO";"79985479000112";"RUDEGON REPRESENTACOES E COMERCIO DE MADEIRAS LTDA";"COMPRA A/V - R$ - APRES";"23/02/2021";"311,50"
"46000";"Ministério da Gestão e da Inovação em Ser";"46000";"Ministério da Gestão e da Inovação em Serviços Públicos - Unidades com vínculo direto";"200247";"ARQUIVO NACIONAL";"2021";"03";"***.579.197-**";"FRANZ JOSE WASIELEWSKI BORBOREMA";"04850630000106";"TONER 7 ARTES GRAFICA LTDA";"COMPRA A/V - R$ - APRES";"09/02/2021";"350,00"
"46000";"Ministério da Gestão e da Inovação em Ser";"46000";"Ministério da Gestão e da Inovação em Serviços Públicos - Unidades com vínculo direto";"201062";"DIVISAO DE PESSOAL EX-TERRITORIO DE RONDONIA";"2021";"03";"***.502.372-**";"ANTONIO CARLOS SOARES COUTINHO";"10573521000191";"MERCADO PAGO INSTITUICAO DE PAGAMENTO LTDA";"COMPRA A/V - R$ - APRES";"08/02/2021";"250,00"
"46000";"Ministério da Gestão e da Inovação em Ser";"46000";"Ministério da Gestão e da Inovação em Serviços Públicos - Unidades com vínculo direto";"201062";"DIVISAO DE PESSOAL EX-TERRITORIO DE RONDONIA";"2021";"03";"***.502.372-**";"ANTONIO CARLOS SOARES COUTINHO";"10573521000191";"MERCADO PAGO INSTITUICAO DE PAGAMENTO LTDA";"COMPRA A/V - R$ - APRES";"29/01/2021";"650,00"
"46000";"Ministério da Gestão e da Inovação em Ser";"46000";"Ministério da Gestão e da Inovação em Serviços Públicos - Unidades com vínculo direto";"170114";"SUPERINT. REG. ADM. DO MGI - RIO DE JANEIRO";"2021";"03";"***.692.727-**";"JULIO CESAR REIS PAIVA";"09338554000178";"ECOBRASIL - COMERCIO DE BATERIAS E EQUIPAMENTOS LTDA";"COMPRA A/V - R$ - APRES";"11/02/2021";"270,00"
"46000";"Ministério da Gestão e da Inovação em Ser";"46000";"Ministério da Gestão e da Inovação em Serviços Públicos - Unidades com vínculo direto";"170045";"SUPERINT.REG.ADM.DO MGI-RIO GRANDE DO NORTE";"2021";"03";"***.172.224-**";"LAIS TAVARES RANGEL";"40762486000110";"AURI AUTO PECAS LTDA";"COMPRA A/V - R$ - APRES";"10/02/2021";"14,00"
"46000";"Ministério da Gestão e da Inovação em Ser";"46000";"Ministério da Gestão e da Inovação em Serviços Públicos - Unidades com vínculo direto";"170045";"SUPERINT.REG.ADM.DO MGI-RIO GRANDE DO NORTE";"2021";"03";"***.172.224-**";"LAIS TAVARES RANGEL";"03793451000111";"LUBRIFIL COMERCIO DE LUBRIFICANTES LTDA";"COMPRA A/V - R$ - APRES";"10/02/2021";"520,00"
"46000";"Ministério da Gestão e da Inovação em Ser";"46000";"Ministério da Gestão e da Inovação em Serviços Públicos - Unidades com vínculo direto";"170064";"SUPERINTENDENCIA REG. ADM. DO MGI - ALAGOAS";"2021";"03";"***.857.094-**";"JESSICA BREDA FROTA DE ALMEIDA";"70011259000113";"CARIMBEL LTDA";"COMPRA A/V - R$ - APRES";"19/02/2021";"302,70"
"46000";"Ministério da Gestão e da Inovação em Ser";"46000";"Ministério da Gestão e da Inovação em Serviços Públicos - Unidades com vínculo direto";"170075";"SUPERINTENDENCIA REG. ADM. DO MGI - BAHIA";"2021";"03";"***.836.541-**";"ANNA JULIA LEITE LACERDA SAMPAIO";"-2";"NAO SE APLICA";"SAQUE CASH/ATM BB";"12/02/2021";"330,00"
"46000";"Ministério da Gestão e da Inovação em Ser";"46000";"Ministério da Gestão e da Inovação em Serviços Públicos - Unidades com vínculo direto";"170131";"SUPERINTENDENCIA REG. ADM. DO MGI - SAO PAULO";"2021";"03";"***.262.518-**";"MARISA FERREIRA SATRIUC";"-2";"NAO SE APLICA";"SAQUE CASH/ATM BB";"14/02/2021";"100,00"
"46000";"Ministério da Gestão e da Inovação em Ser";"46000";"Ministério da Gestão e da Inovação em Serviços Públicos - Unidades com vínculo direto";"170131";"SUPERINTENDENCIA REG. ADM. DO MGI - SAO PAULO";"2021";"03";"***.262.518-**";"MARISA FERREIRA SATRIUC";"-2";"NAO SE APLICA";"SAQUE CASH/ATM BB";"14/02/2021";"140,00"
"46000";"Ministério da Gestão e da Inovação em Ser";"46000";"Ministério da Gestão e da Inovação em Serviços Públicos - Unidades com vínculo direto";"170131";"SUPERINTENDENCIA REG. ADM. DO MGI - SAO PAULO";"2021";"03";"***.262.518-**";"MARISA FERREIRA SATRIUC";"-2";"NAO SE APLICA";"SAQUE CASH/ATM BB";"31/01/2021";"140,00"
"46000";"Ministério da Gestão e da Inovação em Ser";"46000";"Ministério da Gestão e da Inovação em Serviços Públicos - Unidades com vínculo direto";"170131";"SUPERINTENDENCIA REG. ADM. DO MGI - SAO PAULO";"2021";"03";"***.408.288-**";"PAULO ANTONIO MARTINS JUNIOR";"-2";"NAO SE APLICA";"SAQUE CASH/ATM BB";"17/02/2021";"50,00"
"46000";"Ministério da Gestão e da Inovação em Ser";"46000";"Ministério da Gestão e da Inovação em Serviços Públicos - Unidades com vínculo direto";"170131";"SUPERINTENDENCIA REG. ADM. DO MGI - SAO PAULO";"2021";"03";"***.719.307-**";"RICARDO LUCAS DE ALMEIDA";"-2";"NAO SE APLICA";"SAQUE CASH/ATM BB";"09/02/2021";"26,00"
"46000";"Ministério da Gestão e da Inovação em Ser";"46000";"Ministério da Gestão e da Inovação em Serviços Públicos - Unidades com vínculo direto";"170131";"SUPERINTENDENCIA REG. ADM. DO MGI - SAO PAULO";"2021";"03";"***.719.307-**";"RICARDO LUCAS DE ALMEIDA";"-2";"NAO SE APLICA";"SAQUE CASH/ATM BB";"28/01/2021";"22,00"
"46000";"Ministério da Gestão e da Inovação em Ser";"46000";"Ministério da Gestão e da Inovação em Serviços Públicos - Unidades com vínculo direto";"170131";"SUPERINTENDENCIA REG. ADM. DO MGI - SAO PAULO";"2021";"03";"***.408.288-**";"PAULO ANTONIO MARTINS JUNIOR";"43283811013642";"KALUNGA SA";"COMPRA A/V - R$ - APRES";"10/02/2021";"160,10"
"53000";"Ministério da Integração e do Desenvolvime";"44205";"Agência Nacional de Águas e Saneamento Básico";"443001";"AGENCIA NACIONAL DE AGUAS E SANEAMENTO BASICO";"2021";"03";"***.504.848-**";"IGOR LUIS PEREIRA MARTINS";"00097626000168";"BRASAL COMBUSTIVEIS LTDA";"COMPRA A/V - R$ - APRES";"22/02/2021";"236,24"
"53000";"Ministério da Integração e do Desenvolvime";"44205";"Agência Nacional de Águas e Saneamento Básico";"443001";"AGENCIA NACIONAL DE AGUAS E SANEAMENTO BASICO";"2021";"03";"***.928.061-**";"MARIO ALBERTO JIMENEZ DE ALMEIDA";"00097626000168";"BRASAL COMBUSTIVEIS LTDA";"COMPRA A/V - R$ - APRES";"27/01/2021";"179,96"
"53000";"Ministério da Integração e do Desenvolvime";"44205";"Agência Nacional de Águas e Saneamento Básico";"443001";"AGENCIA NACIONAL DE AGUAS E SANEAMENTO BASICO";"2021";"03";"***.928.061-**";"MARIO ALBERTO JIMENEZ DE ALMEIDA";"00097626000168";"BRASAL COMBUSTIVEIS LTDA";"COMPRA A/V - R$ - APRES";"27/01/2021";"1519,70"
"53000";"Ministério da Integração e do Desenvolvime";"44205";"Agência Nacional de Águas e Saneamento Básico";"443001";"AGENCIA NACIONAL DE AGUAS E SANEAMENTO BASICO";"2021";"03";"***.504.848-**";"IGOR LUIS PEREIRA MARTINS";"05428208000120";"RGN - SOM ELETRONICA E INFORMATICA LTDA";"COMPRA A/V - R$ - APRES";"05/02/2021";"320,00"
"53000";"Ministério da Integração e do Desenvolvime";"44205";"Agência Nacional de Águas e Saneamento Básico";"443001";"AGENCIA NACIONAL DE AGUAS E SANEAMENTO BASICO";"2021";"03";"***.504.848-**";"IGOR LUIS PEREIRA MARTINS";"02457490000185";"DISTRIBUIDORA MURALHA COMERCIO, CONSTRUCAO CIVIL, SERVICOS GERAIS E REFORMAS LTDA";"COMPRA A/V - R$ - APRES";"22/02/2021";"580,00"
"53000";"Ministério da Integração e do Desenvolvime";"44205";"Agência Nacional de Águas e Saneamento Básico";"443001";"AGENCIA NACIONAL DE AGUAS E SANEAMENTO BASICO";"2021";"03";"***.504.848-**";"IGOR LUIS PEREIRA MARTINS";"58377794187";"GILMAR PEREIRA DE SOUSA";"COMPRA A/V - R$ - APRES";"08/02/2021";"420,00"
"53000";"Ministério da Integração e do Desenvolvime";"44205";"Agência Nacional de Águas e Saneamento Básico";"443001";"AGENCIA NACIONAL DE AGUAS E SANEAMENTO BASICO";"2021";"03";"***.504.848-**";"IGOR LUIS PEREIRA MARTINS";"02677045000120";"HORUS S/A DISTRIBUIDORA DE SOLUCOES TECNOLOGICAS";"COMPRA A/V - R$ - APRES";"28/01/2021";"144,89"
"53000";"Ministério da Integração e do Desenvolvime";"44205";"Agência Nacional de Águas e Saneamento Básico";"443001";"AGENCIA NACIONAL DE AGUAS E SANEAMENTO BASICO";"2021";"03";"***.504.848-**";"IGOR LUIS PEREIRA MARTINS";"00533018000159";"SARKIS & SARKIS LTDA";"COMPRA A/V - R$ - APRES";"22/02/2021";"58,35"
"53000";"Ministério da Integração e do Desenvolvime";"44205";"Agência Nacional de Águas e Saneamento Básico";"443001";"AGENCIA NACIONAL DE AGUAS E SANEAMENTO BASICO";"2021";"03";"***.504.848-**";"IGOR LUIS PEREIRA MARTINS";"24514337000185";"ELETROPOSITIVA COMERCIAL LTDA";"COMPRA A/V - R$ - APRES";"22/02/2021";"149,60"
"53000";"Ministério da Integração e do Desenvolvime";"44205";"Agência Nacional de Águas e Saneamento Básico";"443001";"AGENCIA NACIONAL DE AGUAS E SANEAMENTO BASICO";"2021";"03";"***.504.848-**";"IGOR LUIS PEREIRA MARTINS";"27547510000130";"STONE PAY MEIOS DE PAGAMENTO LTDA";"COMPRA A/V - R$ - APRES";"04/02/2021";"409,90"
"53000";"Ministério da Integração e do Desenvolvime";"44205";"Agência Nacional de Águas e Saneamento Básico";"443001";"AGENCIA NACIONAL DE AGUAS E SANEAMENTO BASICO";"2021";"03";"***.504.848-**";"IGOR LUIS PEREIRA MARTINS";"01608702000115";"LM COMUNICACAO VISUAL E PROJETOS LTDA";"COMPRA A/V - R$ - APRES";"29/01/2021";"720,00"
"53000";"Ministério da Integração e do Desenvolvime";"44205";"Agência Nacional de Águas e Saneamento Básico";"443001";"AGENCIA NACIONAL DE AGUAS E SANEAMENTO BASICO";"2021";"03";"***.504.848-**";"IGOR LUIS PEREIRA MARTINS";"01608702000115";"LM COMUNICACAO VISUAL E PROJETOS LTDA";"COMPRA A/V - R$ - APRES";"29/01/2021";"720,00"
"53000";"Ministério da Integração e do Desenvolvime";"44205";"Agência Nacional de Águas e Saneamento Básico";"443001";"AGENCIA NACIONAL DE AGUAS E SANEAMENTO BASICO";"2021";"03";"***.504.848-**";"IGOR LUIS PEREIRA MARTINS";"24467053000185";"RW INFORMATICA LTDA";"COMPRA A/V - R$ - APRES";"05/02/2021";"44,90"
"53000";"Ministério da Integração e do Desenvolvime";"44205";"Agência Nacional de Águas e Saneamento Básico";"443001";"AGENCIA NACIONAL DE AGUAS E SANEAMENTO BASICO";"2021";"03";"***.504.848-**";"IGOR LUIS PEREIRA MARTINS";"04789609000142";"MELHORES MARCAS COMERCIO E REPRESENTACOES DE FERRAMENTAS LTDA";"COMPRA A/V - R$ - APRES";"22/02/2021";"44,00"
"53000";"Ministério da Integração e do Desenvolvime";"44205";"Agência Nacional de Águas e Saneamento Básico";"443001";"AGENCIA NACIONAL DE AGUAS E SANEAMENTO BASICO";"2021";"03";"***.504.848-**";"IGOR LUIS PEREIRA MARTINS";"43283811005976";"KALUNGA SA";"COMPRA A/V - R$ - APRES";"05/02/2021";"46,20"
"53000";"Ministério da Integração e do Desenvolvime";"44205";"Agência Nacional de Águas e Saneamento Básico";"443001";"AGENCIA NACIONAL DE AGUAS E SANEAMENTO BASICO";"2021";"03";"***.504.848-**";"IGOR LUIS PEREIRA MARTINS";"28152414000155";"KREDIT PAGAMENTOS S/A";"COMPRA A/V - R$ - APRES";"28/01/2021";"62,95"
"53000";"Ministério da Integração e do Desenvolvime";"22203";"Companhia de Desenvolvimento dos Vales do São Francisco e do Parnaíba";"195001";"CIA DE DES.DOS VALES DO S.FRANC.E DO PARNAIBA";"2021";"03";"***.874.164-**";"ELIAS KLEITON SANTOS OLIVEIRA";"03656804000646";"CARAJAS MATERIAL DE CONSTRUCAO LTDA";"COMPRA A/V - R$ - APRES";"11/02/2021";"138,17"
"53000";"Ministério da Integração e do Desenvolvime";"22203";"Companhia de Desenvolvimento dos Vales do São Francisco e do Parnaíba";"195004";"CIA DE DES.DOS VALES DO S.FRANC.E DO PARNAIBA";"2021";"03";"***.133.875-**";"HELIO DE SOUSA CARVALHO";"03661393000172";"CARLOS ALBERTO DA COSTA DE BOM JESUS DA LAPA";"COMPRA A/V - R$ - APRES";"05/02/2021";"718,59"
"53000";"Ministério da Integração e do Desenvolvime";"22203";"Companhia de Desenvolvimento dos Vales do São Francisco e do Parnaíba";"195015";"CIA DE DES.DOS VALES DO S.FRANC.E DO PARNAIBA";"2021";"03";"***.931.053-**";"GERSON MOTA ANDRADE";"82711933334";"ROBERTO MAURO GURGEL ROCHA FILHO";"COMPRA A/V - R$ - APRES";"20/02/2021";"58,06"
"53000";"Ministério da Integração e do Desenvolvime";"22203";"Companhia de Desenvolvimento dos Vales do São Francisco e do Parnaíba";"195001";"CIA DE DES.DOS VALES DO S.FRANC.E DO PARNAIBA";"2021";"03";"***.874.164-**";"ELIAS KLEITON SANTOS OLIVEIRA";"02895028000402";"R B DANTAS LTDA";"COMPRA A/V - R$ - APRES";"11/02/2021";"266,00"
"53000";"Ministério da Integração e do Desenvolvime";"22203";"Companhia de Desenvolvimento dos Vales do São Francisco e do Parnaíba";"195004";"CIA DE DES.DOS VALES DO S.FRANC.E DO PARNAIBA";"2021";"03";"***.133.875-**";"HELIO DE SOUSA CARVALHO";"40501652000124";"ANISIO PEQUENO DA SILVA";"COMPRA A/V - R$ - APRES";"08/02/2021";"105,60"
"53000";"Ministério da Integração e do Desenvolvime";"22203";"Companhia de Desenvolvimento dos Vales do São Francisco e do Parnaíba";"195015";"CIA DE DES.DOS VALES DO S.FRANC.E DO PARNAIBA";"2021";"03";"***.931.053-**";"GERSON MOTA ANDRADE";"82711933334";"ROBERTO MAURO GURGEL ROCHA FILHO";"COMPRA A/V - R$ - APRES";"19/02/2021";"60,00"
"53000";"Ministério da Integração e do Desenvolvime";"22203";"Companhia de Desenvolvimento dos Vales do São Francisco e do Parnaíba";"195001";"CIA DE DES.DOS VALES DO S.FRANC.E DO PARNAIBA";"2021";"03";"***.874.164-**";"ELIAS KLEITON SANTOS OLIVEIRA";"10228231000291";"LMV MAQUINAS E SERVICOS LTDA";"COMPRA A/V - R$ - APRES";"11/02/2021";"337,00"
"53000";"Ministério da Integração e do Desenvolvime";"22203";"Companhia de Desenvolvimento dos Vales do São Francisco e do Parnaíba";"195004";"CIA DE DES.DOS VALES DO S.FRANC.E DO PARNAIBA";"2021";"03";"***.133.875-**";"HELIO DE SOUSA CARVALHO";"40501652000124";"ANISIO PEQUENO DA SILVA";"COMPRA A/V - R$ - APRES";"03/02/2021";"245,00"
"53000";"Ministério da Integração e do Desenvolvime";"22203";"Companhia de Desenvolvimento dos Vales do São Francisco e do Parnaíba";"195015";"CIA DE DES.DOS VALES DO S.FRANC.E DO PARNAIBA";"2021";"03";"***.931.053-**";"GERSON MOTA ANDRADE";"82711933334";"ROBERTO MAURO GURGEL ROCHA FILHO";"COMPRA A/V - R$ - APRES";"19/02/2021";"375,00"
"53000";"Ministério da Integração e do Desenvolvime";"22203";"Companhia de Desenvolvimento dos Vales do São Francisco e do Parnaíba";"195001";"CIA DE DES.DOS VALES DO S.FRANC.E DO PARNAIBA";"2021";"03";"***.874.164-**";"ELIAS KLEITON SANTOS OLIVEIRA";"04344950000194";"PENEDO CONSTRUCOES LTDA";"COMPRA A/V - R$ - APRES";"12/02/2021";"484,54"
"53000";"Ministério da Integração e do Desenvolvime";"22203";"Companhia de Desenvolvimento dos Vales do São Francisco e do Parnaíba";"195004";"CIA DE DES.DOS VALES DO S.FRANC.E DO PARNAIBA";"2021";"03";"***.133.875-**";"HELIO DE SOUSA CARVALHO";"01533006555";"SABINO MOREIRA DE SOUZA";"COMPRA A/V - R$ - APRES";"05/02/2021";"798,00"
"53000";"Ministério da Integração e do Desenvolvime";"22203";"Companhia de Desenvolvimento dos Vales do São Francisco e do Parnaíba";"195015";"CIA DE DES.DOS VALES DO S.FRANC.E DO PARNAIBA";"2021";"03";"***.931.053-**";"GERSON MOTA ANDRADE";"06778591000109";"POTIGUAR MATERIAIS DE CONSTRUCAO S.A.";"COMPRA A/V - R$ - APRES";"18/02/2021";"389,53"
"53000";"Ministério da Integração e do Desenvolvime";"22203";"Companhia de Desenvolvimento dos Vales do São Francisco e do Parnaíba";"195001";"CIA DE DES.DOS VALES DO S.FRANC.E DO PARNAIBA";"2021";"03";"***.874.164-**";"ELIAS KLEITON SANTOS OLIVEIRA";"04344950000194";"PENEDO CONSTRUCOES LTDA";"COMPRA A/V - R$ - APRES";"03/02/2021";"585,00"
"53000";"Ministério da Integração e do Desenvolvime";"22203";"Companhia de Desenvolvimento dos Vales do São Francisco e do Parnaíba";"195004";"CIA DE DES.DOS VALES DO S.FRANC.E DO PARNAIBA";"2021";"03";"***.133.875-**";"HELIO DE SOUSA CARVALHO";"42172585000177";"EVERALDO TEIXEIRA DAS NEVES & IRMAOS LTDA";"COMPRA A/V - R$ - APRES";"05/02/2021";"85,00"
"53000";"Ministério da Integração e do Desenvolvime";"22203";"Companhia de Desenvolvimento dos Vales do São Francisco e do Parnaíba";"195015";"CIA DE DES.DOS VALES DO S.FRANC.E DO PARNAIBA";"2021";"03";"***.931.053-**";"GERSON MOTA ANDRADE";"35622406000190";"SINTECH SOLUCOES INTELIGENTES E TECNOLOGICAS LTDA";"COMPRA A/V - R$ - APRES";"19/02/2021";"210,00"
"53000";"Ministério da Integração e do Desenvolvime";"22203";"Companhia de Desenvolvimento dos Vales do São Francisco e do Parnaíba";"195001";"CIA DE DES.DOS VALES DO S.FRANC.E DO PARNAIBA";"2021";"03";"***.874.164-**";"ELIAS KLEITON SANTOS OLIVEIRA";"01580289000128";"ATACADAO TEXTIL LTDA";"COMPRA A/V - R$ - APRES";"22/02/2021";"300,00"
"53000";"Ministério da Integração e do Desenvolvime";"22203";"Companhia de Desenvolvimento dos Vales do São Francisco e do Parnaíba";"195004";"CIA DE DES.DOS VALES DO S.FRANC.E DO PARNAIBA";"2021";"03";"***.133.875-**";"HELIO DE SOUSA CARVALHO";"-2";"NAO SE APLICA";"SAQUE CASH/ATM BB";"11/02/2021";"410,00"
"53000";"Ministério da Integração e do Desenvolvime";"22203";"Companhia de Desenvolvimento dos Vales do São Francisco e do Parnaíba";"195015";"CIA DE DES.DOS VALES DO S.FRANC.E DO PARNAIBA";"2021";"03";"***.931.053-**";"GERSON MOTA ANDRADE";"35622406000190";"SINTECH SOLUCOES INTELIGENTES E TECNOLOGICAS LTDA";"COMPRA A/V - R$ - APRES";"19/02/2021";"199,50"
"53000";"Ministério da Integração e do Desenvolvime";"22203";"Companhia de Desenvolvimento dos Vales do São Francisco e do Parnaíba";"195001";"CIA DE DES.DOS VALES DO S.FRANC.E DO PARNAIBA";"2021";"03";"***.874.164-**";"ELIAS KLEITON SANTOS OLIVEIRA";"23097643000281";"LIRA COMERCIO VAREJISTA DE ALIMENTOS LTDA";"COMPRA A/V - R$ - APRES";"04/02/2021";"146,11"
"53000";"Ministério da Integração e do Desenvolvime";"22203";"Companhia de Desenvolvimento dos Vales do São Francisco e do Parnaíba";"195004";"CIA DE DES.DOS VALES DO S.FRANC.E DO PARNAIBA";"2021";"03";"***.133.875-**";"HELIO DE SOUSA CARVALHO";"04281682000613";"MARIENE DE OLIVEIRA E SOUZA & CIA LTDA";"COMPRA A/V - R$ - APRES";"05/02/2021";"797,40"
"53000";"Ministério da Integração e do Desenvolvime";"22203";"Companhia de Desenvolvimento dos Vales do São Francisco e do Parnaíba";"195015";"CIA DE DES.DOS VALES DO S.FRANC.E DO PARNAIBA";"2021";"03";"***.931.053-**";"GERSON MOTA ANDRADE";"07544373001225";"K B F COMERCIO DE EQUIPAMENTOS DE INFORMATICA LTDA";"COMPRA A/V - R$ - APRES";"19/02/2021";"220,00"
"53000";"Ministério da Integração e do Desenvolvime";"22203";"Companhia de Desenvolvimento dos Vales do São Francisco e do Parnaíba";"195001";"CIA DE DES.DOS VALES DO S.FRANC.E DO PARNAIBA";"2021";"03";"***.874.164-**";"ELIAS KLEITON SANTOS OLIVEIRA";"16515012000199";"LOPES COMERCIO DE MATERIAL DE CONSTRUCAO LTDA";"COMPRA A/V - R$ - APRES";"11/02/2021";"200,00"
"53000";"Ministério da Integração e do Desenvolvime";"22203";"Companhia de Desenvolvimento dos Vales do São Francisco e do Parnaíba";"195004";"CIA DE DES.DOS VALES DO S.FRANC.E DO PARNAIBA";"2021";"03";"***.133.875-**";"HELIO DE SOUSA CARVALHO";"02993133000131";"BERERE MATERIAIS DE CONSTRUCAO LTDA";"COMPRA A/V - R$ - APRES";"04/02/2021";"799,40"
"53000";"Ministério da Integração e do Desenvolvime";"22203";"Companhia de Desenvolvimento dos Vales do São Francisco e do Parnaíba";"195015";"CIA DE DES.DOS VALES DO S.FRANC.E DO PARNAIBA";"2021";"03";"***.931.053-**";"GERSON MOTA ANDRADE";"04931991000187";"CATARINA FERREIRA DE SOUSA";"COMPRA A/V - R$ - APRES";"17/02/2021";"120,00"
"53000";"Ministério da Integração e do Desenvolvime";"22203";"Companhia de Desenvolvimento dos Vales do São Francisco e do Parnaíba";"195001";"CIA DE DES.DOS VALES DO S.FRANC.E DO PARNAIBA";"2021";"03";"***.874.164-**";"ELIAS KLEITON SANTOS OLIVEIRA";"40912719000113";"JOAO DE DEUS DOS SANTOS CONSTRUCOES LTDA";"COMPRA A/V - R$ - APRES";"03/02/2021";"298,00"
"53000";"Ministério da Integração e do Desenvolvime";"22203";"Companhia de Desenvolvimento dos Vales do São Francisco e do Parnaíba";"195004";"CIA DE DES.DOS VALES DO S.FRANC.E DO PARNAIBA";"2021";"03";"***.133.875-**";"HELIO DE SOUSA CARVALHO";"05907311000152";"ADEMILSON BARBOSA TAVARES";"COMPRA A/V - R$ - APRES";"03/02/2021";"711,00"
"53000";"Ministério da Integração e do Desenvolvime";"22203";"Companhia de Desenvolvimento dos Vales do São Francisco e do Parnaíba";"195004";"CIA DE DES.DOS VALES DO S.FRANC.E DO PARNAIBA";"2021";"03";"***.133.875-**";"HELIO DE SOUSA CARVALHO";"33627095000127";"33.627.095 ITALO RODRIGUES DE SOUSA";"COMPRA A/V - R$ - APRES";"04/02/2021";"300,00"
"53000";"Ministério da Integração e do Desenvolvime";"22204";"Departamento Nacional de Obras Contra as Secas";"193002";"DEPARTAMENTO NACIONAL DE OBRAS CONT.AS SECAS";"2021";"03";"***.482.033-**";"LUIZ ANTONIO NORBERTO FILHO";"24710087000159";"INFOSHOP COMERCIO DE EQUIPAMENTOS E SERVICOS LTDA";"COMPRA A/V - R$ - APRES";"08/02/2021";"1400,00"
"53000";"Ministério da Integração e do Desenvolvime";"22204";"Departamento Nacional de Obras Contra as Secas";"193002";"DEPARTAMENTO NACIONAL DE OBRAS CONT.AS SECAS";"2021";"03";"***.482.033-**";"LUIZ ANTONIO NORBERTO FILHO";"24710087000159";"INFOSHOP COMERCIO DE EQUIPAMENTOS E SERVICOS LTDA";"COMPRA A/V - R$ - APRES";"08/02/2021";"1657,20"
"53000";"Ministério da Integração e do Desenvolvime";"22204";"Departamento Nacional de Obras Contra as Secas";"193002";"DEPARTAMENTO NACIONAL DE OBRAS CONT.AS SECAS";"2021";"03";"***.482.033-**";"LUIZ ANTONIO NORBERTO FILHO";"24710087000159";"INFOSHOP COMERCIO DE EQUIPAMENTOS E SERVICOS LTDA";"COMPRA A/V - R$ - APRES";"08/02/2021";"1658,00"
"53000";"Ministério da Integração e do Desenvolvime";"53000";"Ministério da Integração e do Desenvolvimento Regional - Unidades com vínculo direto";"530001";"MIDR/ADMINISTRACAO GERAL";"2021";"03";"***.796.211-**";"MARCELO RODRIGUES DE OLIVEIRA";"11832478001419";"DONA DE CASA S/A";"COMPRA A/V - R$ - APRES";"22/02/2021";"63,85"
"53000";"Ministério da Integração e do Desenvolvime";"53000";"Ministério da Integração e do Desenvolvimento Regional - Unidades com vínculo direto";"530001";"MIDR/ADMINISTRACAO GERAL";"2021";"03";"***.796.211-**";"MARCELO RODRIGUES DE OLIVEIRA";"26967224000160";"FUTURA COMERCIO DE FERRAGENS E FERRAMENTAS LTDA";"COMPRA A/V - R$ - APRES";"23/02/2021";"279,48"
"53000";"Ministério da Integração e do Desenvolvime";"53000";"Ministério da Integração e do Desenvolvimento Regional - Unidades com vínculo direto";"530001";"MIDR/ADMINISTRACAO GERAL";"2021";"03";"***.796.211-**";"MARCELO RODRIGUES DE OLIVEIRA";"72584287000155";"D PECAS E ACESSORIOS PARA VEICULOS LTDA";"COMPRA A/V - R$ - APRES";"27/01/2021";"26,00"
"53000";"Ministério da Integração e do Desenvolvime";"53202";"Superintendência do Desenvolvimento da Amazônia";"533013";"SUPERINTEND. DO DESENVOLVIMENTO DA AMAZONIA";"2021";"03";"***.698.202-**";"MARCOS ANTONIO TAVARES DE SOUSA";"04566961000119";"M M AUTO POSTO LTDA";"COMPRA A/V - R$ - APRES";"19/02/2021";"100,00"
"53000";"Ministério da Integração e do Desenvolvime";"53202";"Superintendência do Desenvolvimento da Amazônia";"533013";"SUPERINTEND. DO DESENVOLVIMENTO DA AMAZONIA";"2021";"03";"***.549.262-**";"EVERSON MACHADO DE ANDRADE";"23671550000138";"H T COMERCIO DE PETROLEO LTDA";"COMPRA A/V - R$ - APRES";"22/02/2021";"190,00"
"53000";"Ministério da Integração e do Desenvolvime";"53203";"Superintendência do Desenvolvimento do Nordeste";"533014";"SUPERINTENDENCIA DO DESENVOLV. DO NORDESTE";"2021";"03";"***.782.304-**";"NILSON JOSE DOS SANTOS";"01537271000143";"TOYOLEX VEICULOS S.A";"COMPRA A/V - R$ - APRES";"28/01/2021";"708,60"
"53000";"Ministério da Integração e do Desenvolvime";"53203";"Superintendência do Desenvolvimento do Nordeste";"533014";"SUPERINTENDENCIA DO DESENVOLV. DO NORDESTE";"2021";"03";"***.776.284-**";"PAULO FERNANDO BARRETO";"01537271000143";"TOYOLEX VEICULOS S.A";"COMPRA A/V - R$ - APRES";"28/01/2021";"1103,80"
"53000";"Ministério da Integração e do Desenvolvime";"53203";"Superintendência do Desenvolvimento do Nordeste";"533014";"SUPERINTENDENCIA DO DESENVOLV. DO NORDESTE";"2021";"03";"***.776.284-**";"PAULO FERNANDO BARRETO";"04065526000100";"IMPERIO DE CHAVES E ACESSORIOS LTDA";"COMPRA A/V - R$ - APRES";"03/02/2021";"60,00"
"53000";"Ministério da Integração e do Desenvolvime";"53203";"Superintendência do Desenvolvimento do Nordeste";"533014";"SUPERINTENDENCIA DO DESENVOLV. DO NORDESTE";"2021";"03";"***.776.284-**";"PAULO FERNANDO BARRETO";"04065526000100";"IMPERIO DE CHAVES E ACESSORIOS LTDA";"COMPRA A/V - R$ - APRES";"27/01/2021";"30,00"
"53000";"Ministério da Integração e do Desenvolvime";"53203";"Superintendência do Desenvolvimento do Nordeste";"533014";"SUPERINTENDENCIA DO DESENVOLV. DO NORDESTE";"2021";"03";"***.776.284-**";"PAULO FERNANDO BARRETO";"31432796000185";"BRASFESTAS COMERCIO DE ARTIGOS DE FESTAS LTDA";"COMPRA A/V - R$ - APRES";"23/02/2021";"30,00"
"53000";"Ministério da Integração e do Desenvolvime";"53203";"Superintendência do Desenvolvimento do Nordeste";"533014";"SUPERINTENDENCIA DO DESENVOLV. DO NORDESTE";"2021";"03";"***.776.284-**";"PAULO FERNANDO BARRETO";"01752051000132";"ARMARINHO IVO LTDA";"COMPRA A/V - R$ - APRES";"23/02/2021";"31,50"
"53000";"Ministério da Integração e do Desenvolvime";"53203";"Superintendência do Desenvolvimento do Nordeste";"533014";"SUPERINTENDENCIA DO DESENVOLV. DO NORDESTE";"2021";"03";"***.776.284-**";"PAULO FERNANDO BARRETO";"09792177000142";"INDUSTRIA E COMERCIO ALEXANDRE LTDA";"COMPRA A/V - R$ - APRES";"05/02/2021";"250,25"
"30000";"Ministério da Justiça e Segurança Pública";"30211";"Conselho Administrativo de Defesa Econômica";"303001";"CONSELHO ADMINISTRATIVO DE DEFESA ECONOMICA";"2021";"03";"***.726.001-**";"BERNARDO SORDO DE AQUINO PEIXE";"-1";"SEM INFORMACAO";"COMPRA A/V - INT$ - APRES";"08/02/2021";"1541,07"
"30000";"Ministério da Justiça e Segurança Pública";"30211";"Conselho Administrativo de Defesa Econômica";"303001";"CONSELHO ADMINISTRATIVO DE DEFESA ECONOMICA";"2021";"03";"***.726.001-**";"BERNARDO SORDO DE AQUINO PEIXE";"-1";"SEM INFORMACAO";"COMPRA A/V - INT$ - APRES";"08/02/2021";"1541,07"
"30000";"Ministério da Justiça e Segurança Pública";"30211";"Conselho Administrativo de Defesa Econômica";"303001";"CONSELHO ADMINISTRATIVO DE DEFESA ECONOMICA";"2021";"03";"***.726.001-**";"BERNARDO SORDO DE AQUINO PEIXE";"-1";"SEM INFORMACAO";"COMPRA A/V - INT$ - APRES";"08/02/2021";"1541,07"
"30000";"Ministério da Justiça e Segurança Pública";"30211";"Conselho Administrativo de Defesa Econômica";"303001";"CONSELHO ADMINISTRATIVO DE DEFESA ECONOMICA";"2021";"03";"***.726.001-**";"BERNARDO SORDO DE AQUINO PEIXE";"-1";"SEM INFORMACAO";"COMPRA A/V - INT$ - APRES";"08/02/2021";"1541,07"
"30000";"Ministério da Justiça e Segurança Pública";"30211";"Conselho Administrativo de Defesa Econômica";"303001";"CONSELHO ADMINISTRATIVO DE DEFESA ECONOMICA";"2021";"03";"***.726.001-**";"BERNARDO SORDO DE AQUINO PEIXE";"-1";"SEM INFORMACAO";"COMPRA A/V - INT$ - APRES";"05/02/2021";"1541,82"
"30000";"Ministério da Justiça e Segurança Pública";"30211";"Conselho Administrativo de Defesa Econômica";"303001";"CONSELHO ADMINISTRATIVO DE DEFESA ECONOMICA";"2021";"03";"***.726.001-**";"BERNARDO SORDO DE AQUINO PEIXE";"-1";"SEM INFORMACAO";"COMPRA A/V - INT$ - APRES";"05/02/2021";"1541,82"
"30000";"Ministério da Justiça e Segurança Pública";"30211";"Conselho Administrativo de Defesa Econômica";"303001";"CONSELHO ADMINISTRATIVO DE DEFESA ECONOMICA";"2021";"03";"***.726.001-**";"BERNARDO SORDO DE AQUINO PEIXE";"-1";"SEM INFORMACAO";"COMPRA A/V - INT$ - APRES";"05/02/2021";"1541,82"
"30000";"Ministério da Justiça e Segurança Pública";"30211";"Conselho Administrativo de Defesa Econômica";"303001";"CONSELHO ADMINISTRATIVO DE DEFESA ECONOMICA";"2021";"03";"***.726.001-**";"BERNARDO SORDO DE AQUINO PEIXE";"-1";"SEM INFORMACAO";"COMPRA A/V - INT$ - APRES";"05/02/2021";"1541,82"
"30000";"Ministério da Justiça e Segurança Pública";"30211";"Conselho Administrativo de Defesa Econômica";"303001";"CONSELHO ADMINISTRATIVO DE DEFESA ECONOMICA";"2021";"03";"***.726.001-**";"BERNARDO SORDO DE AQUINO PEIXE";"-1";"SEM INFORMACAO";"COMPRA A/V - INT$ - APRES";"05/02/2021";"1541,82"
"30000";"Ministério da Justiça e Segurança Pública";"30907";"Fundo Penitenciário Nacional";"200600";"PENITENCIARIA FEDERAL DE CAMPO GRANDE - MS";"2021";"03";"***.333.241-**";"CARLOS ALBERTO VIEIRA CORREA";"03321370000119";"BRIATO COMERCIO MEDICO-HOSPITALAR E SERVICOS LTDA";"COMPRA A/V - R$ - APRES";"18/02/2021";"1020,00"
"30000";"Ministério da Justiça e Segurança Pública";"30907";"Fundo Penitenciário Nacional";"200600";"PENITENCIARIA FEDERAL DE CAMPO GRANDE - MS";"2021";"03";"***.333.241-**";"CARLOS ALBERTO VIEIRA CORREA";"73666612000191";"COPICAD SOLUCAO EM SERVICOS LTDA";"COMPRA A/V - R$ - APRES";"27/01/2021";"27,00"
"30000";"Ministério da Justiça e Segurança Pública";"30907";"Fundo Penitenciário Nacional";"200600";"PENITENCIARIA FEDERAL DE CAMPO GRANDE - MS";"2021";"03";"***.333.241-**";"CARLOS ALBERTO VIEIRA CORREA";"28054896000100";"J. A. COMERCIO DE ARTIGOS PARA ESCRITORIO LTDA";"COMPRA A/V - R$ - APRES";"27/01/2021";"1531,00"
"30000";"Ministério da Justiça e Segurança Pública";"30907";"Fundo Penitenciário Nacional";"200600";"PENITENCIARIA FEDERAL DE CAMPO GRANDE - MS";"2021";"03";"***.333.241-**";"CARLOS ALBERTO VIEIRA CORREA";"13966572000171";"CAPPTA INSTITUICAO DE PAGAMENTO S.A";"COMPRA A/V - R$ - APRES";"18/02/2021";"180,00"
"30000";"Ministério da Justiça e Segurança Pública";"30907";"Fundo Penitenciário Nacional";"200600";"PENITENCIARIA FEDERAL DE CAMPO GRANDE - MS";"2021";"03";"***.333.241-**";"CARLOS ALBERTO VIEIRA CORREA";"05999969000131";"CASA DO ATLETA LTDA";"COMPRA A/V - R$ - APRES";"10/02/2021";"202,00"
"30000";"Ministério da Justiça e Segurança Pública";"30907";"Fundo Penitenciário Nacional";"200600";"PENITENCIARIA FEDERAL DE CAMPO GRANDE - MS";"2021";"03";"***.333.241-**";"CARLOS ALBERTO VIEIRA CORREA";"10275625000110";"MM BRINDES E COPIAS LTDA";"COMPRA A/V - R$ - APRES";"01/02/2021";"5,00"
"30000";"Ministério da Justiça e Segurança Pública";"30907";"Fundo Penitenciário Nacional";"200600";"PENITENCIARIA FEDERAL DE CAMPO GRANDE - MS";"2021";"03";"***.333.241-**";"CARLOS ALBERTO VIEIRA CORREA";"00924845000173";"SOLDAMAQ COMERCIO DE FERRAMENTAS LTDA";"COMPRA A/V - R$ - APRES";"04/02/2021";"188,88"
"30000";"Ministério da Justiça e Segurança Pública";"30907";"Fundo Penitenciário Nacional";"200601";"PENITENCIARIA FEDERAL EM CATANDUVAS - PR";"2021";"03";"***.105.049-**";"HUGO CRISTIANO BASILIO PROMOCENA";"08863966000164";"ORTOSANI PRODUTOS PARA SAUDE LTDA.";"COMPRA A/V - R$ - APRES";"09/02/2021";"225,00"
"30000";"Ministério da Justiça e Segurança Pública";"30907";"Fundo Penitenciário Nacional";"200601";"PENITENCIARIA FEDERAL EM CATANDUVAS - PR";"2021";"03";"***.105.049-**";"HUGO CRISTIANO BASILIO PROMOCENA";"04328880000180";"BIOVEL LABORATORIO DE ANALISES E PESQUISAS CLINICAS LTDA";"COMPRA A/V - R$ - APRES";"12/02/2021";"495,82"
"30000";"Ministério da Justiça e Segurança Pública";"30108";"Polícia Federal";"200334";"COORDENACAO GERAL DE ADMINISTRACAO CGAD/DLOG/";"2021";"03";"";"Sigiloso";"-11";"Sigiloso";"Informações protegidas por sigilo";"";"1000,00"
"30000";"Ministério da Justiça e Segurança Pública";"30108";"Polícia Federal";"200334";"COORDENACAO GERAL DE ADMINISTRACAO CGAD/DLOG/";"2021";"03";"";"Sigiloso";"-11";"Sigiloso";"Informações protegidas por sigilo";"";"1000,00"
"30000";"Ministério da Justiça e Segurança Pública";"30108";"Polícia Federal";"200334";"COORDENACAO GERAL DE ADMINISTRACAO CGAD/DLOG/";"2021";"03";"";"Sigiloso";"-11";"Sigiloso";"Informações protegidas por sigilo";"";"1000,00"
"30000";"Ministério da Justiça e Segurança Pública";"30108";"Polícia Federal";"200334";"COORDENACAO GERAL DE ADMINISTRACAO CGAD/DLOG/";"2021";"03";"";"Sigiloso";"-11";"Sigiloso";"Informações protegidas por sigilo";"";"1000,00"
"30000";"Ministério da Justiça e Segurança Pública";"30108";"Polícia Federal";"200334";"COORDENACAO GERAL DE ADMINISTRACAO CGAD/DLOG/";"2021";"03";"";"Sigiloso";"-11";"Sigiloso";"Informações protegidas por sigilo";"";"1000,00"
"30000";"Ministério da Justiça e Segurança Pública";"30108";"Polícia Federal";"200334";"COORDENACAO GERAL DE ADMINISTRACAO CGAD/DLOG/";"2021";"03";"";"Sigiloso";"-11";"Sigiloso";"Informações protegidas por sigilo";"";"1000,00"
"30000";"Ministério da Justiça e Segurança Pública";"30108";"Polícia Federal";"200334";"COORDENACAO GERAL DE ADMINISTRACAO CGAD/DLOG/";"2021";"03";"";"Sigiloso";"-11";"Sigiloso";"Informações protegidas por sigilo";"";"1000,00"
"30000";"Ministério da Justiça e Segurança Pública";"30108";"Polícia Federal";"200334";"COORDENACAO GERAL DE ADMINISTRACAO CGAD/DLOG/";"2021";"03";"";"Sigiloso";"-11";"Sigiloso";"Informações protegidas por sigilo";"";"1000,00"
"30000";"Ministério da Justiça e Segurança Pública";"30108";"Polícia Federal";"200334";"COORDENACAO GERAL DE ADMINISTRACAO CGAD/DLOG/";"2021";"03";"";"Sigiloso";"-11";"Sigiloso";"Informações protegidas por sigilo";"";"1000,00"
"30000";"Ministério da Justiça e Segurança Pública";"30108";"Polícia Federal";"200334";"COORDENACAO GERAL DE ADMINISTRACAO CGAD/DLOG/";"2021";"03";"";"Sigiloso";"-11";"Sigiloso";"Informações protegidas por sigilo";"";"1000,00"
"30000";"Ministério da Justiça e Segurança Pública";"30108";"Polícia Federal";"200334";"COORDENACAO GERAL DE ADMINISTRACAO CGAD/DLOG/";"2021";"03";"";"Sigiloso";"-11";"Sigiloso";"Informações protegidas por sigilo";"";"1000,00"
"30000";"Ministério da Justiça e Segurança Pública";"30108";"Polícia Federal";"200334";"COORDENACAO GERAL DE ADMINISTRACAO CGAD/DLOG/";"2021";"03";"";"Sigiloso";"-11";"Sigiloso";"Informações protegidas por sigilo";"";"1000,00"
"30000";"Ministério da Justiça e Segurança Pública";"30108";"Polícia Federal";"200334";"COORDENACAO GERAL DE ADMINISTRACAO CGAD/DLOG/";"2021";"03";"";"Sigiloso";"-11";"Sigiloso";"Informações protegidas por sigilo";"";"600,00"
"30000";"Ministério da Justiça e Segurança Pública";"30108";"Polícia Federal";"200334";"COORDENACAO GERAL DE ADMINISTRACAO CGAD/DLOG/";"2021";"03";"";"Sigiloso";"-11";"Sigiloso";"Informações protegidas por sigilo";"";"1000,00"
"30000";"Ministério da Justiça e Segurança Pública";"30108";"Polícia Federal";"200334";"COORDENACAO GERAL DE ADMINISTRACAO CGAD/DLOG/";"2021";"03";"";"Sigiloso";"-11";"Sigiloso";"Informações protegidas por sigilo";"";"1000,00"
"30000";"Ministério da Justiça e Segurança Pública";"30108";"Polícia Federal";"200334";"COORDENACAO GERAL DE ADMINISTRACAO CGAD/DLOG/";"2021";"03";"";"Sigiloso";"-11";"Sigiloso";"Informações protegidas por sigilo";"";"1000,00"
"30000";"Ministério da Justiça e Segurança Pública";"30108";"Polícia Federal";"200334";"COORDENACAO GERAL DE ADMINISTRACAO CGAD/DLOG/";"2021";"03";"";"Sigiloso";"-11";"Sigiloso";"Informações protegidas por sigilo";"";"1000,00"
"30000";"Ministério da Justiça e Segurança Pública";"30108";"Polícia Federal";"200334";"COORDENACAO GERAL DE ADMINISTRACAO CGAD/DLOG/";"2021";"03";"";"Sigiloso";"-11";"Sigiloso";"Informações protegidas por sigilo";"";"1000,00"
"30000";"Ministério da Justiça e Segurança Pública";"30108";"Polícia Federal";"200334";"COORDENACAO GERAL DE ADMINISTRACAO CGAD/DLOG/";"2021";"03";"";"Sigiloso";"-11";"Sigiloso";"Informações protegidas por sigilo";"";"1000,00"
"30000";"Ministério da Justiça e Segurança Pública";"30108";"Polícia Federal";"200334";"COORDENACAO GERAL DE ADMINISTRACAO CGAD/DLOG/";"2021";"03";"";"Sigiloso";"-11";"Sigiloso";"Informações protegidas por sigilo";"";"1000,00"
"30000";"Ministério da Justiça e Segurança Pública";"30108";"Polícia Federal";"200334";"COORDENACAO GERAL DE ADMINISTRACAO CGAD/DLOG/";"2021";"03";"";"Sigiloso";"-11";"Sigiloso";"Informações protegidas por sigilo";"";"1000,00"
"30000";"Ministério da Justiça e Segurança Pública";"30108";"Polícia Federal";"200334";"COORDENACAO GERAL DE ADMINISTRACAO CGAD/DLOG/";"2021";"03";"";"Sigiloso";"-11";"Sigiloso";"Informações protegidas por sigilo";"";"1000,00"
"30000";"Ministério da Justiça e Segurança Pública";"30108";"Polícia Federal";"200334";"COORDENACAO GERAL DE ADMINISTRACAO CGAD/DLOG/";"2021";"03";"";"Sigiloso";"-11";"Sigiloso";"Informações protegidas por sigilo";"";"1000,00"
"30000";"Ministério da Justiça e Segurança Pública";"30108";"Polícia Federal";"200334";"COORDENACAO GERAL DE ADMINISTRACAO CGAD/DLOG/";"2021";"03";"";"Sigiloso";"-11";"Sigiloso";"Informações protegidas por sigilo";"";"1000,00"
"30000";"Ministério da Justiça e Segurança Pública";"30108";"Polícia Federal";"200334";"COORDENACAO GERAL DE ADMINISTRACAO CGAD/DLOG/";"2021";"03";"";"Sigiloso";"-11";"Sigiloso";"Informações protegidas por sigilo";"";"1000,00"
"30000";"Ministério da Justiça e Segurança Pública";"30108";"Polícia Federal";"200334";"COORDENACAO GERAL DE ADMINISTRACAO CGAD/DLOG/";"2021";"03";"";"Sigiloso";"-11";"Sigiloso";"Informações protegidas por sigilo";"";"1000,00"
"30000";"Ministério da Justiça e Segurança Pública";"30108";"Polícia Federal";"200334";"COORDENACAO GERAL DE ADMINISTRACAO CGAD/DLOG/";"2021";"03";"";"Sigiloso";"-11";"Sigiloso";"Informações protegidas por sigilo";"";"1000,00"
"30000";"Ministério da Justiça e Segurança Pública";"30108";"Polícia Federal";"200334";"COORDENACAO GERAL DE ADMINISTRACAO CGAD/DLOG/";"2021";"03";"";"Sigiloso";"-11";"Sigiloso";"Informações protegidas por sigilo";"";"1000,00"
"30000";"Ministério da Justiça e Segurança Pública";"30108";"Polícia Federal";"200334";"COORDENACAO GERAL DE ADMINISTRACAO CGAD/DLOG/";"2021";"03";"";"Sigiloso";"-11";"Sigiloso";"Informações protegidas por sigilo";"";"1000,00"
"30000";"Ministério da Justiça e Segurança Pública";"30108";"Polícia Federal";"200334";"COORDENACAO GERAL DE ADMINISTRACAO CGAD/DLOG/";"2021";"03";"";"Sigiloso";"-11";"Sigiloso";"Informações protegidas por sigilo";"";"1000,00"
"30000";"Ministério da Justiça e Segurança Pública";"30108";"Polícia Federal";"200334";"COORDENACAO GERAL DE ADMINISTRACAO CGAD/DLOG/";"2021";"03";"";"Sigiloso";"-11";"Sigiloso";"Informações protegidas por sigilo";"";"1000,00"
"30000";"Ministério da Justiça e Segurança Pública";"30108";"Polícia Federal";"200334";"COORDENACAO GERAL DE ADMINISTRACAO CGAD/DLOG/";"2021";"03";"";"Sigiloso";"-11";"Sigiloso";"Informações protegidas por sigilo";"";"1000,00"
"30000";"Ministério da Justiça e Segurança Pública";"30108";"Polícia Federal";"200334";"COORDENACAO GERAL DE ADMINISTRACAO CGAD/DLOG/";"2021";"03";"";"Sigiloso";"-11";"Sigiloso";"Informações protegidas por sigilo";"";"1000,00"
"30000";"Ministério da Justiça e Segurança Pública";"30108";"Polícia Federal";"200334";"COORDENACAO GERAL DE ADMINISTRACAO CGAD/DLOG/";"2021";"03";"";"Sigiloso";"-11";"Sigiloso";"Informações protegidas por sigilo";"";"1000,00"
"30000";"Ministério da Justiça e Segurança Pública";"30108";"Polícia Federal";"200334";"COORDENACAO GERAL DE ADMINISTRACAO CGAD/DLOG/";"2021";"03";"";"Sigiloso";"-11";"Sigiloso";"Informações protegidas por sigilo";"";"1000,00"
"30000";"Ministério da Justiça e Segurança Pública";"30108";"Polícia Federal";"200334";"COORDENACAO GERAL DE ADMINISTRACAO CGAD/DLOG/";"2021";"03";"";"Sigiloso";"-11";"Sigiloso";"Informações protegidas por sigilo";"";"1000,00"
"30000";"Ministério da Justiça e Segurança Pública";"30108";"Polícia Federal";"200334";"COORDENACAO GERAL DE ADMINISTRACAO CGAD/DLOG/";"2021";"03";"";"Sigiloso";"-11";"Sigiloso";"Informações protegidas por sigilo";"";"1000,00"
"30000";"Ministério da Justiça e Segurança Pública";"30108";"Polícia Federal";"200334";"COORDENACAO GERAL DE ADMINISTRACAO CGAD/DLOG/";"2021";"03";"";"Sigiloso";"-11";"Sigiloso";"Informações protegidas por sigilo";"";"1000,00"
"30000";"Ministério da Justiça e Segurança Pública";"30108";"Polícia Federal";"200334";"COORDENACAO GERAL DE ADMINISTRACAO CGAD/DLOG/";"2021";"03";"";"Sigiloso";"-11";"Sigiloso";"Informações protegidas por sigilo";"";"1000,00"
"30000";"Ministério da Justiça e Segurança Pública";"30108";"Polícia Federal";"200334";"COORDENACAO GERAL DE ADMINISTRACAO CGAD/DLOG/";"2021";"03";"";"Sigiloso";"-11";"Sigiloso";"Informações protegidas por sigilo";"";"1000,00"
"30000";"Ministério da Justiça e Segurança Pública";"30108";"Polícia Federal";"200334";"COORDENACAO GERAL DE ADMINISTRACAO CGAD/DLOG/";"2021";"03";"";"Sigiloso";"-11";"Sigiloso";"Informações protegidas por sigilo";"";"1000,00"
"30000";"Ministério da Justiça e Segurança Pública";"30108";"Polícia Federal";"200334";"COORDENACAO GERAL DE ADMINISTRACAO CGAD/DLOG/";"2021";"03";"";"Sigiloso";"-11";"Sigiloso";"Informações protegidas por sigilo";"";"1000,00"
"30000";"Ministério da Justiça e Segurança Pública";"30108";"Polícia Federal";"200334";"COORDENACAO GERAL DE ADMINISTRACAO CGAD/DLOG/";"2021";"03";"";"Sigiloso";"-11";"Sigiloso";"Informações protegidas por sigilo";"";"1000,00"
"30000";"Ministério da Justiça e Segurança Pública";"30108";"Polícia Federal";"200334";"COORDENACAO GERAL DE ADMINISTRACAO CGAD/DLOG/";"2021";"03";"";"Sigiloso";"-11";"Sigiloso";"Informações protegidas por sigilo";"";"1000,00"
"30000";"Ministério da Justiça e Segurança Pública";"30108";"Polícia Federal";"200334";"COORDENACAO GERAL DE ADMINISTRACAO CGAD/DLOG/";"2021";"03";"";"Sigiloso";"-11";"Sigiloso";"Informações protegidas por sigilo";"";"1000,00"
"30000";"Ministério da Justiça e Segurança Pública";"30108";"Polícia Federal";"200334";"COORDENACAO GERAL DE ADMINISTRACAO CGAD/DLOG/";"2021";"03";"";"Sigiloso";"-11";"Sigiloso";"Informações protegidas por sigilo";"";"1000,00"
"30000";"Ministério da Justiça e Segurança Pública";"30108";"Polícia Federal";"200334";"COORDENACAO GERAL DE ADMINISTRACAO CGAD/DLOG/";"2021";"03";"";"Sigiloso";"-11";"Sigiloso";"Informações protegidas por sigilo";"";"1000,00"
"30000";"Ministério da Justiça e Segurança Pública";"30108";"Polícia Federal";"200334";"COORDENACAO GERAL DE ADMINISTRACAO CGAD/DLOG/";"2021";"03";"";"Sigiloso";"-11";"Sigiloso";"Informações protegidas por sigilo";"";"1000,00"
"30000";"Ministério da Justiça e Segurança Pública";"30108";"Polícia Federal";"200334";"COORDENACAO GERAL DE ADMINISTRACAO CGAD/DLOG/";"2021";"03";"";"Sigiloso";"-11";"Sigiloso";"Informações protegidas por sigilo";"";"1000,00"
"30000";"Ministério da Justiça e Segurança Pública";"30108";"Polícia Federal";"200334";"COORDENACAO GERAL DE ADMINISTRACAO CGAD/DLOG/";"2021";"03";"";"Sigiloso";"-11";"Sigiloso";"Informações protegidas por sigilo";"";"1000,00"
"30000";"Ministério da Justiça e Segurança Pública";"30108";"Polícia Federal";"200334";"COORDENACAO GERAL DE ADMINISTRACAO CGAD/DLOG/";"2021";"03";"";"Sigiloso";"-11";"Sigiloso";"Informações protegidas por sigilo";"";"1000,00"
"30000";"Ministério da Justiça e Segurança Pública";"30108";"Polícia Federal";"200334";"COORDENACAO GERAL DE ADMINISTRACAO CGAD/DLOG/";"2021";"03";"";"Sigiloso";"-11";"Sigiloso";"Informações protegidas por sigilo";"";"1000,00"
"30000";"Ministério da Justiça e Segurança Pública";"30108";"Polícia Federal";"200334";"COORDENACAO GERAL DE ADMINISTRACAO CGAD/DLOG/";"2021";"03";"";"Sigiloso";"-11";"Sigiloso";"Informações protegidas por sigilo";"";"1000,00"
"30000";"Ministério da Justiça e Segurança Pública";"30108";"Polícia Federal";"200334";"COORDENACAO GERAL DE ADMINISTRACAO CGAD/DLOG/";"2021";"03";"";"Sigiloso";"-11";"Sigiloso";"Informações protegidas por sigilo";"";"1000,00"
"30000";"Ministério da Justiça e Segurança Pública";"30108";"Polícia Federal";"200334";"COORDENACAO GERAL DE ADMINISTRACAO CGAD/DLOG/";"2021";"03";"";"Sigiloso";"-11";"Sigiloso";"Informações protegidas por sigilo";"";"1000,00"
"30000";"Ministério da Justiça e Segurança Pública";"30108";"Polícia Federal";"200334";"COORDENACAO GERAL DE ADMINISTRACAO CGAD/DLOG/";"2021";"03";"";"Sigiloso";"-11";"Sigiloso";"Informações protegidas por sigilo";"";"1000,00"
"30000";"Ministério da Justiça e Segurança Pública";"30108";"Polícia Federal";"200334";"COORDENACAO GERAL DE ADMINISTRACAO CGAD/DLOG/";"2021";"03";"";"Sigiloso";"-11";"Sigiloso";"Informações protegidas por sigilo";"";"1000,00"
"30000";"Ministério da Justiça e Segurança Pública";"30108";"Polícia Federal";"200334";"COORDENACAO GERAL DE ADMINISTRACAO CGAD/DLOG/";"2021";"03";"";"Sigiloso";"-11";"Sigiloso";"Informações protegidas por sigilo";"";"1000,00"
"30000";"Ministério da Justiça e Segurança Pública";"30108";"Polícia Federal";"200334";"COORDENACAO GERAL DE ADMINISTRACAO CGAD/DLOG/";"2021";"03";"";"Sigiloso";"-11";"Sigiloso";"Informações protegidas por sigilo";"";"1000,00"
"30000";"Ministério da Justiça e Segurança Pública";"30108";"Polícia Federal";"200334";"COORDENACAO GERAL DE ADMINISTRACAO CGAD/DLOG/";"2021";"03";"";"Sigiloso";"-11";"Sigiloso";"Informações protegidas por sigilo";"";"1000,00"
"30000";"Ministério da Justiça e Segurança Pública";"30108";"Polícia Federal";"200334";"COORDENACAO GERAL DE ADMINISTRACAO CGAD/DLOG/";"2021";"03";"";"Sigiloso";"-11";"Sigiloso";"Informações protegidas por sigilo";"";"1000,00"
"30000";"Ministério da Justiça e Segurança Pública";"30108";"Polícia Federal";"200334";"COORDENACAO GERAL DE ADMINISTRACAO CGAD/DLOG/";"2021";"03";"";"Sigiloso";"-11";"Sigiloso";"Informações protegidas por sigilo";"";"1000,00"
"30000";"Ministério da Justiça e Segurança Pública";"30108";"Polícia Federal";"200334";"COORDENACAO GERAL DE ADMINISTRACAO CGAD/DLOG/";"2021";"03";"";"Sigiloso";"-11";"Sigiloso";"Informações protegidas por sigilo";"";"1000,00"
"30000";"Ministério da Justiça e Segurança Pública";"30108";"Polícia Federal";"200334";"COORDENACAO GERAL DE ADMINISTRACAO CGAD/DLOG/";"2021";"03";"";"Sigiloso";"-11";"Sigiloso";"Informações protegidas por sigilo";"";"1000,00"
"30000";"Ministério da Justiça e Segurança Pública";"30108";"Polícia Federal";"200334";"COORDENACAO GERAL DE ADMINISTRACAO CGAD/DLOG/";"2021";"03";"";"Sigiloso";"-11";"Sigiloso";"Informações protegidas por sigilo";"";"1000,00"
"30000";"Ministério da Justiça e Segurança Pública";"30108";"Polícia Federal";"200334";"COORDENACAO GERAL DE ADMINISTRACAO CGAD/DLOG/";"2021";"03";"";"Sigiloso";"-11";"Sigiloso";"Informações protegidas por sigilo";"";"1000,00"
"30000";"Ministério da Justiça e Segurança Pública";"30108";"Polícia Federal";"200334";"COORDENACAO GERAL DE ADMINISTRACAO CGAD/DLOG/";"2021";"03";"";"Sigiloso";"-11";"Sigiloso";"Informações protegidas por sigilo";"";"1000,00"
"30000";"Ministério da Justiça e Segurança Pública";"30108";"Polícia Federal";"200334";"COORDENACAO GERAL DE ADMINISTRACAO CGAD/DLOG/";"2021";"03";"";"Sigiloso";"-11";"Sigiloso";"Informações protegidas por sigilo";"";"1000,00"
"30000";"Ministério da Justiça e Segurança Pública";"30108";"Polícia Federal";"200334";"COORDENACAO GERAL DE ADMINISTRACAO CGAD/DLOG/";"2021";"03";"";"Sigiloso";"-11";"Sigiloso";"Informações protegidas por sigilo";"";"1000,00"
"30000";"Ministério da Justiça e Segurança Pública";"30108";"Polícia Federal";"200334";"COORDENACAO GERAL DE ADMINISTRACAO CGAD/DLOG/";"2021";"03";"";"Sigiloso";"-11";"Sigiloso";"Informações protegidas por sigilo";"";"1000,00"
"30000";"Ministério da Justiça e Segurança Pública";"30108";"Polícia Federal";"200334";"COORDENACAO GERAL DE ADMINISTRACAO CGAD/DLOG/";"2021";"03";"";"Sigiloso";"-11";"Sigiloso";"Informações protegidas por sigilo";"";"1000,00"
"30000";"Ministério da Justiça e Segurança Pública";"30108";"Polícia Federal";"200334";"COORDENACAO GERAL DE ADMINISTRACAO CGAD/DLOG/";"2021";"03";"";"Sigiloso";"-11";"Sigiloso";"Informações protegidas por sigilo";"";"1000,00"
"30000";"Ministério da Justiça e Segurança Pública";"30108";"Polícia Federal";"200334";"COORDENACAO GERAL DE ADMINISTRACAO CGAD/DLOG/";"2021";"03";"";"Sigiloso";"-11";"Sigiloso";"Informações protegidas por sigilo";"";"1000,00"
"30000";"Ministério da Justiça e Segurança Pública";"30108";"Polícia Federal";"200334";"COORDENACAO GERAL DE ADMINISTRACAO CGAD/DLOG/";"2021";"03";"";"Sigiloso";"-11";"Sigiloso";"Informações protegidas por sigilo";"";"1000,00"
"30000";"Ministério da Justiça e Segurança Pública";"30108";"Polícia Federal";"200334";"COORDENACAO GERAL DE ADMINISTRACAO CGAD/DLOG/";"2021";"03";"";"Sigiloso";"-11";"Sigiloso";"Informações protegidas por sigilo";"";"1000,00"
"30000";"Ministério da Justiça e Segurança Pública";"30108";"Polícia Federal";"200334";"COORDENACAO GERAL DE ADMINISTRACAO CGAD/DLOG/";"2021";"03";"";"Sigiloso";"-11";"Sigiloso";"Informações protegidas por sigilo";"";"1000,00"
"30000";"Ministério da Justiça e Segurança Pública";"30108";"Polícia Federal";"200334";"COORDENACAO GERAL DE ADMINISTRACAO CGAD/DLOG/";"2021";"03";"";"Sigiloso";"-11";"Sigiloso";"Informações protegidas por sigilo";"";"1000,00"
"30000";"Ministério da Justiça e Segurança Pública";"30108";"Polícia Federal";"200334";"COORDENACAO GERAL DE ADMINISTRACAO CGAD/DLOG/";"2021";"03";"";"Sigiloso";"-11";"Sigiloso";"Informações protegidas por sigilo";"";"1000,00"
"30000";"Ministério da Justiça e Segurança Pública";"30108";"Polícia Federal";"200334";"COORDENACAO GERAL DE ADMINISTRACAO CGAD/DLOG/";"2021";"03";"";"Sigiloso";"-11";"Sigiloso";"Informações protegidas por sigilo";"";"1000,00"
"30000";"Ministério da Justiça e Segurança Pública";"30108";"Polícia Federal";"200334";"COORDENACAO GERAL DE ADMINISTRACAO CGAD/DLOG/";"2021";"03";"";"Sigiloso";"-11";"Sigiloso";"Informações protegidas por sigilo";"";"1000,00"
"30000";"Ministério da Justiça e Segurança Pública";"30108";"Polícia Federal";"200334";"COORDENACAO GERAL DE ADMINISTRACAO CGAD/DLOG/";"2021";"03";"";"Sigiloso";"-11";"Sigiloso";"Informações protegidas por sigilo";"";"1000,00"
"30000";"Ministério da Justiça e Segurança Pública";"30108";"Polícia Federal";"200334";"COORDENACAO GERAL DE ADMINISTRACAO CGAD/DLOG/";"2021";"03";"";"Sigiloso";"-11";"Sigiloso";"Informações protegidas por sigilo";"";"1000,00"
"30000";"Ministério da Justiça e Segurança Pública";"30108";"Polícia Federal";"200334";"COORDENACAO GERAL DE ADMINISTRACAO CGAD/DLOG/";"2021";"03";"";"Sigiloso";"-11";"Sigiloso";"Informações protegidas por sigilo";"";"1000,00"
"30000";"Ministério da Justiça e Segurança Pública";"30108";"Polícia Federal";"200334";"COORDENACAO GERAL DE ADMINISTRACAO CGAD/DLOG/";"2021";"03";"";"Sigiloso";"-11";"Sigiloso";"Informações protegidas por sigilo";"";"1000,00"
"30000";"Ministério da Justiça e Segurança Pública";"30108";"Polícia Federal";"200334";"COORDENACAO GERAL DE ADMINISTRACAO CGAD/DLOG/";"2021";"03";"";"Sigiloso";"-11";"Sigiloso";"Informações protegidas por sigilo";"";"1000,00"
"30000";"Ministério da Justiça e Segurança Pública";"30108";"Polícia Federal";"200334";"COORDENACAO GERAL DE ADMINISTRACAO CGAD/DLOG/";"2021";"03";"";"Sigiloso";"-11";"Sigiloso";"Informações protegidas por sigilo";"";"1000,00"
"30000";"Ministério da Justiça e Segurança Pública";"30108";"Polícia Federal";"200334";"COORDENACAO GERAL DE ADMINISTRACAO CGAD/DLOG/";"2021";"03";"";"Sigiloso";"-11";"Sigiloso";"Informações protegidas por sigilo";"";"1000,00"
"30000";"Ministério da Justiça e Segurança Pública";"30108";"Polícia Federal";"200334";"COORDENACAO GERAL DE ADMINISTRACAO CGAD/DLOG/";"2021";"03";"";"Sigiloso";"-11";"Sigiloso";"Informações protegidas por sigilo";"";"1000,00"
"30000";"Ministério da Justiça e Segurança Pública";"30108";"Polícia Federal";"200334";"COORDENACAO GERAL DE ADMINISTRACAO CGAD/DLOG/";"2021";"03";"";"Sigiloso";"-11";"Sigiloso";"Informações protegidas por sigilo";"";"1000,00"
"30000";"Ministério da Justiça e Segurança Pública";"30108";"Polícia Federal";"200334";"COORDENACAO GERAL DE ADMINISTRACAO CGAD/DLOG/";"2021";"03";"";"Sigiloso";"-11";"Sigiloso";"Informações protegidas por sigilo";"";"1000,00"
"30000";"Ministério da Justiça e Segurança Pública";"30108";"Polícia Federal";"200334";"COORDENACAO GERAL DE ADMINISTRACAO CGAD/DLOG/";"2021";"03";"";"Sigiloso";"-11";"Sigiloso";"Informações protegidas por sigilo";"";"1000,00"
"30000";"Ministério da Justiça e Segurança Pública";"30108";"Polícia Federal";"200334";"COORDENACAO GERAL DE ADMINISTRACAO CGAD/DLOG/";"2021";"03";"";"Sigiloso";"-11";"Sigiloso";"Informações protegidas por sigilo";"";"1000,00"
"30000";"Ministério da Justiça e Segurança Pública";"30108";"Polícia Federal";"200334";"COORDENACAO GERAL DE ADMINISTRACAO CGAD/DLOG/";"2021";"03";"";"Sigiloso";"-11";"Sigiloso";"Informações protegidas por sigilo";"";"1000,00"
"30000";"Ministério da Justiça e Segurança Pública";"30108";"Polícia Federal";"200334";"COORDENACAO GERAL DE ADMINISTRACAO CGAD/DLOG/";"2021";"03";"";"Sigiloso";"-11";"Sigiloso";"Informações protegidas por sigilo";"";"1000,00"
"30000";"Ministério da Justiça e Segurança Pública";"30108";"Polícia Federal";"200334";"COORDENACAO GERAL DE ADMINISTRACAO CGAD/DLOG/";"2021";"03";"";"Sigiloso";"-11";"Sigiloso";"Informações protegidas por sigilo";"";"1000,00"
"30000";"Ministério da Justiça e Segurança Pública";"30108";"Polícia Federal";"200334";"COORDENACAO GERAL DE ADMINISTRACAO CGAD/DLOG/";"2021";"03";"";"Sigiloso";"-11";"Sigiloso";"Informações protegidas por sigilo";"";"1000,00"
"30000";"Ministério da Justiça e Segurança Pública";"30108";"Polícia Federal";"200334";"COORDENACAO GERAL DE ADMINISTRACAO CGAD/DLOG/";"2021";"03";"";"Sigiloso";"-11";"Sigiloso";"Informações protegidas por sigilo";"";"1000,00"
"30000";"Ministério da Justiça e Segurança Pública";"30108";"Polícia Federal";"200334";"COORDENACAO GERAL DE ADMINISTRACAO CGAD/DLOG/";"2021";"03";"";"Sigiloso";"-11";"Sigiloso";"Informações protegidas por sigilo";"";"1000,00"
"30000";"Ministério da Justiça e Segurança Pública";"30108";"Polícia Federal";"200334";"COORDENACAO GERAL DE ADMINISTRACAO CGAD/DLOG/";"2021";"03";"";"Sigiloso";"-11";"Sigiloso";"Informações protegidas por sigilo";"";"1000,00"
"30000";"Ministério da Justiça e Segurança Pública";"30108";"Polícia Federal";"200334";"COORDENACAO GERAL DE ADMINISTRACAO CGAD/DLOG/";"2021";"03";"";"Sigiloso";"-11";"Sigiloso";"Informações protegidas por sigilo";"";"1000,00"
"30000";"Ministério da Justiça e Segurança Pública";"30108";"Polícia Federal";"200334";"COORDENACAO GERAL DE ADMINISTRACAO CGAD/DLOG/";"2021";"03";"";"Sigiloso";"-11";"Sigiloso";"Informações protegidas por sigilo";"";"1000,00"
"30000";"Ministério da Justiça e Segurança Pública";"30108";"Polícia Federal";"200334";"COORDENACAO GERAL DE ADMINISTRACAO CGAD/DLOG/";"2021";"03";"";"Sigiloso";"-11";"Sigiloso";"Informações protegidas por sigilo";"";"1000,00"
"30000";"Ministério da Justiça e Segurança Pública";"30108";"Polícia Federal";"200334";"COORDENACAO GERAL DE ADMINISTRACAO CGAD/DLOG/";"2021";"03";"";"Sigiloso";"-11";"Sigiloso";"Informações protegidas por sigilo";"";"1000,00"
"30000";"Ministério da Justiça e Segurança Pública";"30108";"Polícia Federal";"200334";"COORDENACAO GERAL DE ADMINISTRACAO CGAD/DLOG/";"2021";"03";"";"Sigiloso";"-11";"Sigiloso";"Informações protegidas por sigilo";"";"1000,00"
"30000";"Ministério da Justiça e Segurança Pública";"30108";"Polícia Federal";"200334";"COORDENACAO GERAL DE ADMINISTRACAO CGAD/DLOG/";"2021";"03";"";"Sigiloso";"-11";"Sigiloso";"Informações protegidas por sigilo";"";"1000,00"
"30000";"Ministério da Justiça e Segurança Pública";"30108";"Polícia Federal";"200334";"COORDENACAO GERAL DE ADMINISTRACAO CGAD/DLOG/";"2021";"03";"";"Sigiloso";"-11";"Sigiloso";"Informações protegidas por sigilo";"";"1000,00"
"30000";"Ministério da Justiça e Segurança Pública";"30108";"Polícia Federal";"200334";"COORDENACAO GERAL DE ADMINISTRACAO CGAD/DLOG/";"2021";"03";"";"Sigiloso";"-11";"Sigiloso";"Informações protegidas por sigilo";"";"1000,00"
"30000";"Ministério da Justiça e Segurança Pública";"30108";"Polícia Federal";"200334";"COORDENACAO GERAL DE ADMINISTRACAO CGAD/DLOG/";"2021";"03";"";"Sigiloso";"-11";"Sigiloso";"Informações protegidas por sigilo";"";"1000,00"
"30000";"Ministério da Justiça e Segurança Pública";"30108";"Polícia Federal";"200334";"COORDENACAO GERAL DE ADMINISTRACAO CGAD/DLOG/";"2021";"03";"";"Sigiloso";"-11";"Sigiloso";"Informações protegidas por sigilo";"";"1000,00"
"30000";"Ministério da Justiça e Segurança Pública";"30108";"Polícia Federal";"200334";"COORDENACAO GERAL DE ADMINISTRACAO CGAD/DLOG/";"2021";"03";"";"Sigiloso";"-11";"Sigiloso";"Informações protegidas por sigilo";"";"1000,00"
"30000";"Ministério da Justiça e Segurança Pública";"30108";"Polícia Federal";"200334";"COORDENACAO GERAL DE ADMINISTRACAO CGAD/DLOG/";"2021";"03";"";"Sigiloso";"-11";"Sigiloso";"Informações protegidas por sigilo";"";"1000,00"
"30000";"Ministério da Justiça e Segurança Pública";"30108";"Polícia Federal";"200334";"COORDENACAO GERAL DE ADMINISTRACAO CGAD/DLOG/";"2021";"03";"";"Sigiloso";"-11";"Sigiloso";"Informações protegidas por sigilo";"";"1000,00"
"30000";"Ministério da Justiça e Segurança Pública";"30108";"Polícia Federal";"200334";"COORDENACAO GERAL DE ADMINISTRACAO CGAD/DLOG/";"2021";"03";"";"Sigiloso";"-11";"Sigiloso";"Informações protegidas por sigilo";"";"1000,00"
"30000";"Ministério da Justiça e Segurança Pública";"30108";"Polícia Federal";"200334";"COORDENACAO GERAL DE ADMINISTRACAO CGAD/DLOG/";"2021";"03";"";"Sigiloso";"-11";"Sigiloso";"Informações protegidas por sigilo";"";"1000,00"
"30000";"Ministério da Justiça e Segurança Pública";"30108";"Polícia Federal";"200334";"COORDENACAO GERAL DE ADMINISTRACAO CGAD/DLOG/";"2021";"03";"";"Sigiloso";"-11";"Sigiloso";"Informações protegidas por sigilo";"";"1000,00"
"30000";"Ministério da Justiça e Segurança Pública";"30108";"Polícia Federal";"200334";"COORDENACAO GERAL DE ADMINISTRACAO CGAD/DLOG/";"2021";"03";"";"Sigiloso";"-11";"Sigiloso";"Informações protegidas por sigilo";"";"1000,00"
"30000";"Ministério da Justiça e Segurança Pública";"30108";"Polícia Federal";"200334";"COORDENACAO GERAL DE ADMINISTRACAO CGAD/DLOG/";"2021";"03";"";"Sigiloso";"-11";"Sigiloso";"Informações protegidas por sigilo";"";"1000,00"
"30000";"Ministério da Justiça e Segurança Pública";"30108";"Polícia Federal";"200334";"COORDENACAO GERAL DE ADMINISTRACAO CGAD/DLOG/";"2021";"03";"";"Sigiloso";"-11";"Sigiloso";"Informações protegidas por sigilo";"";"1000,00"
"30000";"Ministério da Justiça e Segurança Pública";"30108";"Polícia Federal";"200334";"COORDENACAO GERAL DE ADMINISTRACAO CGAD/DLOG/";"2021";"03";"";"Sigiloso";"-11";"Sigiloso";"Informações protegidas por sigilo";"";"1000,00"
"30000";"Ministério da Justiça e Segurança Pública";"30108";"Polícia Federal";"200334";"COORDENACAO GERAL DE ADMINISTRACAO CGAD/DLOG/";"2021";"03";"";"Sigiloso";"-11";"Sigiloso";"Informações protegidas por sigilo";"";"1000,00"
"30000";"Ministério da Justiça e Segurança Pública";"30108";"Polícia Federal";"200334";"COORDENACAO GERAL DE ADMINISTRACAO CGAD/DLOG/";"2021";"03";"";"Sigiloso";"-11";"Sigiloso";"Informações protegidas por sigilo";"";"1000,00"
"30000";"Ministério da Justiça e Segurança Pública";"30108";"Polícia Federal";"200334";"COORDENACAO GERAL DE ADMINISTRACAO CGAD/DLOG/";"2021";"03";"";"Sigiloso";"-11";"Sigiloso";"Informações protegidas por sigilo";"";"1000,00"
"30000";"Ministério da Justiça e Segurança Pública";"30108";"Polícia Federal";"200334";"COORDENACAO GERAL DE ADMINISTRACAO CGAD/DLOG/";"2021";"03";"";"Sigiloso";"-11";"Sigiloso";"Informações protegidas por sigilo";"";"1000,00"
"30000";"Ministério da Justiça e Segurança Pública";"30108";"Polícia Federal";"200334";"COORDENACAO GERAL DE ADMINISTRACAO CGAD/DLOG/";"2021";"03";"";"Sigiloso";"-11";"Sigiloso";"Informações protegidas por sigilo";"";"1000,00"
"30000";"Ministério da Justiça e Segurança Pública";"30108";"Polícia Federal";"200334";"COORDENACAO GERAL DE ADMINISTRACAO CGAD/DLOG/";"2021";"03";"";"Sigiloso";"-11";"Sigiloso";"Informações protegidas por sigilo";"";"1000,00"
"30000";"Ministério da Justiça e Segurança Pública";"30108";"Polícia Federal";"200334";"COORDENACAO GERAL DE ADMINISTRACAO CGAD/DLOG/";"2021";"03";"";"Sigiloso";"-11";"Sigiloso";"Informações protegidas por sigilo";"";"1000,00"
"30000";"Ministério da Justiça e Segurança Pública";"30108";"Polícia Federal";"200334";"COORDENACAO GERAL DE ADMINISTRACAO CGAD/DLOG/";"2021";"03";"";"Sigiloso";"-11";"Sigiloso";"Informações protegidas por sigilo";"";"1000,00"
"30000";"Ministério da Justiça e Segurança Pública";"30108";"Polícia Federal";"200334";"COORDENACAO GERAL DE ADMINISTRACAO CGAD/DLOG/";"2021";"03";"";"Sigiloso";"-11";"Sigiloso";"Informações protegidas por sigilo";"";"1000,00"
"30000";"Ministério da Justiça e Segurança Pública";"30108";"Polícia Federal";"200334";"COORDENACAO GERAL DE ADMINISTRACAO CGAD/DLOG/";"2021";"03";"";"Sigiloso";"-11";"Sigiloso";"Informações protegidas por sigilo";"";"1000,00"
"30000";"Ministério da Justiça e Segurança Pública";"30108";"Polícia Federal";"200334";"COORDENACAO GERAL DE ADMINISTRACAO CGAD/DLOG/";"2021";"03";"";"Sigiloso";"-11";"Sigiloso";"Informações protegidas por sigilo";"";"1000,00"
"30000";"Ministério da Justiça e Segurança Pública";"30108";"Polícia Federal";"200334";"COORDENACAO GERAL DE ADMINISTRACAO CGAD/DLOG/";"2021";"03";"";"Sigiloso";"-11";"Sigiloso";"Informações protegidas por sigilo";"";"1000,00"
"30000";"Ministério da Justiça e Segurança Pública";"30108";"Polícia Federal";"200334";"COORDENACAO GERAL DE ADMINISTRACAO CGAD/DLOG/";"2021";"03";"";"Sigiloso";"-11";"Sigiloso";"Informações protegidas por sigilo";"";"1000,00"
"30000";"Ministério da Justiça e Segurança Pública";"30108";"Polícia Federal";"200334";"COORDENACAO GERAL DE ADMINISTRACAO CGAD/DLOG/";"2021";"03";"";"Sigiloso";"-11";"Sigiloso";"Informações protegidas por sigilo";"";"1000,00"
"30000";"Ministério da Justiça e Segurança Pública";"30108";"Polícia Federal";"200334";"COORDENACAO GERAL DE ADMINISTRACAO CGAD/DLOG/";"2021";"03";"";"Sigiloso";"-11";"Sigiloso";"Informações protegidas por sigilo";"";"1000,00"
"30000";"Ministério da Justiça e Segurança Pública";"30108";"Polícia Federal";"200334";"COORDENACAO GERAL DE ADMINISTRACAO CGAD/DLOG/";"2021";"03";"";"Sigiloso";"-11";"Sigiloso";"Informações protegidas por sigilo";"";"1000,00"
"30000";"Ministério da Justiça e Segurança Pública";"30108";"Polícia Federal";"200334";"COORDENACAO GERAL DE ADMINISTRACAO CGAD/DLOG/";"2021";"03";"";"Sigiloso";"-11";"Sigiloso";"Informações protegidas por sigilo";"";"1000,00"
"30000";"Ministério da Justiça e Segurança Pública";"30108";"Polícia Federal";"200334";"COORDENACAO GERAL DE ADMINISTRACAO CGAD/DLOG/";"2021";"03";"";"Sigiloso";"-11";"Sigiloso";"Informações protegidas por sigilo";"";"1000,00"
"30000";"Ministério da Justiça e Segurança Pública";"30108";"Polícia Federal";"200334";"COORDENACAO GERAL DE ADMINISTRACAO CGAD/DLOG/";"2021";"03";"";"Sigiloso";"-11";"Sigiloso";"Informações protegidas por sigilo";"";"1000,00"
"30000";"Ministério da Justiça e Segurança Pública";"30108";"Polícia Federal";"200334";"COORDENACAO GERAL DE ADMINISTRACAO CGAD/DLOG/";"2021";"03";"";"Sigiloso";"-11";"Sigiloso";"Informações protegidas por sigilo";"";"1000,00"
"30000";"Ministério da Justiça e Segurança Pública";"30108";"Polícia Federal";"200334";"COORDENACAO GERAL DE ADMINISTRACAO CGAD/DLOG/";"2021";"03";"";"Sigiloso";"-11";"Sigiloso";"Informações protegidas por sigilo";"";"1000,00"
"30000";"Ministério da Justiça e Segurança Pública";"30108";"Polícia Federal";"200334";"COORDENACAO GERAL DE ADMINISTRACAO CGAD/DLOG/";"2021";"03";"";"Sigiloso";"-11";"Sigiloso";"Informações protegidas por sigilo";"";"1000,00"
"30000";"Ministério da Justiça e Segurança Pública";"30108";"Polícia Federal";"200334";"COORDENACAO GERAL DE ADMINISTRACAO CGAD/DLOG/";"2021";"03";"";"Sigiloso";"-11";"Sigiloso";"Informações protegidas por sigilo";"";"1000,00"
"30000";"Ministério da Justiça e Segurança Pública";"30108";"Polícia Federal";"200334";"COORDENACAO GERAL DE ADMINISTRACAO CGAD/DLOG/";"2021";"03";"";"Sigiloso";"-11";"Sigiloso";"Informações protegidas por sigilo";"";"1000,00"
"30000";"Ministério da Justiça e Segurança Pública";"30108";"Polícia Federal";"200334";"COORDENACAO GERAL DE ADMINISTRACAO CGAD/DLOG/";"2021";"03";"";"Sigiloso";"-11";"Sigiloso";"Informações protegidas por sigilo";"";"1000,00"
"30000";"Ministério da Justiça e Segurança Pública";"30108";"Polícia Federal";"200334";"COORDENACAO GERAL DE ADMINISTRACAO CGAD/DLOG/";"2021";"03";"";"Sigiloso";"-11";"Sigiloso";"Informações protegidas por sigilo";"";"1000,00"
"30000";"Ministério da Justiça e Segurança Pública";"30108";"Polícia Federal";"200334";"COORDENACAO GERAL DE ADMINISTRACAO CGAD/DLOG/";"2021";"03";"";"Sigiloso";"-11";"Sigiloso";"Informações protegidas por sigilo";"";"1000,00"
"30000";"Ministério da Justiça e Segurança Pública";"30108";"Polícia Federal";"200334";"COORDENACAO GERAL DE ADMINISTRACAO CGAD/DLOG/";"2021";"03";"";"Sigiloso";"-11";"Sigiloso";"Informações protegidas por sigilo";"";"1000,00"
"30000";"Ministério da Justiça e Segurança Pública";"30108";"Polícia Federal";"200334";"COORDENACAO GERAL DE ADMINISTRACAO CGAD/DLOG/";"2021";"03";"";"Sigiloso";"-11";"Sigiloso";"Informações protegidas por sigilo";"";"1000,00"
"30000";"Ministério da Justiça e Segurança Pública";"30108";"Polícia Federal";"200334";"COORDENACAO GERAL DE ADMINISTRACAO CGAD/DLOG/";"2021";"03";"";"Sigiloso";"-11";"Sigiloso";"Informações protegidas por sigilo";"";"1000,00"
"30000";"Ministério da Justiça e Segurança Pública";"30108";"Polícia Federal";"200334";"COORDENACAO GERAL DE ADMINISTRACAO CGAD/DLOG/";"2021";"03";"";"Sigiloso";"-11";"Sigiloso";"Informações protegidas por sigilo";"";"1000,00"
"30000";"Ministério da Justiça e Segurança Pública";"30108";"Polícia Federal";"200334";"COORDENACAO GERAL DE ADMINISTRACAO CGAD/DLOG/";"2021";"03";"";"Sigiloso";"-11";"Sigiloso";"Informações protegidas por sigilo";"";"1000,00"
"30000";"Ministério da Justiça e Segurança Pública";"30108";"Polícia Federal";"200334";"COORDENACAO GERAL DE ADMINISTRACAO CGAD/DLOG/";"2021";"03";"";"Sigiloso";"-11";"Sigiloso";"Informações protegidas por sigilo";"";"1000,00"
"30000";"Ministério da Justiça e Segurança Pública";"30108";"Polícia Federal";"200334";"COORDENACAO GERAL DE ADMINISTRACAO CGAD/DLOG/";"2021";"03";"";"Sigiloso";"-11";"Sigiloso";"Informações protegidas por sigilo";"";"1000,00"
"30000";"Ministério da Justiça e Segurança Pública";"30108";"Polícia Federal";"200334";"COORDENACAO GERAL DE ADMINISTRACAO CGAD/DLOG/";"2021";"03";"";"Sigiloso";"-11";"Sigiloso";"Informações protegidas por sigilo";"";"1000,00"
"30000";"Ministério da Justiça e Segurança Pública";"30108";"Polícia Federal";"200334";"COORDENACAO GERAL DE ADMINISTRACAO CGAD/DLOG/";"2021";"03";"";"Sigiloso";"-11";"Sigiloso";"Informações protegidas por sigilo";"";"1000,00"
"30000";"Ministério da Justiça e Segurança Pública";"30108";"Polícia Federal";"200334";"COORDENACAO GERAL DE ADMINISTRACAO CGAD/DLOG/";"2021";"03";"";"Sigiloso";"-11";"Sigiloso";"Informações protegidas por sigilo";"";"600,00"
"30000";"Ministério da Justiça e Segurança Pública";"30108";"Polícia Federal";"200334";"COORDENACAO GERAL DE ADMINISTRACAO CGAD/DLOG/";"2021";"03";"";"Sigiloso";"-11";"Sigiloso";"Informações protegidas por sigilo";"";"1000,00"
"30000";"Ministério da Justiça e Segurança Pública";"30108";"Polícia Federal";"200334";"COORDENACAO GERAL DE ADMINISTRACAO CGAD/DLOG/";"2021";"03";"";"Sigiloso";"-11";"Sigiloso";"Informações protegidas por sigilo";"";"1000,00"
"30000";"Ministério da Justiça e Segurança Pública";"30108";"Polícia Federal";"200334";"COORDENACAO GERAL DE ADMINISTRACAO CGAD/DLOG/";"2021";"03";"";"Sigiloso";"-11";"Sigiloso";"Informações protegidas por sigilo";"";"1000,00"
"30000";"Ministério da Justiça e Segurança Pública";"30108";"Polícia Federal";"200334";"COORDENACAO GERAL DE ADMINISTRACAO CGAD/DLOG/";"2021";"03";"";"Sigiloso";"-11";"Sigiloso";"Informações protegidas por sigilo";"";"1000,00"
"30000";"Ministério da Justiça e Segurança Pública";"30108";"Polícia Federal";"200334";"COORDENACAO GERAL DE ADMINISTRACAO CGAD/DLOG/";"2021";"03";"";"Sigiloso";"-11";"Sigiloso";"Informações protegidas por sigilo";"";"1000,00"
"30000";"Ministério da Justiça e Segurança Pública";"30108";"Polícia Federal";"200334";"COORDENACAO GERAL DE ADMINISTRACAO CGAD/DLOG/";"2021";"03";"";"Sigiloso";"-11";"Sigiloso";"Informações protegidas por sigilo";"";"1000,00"
"30000";"Ministério da Justiça e Segurança Pública";"30108";"Polícia Federal";"200334";"COORDENACAO GERAL DE ADMINISTRACAO CGAD/DLOG/";"2021";"03";"";"Sigiloso";"-11";"Sigiloso";"Informações protegidas por sigilo";"";"1000,00"
"30000";"Ministério da Justiça e Segurança Pública";"30108";"Polícia Federal";"200334";"COORDENACAO GERAL DE ADMINISTRACAO CGAD/DLOG/";"2021";"03";"";"Sigiloso";"-11";"Sigiloso";"Informações protegidas por sigilo";"";"1000,00"
"30000";"Ministério da Justiça e Segurança Pública";"30108";"Polícia Federal";"200334";"COORDENACAO GERAL DE ADMINISTRACAO CGAD/DLOG/";"2021";"03";"";"Sigiloso";"-11";"Sigiloso";"Informações protegidas por sigilo";"";"1000,00"
"30000";"Ministério da Justiça e Segurança Pública";"30108";"Polícia Federal";"200334";"COORDENACAO GERAL DE ADMINISTRACAO CGAD/DLOG/";"2021";"03";"";"Sigiloso";"-11";"Sigiloso";"Informações protegidas por sigilo";"";"1000,00"
"30000";"Ministério da Justiça e Segurança Pública";"30108";"Polícia Federal";"200334";"COORDENACAO GERAL DE ADMINISTRACAO CGAD/DLOG/";"2021";"03";"";"Sigiloso";"-11";"Sigiloso";"Informações protegidas por sigilo";"";"1000,00"
"30000";"Ministério da Justiça e Segurança Pública";"30108";"Polícia Federal";"200334";"COORDENACAO GERAL DE ADMINISTRACAO CGAD/DLOG/";"2021";"03";"";"Sigiloso";"-11";"Sigiloso";"Informações protegidas por sigilo";"";"1000,00"
"30000";"Ministério da Justiça e Segurança Pública";"30108";"Polícia Federal";"200334";"COORDENACAO GERAL DE ADMINISTRACAO CGAD/DLOG/";"2021";"03";"";"Sigiloso";"-11";"Sigiloso";"Informações protegidas por sigilo";"";"1000,00"
"30000";"Ministério da Justiça e Segurança Pública";"30108";"Polícia Federal";"200334";"COORDENACAO GERAL DE ADMINISTRACAO CGAD/DLOG/";"2021";"03";"";"Sigiloso";"-11";"Sigiloso";"Informações protegidas por sigilo";"";"1000,00"
"30000";"Ministério da Justiça e Segurança Pública";"30108";"Polícia Federal";"200334";"COORDENACAO GERAL DE ADMINISTRACAO CGAD/DLOG/";"2021";"03";"";"Sigiloso";"-11";"Sigiloso";"Informações protegidas por sigilo";"";"1000,00"
"30000";"Ministério da Justiça e Segurança Pública";"30108";"Polícia Federal";"200334";"COORDENACAO GERAL DE ADMINISTRACAO CGAD/DLOG/";"2021";"03";"";"Sigiloso";"-11";"Sigiloso";"Informações protegidas por sigilo";"";"1000,00"
"30000";"Ministério da Justiça e Segurança Pública";"30108";"Polícia Federal";"200334";"COORDENACAO GERAL DE ADMINISTRACAO CGAD/DLOG/";"2021";"03";"";"Sigiloso";"-11";"Sigiloso";"Informações protegidas por sigilo";"";"1000,00"
"30000";"Ministério da Justiça e Segurança Pública";"30108";"Polícia Federal";"200334";"COORDENACAO GERAL DE ADMINISTRACAO CGAD/DLOG/";"2021";"03";"";"Sigiloso";"-11";"Sigiloso";"Informações protegidas por sigilo";"";"1000,00"
"30000";"Ministério da Justiça e Segurança Pública";"30108";"Polícia Federal";"200334";"COORDENACAO GERAL DE ADMINISTRACAO CGAD/DLOG/";"2021";"03";"";"Sigiloso";"-11";"Sigiloso";"Informações protegidas por sigilo";"";"1000,00"
"30000";"Ministério da Justiça e Segurança Pública";"30108";"Polícia Federal";"200334";"COORDENACAO GERAL DE ADMINISTRACAO CGAD/DLOG/";"2021";"03";"";"Sigiloso";"-11";"Sigiloso";"Informações protegidas por sigilo";"";"1000,00"
"30000";"Ministério da Justiça e Segurança Pública";"30108";"Polícia Federal";"200334";"COORDENACAO GERAL DE ADMINISTRACAO CGAD/DLOG/";"2021";"03";"";"Sigiloso";"-11";"Sigiloso";"Informações protegidas por sigilo";"";"1000,00"
"30000";"Ministério da Justiça e Segurança Pública";"30108";"Polícia Federal";"200334";"COORDENACAO GERAL DE ADMINISTRACAO CGAD/DLOG/";"2021";"03";"";"Sigiloso";"-11";"Sigiloso";"Informações protegidas por sigilo";"";"1000,00"
"30000";"Ministério da Justiça e Segurança Pública";"30108";"Polícia Federal";"200334";"COORDENACAO GERAL DE ADMINISTRACAO CGAD/DLOG/";"2021";"03";"";"Sigiloso";"-11";"Sigiloso";"Informações protegidas por sigilo";"";"1000,00"
"30000";"Ministério da Justiça e Segurança Pública";"30108";"Polícia Federal";"200334";"COORDENACAO GERAL DE ADMINISTRACAO CGAD/DLOG/";"2021";"03";"";"Sigiloso";"-11";"Sigiloso";"Informações protegidas por sigilo";"";"1000,00"
"30000";"Ministério da Justiça e Segurança Pública";"30108";"Polícia Federal";"200334";"COORDENACAO GERAL DE ADMINISTRACAO CGAD/DLOG/";"2021";"03";"";"Sigiloso";"-11";"Sigiloso";"Informações protegidas por sigilo";"";"1000,00"
"30000";"Ministério da Justiça e Segurança Pública";"30108";"Polícia Federal";"200334";"COORDENACAO GERAL DE ADMINISTRACAO CGAD/DLOG/";"2021";"03";"";"Sigiloso";"-11";"Sigiloso";"Informações protegidas por sigilo";"";"1000,00"
"30000";"Ministério da Justiça e Segurança Pública";"30108";"Polícia Federal";"200334";"COORDENACAO GERAL DE ADMINISTRACAO CGAD/DLOG/";"2021";"03";"";"Sigiloso";"-11";"Sigiloso";"Informações protegidas por sigilo";"";"1000,00"
"30000";"Ministério da Justiça e Segurança Pública";"30108";"Polícia Federal";"200334";"COORDENACAO GERAL DE ADMINISTRACAO CGAD/DLOG/";"2021";"03";"";"Sigiloso";"-11";"Sigiloso";"Informações protegidas por sigilo";"";"1000,00"
"30000";"Ministério da Justiça e Segurança Pública";"30108";"Polícia Federal";"200334";"COORDENACAO GERAL DE ADMINISTRACAO CGAD/DLOG/";"2021";"03";"";"Sigiloso";"-11";"Sigiloso";"Informações protegidas por sigilo";"";"1000,00"
"30000";"Ministério da Justiça e Segurança Pública";"30108";"Polícia Federal";"200334";"COORDENACAO GERAL DE ADMINISTRACAO CGAD/DLOG/";"2021";"03";"";"Sigiloso";"-11";"Sigiloso";"Informações protegidas por sigilo";"";"1000,00"
"30000";"Ministério da Justiça e Segurança Pública";"30108";"Polícia Federal";"200334";"COORDENACAO GERAL DE ADMINISTRACAO CGAD/DLOG/";"2021";"03";"";"Sigiloso";"-11";"Sigiloso";"Informações protegidas por sigilo";"";"1000,00"
"30000";"Ministério da Justiça e Segurança Pública";"30108";"Polícia Federal";"200334";"COORDENACAO GERAL DE ADMINISTRACAO CGAD/DLOG/";"2021";"03";"";"Sigiloso";"-11";"Sigiloso";"Informações protegidas por sigilo";"";"1000,00"
"30000";"Ministério da Justiça e Segurança Pública";"30108";"Polícia Federal";"200334";"COORDENACAO GERAL DE ADMINISTRACAO CGAD/DLOG/";"2021";"03";"";"Sigiloso";"-11";"Sigiloso";"Informações protegidas por sigilo";"";"1000,00"
"30000";"Ministério da Justiça e Segurança Pública";"30108";"Polícia Federal";"200334";"COORDENACAO GERAL DE ADMINISTRACAO CGAD/DLOG/";"2021";"03";"";"Sigiloso";"-11";"Sigiloso";"Informações protegidas por sigilo";"";"1000,00"
"30000";"Ministério da Justiça e Segurança Pública";"30108";"Polícia Federal";"200334";"COORDENACAO GERAL DE ADMINISTRACAO CGAD/DLOG/";"2021";"03";"";"Sigiloso";"-11";"Sigiloso";"Informações protegidas por sigilo";"";"1000,00"
"30000";"Ministério da Justiça e Segurança Pública";"30108";"Polícia Federal";"200334";"COORDENACAO GERAL DE ADMINISTRACAO CGAD/DLOG/";"2021";"03";"";"Sigiloso";"-11";"Sigiloso";"Informações protegidas por sigilo";"";"1000,00"
"30000";"Ministério da Justiça e Segurança Pública";"30108";"Polícia Federal";"200334";"COORDENACAO GERAL DE ADMINISTRACAO CGAD/DLOG/";"2021";"03";"***.480.897-**";"FRANCISCO EDUARDO GONCALVES MARTINS";"-2";"NAO SE APLICA";"SAQUE - INT$ - APRES";"17/02/2021";"450,60"
"30000";"Ministério da Justiça e Segurança Pública";"30108";"Polícia Federal";"200334";"COORDENACAO GERAL DE ADMINISTRACAO CGAD/DLOG/";"2021";"03";"***.480.897-**";"FRANCISCO EDUARDO GONCALVES MARTINS";"-2";"NAO SE APLICA";"SAQUE - INT$ - APRES";"17/02/2021";"1308,98"
"30000";"Ministério da Justiça e Segurança Pública";"30108";"Polícia Federal";"200334";"COORDENACAO GERAL DE ADMINISTRACAO CGAD/DLOG/";"2021";"03";"***.480.897-**";"FRANCISCO EDUARDO GONCALVES MARTINS";"-2";"NAO SE APLICA";"SAQUE - INT$ - APRES";"04/02/2021";"1248,10"
"30000";"Ministério da Justiça e Segurança Pública";"30108";"Polícia Federal";"200334";"COORDENACAO GERAL DE ADMINISTRACAO CGAD/DLOG/";"2021";"03";"***.480.897-**";"FRANCISCO EDUARDO GONCALVES MARTINS";"-2";"NAO SE APLICA";"SAQUE - INT$ - APRES";"04/02/2021";"1248,10"
"30000";"Ministério da Justiça e Segurança Pública";"30108";"Polícia Federal";"200334";"COORDENACAO GERAL DE ADMINISTRACAO CGAD/DLOG/";"2021";"03";"***.480.897-**";"FRANCISCO EDUARDO GONCALVES MARTINS";"-2";"NAO SE APLICA";"SAQUE - INT$ - APRES";"03/02/2021";"1248,46"
"30000";"Ministério da Justiça e Segurança Pública";"30108";"Polícia Federal";"200334";"COORDENACAO GERAL DE ADMINISTRACAO CGAD/DLOG/";"2021";"03";"***.480.897-**";"FRANCISCO EDUARDO GONCALVES MARTINS";"-2";"NAO SE APLICA";"SAQUE - INT$ - APRES";"03/02/2021";"1248,46"
"30000";"Ministério da Justiça e Segurança Pública";"30108";"Polícia Federal";"200334";"COORDENACAO GERAL DE ADMINISTRACAO CGAD/DLOG/";"2021";"03";"***.480.897-**";"FRANCISCO EDUARDO GONCALVES MARTINS";"-2";"NAO SE APLICA";"SAQUE - INT$ - APRES";"02/02/2021";"1269,87"
"30000";"Ministério da Justiça e Segurança Pública";"30108";"Polícia Federal";"200334";"COORDENACAO GERAL DE ADMINISTRACAO CGAD/DLOG/";"2021";"03";"***.480.897-**";"FRANCISCO EDUARDO GONCALVES MARTINS";"-2";"NAO SE APLICA";"SAQUE - INT$ - APRES";"02/02/2021";"1269,87"
"30000";"Ministério da Justiça e Segurança Pública";"30108";"Polícia Federal";"200334";"COORDENACAO GERAL DE ADMINISTRACAO CGAD/DLOG/";"2021";"03";"***.480.897-**";"FRANCISCO EDUARDO GONCALVES MARTINS";"-2";"NAO SE APLICA";"SAQUE - INT$ - APRES";"01/02/2021";"1276,23"
"30000";"Ministério da Justiça e Segurança Pública";"30108";"Polícia Federal";"200334";"COORDENACAO GERAL DE ADMINISTRACAO CGAD/DLOG/";"2021";"03";"***.480.897-**";"FRANCISCO EDUARDO GONCALVES MARTINS";"-2";"NAO SE APLICA";"SAQUE - INT$ - APRES";"01/02/2021";"1276,23"
"30000";"Ministério da Justiça e Segurança Pública";"30108";"Polícia Federal";"200334";"COORDENACAO GERAL DE ADMINISTRACAO CGAD/DLOG/";"2021";"03";"***.480.897-**";"FRANCISCO EDUARDO GONCALVES MARTINS";"-2";"NAO SE APLICA";"SAQUE - INT$ - APRES";"29/01/2021";"1268,95"
"30000";"Ministério da Justiça e Segurança Pública";"30108";"Polícia Federal";"200334";"COORDENACAO GERAL DE ADMINISTRACAO CGAD/DLOG/";"2021";"03";"***.480.897-**";"FRANCISCO EDUARDO GONCALVES MARTINS";"-2";"NAO SE APLICA";"SAQUE - INT$ - APRES";"29/01/2021";"1268,95"
"30000";"Ministério da Justiça e Segurança Pública";"30108";"Polícia Federal";"200334";"COORDENACAO GERAL DE ADMINISTRACAO CGAD/DLOG/";"2021";"03";"***.642.821-**";"ALISSON RODRIGO DE MEDEIROS";"-2";"NAO SE APLICA";"SAQUE - INT$ - APRES";"18/02/2021";"1390,60"
"30000";"Ministério da Justiça e Segurança Pública";"30108";"Polícia Federal";"200334";"COORDENACAO GERAL DE ADMINISTRACAO CGAD/DLOG/";"2021";"03";"***.511.076-**";"EVANDRO MENDES DE FIGUEIREDO";"-2";"NAO SE APLICA";"SAQUE - INT$ - APRES";"28/01/2021";"4108,26"
"30000";"Ministério da Justiça e Segurança Pública";"30108";"Polícia Federal";"200334";"COORDENACAO GERAL DE ADMINISTRACAO CGAD/DLOG/";"2021";"03";"***.568.941-**";"MARCELO QUARESMA INACIO SILVEIRA";"-2";"NAO SE APLICA";"SAQUE - INT$ - APRES";"19/02/2021";"611,41"
"30000";"Ministério da Justiça e Segurança Pública";"30108";"Polícia Federal";"200334";"COORDENACAO GERAL DE ADMINISTRACAO CGAD/DLOG/";"2021";"03";"***.568.941-**";"MARCELO QUARESMA INACIO SILVEIRA";"-2";"NAO SE APLICA";"SAQUE - INT$ - APRES";"19/02/2021";"611,41"
"30000";"Ministério da Justiça e Segurança Pública";"30108";"Polícia Federal";"200334";"COORDENACAO GERAL DE ADMINISTRACAO CGAD/DLOG/";"2021";"03";"***.568.941-**";"MARCELO QUARESMA INACIO SILVEIRA";"-2";"NAO SE APLICA";"SAQUE - INT$ - APRES";"18/02/2021";"612,25"
"30000";"Ministério da Justiça e Segurança Pública";"30108";"Polícia Federal";"200334";"COORDENACAO GERAL DE ADMINISTRACAO CGAD/DLOG/";"2021";"03";"***.568.941-**";"MARCELO QUARESMA INACIO SILVEIRA";"-2";"NAO SE APLICA";"SAQUE - INT$ - APRES";"18/02/2021";"612,25"
"30000";"Ministério da Justiça e Segurança Pública";"30108";"Polícia Federal";"200334";"COORDENACAO GERAL DE ADMINISTRACAO CGAD/DLOG/";"2021";"03";"***.568.941-**";"MARCELO QUARESMA INACIO SILVEIRA";"-2";"NAO SE APLICA";"SAQUE - INT$ - APRES";"17/02/2021";"606,30"
"30000";"Ministério da Justiça e Segurança Pública";"30108";"Polícia Federal";"200334";"COORDENACAO GERAL DE ADMINISTRACAO CGAD/DLOG/";"2021";"03";"***.568.941-**";"MARCELO QUARESMA INACIO SILVEIRA";"-2";"NAO SE APLICA";"SAQUE - INT$ - APRES";"17/02/2021";"606,30"
"30000";"Ministério da Justiça e Segurança Pública";"30108";"Polícia Federal";"200334";"COORDENACAO GERAL DE ADMINISTRACAO CGAD/DLOG/";"2021";"03";"***.568.941-**";"MARCELO QUARESMA INACIO SILVEIRA";"-2";"NAO SE APLICA";"SAQUE - INT$ - APRES";"03/02/2021";"608,15"
"30000";"Ministério da Justiça e Segurança Pública";"30108";"Polícia Federal";"200334";"COORDENACAO GERAL DE ADMINISTRACAO CGAD/DLOG/";"2021";"03";"***.568.941-**";"MARCELO QUARESMA INACIO SILVEIRA";"-2";"NAO SE APLICA";"SAQUE - INT$ - APRES";"03/02/2021";"608,15"
"30000";"Ministério da Justiça e Segurança Pública";"30108";"Polícia Federal";"200334";"COORDENACAO GERAL DE ADMINISTRACAO CGAD/DLOG/";"2021";"03";"***.568.941-**";"MARCELO QUARESMA INACIO SILVEIRA";"-2";"NAO SE APLICA";"SAQUE - INT$ - APRES";"28/01/2021";"615,58"
"30000";"Ministério da Justiça e Segurança Pública";"30108";"Polícia Federal";"200334";"COORDENACAO GERAL DE ADMINISTRACAO CGAD/DLOG/";"2021";"03";"***.568.941-**";"MARCELO QUARESMA INACIO SILVEIRA";"-2";"NAO SE APLICA";"SAQUE - INT$ - APRES";"28/01/2021";"615,58"
"30000";"Ministério da Justiça e Segurança Pública";"30108";"Polícia Federal";"200334";"COORDENACAO GERAL DE ADMINISTRACAO CGAD/DLOG/";"2021";"03";"***.568.941-**";"MARCELO QUARESMA INACIO SILVEIRA";"-2";"NAO SE APLICA";"SAQUE - INT$ - APRES";"27/01/2021";"609,50"
"30000";"Ministério da Justiça e Segurança Pública";"30108";"Polícia Federal";"200334";"COORDENACAO GERAL DE ADMINISTRACAO CGAD/DLOG/";"2021";"03";"***.568.941-**";"MARCELO QUARESMA INACIO SILVEIRA";"-2";"NAO SE APLICA";"SAQUE - INT$ - APRES";"27/01/2021";"609,50"
"30000";"Ministério da Justiça e Segurança Pública";"30108";"Polícia Federal";"200334";"COORDENACAO GERAL DE ADMINISTRACAO CGAD/DLOG/";"2021";"03";"***.824.161-**";"FERNANDO QUEIROZ SEGOVIA OLIVEIRA";"-2";"NAO SE APLICA";"SAQUE - INT$ - APRES";"09/02/2021";"3415,50"
"30000";"Ministério da Justiça e Segurança Pública";"30108";"Polícia Federal";"200334";"COORDENACAO GERAL DE ADMINISTRACAO CGAD/DLOG/";"2021";"03";"***.824.161-**";"FERNANDO QUEIROZ SEGOVIA OLIVEIRA";"-2";"NAO SE APLICA";"SAQUE - INT$ - APRES";"26/01/2021";"4304,02"
"30000";"Ministério da Justiça e Segurança Pública";"30108";"Polícia Federal";"200334";"COORDENACAO GERAL DE ADMINISTRACAO CGAD/DLOG/";"2021";"03";"***.283.047-**";"CARLOS FERNANDES SILVA";"-2";"NAO SE APLICA";"SAQUE - INT$ - APRES";"10/02/2021";"1731,02"
"30000";"Ministério da Justiça e Segurança Pública";"30108";"Polícia Federal";"200334";"COORDENACAO GERAL DE ADMINISTRACAO CGAD/DLOG/";"2021";"03";"***.283.047-**";"CARLOS FERNANDES SILVA";"-2";"NAO SE APLICA";"SAQUE - INT$ - APRES";"09/02/2021";"2271,75"
"30000";"Ministério da Justiça e Segurança Pública";"30108";"Polícia Federal";"200334";"COORDENACAO GERAL DE ADMINISTRACAO CGAD/DLOG/";"2021";"03";"***.283.047-**";"CARLOS FERNANDES SILVA";"-2";"NAO SE APLICA";"SAQUE - INT$ - APRES";"02/02/2021";"2158,10"
"30000";"Ministério da Justiça e Segurança Pública";"30108";"Polícia Federal";"200334";"COORDENACAO GERAL DE ADMINISTRACAO CGAD/DLOG/";"2021";"03";"***.283.047-**";"CARLOS FERNANDES SILVA";"-2";"NAO SE APLICA";"SAQUE - INT$ - APRES";"01/02/2021";"2887,31"
"30000";"Ministério da Justiça e Segurança Pública";"30108";"Polícia Federal";"200334";"COORDENACAO GERAL DE ADMINISTRACAO CGAD/DLOG/";"2021";"03";"***.133.748-**";"RENATO CASARINI MUZY";"-2";"NAO SE APLICA";"SAQUE - INT$ - APRES";"17/02/2021";"387,97"
"30000";"Ministério da Justiça e Segurança Pública";"30108";"Polícia Federal";"200334";"COORDENACAO GERAL DE ADMINISTRACAO CGAD/DLOG/";"2021";"03";"***.133.748-**";"RENATO CASARINI MUZY";"-2";"NAO SE APLICA";"SAQUE - INT$ - APRES";"17/02/2021";"387,97"
"30000";"Ministério da Justiça e Segurança Pública";"30108";"Polícia Federal";"200334";"COORDENACAO GERAL DE ADMINISTRACAO CGAD/DLOG/";"2021";"03";"***.133.748-**";"RENATO CASARINI MUZY";"-2";"NAO SE APLICA";"SAQUE - INT$ - APRES";"09/02/2021";"386,09"
"30000";"Ministério da Justiça e Segurança Pública";"30108";"Polícia Federal";"200334";"COORDENACAO GERAL DE ADMINISTRACAO CGAD/DLOG/";"2021";"03";"***.133.748-**";"RENATO CASARINI MUZY";"-2";"NAO SE APLICA";"SAQUE - INT$ - APRES";"09/02/2021";"386,09"
"30000";"Ministério da Justiça e Segurança Pública";"30108";"Polícia Federal";"200334";"COORDENACAO GERAL DE ADMINISTRACAO CGAD/DLOG/";"2021";"03";"***.133.748-**";"RENATO CASARINI MUZY";"-2";"NAO SE APLICA";"SAQUE - INT$ - APRES";"09/02/2021";"386,09"
"30000";"Ministério da Justiça e Segurança Pública";"30108";"Polícia Federal";"200334";"COORDENACAO GERAL DE ADMINISTRACAO CGAD/DLOG/";"2021";"03";"***.133.748-**";"RENATO CASARINI MUZY";"-2";"NAO SE APLICA";"SAQUE - INT$ - APRES";"01/02/2021";"388,11"
"30000";"Ministério da Justiça e Segurança Pública";"30108";"Polícia Federal";"200334";"COORDENACAO GERAL DE ADMINISTRACAO CGAD/DLOG/";"2021";"03";"***.133.748-**";"RENATO CASARINI MUZY";"-2";"NAO SE APLICA";"SAQUE - INT$ - APRES";"01/02/2021";"388,11"
"30000";"Ministério da Justiça e Segurança Pública";"30108";"Polícia Federal";"200334";"COORDENACAO GERAL DE ADMINISTRACAO CGAD/DLOG/";"2021";"03";"***.133.748-**";"RENATO CASARINI MUZY";"-2";"NAO SE APLICA";"SAQUE - INT$ - APRES";"01/02/2021";"388,11"
"30000";"Ministério da Justiça e Segurança Pública";"30108";"Polícia Federal";"200334";"COORDENACAO GERAL DE ADMINISTRACAO CGAD/DLOG/";"2021";"03";"***.133.748-**";"RENATO CASARINI MUZY";"-2";"NAO SE APLICA";"SAQUE - INT$ - APRES";"01/02/2021";"388,11"
"30000";"Ministério da Justiça e Segurança Pública";"30108";"Polícia Federal";"200334";"COORDENACAO GERAL DE ADMINISTRACAO CGAD/DLOG/";"2021";"03";"***.133.748-**";"RENATO CASARINI MUZY";"-2";"NAO SE APLICA";"SAQUE - INT$ - APRES";"26/01/2021";"247,85"
"30000";"Ministério da Justiça e Segurança Pública";"30108";"Polícia Federal";"200334";"COORDENACAO GERAL DE ADMINISTRACAO CGAD/DLOG/";"2021";"03";"***.480.897-**";"FRANCISCO EDUARDO GONCALVES MARTINS";"-1";"SEM INFORMACAO";"COMPRA A/V - INT$ - APRES";"12/02/2021";"555,39"
"30000";"Ministério da Justiça e Segurança Pública";"30108";"Polícia Federal";"200334";"COORDENACAO GERAL DE ADMINISTRACAO CGAD/DLOG/";"2021";"03";"***.283.047-**";"CARLOS FERNANDES SILVA";"-1";"SEM INFORMACAO";"COMPRA A/V - INT$ - APRES";"18/02/2021";"267,56"
"30000";"Ministério da Justiça e Segurança Pública";"30108";"Polícia Federal";"200334";"COORDENACAO GERAL DE ADMINISTRACAO CGAD/DLOG/";"2021";"03";"***.283.047-**";"CARLOS FERNANDES SILVA";"-1";"SEM INFORMACAO";"COMPRA A/V - INT$ - APRES";"09/02/2021";"156,18"
"30000";"Ministério da Justiça e Segurança Pública";"30108";"Polícia Federal";"200334";"COORDENACAO GERAL DE ADMINISTRACAO CGAD/DLOG/";"2021";"03";"";"Sigiloso";"-11";"Sigiloso";"Informações protegidas por sigilo";"";"1000,00"
"30000";"Ministério da Justiça e Segurança Pública";"30108";"Polícia Federal";"200334";"COORDENACAO GERAL DE ADMINISTRACAO CGAD/DLOG/";"2021";"03";"";"Sigiloso";"-11";"Sigiloso";"Informações protegidas por sigilo";"";"1000,00"
"30000";"Ministério da Justiça e Segurança Pública";"30108";"Polícia Federal";"200334";"COORDENACAO GERAL DE ADMINISTRACAO CGAD/DLOG/";"2021";"03";"";"Sigiloso";"-11";"Sigiloso";"Informações protegidas por sigilo";"";"1000,00"
"30000";"Ministério da Justiça e Segurança Pública";"30108";"Polícia Federal";"200334";"COORDENACAO GERAL DE ADMINISTRACAO CGAD/DLOG/";"2021";"03";"";"Sigiloso";"-11";"Sigiloso";"Informações protegidas por sigilo";"";"1000,00"
"30000";"Ministério da Justiça e Segurança Pública";"30108";"Polícia Federal";"200334";"COORDENACAO GERAL DE ADMINISTRACAO CGAD/DLOG/";"2021";"03";"";"Sigiloso";"-11";"Sigiloso";"Informações protegidas por sigilo";"";"1000,00"
"30000";"Ministério da Justiça e Segurança Pública";"30108";"Polícia Federal";"200334";"COORDENACAO GERAL DE ADMINISTRACAO CGAD/DLOG/";"2021";"03";"";"Sigiloso";"-11";"Sigiloso";"Informações protegidas por sigilo";"";"50,00"
"30000";"Ministério da Justiça e Segurança Pública";"30108";"Polícia Federal";"200334";"COORDENACAO GERAL DE ADMINISTRACAO CGAD/DLOG/";"2021";"03";"";"Sigiloso";"-11";"Sigiloso";"Informações protegidas por sigilo";"";"600,00"
"30000";"Ministério da Justiça e Segurança Pública";"30108";"Polícia Federal";"200334";"COORDENACAO GERAL DE ADMINISTRACAO CGAD/DLOG/";"2021";"03";"";"Sigiloso";"-11";"Sigiloso";"Informações protegidas por sigilo";"";"1000,00"
"30000";"Ministério da Justiça e Segurança Pública";"30108";"Polícia Federal";"200334";"COORDENACAO GERAL DE ADMINISTRACAO CGAD/DLOG/";"2021";"03";"";"Sigiloso";"-11";"Sigiloso";"Informações protegidas por sigilo";"";"1000,00"
"30000";"Ministério da Justiça e Segurança Pública";"30108";"Polícia Federal";"200334";"COORDENACAO GERAL DE ADMINISTRACAO CGAD/DLOG/";"2021";"03";"";"Sigiloso";"-11";"Sigiloso";"Informações protegidas por sigilo";"";"1000,00"
"30000";"Ministério da Justiça e Segurança Pública";"30108";"Polícia Federal";"200334";"COORDENACAO GERAL DE ADMINISTRACAO CGAD/DLOG/";"2021";"03";"";"Sigiloso";"-11";"Sigiloso";"Informações protegidas por sigilo";"";"1000,00"
"30000";"Ministério da Justiça e Segurança Pública";"30108";"Polícia Federal";"200334";"COORDENACAO GERAL DE ADMINISTRACAO CGAD/DLOG/";"2021";"03";"";"Sigiloso";"-11";"Sigiloso";"Informações protegidas por sigilo";"";"1000,00"
"30000";"Ministério da Justiça e Segurança Pública";"30108";"Polícia Federal";"200334";"COORDENACAO GERAL DE ADMINISTRACAO CGAD/DLOG/";"2021";"03";"";"Sigiloso";"-11";"Sigiloso";"Informações protegidas por sigilo";"";"1000,00"
"30000";"Ministério da Justiça e Segurança Pública";"30108";"Polícia Federal";"200366";"DELEGACIA DE POLICIA FEDERAL EM FOZ DO IGUACU";"2021";"03";"";"Sigiloso";"-11";"Sigiloso";"Informações protegidas por sigilo";"";"1000,00"
"30000";"Ministério da Justiça e Segurança Pública";"30108";"Polícia Federal";"200366";"DELEGACIA DE POLICIA FEDERAL EM FOZ DO IGUACU";"2021";"03";"";"Sigiloso";"-11";"Sigiloso";"Informações protegidas por sigilo";"";"1000,00"
"30000";"Ministério da Justiça e Segurança Pública";"30108";"Polícia Federal";"200366";"DELEGACIA DE POLICIA FEDERAL EM FOZ DO IGUACU";"2021";"03";"";"Sigiloso";"-11";"Sigiloso";"Informações protegidas por sigilo";"";"1000,00"
"30000";"Ministério da Justiça e Segurança Pública";"30108";"Polícia Federal";"200366";"DELEGACIA DE POLICIA FEDERAL EM FOZ DO IGUACU";"2021";"03";"";"Sigiloso";"-11";"Sigiloso";"Informações protegidas por sigilo";"";"1000,00"
"30000";"Ministério da Justiça e Segurança Pública";"30108";"Polícia Federal";"200366";"DELEGACIA DE POLICIA FEDERAL EM FOZ DO IGUACU";"2021";"03";"";"Sigiloso";"-11";"Sigiloso";"Informações protegidas por sigilo";"";"1000,00"
"30000";"Ministério da Justiça e Segurança Pública";"30108";"Polícia Federal";"200366";"DELEGACIA DE POLICIA FEDERAL EM FOZ DO IGUACU";"2021";"03";"";"Sigiloso";"-11";"Sigiloso";"Informações protegidas por sigilo";"";"1000,00"
"30000";"Ministério da Justiça e Segurança Pública";"30108";"Polícia Federal";"200366";"DELEGACIA DE POLICIA FEDERAL EM FOZ DO IGUACU";"2021";"03";"";"Sigiloso";"-11";"Sigiloso";"Informações protegidas por sigilo";"";"1000,00"
"30000";"Ministério da Justiça e Segurança Pública";"30108";"Polícia Federal";"200366";"DELEGACIA DE POLICIA FEDERAL EM FOZ DO IGUACU";"2021";"03";"";"Sigiloso";"-11";"Sigiloso";"Informações protegidas por sigilo";"";"1000,00"
"30000";"Ministério da Justiça e Segurança Pública";"30108";"Polícia Federal";"200366";"DELEGACIA DE POLICIA FEDERAL EM FOZ DO IGUACU";"2021";"03";"";"Sigiloso";"-11";"Sigiloso";"Informações protegidas por sigilo";"";"1000,00"
"30000";"Ministério da Justiça e Segurança Pública";"30108";"Polícia Federal";"200366";"DELEGACIA DE POLICIA FEDERAL EM FOZ DO IGUACU";"2021";"03";"";"Sigiloso";"-11";"Sigiloso";"Informações protegidas por sigilo";"";"1000,00"
"30000";"Ministério da Justiça e Segurança Pública";"30108";"Polícia Federal";"200366";"DELEGACIA DE POLICIA FEDERAL EM FOZ DO IGUACU";"2021";"03";"";"Sigiloso";"-11";"Sigiloso";"Informações protegidas por sigilo";"";"1000,00"
"30000";"Ministério da Justiça e Segurança Pública";"30108";"Polícia Federal";"200366";"DELEGACIA DE POLICIA FEDERAL EM FOZ DO IGUACU";"2021";"03";"";"Sigiloso";"-11";"Sigiloso";"Informações protegidas por sigilo";"";"1000,00"
"30000";"Ministério da Justiça e Segurança Pública";"30108";"Polícia Federal";"200366";"DELEGACIA DE POLICIA FEDERAL EM FOZ DO IGUACU";"2021";"03";"";"Sigiloso";"-11";"Sigiloso";"Informações protegidas por sigilo";"";"1000,00"
"30000";"Ministério da Justiça e Segurança Pública";"30108";"Polícia Federal";"200366";"DELEGACIA DE POLICIA FEDERAL EM FOZ DO IGUACU";"2021";"03";"";"Sigiloso";"-11";"Sigiloso";"Informações protegidas por sigilo";"";"1000,00"
"30000";"Ministério da Justiça e Segurança Pública";"30108";"Polícia Federal";"200366";"DELEGACIA DE POLICIA FEDERAL EM FOZ DO IGUACU";"2021";"03";"";"Sigiloso";"-11";"Sigiloso";"Informações protegidas por sigilo";"";"1000,00"
"30000";"Ministério da Justiça e Segurança Pública";"30108";"Polícia Federal";"200366";"DELEGACIA DE POLICIA FEDERAL EM FOZ DO IGUACU";"2021";"03";"";"Sigiloso";"-11";"Sigiloso";"Informações protegidas por sigilo";"";"1000,00"
"30000";"Ministério da Justiça e Segurança Pública";"30108";"Polícia Federal";"200366";"DELEGACIA DE POLICIA FEDERAL EM FOZ DO IGUACU";"2021";"03";"";"Sigiloso";"-11";"Sigiloso";"Informações protegidas por sigilo";"";"1000,00"
"30000";"Ministério da Justiça e Segurança Pública";"30108";"Polícia Federal";"200366";"DELEGACIA DE POLICIA FEDERAL EM FOZ DO IGUACU";"2021";"03";"";"Sigiloso";"-11";"Sigiloso";"Informações protegidas por sigilo";"";"1000,00"
"30000";"Ministério da Justiça e Segurança Pública";"30108";"Polícia Federal";"200366";"DELEGACIA DE POLICIA FEDERAL EM FOZ DO IGUACU";"2021";"03";"";"Sigiloso";"-11";"Sigiloso";"Informações protegidas por sigilo";"";"1000,00"
"30000";"Ministério da Justiça e Segurança Pública";"30108";"Polícia Federal";"200366";"DELEGACIA DE POLICIA FEDERAL EM FOZ DO IGUACU";"2021";"03";"";"Sigiloso";"-11";"Sigiloso";"Informações protegidas por sigilo";"";"1000,00"
"30000";"Ministério da Justiça e Segurança Pública";"30108";"Polícia Federal";"200366";"DELEGACIA DE POLICIA FEDERAL EM FOZ DO IGUACU";"2021";"03";"";"Sigiloso";"-11";"Sigiloso";"Informações protegidas por sigilo";"";"1000,00"
"30000";"Ministério da Justiça e Segurança Pública";"30108";"Polícia Federal";"200366";"DELEGACIA DE POLICIA FEDERAL EM FOZ DO IGUACU";"2021";"03";"";"Sigiloso";"-11";"Sigiloso";"Informações protegidas por sigilo";"";"1000,00"
"30000";"Ministério da Justiça e Segurança Pública";"30108";"Polícia Federal";"200366";"DELEGACIA DE POLICIA FEDERAL EM FOZ DO IGUACU";"2021";"03";"";"Sigiloso";"-11";"Sigiloso";"Informações protegidas por sigilo";"";"1000,00"
"30000";"Ministério da Justiça e Segurança Pública";"30108";"Polícia Federal";"200366";"DELEGACIA DE POLICIA FEDERAL EM FOZ DO IGUACU";"2021";"03";"";"Sigiloso";"-11";"Sigiloso";"Informações protegidas por sigilo";"";"1000,00"
"30000";"Ministério da Justiça e Segurança Pública";"30108";"Polícia Federal";"200366";"DELEGACIA DE POLICIA FEDERAL EM FOZ DO IGUACU";"2021";"03";"";"Sigiloso";"-11";"Sigiloso";"Informações protegidas por sigilo";"";"1000,00"
"30000";"Ministério da Justiça e Segurança Pública";"30108";"Polícia Federal";"200366";"DELEGACIA DE POLICIA FEDERAL EM FOZ DO IGUACU";"2021";"03";"";"Sigiloso";"-11";"Sigiloso";"Informações protegidas por sigilo";"";"1000,00"
"30000";"Ministério da Justiça e Segurança Pública";"30108";"Polícia Federal";"200366";"DELEGACIA DE POLICIA FEDERAL EM FOZ DO IGUACU";"2021";"03";"";"Sigiloso";"-11";"Sigiloso";"Informações protegidas por sigilo";"";"1000,00"
"30000";"Ministério da Justiça e Segurança Pública";"30108";"Polícia Federal";"200366";"DELEGACIA DE POLICIA FEDERAL EM FOZ DO IGUACU";"2021";"03";"";"Sigiloso";"-11";"Sigiloso";"Informações protegidas por sigilo";"";"1000,00"
"30000";"Ministério da Justiça e Segurança Pública";"30108";"Polícia Federal";"200366";"DELEGACIA DE POLICIA FEDERAL EM FOZ DO IGUACU";"2021";"03";"***.115.219-**";"FABIANO DOMINGOS PEREIRA";"02760681000111";"MAKROPEL COMERCIAL LTDA";"COMPRA A/V - R$ - APRES";"23/02/2021";"393,81"
"30000";"Ministério da Justiça e Segurança Pública";"30108";"Polícia Federal";"200366";"DELEGACIA DE POLICIA FEDERAL EM FOZ DO IGUACU";"2021";"03";"***.115.219-**";"FABIANO DOMINGOS PEREIRA";"14835947000127";"COMERCIAL INSTALADORA DE EQUIPAMENTOS DE SEGURANCA LTDA";"COMPRA A/V - R$ - APRES";"23/02/2021";"190,00"
"30000";"Ministério da Justiça e Segurança Pública";"30108";"Polícia Federal";"200366";"DELEGACIA DE POLICIA FEDERAL EM FOZ DO IGUACU";"2021";"03";"***.115.219-**";"FABIANO DOMINGOS PEREIRA";"04384015000151";"MULTI-ACAO COMERCIO DE MATERIAIS ELETRICOS LTDA";"COMPRA A/V - R$ - APRES";"23/02/2021";"238,24"
"30000";"Ministério da Justiça e Segurança Pública";"30108";"Polícia Federal";"200366";"DELEGACIA DE POLICIA FEDERAL EM FOZ DO IGUACU";"2021";"03";"";"Sigiloso";"-11";"Sigiloso";"Informações protegidas por sigilo";"";"1000,00"
"30000";"Ministério da Justiça e Segurança Pública";"30108";"Polícia Federal";"200366";"DELEGACIA DE POLICIA FEDERAL EM FOZ DO IGUACU";"2021";"03";"";"Sigiloso";"-11";"Sigiloso";"Informações protegidas por sigilo";"";"1000,00"
"30000";"Ministério da Justiça e Segurança Pública";"30108";"Polícia Federal";"200340";"DIRETORIA DE ENSINO DA ANP/PF";"2021";"03";"***.781.381-**";"MARCELO DE SOUZA BRITO";"72649361000174";"HBL CARIMBOS E PLACAS INDUSTRIA E COMERCIO LTDA";"COMPRA A/V - R$ - APRES";"23/02/2021";"180,00"
"30000";"Ministério da Justiça e Segurança Pública";"30108";"Polícia Federal";"200406";"DIRETORIA TECNICO-CIENTIFICA-DITEC/DPF";"2021";"03";"***.884.601-**";"JOSE DE RIBAMAR FURTADO JUNIOR";"-2";"NAO SE APLICA";"SAQUE CASH/ATM BB";"28/01/2021";"1000,00"
"30000";"Ministério da Justiça e Segurança Pública";"30108";"Polícia Federal";"200406";"DIRETORIA TECNICO-CIENTIFICA-DITEC/DPF";"2021";"03";"***.884.601-**";"JOSE DE RIBAMAR FURTADO JUNIOR";"-2";"NAO SE APLICA";"SAQUE CASH/ATM BB";"28/01/2021";"600,00"
"30000";"Ministério da Justiça e Segurança Pública";"30108";"Polícia Federal";"200406";"DIRETORIA TECNICO-CIENTIFICA-DITEC/DPF";"2021";"03";"***.884.601-**";"JOSE DE RIBAMAR FURTADO JUNIOR";"23604849000170";"PHB SERVICOS ADMINISTRATIVOS LTDA";"COMPRA A/V - R$ - APRES";"08/02/2021";"139,10"
"30000";"Ministério da Justiça e Segurança Pública";"30108";"Polícia Federal";"200406";"DIRETORIA TECNICO-CIENTIFICA-DITEC/DPF";"2021";"03";"***.884.601-**";"JOSE DE RIBAMAR FURTADO JUNIOR";"23604849000170";"PHB SERVICOS ADMINISTRATIVOS LTDA";"COMPRA A/V - R$ - APRES";"08/02/2021";"399,24"
"30000";"Ministério da Justiça e Segurança Pública";"30108";"Polícia Federal";"200406";"DIRETORIA TECNICO-CIENTIFICA-DITEC/DPF";"2021";"03";"***.884.601-**";"JOSE DE RIBAMAR FURTADO JUNIOR";"31362800000186";"COPACABANA DISTRIBUIDORA DE COSMETICOS LTDA";"COMPRA A/V - R$ - APRES";"08/02/2021";"145,80"
"30000";"Ministério da Justiça e Segurança Pública";"30108";"Polícia Federal";"200406";"DIRETORIA TECNICO-CIENTIFICA-DITEC/DPF";"2021";"03";"***.884.601-**";"JOSE DE RIBAMAR FURTADO JUNIOR";"43283811012085";"KALUNGA SA";"COMPRA A/V - R$ - APRES";"08/02/2021";"242,40"
"30000";"Ministério da Justiça e Segurança Pública";"30108";"Polícia Federal";"200406";"DIRETORIA TECNICO-CIENTIFICA-DITEC/DPF";"2021";"03";"***.884.601-**";"JOSE DE RIBAMAR FURTADO JUNIOR";"47508411083000";"COMPANHIA BRASILEIRA DE DISTRIBUICAO";"COMPRA A/V - R$ - APRES";"08/02/2021";"45,16"
"30000";"Ministério da Justiça e Segurança Pública";"30108";"Polícia Federal";"200406";"DIRETORIA TECNICO-CIENTIFICA-DITEC/DPF";"2021";"03";"***.884.601-**";"JOSE DE RIBAMAR FURTADO JUNIOR";"06077753000181";"SIG COMERCIAL DE PAPEIS LTDA";"COMPRA A/V - R$ - APRES";"08/02/2021";"210,00"
"30000";"Ministério da Justiça e Segurança Pública";"30108";"Polícia Federal";"200350";"SUPERINTENDENCIA REG DE POLICIA FEDERAL EM MG";"2021";"03";"";"Sigiloso";"-11";"Sigiloso";"Informações protegidas por sigilo";"";"1000,00"
"30000";"Ministério da Justiça e Segurança Pública";"30108";"Polícia Federal";"200350";"SUPERINTENDENCIA REG DE POLICIA FEDERAL EM MG";"2021";"03";"";"Sigiloso";"-11";"Sigiloso";"Informações protegidas por sigilo";"";"1000,00"
"30000";"Ministério da Justiça e Segurança Pública";"30108";"Polícia Federal";"200350";"SUPERINTENDENCIA REG DE POLICIA FEDERAL EM MG";"2021";"03";"";"Sigiloso";"-11";"Sigiloso";"Informações protegidas por sigilo";"";"1000,00"
"30000";"Ministério da Justiça e Segurança Pública";"30108";"Polícia Federal";"200350";"SUPERINTENDENCIA REG DE POLICIA FEDERAL EM MG";"2021";"03";"";"Sigiloso";"-11";"Sigiloso";"Informações protegidas por sigilo";"";"1000,00"
"30000";"Ministério da Justiça e Segurança Pública";"30108";"Polícia Federal";"200350";"SUPERINTENDENCIA REG DE POLICIA FEDERAL EM MG";"2021";"03";"";"Sigiloso";"-11";"Sigiloso";"Informações protegidas por sigilo";"";"1000,00"
"30000";"Ministério da Justiça e Segurança Pública";"30108";"Polícia Federal";"200350";"SUPERINTENDENCIA REG DE POLICIA FEDERAL EM MG";"2021";"03";"";"Sigiloso";"-11";"Sigiloso";"Informações protegidas por sigilo";"";"1000,00"
"30000";"Ministério da Justiça e Segurança Pública";"30108";"Polícia Federal";"200350";"SUPERINTENDENCIA REG DE POLICIA FEDERAL EM MG";"2021";"03";"";"Sigiloso";"-11";"Sigiloso";"Informações protegidas por sigilo";"";"1000,00"
"30000";"Ministério da Justiça e Segurança Pública";"30108";"Polícia Federal";"200350";"SUPERINTENDENCIA REG DE POLICIA FEDERAL EM MG";"2021";"03";"";"Sigiloso";"-11";"Sigiloso";"Informações protegidas por sigilo";"";"1000,00"
"30000";"Ministério da Justiça e Segurança Pública";"30108";"Polícia Federal";"200350";"SUPERINTENDENCIA REG DE POLICIA FEDERAL EM MG";"2021";"03";"";"Sigiloso";"-11";"Sigiloso";"Informações protegidas por sigilo";"";"1000,00"
"30000";"Ministério da Justiça e Segurança Pública";"30108";"Polícia Federal";"200350";"SUPERINTENDENCIA REG DE POLICIA FEDERAL EM MG";"2021";"03";"";"Sigiloso";"-11";"Sigiloso";"Informações protegidas por sigilo";"";"1000,00"
"30000";"Ministério da Justiça e Segurança Pública";"30108";"Polícia Federal";"200350";"SUPERINTENDENCIA REG DE POLICIA FEDERAL EM MG";"2021";"03";"";"Sigiloso";"-11";"Sigiloso";"Informações protegidas por sigilo";"";"1000,00"
"30000";"Ministério da Justiça e Segurança Pública";"30108";"Polícia Federal";"200350";"SUPERINTENDENCIA REG DE POLICIA FEDERAL EM MG";"2021";"03";"";"Sigiloso";"-11";"Sigiloso";"Informações protegidas por sigilo";"";"1000,00"
"30000";"Ministério da Justiça e Segurança Pública";"30108";"Polícia Federal";"200350";"SUPERINTENDENCIA REG DE POLICIA FEDERAL EM MG";"2021";"03";"";"Sigiloso";"-11";"Sigiloso";"Informações protegidas por sigilo";"";"1000,00"
"30000";"Ministério da Justiça e Segurança Pública";"30108";"Polícia Federal";"200350";"SUPERINTENDENCIA REG DE POLICIA FEDERAL EM MG";"2021";"03";"";"Sigiloso";"-11";"Sigiloso";"Informações protegidas por sigilo";"";"1000,00"
"30000";"Ministério da Justiça e Segurança Pública";"30108";"Polícia Federal";"200350";"SUPERINTENDENCIA REG DE POLICIA FEDERAL EM MG";"2021";"03";"";"Sigiloso";"-11";"Sigiloso";"Informações protegidas por sigilo";"";"1000,00"
"30000";"Ministério da Justiça e Segurança Pública";"30108";"Polícia Federal";"200350";"SUPERINTENDENCIA REG DE POLICIA FEDERAL EM MG";"2021";"03";"";"Sigiloso";"-11";"Sigiloso";"Informações protegidas por sigilo";"";"1000,00"
"30000";"Ministério da Justiça e Segurança Pública";"30108";"Polícia Federal";"200350";"SUPERINTENDENCIA REG DE POLICIA FEDERAL EM MG";"2021";"03";"";"Sigiloso";"-11";"Sigiloso";"Informações protegidas por sigilo";"";"1000,00"
"30000";"Ministério da Justiça e Segurança Pública";"30108";"Polícia Federal";"200338";"SUPERINTENDENCIA REGIONAL NO DISTRITO FEDERAL";"2021";"03";"";"Sigiloso";"-11";"Sigiloso";"Informações protegidas por sigilo";"";"1000,00"
"30000";"Ministério da Justiça e Segurança Pública";"30108";"Polícia Federal";"200338";"SUPERINTENDENCIA REGIONAL NO DISTRITO FEDERAL";"2021";"03";"";"Sigiloso";"-11";"Sigiloso";"Informações protegidas por sigilo";"";"1000,00"
"30000";"Ministério da Justiça e Segurança Pública";"30108";"Polícia Federal";"200396";"SUPERINTENDENCIA REGIONAL NO ESTADO DA PB";"2021";"03";"***.718.544-**";"ALDAIR RODRIGUES GOMES JUNIOR";"69211256453";"LUCIANA BEZERRA CAVALCANTI LEITE";"COMPRA A/V - R$ - APRES";"09/02/2021";"1000,00"
"30000";"Ministério da Justiça e Segurança Pública";"30108";"Polícia Federal";"200396";"SUPERINTENDENCIA REGIONAL NO ESTADO DA PB";"2021";"03";"***.569.854-**";"WAGNER TAVARES DA SILVA";"02375199000400";"ELETROPOLO ELETRICIDADE LTDA";"COMPRA A/V - R$ - APRES";"15/02/2021";"382,00"
"30000";"Ministério da Justiça e Segurança Pública";"30108";"Polícia Federal";"200398";"SUPERINTENDENCIA REGIONAL NO ESTADO DE PE";"2021";"03";"***.194.794-**";"MIGUEL FARIAS PONTES";"09515628000447";"ATACADO DOS PRESENTES LTDA";"COMPRA A/V - R$ - APRES";"23/02/2021";"118,70"
"30000";"Ministério da Justiça e Segurança Pública";"30108";"Polícia Federal";"200398";"SUPERINTENDENCIA REGIONAL NO ESTADO DE PE";"2021";"03";"***.194.794-**";"MIGUEL FARIAS PONTES";"10230480001960";"FERREIRA COSTA & CIA LTDA";"COMPRA A/V - R$ - APRES";"04/02/2021";"74,40"
"30000";"Ministério da Justiça e Segurança Pública";"30108";"Polícia Federal";"200398";"SUPERINTENDENCIA REGIONAL NO ESTADO DE PE";"2021";"03";"***.194.794-**";"MIGUEL FARIAS PONTES";"12834993000186";"ALTA VISTA LTDA";"COMPRA A/V - R$ - APRES";"03/02/2021";"672,44"
"30000";"Ministério da Justiça e Segurança Pública";"30108";"Polícia Federal";"200398";"SUPERINTENDENCIA REGIONAL NO ESTADO DE PE";"2021";"03";"***.194.794-**";"MIGUEL FARIAS PONTES";"12834993000186";"ALTA VISTA LTDA";"COMPRA A/V - R$ - APRES";"03/02/2021";"376,20"
"30000";"Ministério da Justiça e Segurança Pública";"30108";"Polícia Federal";"200398";"SUPERINTENDENCIA REGIONAL NO ESTADO DE PE";"2021";"03";"***.194.794-**";"MIGUEL FARIAS PONTES";"12834993000186";"ALTA VISTA LTDA";"COMPRA A/V - R$ - APRES";"03/02/2021";"800,00"
"30000";"Ministério da Justiça e Segurança Pública";"30108";"Polícia Federal";"200398";"SUPERINTENDENCIA REGIONAL NO ESTADO DE PE";"2021";"03";"***.194.794-**";"MIGUEL FARIAS PONTES";"12834993000186";"ALTA VISTA LTDA";"COMPRA A/V - R$ - APRES";"03/02/2021";"700,00"
"30000";"Ministério da Justiça e Segurança Pública";"30108";"Polícia Federal";"200398";"SUPERINTENDENCIA REGIONAL NO ESTADO DE PE";"2021";"03";"***.194.794-**";"MIGUEL FARIAS PONTES";"18727053000174";"PAGAR.ME S.A.";"COMPRA A/V - R$ - APRES";"08/02/2021";"620,00"
"30000";"Ministério da Justiça e Segurança Pública";"30108";"Polícia Federal";"200398";"SUPERINTENDENCIA REGIONAL NO ESTADO DE PE";"2021";"03";"***.194.794-**";"MIGUEL FARIAS PONTES";"12071223000129";"CARLOS MAGNO FERREIRA BARROS 17316820420";"COMPRA A/V - R$ - APRES";"05/02/2021";"500,00"
"30000";"Ministério da Justiça e Segurança Pública";"30108";"Polícia Federal";"200398";"SUPERINTENDENCIA REGIONAL NO ESTADO DE PE";"2021";"03";"***.194.794-**";"MIGUEL FARIAS PONTES";"12071223000129";"CARLOS MAGNO FERREIRA BARROS 17316820420";"COMPRA A/V - R$ - APRES";"05/02/2021";"322,00"
"30000";"Ministério da Justiça e Segurança Pública";"30108";"Polícia Federal";"200398";"SUPERINTENDENCIA REGIONAL NO ESTADO DE PE";"2021";"03";"***.194.794-**";"MIGUEL FARIAS PONTES";"06057223028009";"SENDAS DISTRIBUIDORA S/A";"COMPRA A/V - R$ - APRES";"04/02/2021";"673,30"
"30000";"Ministério da Justiça e Segurança Pública";"30108";"Polícia Federal";"200398";"SUPERINTENDENCIA REGIONAL NO ESTADO DE PE";"2021";"03";"***.061.794-**";"FABIO UANDERSON BIZERRA CAVALCANTI";"04752165000170";"LEMOS TELECOMUNICACOES LTDA";"COMPRA A/V - R$ - APRES";"23/02/2021";"784,85"
"30000";"Ministério da Justiça e Segurança Pública";"30108";"Polícia Federal";"200398";"SUPERINTENDENCIA REGIONAL NO ESTADO DE PE";"2021";"03";"***.061.794-**";"FABIO UANDERSON BIZERRA CAVALCANTI";"04752165000170";"LEMOS TELECOMUNICACOES LTDA";"COMPRA A/V - R$ - APRES";"23/02/2021";"784,85"
"30000";"Ministério da Justiça e Segurança Pública";"30108";"Polícia Federal";"200378";"SUPERINTENDENCIA REGIONAL NO ESTADO DE RO";"2021";"03";"***.379.362-**";"HILTON CAMPOS DE FRANCA FILHO";"11475129000172";"PVH PARAFUSOS E FERRAGENS LTDA";"COMPRA A/V - R$ - APRES";"19/02/2021";"710,00"
"30000";"Ministério da Justiça e Segurança Pública";"30108";"Polícia Federal";"200378";"SUPERINTENDENCIA REGIONAL NO ESTADO DE RO";"2021";"03";"***.379.362-**";"HILTON CAMPOS DE FRANCA FILHO";"01081120000123";"CICO COMERCIAL LTDA";"COMPRA A/V - R$ - APRES";"11/02/2021";"620,00"
"30000";"Ministério da Justiça e Segurança Pública";"30108";"Polícia Federal";"200378";"SUPERINTENDENCIA REGIONAL NO ESTADO DE RO";"2021";"03";"***.379.362-**";"HILTON CAMPOS DE FRANCA FILHO";"04596321000151";"M A ELETRONICOS LTDA";"COMPRA A/V - R$ - APRES";"19/02/2021";"100,00"
"30000";"Ministério da Justiça e Segurança Pública";"30108";"Polícia Federal";"200378";"SUPERINTENDENCIA REGIONAL NO ESTADO DE RO";"2021";"03";"***.379.362-**";"HILTON CAMPOS DE FRANCA FILHO";"79115358000543";"CASA DE COURO SANTA RITA LTDA";"COMPRA A/V - R$ - APRES";"04/02/2021";"125,95"
"30000";"Ministério da Justiça e Segurança Pública";"30108";"Polícia Federal";"200378";"SUPERINTENDENCIA REGIONAL NO ESTADO DE RO";"2021";"03";"";"Sigiloso";"-11";"Sigiloso";"Informações protegidas por sigilo";"";"310,38"
"30000";"Ministério da Justiça e Segurança Pública";"30108";"Polícia Federal";"200378";"SUPERINTENDENCIA REGIONAL NO ESTADO DE RO";"2021";"03";"";"Sigiloso";"-11";"Sigiloso";"Informações protegidas por sigilo";"";"440,00"
"30000";"Ministério da Justiça e Segurança Pública";"30108";"Polícia Federal";"200378";"SUPERINTENDENCIA REGIONAL NO ESTADO DE RO";"2021";"03";"***.379.362-**";"HILTON CAMPOS DE FRANCA FILHO";"15836091000177";"L B DA COSTA";"COMPRA A/V - R$ - APRES";"03/02/2021";"1436,34"
"30000";"Ministério da Justiça e Segurança Pública";"30108";"Polícia Federal";"200378";"SUPERINTENDENCIA REGIONAL NO ESTADO DE RO";"2021";"03";"***.379.362-**";"HILTON CAMPOS DE FRANCA FILHO";"04082624001209";"IRMAOS GONCALVES COMERCIO E INDUSTRIA LTDA.";"COMPRA A/V - R$ - APRES";"11/02/2021";"859,80"
"30000";"Ministério da Justiça e Segurança Pública";"30108";"Polícia Federal";"200378";"SUPERINTENDENCIA REGIONAL NO ESTADO DE RO";"2021";"03";"***.379.362-**";"HILTON CAMPOS DE FRANCA FILHO";"19922257000129";"D BRINDES COMERCIO DE BRINDES E SERVICO DE PUBLICIDADE LTDA";"COMPRA A/V - R$ - APRES";"18/02/2021";"342,26"
"30000";"Ministério da Justiça e Segurança Pública";"30108";"Polícia Federal";"200378";"SUPERINTENDENCIA REGIONAL NO ESTADO DE RO";"2021";"03";"***.379.362-**";"HILTON CAMPOS DE FRANCA FILHO";"04032088000184";"ORIGINAL PLACAS LTDA";"COMPRA A/V - R$ - APRES";"03/02/2021";"1730,00"
"30000";"Ministério da Justiça e Segurança Pública";"30108";"Polícia Federal";"200378";"SUPERINTENDENCIA REGIONAL NO ESTADO DE RO";"2021";"03";"***.379.362-**";"HILTON CAMPOS DE FRANCA FILHO";"08080821000197";"LABIOTEK COMERCIO E SERVICOS EM EQUIPAMENTOS MEDICOS LTDA";"COMPRA A/V - R$ - APRES";"09/02/2021";"15,30"
"30000";"Ministério da Justiça e Segurança Pública";"30108";"Polícia Federal";"200378";"SUPERINTENDENCIA REGIONAL NO ESTADO DE RO";"2021";"03";"***.379.362-**";"HILTON CAMPOS DE FRANCA FILHO";"63751754000101";"PAPEIS COMETA LTDA";"COMPRA A/V - R$ - APRES";"19/02/2021";"594,00"
"30000";"Ministério da Justiça e Segurança Pública";"30108";"Polícia Federal";"200378";"SUPERINTENDENCIA REGIONAL NO ESTADO DE RO";"2021";"03";"***.379.362-**";"HILTON CAMPOS DE FRANCA FILHO";"22881220000104";"SOUSA & COSTA COMERCIO DE EMBALAGENS LTDA";"COMPRA A/V - R$ - APRES";"09/02/2021";"195,00"
"30000";"Ministério da Justiça e Segurança Pública";"30108";"Polícia Federal";"200378";"SUPERINTENDENCIA REGIONAL NO ESTADO DE RO";"2021";"03";"***.379.362-**";"HILTON CAMPOS DE FRANCA FILHO";"04963430000160";"AVENTURA CACA E PESCA LTDA";"COMPRA A/V - R$ - APRES";"19/02/2021";"645,00"
"30000";"Ministério da Justiça e Segurança Pública";"30108";"Polícia Federal";"200378";"SUPERINTENDENCIA REGIONAL NO ESTADO DE RO";"2021";"03";"***.379.362-**";"HILTON CAMPOS DE FRANCA FILHO";"09525380000152";"RONSY COMERCIO DE MATERIAIS DE CONSTRUCAO LTDA";"COMPRA A/V - R$ - APRES";"09/02/2021";"109,54"
"30000";"Ministério da Justiça e Segurança Pública";"30108";"Polícia Federal";"200378";"SUPERINTENDENCIA REGIONAL NO ESTADO DE RO";"2021";"03";"***.379.362-**";"HILTON CAMPOS DE FRANCA FILHO";"04240370002605";"MERCANTIL NOVA ERA LTDA";"COMPRA A/V - R$ - APRES";"04/02/2021";"655,78"
"30000";"Ministério da Justiça e Segurança Pública";"30108";"Polícia Federal";"200378";"SUPERINTENDENCIA REGIONAL NO ESTADO DE RO";"2021";"03";"***.379.362-**";"HILTON CAMPOS DE FRANCA FILHO";"07617529000106";"CASA DE PLACAS LTDA";"COMPRA A/V - R$ - APRES";"04/02/2021";"812,36"
"30000";"Ministério da Justiça e Segurança Pública";"30108";"Polícia Federal";"200370";"SUPERINTENDENCIA REGIONAL NO ESTADO DE SC";"2021";"03";"***.457.920-**";"NELSON BREZOLIN ROTTA";"12529340000193";"CICLOMANIA SPORT FITNESS LTDA";"COMPRA A/V - R$ - APRES";"10/02/2021";"100,00"
"30000";"Ministério da Justiça e Segurança Pública";"30108";"Polícia Federal";"200370";"SUPERINTENDENCIA REGIONAL NO ESTADO DE SC";"2021";"03";"***.457.920-**";"NELSON BREZOLIN ROTTA";"92660406003304";"FRIGELAR COMERCIO E INDUSTRIA LTDA";"COMPRA A/V - R$ - APRES";"19/02/2021";"1740,00"
"30000";"Ministério da Justiça e Segurança Pública";"30108";"Polícia Federal";"200360";"SUPERINTENDENCIA REGIONAL NO ESTADO DE SP";"2021";"03";"";"Sigiloso";"-11";"Sigiloso";"Informações protegidas por sigilo";"";"107,70"
"30000";"Ministério da Justiça e Segurança Pública";"30108";"Polícia Federal";"200404";"SUPERINTENDENCIA REGIONAL NO ESTADO DE TO";"2021";"03";"***.302.577-**";"CAMILA DA SILVA MACIEL";"21827315000187";"PMW PAPELARIA E LOCACOES LTDA";"COMPRA A/V - R$ - APRES";"03/02/2021";"250,00"
"30000";"Ministério da Justiça e Segurança Pública";"30108";"Polícia Federal";"200404";"SUPERINTENDENCIA REGIONAL NO ESTADO DE TO";"2021";"03";"***.302.577-**";"CAMILA DA SILVA MACIEL";"00332752000230";"ENCANEL COMERCIO DE MATERIAL DE CONSTRUCOES LTDA";"COMPRA A/V - R$ - APRES";"18/02/2021";"124,80"
"30000";"Ministério da Justiça e Segurança Pública";"30108";"Polícia Federal";"200404";"SUPERINTENDENCIA REGIONAL NO ESTADO DE TO";"2021";"03";"***.302.577-**";"CAMILA DA SILVA MACIEL";"30759436000120";"CARAJAS COMERCIO DE PRODUTOS DE LIMPEZA LTDA";"COMPRA A/V - R$ - APRES";"12/02/2021";"137,50"
"30000";"Ministério da Justiça e Segurança Pública";"30108";"Polícia Federal";"200404";"SUPERINTENDENCIA REGIONAL NO ESTADO DE TO";"2021";"03";"***.302.577-**";"CAMILA DA SILVA MACIEL";"-2";"NAO SE APLICA";"SAQUE CASH/ATM BB";"09/02/2021";"1000,00"
"30000";"Ministério da Justiça e Segurança Pública";"30108";"Polícia Federal";"200404";"SUPERINTENDENCIA REGIONAL NO ESTADO DE TO";"2021";"03";"***.302.577-**";"CAMILA DA SILVA MACIEL";"-2";"NAO SE APLICA";"SAQUE CASH/ATM BB";"09/02/2021";"690,00"
"30000";"Ministério da Justiça e Segurança Pública";"30108";"Polícia Federal";"200404";"SUPERINTENDENCIA REGIONAL NO ESTADO DE TO";"2021";"03";"***.302.577-**";"CAMILA DA SILVA MACIEL";"27853416000109";"L O F DE MORAIS LTDA";"COMPRA A/V - R$ - APRES";"12/02/2021";"352,22"
"30000";"Ministério da Justiça e Segurança Pública";"30108";"Polícia Federal";"200404";"SUPERINTENDENCIA REGIONAL NO ESTADO DE TO";"2021";"03";"***.302.577-**";"CAMILA DA SILVA MACIEL";"03403247000147";"POINTCOM INFORMATICA LTDA";"COMPRA A/V - R$ - APRES";"12/02/2021";"105,09"
"30000";"Ministério da Justiça e Segurança Pública";"30108";"Polícia Federal";"200404";"SUPERINTENDENCIA REGIONAL NO ESTADO DE TO";"2021";"03";"***.302.577-**";"CAMILA DA SILVA MACIEL";"18573599000118";"I.C. LEOCADIO FILTROS LTDA";"COMPRA A/V - R$ - APRES";"12/02/2021";"100,00"
"30000";"Ministério da Justiça e Segurança Pública";"30108";"Polícia Federal";"200404";"SUPERINTENDENCIA REGIONAL NO ESTADO DE TO";"2021";"03";"***.302.577-**";"CAMILA DA SILVA MACIEL";"08928063000114";"PAPELARIA PRATICA LTDA";"COMPRA A/V - R$ - APRES";"03/02/2021";"133,00"
"30000";"Ministério da Justiça e Segurança Pública";"30108";"Polícia Federal";"200404";"SUPERINTENDENCIA REGIONAL NO ESTADO DE TO";"2021";"03";"***.302.577-**";"CAMILA DA SILVA MACIEL";"29816479000110";"P.C.M DE JESUS SERVICOS DE PRE-IMPRESSAO";"COMPRA A/V - R$ - APRES";"12/02/2021";"235,08"
"30000";"Ministério da Justiça e Segurança Pública";"30108";"Polícia Federal";"200404";"SUPERINTENDENCIA REGIONAL NO ESTADO DE TO";"2021";"03";"***.302.577-**";"CAMILA DA SILVA MACIEL";"29473327000162";"TOP PRESENTES E UTILIDADES DOMESTICAS LTDA";"COMPRA A/V - R$ - APRES";"12/02/2021";"210,86"
"30000";"Ministério da Justiça e Segurança Pública";"30108";"Polícia Federal";"200404";"SUPERINTENDENCIA REGIONAL NO ESTADO DE TO";"2021";"03";"***.302.577-**";"CAMILA DA SILVA MACIEL";"19032634000154";"FENIX COMUNICACAO VISUAL LTDA";"COMPRA A/V - R$ - APRES";"10/02/2021";"251,42"
"30000";"Ministério da Justiça e Segurança Pública";"30108";"Polícia Federal";"200404";"SUPERINTENDENCIA REGIONAL NO ESTADO DE TO";"2021";"03";"***.302.577-**";"CAMILA DA SILVA MACIEL";"36999829000197";"ORTOMAQ LTDA";"COMPRA A/V - R$ - APRES";"03/02/2021";"42,00"
"30000";"Ministério da Justiça e Segurança Pública";"30108";"Polícia Federal";"200404";"SUPERINTENDENCIA REGIONAL NO ESTADO DE TO";"2021";"03";"***.302.577-**";"CAMILA DA SILVA MACIEL";"01040887000295";"FERPAM COM DE FERRAMENTAS PARAFUSOS E MAQUINAS LTDA";"COMPRA A/V - R$ - APRES";"12/02/2021";"119,90"
"30000";"Ministério da Justiça e Segurança Pública";"30108";"Polícia Federal";"200404";"SUPERINTENDENCIA REGIONAL NO ESTADO DE TO";"2021";"03";"***.302.577-**";"CAMILA DA SILVA MACIEL";"24661430000112";"VB COMERCIAL LTDA";"COMPRA A/V - R$ - APRES";"02/02/2021";"48,14"
"30000";"Ministério da Justiça e Segurança Pública";"30108";"Polícia Federal";"200404";"SUPERINTENDENCIA REGIONAL NO ESTADO DE TO";"2021";"03";"***.302.577-**";"CAMILA DA SILVA MACIEL";"24661430000112";"VB COMERCIAL LTDA";"COMPRA A/V - R$ - APRES";"02/02/2021";"501,87"
"30000";"Ministério da Justiça e Segurança Pública";"30108";"Polícia Federal";"200380";"SUPERINTENDENCIA REGIONAL NO ESTADO DO AC";"2021";"03";"";"Sigiloso";"-11";"Sigiloso";"Informações protegidas por sigilo";"";"1000,00"
"30000";"Ministério da Justiça e Segurança Pública";"30108";"Polícia Federal";"200380";"SUPERINTENDENCIA REGIONAL NO ESTADO DO AC";"2021";"03";"";"Sigiloso";"-11";"Sigiloso";"Informações protegidas por sigilo";"";"1000,00"
"30000";"Ministério da Justiça e Segurança Pública";"30108";"Polícia Federal";"200380";"SUPERINTENDENCIA REGIONAL NO ESTADO DO AC";"2021";"03";"";"Sigiloso";"-11";"Sigiloso";"Informações protegidas por sigilo";"";"1000,00"
"30000";"Ministério da Justiça e Segurança Pública";"30108";"Polícia Federal";"200380";"SUPERINTENDENCIA REGIONAL NO ESTADO DO AC";"2021";"03";"";"Sigiloso";"-11";"Sigiloso";"Informações protegidas por sigilo";"";"1000,00"
"30000";"Ministério da Justiça e Segurança Pública";"30108";"Polícia Federal";"200380";"SUPERINTENDENCIA REGIONAL NO ESTADO DO AC";"2021";"03";"";"Sigiloso";"-11";"Sigiloso";"Informações protegidas por sigilo";"";"1000,00"
"30000";"Ministério da Justiça e Segurança Pública";"30108";"Polícia Federal";"200380";"SUPERINTENDENCIA REGIONAL NO ESTADO DO AC";"2021";"03";"";"Sigiloso";"-11";"Sigiloso";"Informações protegidas por sigilo";"";"1000,00"
"30000";"Ministério da Justiça e Segurança Pública";"30108";"Polícia Federal";"200380";"SUPERINTENDENCIA REGIONAL NO ESTADO DO AC";"2021";"03";"";"Sigiloso";"-11";"Sigiloso";"Informações protegidas por sigilo";"";"1000,00"
"30000";"Ministério da Justiça e Segurança Pública";"30108";"Polícia Federal";"200380";"SUPERINTENDENCIA REGIONAL NO ESTADO DO AC";"2021";"03";"";"Sigiloso";"-11";"Sigiloso";"Informações protegidas por sigilo";"";"1928,25"
"30000";"Ministério da Justiça e Segurança Pública";"30108";"Polícia Federal";"200380";"SUPERINTENDENCIA REGIONAL NO ESTADO DO AC";"2021";"03";"";"Sigiloso";"-11";"Sigiloso";"Informações protegidas por sigilo";"";"1000,00"
"30000";"Ministério da Justiça e Segurança Pública";"30108";"Polícia Federal";"200380";"SUPERINTENDENCIA REGIONAL NO ESTADO DO AC";"2021";"03";"";"Sigiloso";"-11";"Sigiloso";"Informações protegidas por sigilo";"";"1000,00"
"30000";"Ministério da Justiça e Segurança Pública";"30108";"Polícia Federal";"200380";"SUPERINTENDENCIA REGIONAL NO ESTADO DO AC";"2021";"03";"";"Sigiloso";"-11";"Sigiloso";"Informações protegidas por sigilo";"";"930,00"
"30000";"Ministério da Justiça e Segurança Pública";"30108";"Polícia Federal";"200380";"SUPERINTENDENCIA REGIONAL NO ESTADO DO AC";"2021";"03";"";"Sigiloso";"-11";"Sigiloso";"Informações protegidas por sigilo";"";"1000,00"
"30000";"Ministério da Justiça e Segurança Pública";"30108";"Polícia Federal";"200380";"SUPERINTENDENCIA REGIONAL NO ESTADO DO AC";"2021";"03";"";"Sigiloso";"-11";"Sigiloso";"Informações protegidas por sigilo";"";"1000,00"
"30000";"Ministério da Justiça e Segurança Pública";"30108";"Polícia Federal";"200380";"SUPERINTENDENCIA REGIONAL NO ESTADO DO AC";"2021";"03";"";"Sigiloso";"-11";"Sigiloso";"Informações protegidas por sigilo";"";"500,00"
"30000";"Ministério da Justiça e Segurança Pública";"30108";"Polícia Federal";"200380";"SUPERINTENDENCIA REGIONAL NO ESTADO DO AC";"2021";"03";"";"Sigiloso";"-11";"Sigiloso";"Informações protegidas por sigilo";"";"1000,00"
"30000";"Ministério da Justiça e Segurança Pública";"30108";"Polícia Federal";"200380";"SUPERINTENDENCIA REGIONAL NO ESTADO DO AC";"2021";"03";"";"Sigiloso";"-11";"Sigiloso";"Informações protegidas por sigilo";"";"1000,00"
"30000";"Ministério da Justiça e Segurança Pública";"30108";"Polícia Federal";"200380";"SUPERINTENDENCIA REGIONAL NO ESTADO DO AC";"2021";"03";"";"Sigiloso";"-11";"Sigiloso";"Informações protegidas por sigilo";"";"1000,00"
"30000";"Ministério da Justiça e Segurança Pública";"30108";"Polícia Federal";"200380";"SUPERINTENDENCIA REGIONAL NO ESTADO DO AC";"2021";"03";"";"Sigiloso";"-11";"Sigiloso";"Informações protegidas por sigilo";"";"1000,00"
"30000";"Ministério da Justiça e Segurança Pública";"30108";"Polícia Federal";"200380";"SUPERINTENDENCIA REGIONAL NO ESTADO DO AC";"2021";"03";"";"Sigiloso";"-11";"Sigiloso";"Informações protegidas por sigilo";"";"1000,00"
"30000";"Ministério da Justiça e Segurança Pública";"30108";"Polícia Federal";"200380";"SUPERINTENDENCIA REGIONAL NO ESTADO DO AC";"2021";"03";"";"Sigiloso";"-11";"Sigiloso";"Informações protegidas por sigilo";"";"1000,00"
"30000";"Ministério da Justiça e Segurança Pública";"30108";"Polícia Federal";"200380";"SUPERINTENDENCIA REGIONAL NO ESTADO DO AC";"2021";"03";"";"Sigiloso";"-11";"Sigiloso";"Informações protegidas por sigilo";"";"500,00"
"30000";"Ministério da Justiça e Segurança Pública";"30108";"Polícia Federal";"200380";"SUPERINTENDENCIA REGIONAL NO ESTADO DO AC";"2021";"03";"";"Sigiloso";"-11";"Sigiloso";"Informações protegidas por sigilo";"";"1000,00"
"30000";"Ministério da Justiça e Segurança Pública";"30108";"Polícia Federal";"200380";"SUPERINTENDENCIA REGIONAL NO ESTADO DO AC";"2021";"03";"";"Sigiloso";"-11";"Sigiloso";"Informações protegidas por sigilo";"";"1000,00"
"30000";"Ministério da Justiça e Segurança Pública";"30108";"Polícia Federal";"200380";"SUPERINTENDENCIA REGIONAL NO ESTADO DO AC";"2021";"03";"";"Sigiloso";"-11";"Sigiloso";"Informações protegidas por sigilo";"";"1000,00"
"30000";"Ministério da Justiça e Segurança Pública";"30108";"Polícia Federal";"200380";"SUPERINTENDENCIA REGIONAL NO ESTADO DO AC";"2021";"03";"";"Sigiloso";"-11";"Sigiloso";"Informações protegidas por sigilo";"";"1000,00"
"30000";"Ministério da Justiça e Segurança Pública";"30108";"Polícia Federal";"200380";"SUPERINTENDENCIA REGIONAL NO ESTADO DO AC";"2021";"03";"";"Sigiloso";"-11";"Sigiloso";"Informações protegidas por sigilo";"";"1000,00"
"30000";"Ministério da Justiça e Segurança Pública";"30108";"Polícia Federal";"200380";"SUPERINTENDENCIA REGIONAL NO ESTADO DO AC";"2021";"03";"";"Sigiloso";"-11";"Sigiloso";"Informações protegidas por sigilo";"";"1000,00"
"30000";"Ministério da Justiça e Segurança Pública";"30108";"Polícia Federal";"200380";"SUPERINTENDENCIA REGIONAL NO ESTADO DO AC";"2021";"03";"";"Sigiloso";"-11";"Sigiloso";"Informações protegidas por sigilo";"";"1000,00"
"30000";"Ministério da Justiça e Segurança Pública";"30108";"Polícia Federal";"200380";"SUPERINTENDENCIA REGIONAL NO ESTADO DO AC";"2021";"03";"";"Sigiloso";"-11";"Sigiloso";"Informações protegidas por sigilo";"";"1000,00"
"30000";"Ministério da Justiça e Segurança Pública";"30108";"Polícia Federal";"200380";"SUPERINTENDENCIA REGIONAL NO ESTADO DO AC";"2021";"03";"";"Sigiloso";"-11";"Sigiloso";"Informações protegidas por sigilo";"";"1000,00"
"30000";"Ministério da Justiça e Segurança Pública";"30108";"Polícia Federal";"200380";"SUPERINTENDENCIA REGIONAL NO ESTADO DO AC";"2021";"03";"";"Sigiloso";"-11";"Sigiloso";"Informações protegidas por sigilo";"";"1000,00"
"30000";"Ministério da Justiça e Segurança Pública";"30108";"Polícia Federal";"200380";"SUPERINTENDENCIA REGIONAL NO ESTADO DO AC";"2021";"03";"";"Sigiloso";"-11";"Sigiloso";"Informações protegidas por sigilo";"";"1000,00"
"30000";"Ministério da Justiça e Segurança Pública";"30108";"Polícia Federal";"200380";"SUPERINTENDENCIA REGIONAL NO ESTADO DO AC";"2021";"03";"";"Sigiloso";"-11";"Sigiloso";"Informações protegidas por sigilo";"";"1000,00"
"30000";"Ministério da Justiça e Segurança Pública";"30108";"Polícia Federal";"200380";"SUPERINTENDENCIA REGIONAL NO ESTADO DO AC";"2021";"03";"";"Sigiloso";"-11";"Sigiloso";"Informações protegidas por sigilo";"";"1000,00"
"30000";"Ministério da Justiça e Segurança Pública";"30108";"Polícia Federal";"200392";"SUPERINTENDENCIA REGIONAL NO ESTADO DO CE";"2021";"03";"***.615.803-**";"FABIA REJANE DE AZEVEDO LOPES ROCHA";"07821455000117";"RAFRAN COMERCIO DE ESCADAS E RODIZIOS LTDA";"COMPRA A/V - R$ - APRES";"19/02/2021";"800,00"
"30000";"Ministério da Justiça e Segurança Pública";"30108";"Polícia Federal";"200392";"SUPERINTENDENCIA REGIONAL NO ESTADO DO CE";"2021";"03";"";"Sigiloso";"-11";"Sigiloso";"Informações protegidas por sigilo";"";"80,60"
"30000";"Ministério da Justiça e Segurança Pública";"30108";"Polícia Federal";"200392";"SUPERINTENDENCIA REGIONAL NO ESTADO DO CE";"2021";"03";"";"Sigiloso";"-11";"Sigiloso";"Informações protegidas por sigilo";"";"800,00"
"30000";"Ministério da Justiça e Segurança Pública";"30108";"Polícia Federal";"200392";"SUPERINTENDENCIA REGIONAL NO ESTADO DO CE";"2021";"03";"";"Sigiloso";"-11";"Sigiloso";"Informações protegidas por sigilo";"";"500,00"
"30000";"Ministério da Justiça e Segurança Pública";"30108";"Polícia Federal";"200392";"SUPERINTENDENCIA REGIONAL NO ESTADO DO CE";"2021";"03";"";"Sigiloso";"-11";"Sigiloso";"Informações protegidas por sigilo";"";"146,00"
"30000";"Ministério da Justiça e Segurança Pública";"30108";"Polícia Federal";"200392";"SUPERINTENDENCIA REGIONAL NO ESTADO DO CE";"2021";"03";"***.615.803-**";"FABIA REJANE DE AZEVEDO LOPES ROCHA";"08325226000174";"CHAMA AZUL COMERCIO DE GAS LTDA";"COMPRA A/V - R$ - APRES";"18/02/2021";"320,00"
"30000";"Ministério da Justiça e Segurança Pública";"30108";"Polícia Federal";"200392";"SUPERINTENDENCIA REGIONAL NO ESTADO DO CE";"2021";"03";"***.615.803-**";"FABIA REJANE DE AZEVEDO LOPES ROCHA";"03259497000155";"ADESIVA SIGN SINALIZACAO E COMUNICACAO VISUAL LTDA";"COMPRA A/V - R$ - APRES";"18/02/2021";"800,00"
"30000";"Ministério da Justiça e Segurança Pública";"30108";"Polícia Federal";"200392";"SUPERINTENDENCIA REGIONAL NO ESTADO DO CE";"2021";"03";"***.615.803-**";"FABIA REJANE DE AZEVEDO LOPES ROCHA";"03259497000155";"ADESIVA SIGN SINALIZACAO E COMUNICACAO VISUAL LTDA";"COMPRA A/V - R$ - APRES";"18/02/2021";"254,62"
"30000";"Ministério da Justiça e Segurança Pública";"30108";"Polícia Federal";"200392";"SUPERINTENDENCIA REGIONAL NO ESTADO DO CE";"2021";"03";"***.615.803-**";"FABIA REJANE DE AZEVEDO LOPES ROCHA";"38982153349";"MARIA O NEILY CABRAL MEIRELES";"COMPRA A/V - R$ - APRES";"19/02/2021";"155,00"
"30000";"Ministério da Justiça e Segurança Pública";"30108";"Polícia Federal";"200392";"SUPERINTENDENCIA REGIONAL NO ESTADO DO CE";"2021";"03";"***.615.803-**";"FABIA REJANE DE AZEVEDO LOPES ROCHA";"07821455000117";"RAFRAN COMERCIO DE ESCADAS E RODIZIOS LTDA";"COMPRA A/V - R$ - APRES";"19/02/2021";"390,00"
"30000";"Ministério da Justiça e Segurança Pública";"30108";"Polícia Federal";"200352";"SUPERINTENDENCIA REGIONAL NO ESTADO DO ES";"2021";"03";"";"Sigiloso";"-11";"Sigiloso";"Informações protegidas por sigilo";"";"75,00"
"30000";"Ministério da Justiça e Segurança Pública";"30108";"Polícia Federal";"200352";"SUPERINTENDENCIA REGIONAL NO ESTADO DO ES";"2021";"03";"";"Sigiloso";"-11";"Sigiloso";"Informações protegidas por sigilo";"";"152,00"
"30000";"Ministério da Justiça e Segurança Pública";"30108";"Polícia Federal";"200388";"SUPERINTENDENCIA REGIONAL NO ESTADO DO MA";"2021";"03";"***.561.093-**";"ALDENIR SANTANA NEVES";"07049976000440";"J GONCALVES DOS SANTOS FILHO & CIA LTDA";"COMPRA A/V - R$ - APRES";"12/02/2021";"238,44"
"30000";"Ministério da Justiça e Segurança Pública";"30108";"Polícia Federal";"200388";"SUPERINTENDENCIA REGIONAL NO ESTADO DO MA";"2021";"03";"";"Sigiloso";"-11";"Sigiloso";"Informações protegidas por sigilo";"";"1620,64"
"30000";"Ministério da Justiça e Segurança Pública";"30108";"Polícia Federal";"200388";"SUPERINTENDENCIA REGIONAL NO ESTADO DO MA";"2021";"03";"";"Sigiloso";"-11";"Sigiloso";"Informações protegidas por sigilo";"";"39,00"
"30000";"Ministério da Justiça e Segurança Pública";"30108";"Polícia Federal";"200388";"SUPERINTENDENCIA REGIONAL NO ESTADO DO MA";"2021";"03";"";"Sigiloso";"-11";"Sigiloso";"Informações protegidas por sigilo";"";"480,00"
"30000";"Ministério da Justiça e Segurança Pública";"30108";"Polícia Federal";"200388";"SUPERINTENDENCIA REGIONAL NO ESTADO DO MA";"2021";"03";"";"Sigiloso";"-11";"Sigiloso";"Informações protegidas por sigilo";"";"40,00"
"30000";"Ministério da Justiça e Segurança Pública";"30108";"Polícia Federal";"200388";"SUPERINTENDENCIA REGIONAL NO ESTADO DO MA";"2021";"03";"";"Sigiloso";"-11";"Sigiloso";"Informações protegidas por sigilo";"";"35,00"
"30000";"Ministério da Justiça e Segurança Pública";"30108";"Polícia Federal";"200388";"SUPERINTENDENCIA REGIONAL NO ESTADO DO MA";"2021";"03";"***.561.093-**";"ALDENIR SANTANA NEVES";"07049976000106";"J GONCALVES DOS SANTOS FILHO & CIA LTDA";"COMPRA A/V - R$ - APRES";"03/02/2021";"89,08"
"30000";"Ministério da Justiça e Segurança Pública";"30108";"Polícia Federal";"200388";"SUPERINTENDENCIA REGIONAL NO ESTADO DO MA";"2021";"03";"***.561.093-**";"ALDENIR SANTANA NEVES";"07049976000106";"J GONCALVES DOS SANTOS FILHO & CIA LTDA";"COMPRA A/V - R$ - APRES";"02/02/2021";"868,25"
"30000";"Ministério da Justiça e Segurança Pública";"30108";"Polícia Federal";"200388";"SUPERINTENDENCIA REGIONAL NO ESTADO DO MA";"2021";"03";"***.561.093-**";"ALDENIR SANTANA NEVES";"03316285000243";"LRC COMERCIO LTDA";"COMPRA A/V - R$ - APRES";"27/01/2021";"100,00"
"30000";"Ministério da Justiça e Segurança Pública";"30108";"Polícia Federal";"200354";"SUPERINTENDENCIA REGIONAL NO ESTADO DO MS";"2021";"03";"";"Sigiloso";"-11";"Sigiloso";"Informações protegidas por sigilo";"";"1000,00"
"30000";"Ministério da Justiça e Segurança Pública";"30108";"Polícia Federal";"200354";"SUPERINTENDENCIA REGIONAL NO ESTADO DO MS";"2021";"03";"";"Sigiloso";"-11";"Sigiloso";"Informações protegidas por sigilo";"";"500,00"
"30000";"Ministério da Justiça e Segurança Pública";"30108";"Polícia Federal";"200354";"SUPERINTENDENCIA REGIONAL NO ESTADO DO MS";"2021";"03";"";"Sigiloso";"-11";"Sigiloso";"Informações protegidas por sigilo";"";"1000,00"
"30000";"Ministério da Justiça e Segurança Pública";"30108";"Polícia Federal";"200354";"SUPERINTENDENCIA REGIONAL NO ESTADO DO MS";"2021";"03";"";"Sigiloso";"-11";"Sigiloso";"Informações protegidas por sigilo";"";"1000,00"
"30000";"Ministério da Justiça e Segurança Pública";"30108";"Polícia Federal";"200354";"SUPERINTENDENCIA REGIONAL NO ESTADO DO MS";"2021";"03";"";"Sigiloso";"-11";"Sigiloso";"Informações protegidas por sigilo";"";"1000,00"
"30000";"Ministério da Justiça e Segurança Pública";"30108";"Polícia Federal";"200390";"SUPERINTENDENCIA REGIONAL NO ESTADO DO PI";"2021";"03";"***.013.673-**";"FERNANDO JOSE BARBOSA DE MOURA CASTRO";"07483654000405";"ENGECOPI COMERCIO DE MATERIAIS DE CONSTRUCAO LTDA";"COMPRA A/V - R$ - APRES";"22/02/2021";"430,50"
"30000";"Ministério da Justiça e Segurança Pública";"30108";"Polícia Federal";"200390";"SUPERINTENDENCIA REGIONAL NO ESTADO DO PI";"2021";"03";"***.013.673-**";"FERNANDO JOSE BARBOSA DE MOURA CASTRO";"07483654000405";"ENGECOPI COMERCIO DE MATERIAIS DE CONSTRUCAO LTDA";"COMPRA A/V - R$ - APRES";"22/02/2021";"117,00"
"30000";"Ministério da Justiça e Segurança Pública";"30108";"Polícia Federal";"200364";"SUPERINTENDENCIA REGIONAL NO ESTADO DO PR";"2021";"03";"";"Sigiloso";"-11";"Sigiloso";"Informações protegidas por sigilo";"";"1000,00"
"30000";"Ministério da Justiça e Segurança Pública";"30108";"Polícia Federal";"200364";"SUPERINTENDENCIA REGIONAL NO ESTADO DO PR";"2021";"03";"";"Sigiloso";"-11";"Sigiloso";"Informações protegidas por sigilo";"";"1000,00"
"30000";"Ministério da Justiça e Segurança Pública";"30108";"Polícia Federal";"200364";"SUPERINTENDENCIA REGIONAL NO ESTADO DO PR";"2021";"03";"";"Sigiloso";"-11";"Sigiloso";"Informações protegidas por sigilo";"";"1000,00"
"30000";"Ministério da Justiça e Segurança Pública";"30108";"Polícia Federal";"200364";"SUPERINTENDENCIA REGIONAL NO ESTADO DO PR";"2021";"03";"";"Sigiloso";"-11";"Sigiloso";"Informações protegidas por sigilo";"";"1000,00"
"30000";"Ministério da Justiça e Segurança Pública";"30108";"Polícia Federal";"200364";"SUPERINTENDENCIA REGIONAL NO ESTADO DO PR";"2021";"03";"";"Sigiloso";"-11";"Sigiloso";"Informações protegidas por sigilo";"";"1000,00"
"30000";"Ministério da Justiça e Segurança Pública";"30108";"Polícia Federal";"200364";"SUPERINTENDENCIA REGIONAL NO ESTADO DO PR";"2021";"03";"";"Sigiloso";"-11";"Sigiloso";"Informações protegidas por sigilo";"";"1000,00"
"30000";"Ministério da Justiça e Segurança Pública";"30108";"Polícia Federal";"200364";"SUPERINTENDENCIA REGIONAL NO ESTADO DO PR";"2021";"03";"";"Sigiloso";"-11";"Sigiloso";"Informações protegidas por sigilo";"";"1000,00"
"30000";"Ministério da Justiça e Segurança Pública";"30108";"Polícia Federal";"200364";"SUPERINTENDENCIA REGIONAL NO ESTADO DO PR";"2021";"03";"";"Sigiloso";"-11";"Sigiloso";"Informações protegidas por sigilo";"";"1000,00"
"30000";"Ministério da Justiça e Segurança Pública";"30108";"Polícia Federal";"200364";"SUPERINTENDENCIA REGIONAL NO ESTADO DO PR";"2021";"03";"";"Sigiloso";"-11";"Sigiloso";"Informações protegidas por sigilo";"";"1000,00"
"30000";"Ministério da Justiça e Segurança Pública";"30108";"Polícia Federal";"200364";"SUPERINTENDENCIA REGIONAL NO ESTADO DO PR";"2021";"03";"";"Sigiloso";"-11";"Sigiloso";"Informações protegidas por sigilo";"";"1000,00"
"30000";"Ministério da Justiça e Segurança Pública";"30108";"Polícia Federal";"200364";"SUPERINTENDENCIA REGIONAL NO ESTADO DO PR";"2021";"03";"";"Sigiloso";"-11";"Sigiloso";"Informações protegidas por sigilo";"";"1000,00"
"30000";"Ministério da Justiça e Segurança Pública";"30108";"Polícia Federal";"200364";"SUPERINTENDENCIA REGIONAL NO ESTADO DO PR";"2021";"03";"";"Sigiloso";"-11";"Sigiloso";"Informações protegidas por sigilo";"";"1000,00"
"30000";"Ministério da Justiça e Segurança Pública";"30108";"Polícia Federal";"200364";"SUPERINTENDENCIA REGIONAL NO ESTADO DO PR";"2021";"03";"";"Sigiloso";"-11";"Sigiloso";"Informações protegidas por sigilo";"";"1000,00"
"30000";"Ministério da Justiça e Segurança Pública";"30108";"Polícia Federal";"200364";"SUPERINTENDENCIA REGIONAL NO ESTADO DO PR";"2021";"03";"";"Sigiloso";"-11";"Sigiloso";"Informações protegidas por sigilo";"";"1000,00"
"30000";"Ministério da Justiça e Segurança Pública";"30108";"Polícia Federal";"200364";"SUPERINTENDENCIA REGIONAL NO ESTADO DO PR";"2021";"03";"";"Sigiloso";"-11";"Sigiloso";"Informações protegidas por sigilo";"";"1000,00"
"30000";"Ministério da Justiça e Segurança Pública";"30108";"Polícia Federal";"200364";"SUPERINTENDENCIA REGIONAL NO ESTADO DO PR";"2021";"03";"";"Sigiloso";"-11";"Sigiloso";"Informações protegidas por sigilo";"";"1000,00"
"30000";"Ministério da Justiça e Segurança Pública";"30108";"Polícia Federal";"200364";"SUPERINTENDENCIA REGIONAL NO ESTADO DO PR";"2021";"03";"";"Sigiloso";"-11";"Sigiloso";"Informações protegidas por sigilo";"";"1000,00"
"30000";"Ministério da Justiça e Segurança Pública";"30108";"Polícia Federal";"200364";"SUPERINTENDENCIA REGIONAL NO ESTADO DO PR";"2021";"03";"";"Sigiloso";"-11";"Sigiloso";"Informações protegidas por sigilo";"";"1000,00"
"30000";"Ministério da Justiça e Segurança Pública";"30108";"Polícia Federal";"200364";"SUPERINTENDENCIA REGIONAL NO ESTADO DO PR";"2021";"03";"";"Sigiloso";"-11";"Sigiloso";"Informações protegidas por sigilo";"";"1000,00"
"30000";"Ministério da Justiça e Segurança Pública";"30108";"Polícia Federal";"200364";"SUPERINTENDENCIA REGIONAL NO ESTADO DO PR";"2021";"03";"";"Sigiloso";"-11";"Sigiloso";"Informações protegidas por sigilo";"";"1000,00"
"30000";"Ministério da Justiça e Segurança Pública";"30108";"Polícia Federal";"200364";"SUPERINTENDENCIA REGIONAL NO ESTADO DO PR";"2021";"03";"";"Sigiloso";"-11";"Sigiloso";"Informações protegidas por sigilo";"";"1000,00"
"30000";"Ministério da Justiça e Segurança Pública";"30108";"Polícia Federal";"200364";"SUPERINTENDENCIA REGIONAL NO ESTADO DO PR";"2021";"03";"";"Sigiloso";"-11";"Sigiloso";"Informações protegidas por sigilo";"";"1000,00"
"30000";"Ministério da Justiça e Segurança Pública";"30108";"Polícia Federal";"200364";"SUPERINTENDENCIA REGIONAL NO ESTADO DO PR";"2021";"03";"";"Sigiloso";"-11";"Sigiloso";"Informações protegidas por sigilo";"";"1000,00"
"30000";"Ministério da Justiça e Segurança Pública";"30108";"Polícia Federal";"200364";"SUPERINTENDENCIA REGIONAL NO ESTADO DO PR";"2021";"03";"";"Sigiloso";"-11";"Sigiloso";"Informações protegidas por sigilo";"";"1000,00"
"30000";"Ministério da Justiça e Segurança Pública";"30108";"Polícia Federal";"200364";"SUPERINTENDENCIA REGIONAL NO ESTADO DO PR";"2021";"03";"";"Sigiloso";"-11";"Sigiloso";"Informações protegidas por sigilo";"";"1000,00"
"30000";"Ministério da Justiça e Segurança Pública";"30108";"Polícia Federal";"200364";"SUPERINTENDENCIA REGIONAL NO ESTADO DO PR";"2021";"03";"";"Sigiloso";"-11";"Sigiloso";"Informações protegidas por sigilo";"";"1000,00"
"30000";"Ministério da Justiça e Segurança Pública";"30108";"Polícia Federal";"200364";"SUPERINTENDENCIA REGIONAL NO ESTADO DO PR";"2021";"03";"";"Sigiloso";"-11";"Sigiloso";"Informações protegidas por sigilo";"";"1000,00"
"30000";"Ministério da Justiça e Segurança Pública";"30108";"Polícia Federal";"200364";"SUPERINTENDENCIA REGIONAL NO ESTADO DO PR";"2021";"03";"";"Sigiloso";"-11";"Sigiloso";"Informações protegidas por sigilo";"";"1000,00"
"30000";"Ministério da Justiça e Segurança Pública";"30108";"Polícia Federal";"200364";"SUPERINTENDENCIA REGIONAL NO ESTADO DO PR";"2021";"03";"";"Sigiloso";"-11";"Sigiloso";"Informações protegidas por sigilo";"";"1000,00"
"30000";"Ministério da Justiça e Segurança Pública";"30108";"Polícia Federal";"200364";"SUPERINTENDENCIA REGIONAL NO ESTADO DO PR";"2021";"03";"";"Sigiloso";"-11";"Sigiloso";"Informações protegidas por sigilo";"";"1000,00"
"30000";"Ministério da Justiça e Segurança Pública";"30108";"Polícia Federal";"200364";"SUPERINTENDENCIA REGIONAL NO ESTADO DO PR";"2021";"03";"";"Sigiloso";"-11";"Sigiloso";"Informações protegidas por sigilo";"";"1000,00"
"30000";"Ministério da Justiça e Segurança Pública";"30108";"Polícia Federal";"200364";"SUPERINTENDENCIA REGIONAL NO ESTADO DO PR";"2021";"03";"";"Sigiloso";"-11";"Sigiloso";"Informações protegidas por sigilo";"";"1000,00"
"30000";"Ministério da Justiça e Segurança Pública";"30108";"Polícia Federal";"200364";"SUPERINTENDENCIA REGIONAL NO ESTADO DO PR";"2021";"03";"";"Sigiloso";"-11";"Sigiloso";"Informações protegidas por sigilo";"";"1000,00"
"30000";"Ministério da Justiça e Segurança Pública";"30108";"Polícia Federal";"200364";"SUPERINTENDENCIA REGIONAL NO ESTADO DO PR";"2021";"03";"";"Sigiloso";"-11";"Sigiloso";"Informações protegidas por sigilo";"";"1000,00"
"30000";"Ministério da Justiça e Segurança Pública";"30108";"Polícia Federal";"200364";"SUPERINTENDENCIA REGIONAL NO ESTADO DO PR";"2021";"03";"";"Sigiloso";"-11";"Sigiloso";"Informações protegidas por sigilo";"";"1000,00"
"30000";"Ministério da Justiça e Segurança Pública";"30108";"Polícia Federal";"200364";"SUPERINTENDENCIA REGIONAL NO ESTADO DO PR";"2021";"03";"";"Sigiloso";"-11";"Sigiloso";"Informações protegidas por sigilo";"";"1000,00"
"30000";"Ministério da Justiça e Segurança Pública";"30108";"Polícia Federal";"200364";"SUPERINTENDENCIA REGIONAL NO ESTADO DO PR";"2021";"03";"";"Sigiloso";"-11";"Sigiloso";"Informações protegidas por sigilo";"";"1000,00"
"30000";"Ministério da Justiça e Segurança Pública";"30108";"Polícia Federal";"200364";"SUPERINTENDENCIA REGIONAL NO ESTADO DO PR";"2021";"03";"";"Sigiloso";"-11";"Sigiloso";"Informações protegidas por sigilo";"";"1000,00"
"30000";"Ministério da Justiça e Segurança Pública";"30108";"Polícia Federal";"200364";"SUPERINTENDENCIA REGIONAL NO ESTADO DO PR";"2021";"03";"";"Sigiloso";"-11";"Sigiloso";"Informações protegidas por sigilo";"";"500,00"
"30000";"Ministério da Justiça e Segurança Pública";"30108";"Polícia Federal";"200364";"SUPERINTENDENCIA REGIONAL NO ESTADO DO PR";"2021";"03";"";"Sigiloso";"-11";"Sigiloso";"Informações protegidas por sigilo";"";"1000,00"
"30000";"Ministério da Justiça e Segurança Pública";"30108";"Polícia Federal";"200394";"SUPERINTENDENCIA REGIONAL NO ESTADO DO RN";"2021";"03";"***.034.924-**";"ALGACY CHAVES DE ALMEIDA";"12874183000153";"MARLON MICHELANGELO GOMES DE SOUZA LTDA";"COMPRA A/V - R$ - APRES";"22/02/2021";"260,00"
"30000";"Ministério da Justiça e Segurança Pública";"30108";"Polícia Federal";"200394";"SUPERINTENDENCIA REGIONAL NO ESTADO DO RN";"2021";"03";"";"Sigiloso";"-11";"Sigiloso";"Informações protegidas por sigilo";"";"1000,00"
"30000";"Ministério da Justiça e Segurança Pública";"30108";"Polícia Federal";"200394";"SUPERINTENDENCIA REGIONAL NO ESTADO DO RN";"2021";"03";"";"Sigiloso";"-11";"Sigiloso";"Informações protegidas por sigilo";"";"1000,00"
"30000";"Ministério da Justiça e Segurança Pública";"30108";"Polícia Federal";"200394";"SUPERINTENDENCIA REGIONAL NO ESTADO DO RN";"2021";"03";"";"Sigiloso";"-11";"Sigiloso";"Informações protegidas por sigilo";"";"1000,00"
"30000";"Ministério da Justiça e Segurança Pública";"30108";"Polícia Federal";"200394";"SUPERINTENDENCIA REGIONAL NO ESTADO DO RN";"2021";"03";"";"Sigiloso";"-11";"Sigiloso";"Informações protegidas por sigilo";"";"1000,00"
"30000";"Ministério da Justiça e Segurança Pública";"30108";"Polícia Federal";"200394";"SUPERINTENDENCIA REGIONAL NO ESTADO DO RN";"2021";"03";"";"Sigiloso";"-11";"Sigiloso";"Informações protegidas por sigilo";"";"1000,00"
"30000";"Ministério da Justiça e Segurança Pública";"30108";"Polícia Federal";"200394";"SUPERINTENDENCIA REGIONAL NO ESTADO DO RN";"2021";"03";"";"Sigiloso";"-11";"Sigiloso";"Informações protegidas por sigilo";"";"1000,00"
"30000";"Ministério da Justiça e Segurança Pública";"30108";"Polícia Federal";"200394";"SUPERINTENDENCIA REGIONAL NO ESTADO DO RN";"2021";"03";"";"Sigiloso";"-11";"Sigiloso";"Informações protegidas por sigilo";"";"1000,00"
"30000";"Ministério da Justiça e Segurança Pública";"30108";"Polícia Federal";"200394";"SUPERINTENDENCIA REGIONAL NO ESTADO DO RN";"2021";"03";"";"Sigiloso";"-11";"Sigiloso";"Informações protegidas por sigilo";"";"1000,00"
"30000";"Ministério da Justiça e Segurança Pública";"30108";"Polícia Federal";"200394";"SUPERINTENDENCIA REGIONAL NO ESTADO DO RN";"2021";"03";"";"Sigiloso";"-11";"Sigiloso";"Informações protegidas por sigilo";"";"1000,00"
"30000";"Ministério da Justiça e Segurança Pública";"30108";"Polícia Federal";"200394";"SUPERINTENDENCIA REGIONAL NO ESTADO DO RN";"2021";"03";"";"Sigiloso";"-11";"Sigiloso";"Informações protegidas por sigilo";"";"1000,00"
"30000";"Ministério da Justiça e Segurança Pública";"30108";"Polícia Federal";"200394";"SUPERINTENDENCIA REGIONAL NO ESTADO DO RN";"2021";"03";"";"Sigiloso";"-11";"Sigiloso";"Informações protegidas por sigilo";"";"1000,00"
"30000";"Ministério da Justiça e Segurança Pública";"30108";"Polícia Federal";"200394";"SUPERINTENDENCIA REGIONAL NO ESTADO DO RN";"2021";"03";"";"Sigiloso";"-11";"Sigiloso";"Informações protegidas por sigilo";"";"1000,00"
"30000";"Ministério da Justiça e Segurança Pública";"30108";"Polícia Federal";"200394";"SUPERINTENDENCIA REGIONAL NO ESTADO DO RN";"2021";"03";"";"Sigiloso";"-11";"Sigiloso";"Informações protegidas por sigilo";"";"1000,00"
"30000";"Ministério da Justiça e Segurança Pública";"30108";"Polícia Federal";"200394";"SUPERINTENDENCIA REGIONAL NO ESTADO DO RN";"2021";"03";"";"Sigiloso";"-11";"Sigiloso";"Informações protegidas por sigilo";"";"1000,00"
"30000";"Ministério da Justiça e Segurança Pública";"30108";"Polícia Federal";"200394";"SUPERINTENDENCIA REGIONAL NO ESTADO DO RN";"2021";"03";"";"Sigiloso";"-11";"Sigiloso";"Informações protegidas por sigilo";"";"1000,00"
"30000";"Ministério da Justiça e Segurança Pública";"30108";"Polícia Federal";"200394";"SUPERINTENDENCIA REGIONAL NO ESTADO DO RN";"2021";"03";"";"Sigiloso";"-11";"Sigiloso";"Informações protegidas por sigilo";"";"1000,00"
"30000";"Ministério da Justiça e Segurança Pública";"30108";"Polícia Federal";"200394";"SUPERINTENDENCIA REGIONAL NO ESTADO DO RN";"2021";"03";"";"Sigiloso";"-11";"Sigiloso";"Informações protegidas por sigilo";"";"1000,00"
"30000";"Ministério da Justiça e Segurança Pública";"30108";"Polícia Federal";"200394";"SUPERINTENDENCIA REGIONAL NO ESTADO DO RN";"2021";"03";"";"Sigiloso";"-11";"Sigiloso";"Informações protegidas por sigilo";"";"1000,00"
"30000";"Ministério da Justiça e Segurança Pública";"30108";"Polícia Federal";"200394";"SUPERINTENDENCIA REGIONAL NO ESTADO DO RN";"2021";"03";"";"Sigiloso";"-11";"Sigiloso";"Informações protegidas por sigilo";"";"1000,00"
"30000";"Ministério da Justiça e Segurança Pública";"30108";"Polícia Federal";"200394";"SUPERINTENDENCIA REGIONAL NO ESTADO DO RN";"2021";"03";"";"Sigiloso";"-11";"Sigiloso";"Informações protegidas por sigilo";"";"1000,00"
"30000";"Ministério da Justiça e Segurança Pública";"30108";"Polícia Federal";"200394";"SUPERINTENDENCIA REGIONAL NO ESTADO DO RN";"2021";"03";"";"Sigiloso";"-11";"Sigiloso";"Informações protegidas por sigilo";"";"1000,00"
"30000";"Ministério da Justiça e Segurança Pública";"30108";"Polícia Federal";"200394";"SUPERINTENDENCIA REGIONAL NO ESTADO DO RN";"2021";"03";"";"Sigiloso";"-11";"Sigiloso";"Informações protegidas por sigilo";"";"1000,00"
"30000";"Ministério da Justiça e Segurança Pública";"30108";"Polícia Federal";"200394";"SUPERINTENDENCIA REGIONAL NO ESTADO DO RN";"2021";"03";"";"Sigiloso";"-11";"Sigiloso";"Informações protegidas por sigilo";"";"1000,00"
"30000";"Ministério da Justiça e Segurança Pública";"30108";"Polícia Federal";"200394";"SUPERINTENDENCIA REGIONAL NO ESTADO DO RN";"2021";"03";"";"Sigiloso";"-11";"Sigiloso";"Informações protegidas por sigilo";"";"1000,00"
"30000";"Ministério da Justiça e Segurança Pública";"30108";"Polícia Federal";"200394";"SUPERINTENDENCIA REGIONAL NO ESTADO DO RN";"2021";"03";"";"Sigiloso";"-11";"Sigiloso";"Informações protegidas por sigilo";"";"1000,00"
"30000";"Ministério da Justiça e Segurança Pública";"30108";"Polícia Federal";"200394";"SUPERINTENDENCIA REGIONAL NO ESTADO DO RN";"2021";"03";"";"Sigiloso";"-11";"Sigiloso";"Informações protegidas por sigilo";"";"1000,00"
"30000";"Ministério da Justiça e Segurança Pública";"30108";"Polícia Federal";"200394";"SUPERINTENDENCIA REGIONAL NO ESTADO DO RN";"2021";"03";"";"Sigiloso";"-11";"Sigiloso";"Informações protegidas por sigilo";"";"1000,00"
"30000";"Ministério da Justiça e Segurança Pública";"30108";"Polícia Federal";"200394";"SUPERINTENDENCIA REGIONAL NO ESTADO DO RN";"2021";"03";"";"Sigiloso";"-11";"Sigiloso";"Informações protegidas por sigilo";"";"1000,00"
"30000";"Ministério da Justiça e Segurança Pública";"30108";"Polícia Federal";"200394";"SUPERINTENDENCIA REGIONAL NO ESTADO DO RN";"2021";"03";"";"Sigiloso";"-11";"Sigiloso";"Informações protegidas por sigilo";"";"1000,00"
"30000";"Ministério da Justiça e Segurança Pública";"30108";"Polícia Federal";"200394";"SUPERINTENDENCIA REGIONAL NO ESTADO DO RN";"2021";"03";"";"Sigiloso";"-11";"Sigiloso";"Informações protegidas por sigilo";"";"1000,00"
"30000";"Ministério da Justiça e Segurança Pública";"30108";"Polícia Federal";"200394";"SUPERINTENDENCIA REGIONAL NO ESTADO DO RN";"2021";"03";"";"Sigiloso";"-11";"Sigiloso";"Informações protegidas por sigilo";"";"1000,00"
"30000";"Ministério da Justiça e Segurança Pública";"30108";"Polícia Federal";"200394";"SUPERINTENDENCIA REGIONAL NO ESTADO DO RN";"2021";"03";"***.034.924-**";"ALGACY CHAVES DE ALMEIDA";"09392341000205";"LAMPADINHA MATERIAIS ELETRICOS LTDA";"COMPRA A/V - R$ - APRES";"22/02/2021";"63,20"
"30000";"Ministério da Justiça e Segurança Pública";"30108";"Polícia Federal";"200394";"SUPERINTENDENCIA REGIONAL NO ESTADO DO RN";"2021";"03";"***.034.924-**";"ALGACY CHAVES DE ALMEIDA";"08713513000151";"CASA NORTE LTDA";"COMPRA A/V - R$ - APRES";"22/02/2021";"102,62"
"30000";"Ministério da Justiça e Segurança Pública";"30108";"Polícia Federal";"200394";"SUPERINTENDENCIA REGIONAL NO ESTADO DO RN";"2021";"03";"***.034.924-**";"ALGACY CHAVES DE ALMEIDA";"09392341000124";"LAMPADINHA MATERIAIS ELETRICOS LTDA";"COMPRA A/V - R$ - APRES";"19/02/2021";"459,80"
"30000";"Ministério da Justiça e Segurança Pública";"30108";"Polícia Federal";"200372";"SUPERINTENDENCIA REGIONAL NO ESTADO DO RS";"2021";"03";"";"Sigiloso";"-11";"Sigiloso";"Informações protegidas por sigilo";"";"880,00"
"30000";"Ministério da Justiça e Segurança Pública";"30108";"Polícia Federal";"200372";"SUPERINTENDENCIA REGIONAL NO ESTADO DO RS";"2021";"03";"";"Sigiloso";"-11";"Sigiloso";"Informações protegidas por sigilo";"";"490,00"
"30000";"Ministério da Justiça e Segurança Pública";"30108";"Polícia Federal";"200372";"SUPERINTENDENCIA REGIONAL NO ESTADO DO RS";"2021";"03";"";"Sigiloso";"-11";"Sigiloso";"Informações protegidas por sigilo";"";"344,40"
"30000";"Ministério da Justiça e Segurança Pública";"30108";"Polícia Federal";"200372";"SUPERINTENDENCIA REGIONAL NO ESTADO DO RS";"2021";"03";"";"Sigiloso";"-11";"Sigiloso";"Informações protegidas por sigilo";"";"650,00"
"30000";"Ministério da Justiça e Segurança Pública";"30108";"Polícia Federal";"200372";"SUPERINTENDENCIA REGIONAL NO ESTADO DO RS";"2021";"03";"";"Sigiloso";"-11";"Sigiloso";"Informações protegidas por sigilo";"";"832,63"
"30000";"Ministério da Justiça e Segurança Pública";"30108";"Polícia Federal";"200372";"SUPERINTENDENCIA REGIONAL NO ESTADO DO RS";"2021";"03";"";"Sigiloso";"-11";"Sigiloso";"Informações protegidas por sigilo";"";"900,00"
"30000";"Ministério da Justiça e Segurança Pública";"30108";"Polícia Federal";"200372";"SUPERINTENDENCIA REGIONAL NO ESTADO DO RS";"2021";"03";"";"Sigiloso";"-11";"Sigiloso";"Informações protegidas por sigilo";"";"325,20"
"30000";"Ministério da Justiça e Segurança Pública";"30108";"Polícia Federal";"200372";"SUPERINTENDENCIA REGIONAL NO ESTADO DO RS";"2021";"03";"";"Sigiloso";"-11";"Sigiloso";"Informações protegidas por sigilo";"";"137,75"
"30000";"Ministério da Justiça e Segurança Pública";"30108";"Polícia Federal";"200372";"SUPERINTENDENCIA REGIONAL NO ESTADO DO RS";"2021";"03";"";"Sigiloso";"-11";"Sigiloso";"Informações protegidas por sigilo";"";"710,00"
"30000";"Ministério da Justiça e Segurança Pública";"30108";"Polícia Federal";"200372";"SUPERINTENDENCIA REGIONAL NO ESTADO DO RS";"2021";"03";"";"Sigiloso";"-11";"Sigiloso";"Informações protegidas por sigilo";"";"1000,00"
"30000";"Ministério da Justiça e Segurança Pública";"30108";"Polícia Federal";"200372";"SUPERINTENDENCIA REGIONAL NO ESTADO DO RS";"2021";"03";"";"Sigiloso";"-11";"Sigiloso";"Informações protegidas por sigilo";"";"850,00"
"30000";"Ministério da Justiça e Segurança Pública";"30108";"Polícia Federal";"200372";"SUPERINTENDENCIA REGIONAL NO ESTADO DO RS";"2021";"03";"";"Sigiloso";"-11";"Sigiloso";"Informações protegidas por sigilo";"";"230,00"
"30000";"Ministério da Justiça e Segurança Pública";"30108";"Polícia Federal";"200372";"SUPERINTENDENCIA REGIONAL NO ESTADO DO RS";"2021";"03";"";"Sigiloso";"-11";"Sigiloso";"Informações protegidas por sigilo";"";"10,00"
"30000";"Ministério da Justiça e Segurança Pública";"30108";"Polícia Federal";"200372";"SUPERINTENDENCIA REGIONAL NO ESTADO DO RS";"2021";"03";"";"Sigiloso";"-11";"Sigiloso";"Informações protegidas por sigilo";"";"175,05"
"30000";"Ministério da Justiça e Segurança Pública";"30108";"Polícia Federal";"200372";"SUPERINTENDENCIA REGIONAL NO ESTADO DO RS";"2021";"03";"";"Sigiloso";"-11";"Sigiloso";"Informações protegidas por sigilo";"";"1095,00"
"30000";"Ministério da Justiça e Segurança Pública";"30108";"Polícia Federal";"200372";"SUPERINTENDENCIA REGIONAL NO ESTADO DO RS";"2021";"03";"";"Sigiloso";"-11";"Sigiloso";"Informações protegidas por sigilo";"";"1000,00"
"30000";"Ministério da Justiça e Segurança Pública";"30108";"Polícia Federal";"200372";"SUPERINTENDENCIA REGIONAL NO ESTADO DO RS";"2021";"03";"";"Sigiloso";"-11";"Sigiloso";"Informações protegidas por sigilo";"";"750,00"
"30000";"Ministério da Justiça e Segurança Pública";"30802";"Polícia Rodoviária Federal";"200109";"POLICIA RODOVIARIA FEDERAL";"2021";"03";"***.292.961-**";"ROBERTO FERREIRA BARBOSA";"-2";"NAO SE APLICA";"SAQUE CASH/ATM BB";"03/02/2021";"800,00"
"30000";"Ministério da Justiça e Segurança Pública";"30802";"Polícia Rodoviária Federal";"200109";"POLICIA RODOVIARIA FEDERAL";"2021";"03";"***.292.961-**";"ROBERTO FERREIRA BARBOSA";"27547510000130";"STONE PAY MEIOS DE PAGAMENTO LTDA";"COMPRA A/V - R$ - APRES";"10/02/2021";"499,98"
"30000";"Ministério da Justiça e Segurança Pública";"30802";"Polícia Rodoviária Federal";"200109";"POLICIA RODOVIARIA FEDERAL";"2021";"03";"***.292.961-**";"ROBERTO FERREIRA BARBOSA";"13705807000171";"FERNANDO V G C GARCIA COPIAS";"COMPRA A/V - R$ - APRES";"29/01/2021";"520,00"
"30000";"Ministério da Justiça e Segurança Pública";"30802";"Polícia Rodoviária Federal";"200109";"POLICIA RODOVIARIA FEDERAL";"2021";"03";"***.292.961-**";"ROBERTO FERREIRA BARBOSA";"24217976000189";"CNK DE CASTRO SERVICOS";"COMPRA A/V - R$ - APRES";"19/02/2021";"480,00"
"30000";"Ministério da Justiça e Segurança Pública";"30802";"Polícia Rodoviária Federal";"200109";"POLICIA RODOVIARIA FEDERAL";"2021";"03";"***.292.961-**";"ROBERTO FERREIRA BARBOSA";"24217976000189";"CNK DE CASTRO SERVICOS";"COMPRA A/V - R$ - APRES";"19/02/2021";"213,90"
"30000";"Ministério da Justiça e Segurança Pública";"30802";"Polícia Rodoviária Federal";"200109";"POLICIA RODOVIARIA FEDERAL";"2021";"03";"***.292.961-**";"ROBERTO FERREIRA BARBOSA";"49291677000115";"ARAMITAL COFFEE LTDA";"COMPRA A/V - R$ - APRES";"22/02/2021";"1300,00"
"30000";"Ministério da Justiça e Segurança Pública";"30802";"Polícia Rodoviária Federal";"200109";"POLICIA RODOVIARIA FEDERAL";"2021";"03";"***.292.961-**";"ROBERTO FERREIRA BARBOSA";"01438784001411";"LEROY MERLIN COMPANHIA BRASILEIRA DE BRICOLAGEM";"COMPRA A/V - R$ - APRES";"04/02/2021";"174,45"
"30000";"Ministério da Justiça e Segurança Pública";"30802";"Polícia Rodoviária Federal";"200109";"POLICIA RODOVIARIA FEDERAL";"2021";"03";"***.292.961-**";"ROBERTO FERREIRA BARBOSA";"01438784001411";"LEROY MERLIN COMPANHIA BRASILEIRA DE BRICOLAGEM";"COMPRA A/V - R$ - APRES";"29/01/2021";"349,00"
"30000";"Ministério da Justiça e Segurança Pública";"30802";"Polícia Rodoviária Federal";"200109";"POLICIA RODOVIARIA FEDERAL";"2021";"03";"***.292.961-**";"ROBERTO FERREIRA BARBOSA";"-2";"NAO SE APLICA";"SAQUE CASH/ATM BB";"04/02/2021";"800,00"
"30000";"Ministério da Justiça e Segurança Pública";"30802";"Polícia Rodoviária Federal";"200109";"POLICIA RODOVIARIA FEDERAL";"2021";"03";"***.292.961-**";"ROBERTO FERREIRA BARBOSA";"27056705000187";"EXPERT SOLUCOES E TECNOLOGIA LTDA";"COMPRA A/V - R$ - APRES";"05/02/2021";"1750,00"
"30000";"Ministério da Justiça e Segurança Pública";"30802";"Polícia Rodoviária Federal";"200130";"SUPERINTENDENCIA DA PRF EM SERGIPE";"2021";"03";"***.339.005-**";"DOALCEY GEORGE SILVA SANTOS";"13178793000185";"J NUNES MATERIAL DE CONSTRUCAO LTDA";"COMPRA A/V - R$ - APRES";"22/02/2021";"103,60"
"30000";"Ministério da Justiça e Segurança Pública";"30802";"Polícia Rodoviária Federal";"200130";"SUPERINTENDENCIA DA PRF EM SERGIPE";"2021";"03";"***.339.005-**";"DOALCEY GEORGE SILVA SANTOS";"02381851000157";"L & L - PARAFUSOS E FERRAGENS LTDA";"COMPRA A/V - R$ - APRES";"22/02/2021";"51,00"
"30000";"Ministério da Justiça e Segurança Pública";"30802";"Polícia Rodoviária Federal";"200124";"SUPERINTENDENCIA DA PRF NO MARANHAO.";"2021";"03";"***.779.253-**";"RAIFRAN VIANA DOS SANTOS";"23439623000160";"PAPELARIA EXECUTIVO LTDA";"COMPRA A/V - R$ - APRES";"03/02/2021";"30,00"
"30000";"Ministério da Justiça e Segurança Pública";"30802";"Polícia Rodoviária Federal";"200124";"SUPERINTENDENCIA DA PRF NO MARANHAO.";"2021";"03";"***.779.253-**";"RAIFRAN VIANA DOS SANTOS";"10573521000191";"MERCADO PAGO INSTITUICAO DE PAGAMENTO LTDA";"COMPRA A/V - R$ - APRES";"05/02/2021";"30,00"
"30000";"Ministério da Justiça e Segurança Pública";"30802";"Polícia Rodoviária Federal";"200116";"SUPERINTENDENCIA DA PRF NO RIO DE JANEIRO";"2021";"03";"***.181.257-**";"ALISSON ANDRION DE AGUIAR";"27891283000165";"ULTRA ELETRICA E HIDRAULICA COMERCIO LTDA.";"COMPRA A/V - R$ - APRES";"22/02/2021";"760,00"
"30000";"Ministério da Justiça e Segurança Pública";"30802";"Polícia Rodoviária Federal";"200116";"SUPERINTENDENCIA DA PRF NO RIO DE JANEIRO";"2021";"03";"***.421.937-**";"JOSE CARLOS AMADURO";"37235864000100";"FERNANDO GONCALVES DA SILVA CONTROLE DE PRAGAS URBANAS LTDA";"COMPRA A/V - R$ - APRES";"28/01/2021";"1100,00"
"30000";"Ministério da Justiça e Segurança Pública";"30802";"Polícia Rodoviária Federal";"200116";"SUPERINTENDENCIA DA PRF NO RIO DE JANEIRO";"2021";"03";"***.421.937-**";"JOSE CARLOS AMADURO";"10573521000191";"MERCADO PAGO INSTITUICAO DE PAGAMENTO LTDA";"COMPRA A/V - R$ - APRES";"11/02/2021";"160,00"
"30000";"Ministério da Justiça e Segurança Pública";"30802";"Polícia Rodoviária Federal";"200139";"SUPERINTENDENCIA DA PRF NO TOCANTINS";"2021";"03";"***.662.194-**";"ROBERTO MENDES DE ALMEIDA";"-2";"NAO SE APLICA";"SAQUE CASH/ATM BB";"05/02/2021";"430,00"
"33000";"Ministério da Previdência Social";"33206";"Superintendência Nacional de Previdência Complementar";"333005";"COORDENACAO GERAL DE PATRIMONIO E LOGISTICA";"2021";"03";"***.017.131-**";"CLAUDIO PARENTE SOUSA";"21762797000134";"LTI CONSULTORIA EM TECNOLOGIA DA INFORMACAO LTDA";"COMPRA A/V - R$ - APRES";"27/01/2021";"270,00"
"36000";"Ministério da Saúde";"36213";"Agência Nacional de Saúde Suplementar";"253003";"AGENCIA NACIONAL DE SAUDE SUPLEMENTAR";"2021";"03";"***.729.355-**";"BERGSON MACARIO COSTA";"10230480001960";"FERREIRA COSTA & CIA LTDA";"COMPRA A/V - R$ - APRES";"10/02/2021";"172,40"
"36000";"Ministério da Saúde";"36213";"Agência Nacional de Saúde Suplementar";"253003";"AGENCIA NACIONAL DE SAUDE SUPLEMENTAR";"2021";"03";"***.729.355-**";"BERGSON MACARIO COSTA";"03152598000122";"SERGIO ANTONIO DA SILVA GAS";"COMPRA A/V - R$ - APRES";"09/02/2021";"30,00"
"36000";"Ministério da Saúde";"36213";"Agência Nacional de Saúde Suplementar";"253003";"AGENCIA NACIONAL DE SAUDE SUPLEMENTAR";"2021";"03";"***.729.355-**";"BERGSON MACARIO COSTA";"05061290000105";"LOJA DO CONDOMINIO LTDA";"COMPRA A/V - R$ - APRES";"23/02/2021";"31,80"
"36000";"Ministério da Saúde";"36213";"Agência Nacional de Saúde Suplementar";"253003";"AGENCIA NACIONAL DE SAUDE SUPLEMENTAR";"2021";"03";"***.729.355-**";"BERGSON MACARIO COSTA";"47508411046903";"COMPANHIA BRASILEIRA DE DISTRIBUICAO";"COMPRA A/V - R$ - APRES";"11/02/2021";"223,95"
"36000";"Ministério da Saúde";"36213";"Agência Nacional de Saúde Suplementar";"253003";"AGENCIA NACIONAL DE SAUDE SUPLEMENTAR";"2021";"03";"***.729.355-**";"BERGSON MACARIO COSTA";"45543915041880";"CARREFOUR COMERCIO E INDUSTRIA LTDA";"COMPRA A/V - R$ - APRES";"09/02/2021";"24,34"
"36000";"Ministério da Saúde";"36212";"Agência Nacional de Vigilância Sanitária";"253002";"AGENCIA NACIONAL DE VIGILANCIA SANITARIA";"2021";"03";"***.255.341-**";"DANIELLE APARECIDA DE SOUZA";"00002329000272";"FERRAGENS PINHEIRO LTDA";"COMPRA A/V - R$ - APRES";"10/02/2021";"24,00"
"36000";"Ministério da Saúde";"36212";"Agência Nacional de Vigilância Sanitária";"253002";"AGENCIA NACIONAL DE VIGILANCIA SANITARIA";"2021";"03";"***.255.341-**";"DANIELLE APARECIDA DE SOUZA";"01438784001411";"LEROY MERLIN COMPANHIA BRASILEIRA DE BRICOLAGEM";"COMPRA A/V - R$ - APRES";"10/02/2021";"705,65"
"36000";"Ministério da Saúde";"36212";"Agência Nacional de Vigilância Sanitária";"253002";"AGENCIA NACIONAL DE VIGILANCIA SANITARIA";"2021";"03";"***.255.341-**";"DANIELLE APARECIDA DE SOUZA";"00605519000101";"FERRAMAD COMERCIO DE FERRAMENTAS E MAQUINAS PARA MADEIRA LTDA";"COMPRA A/V - R$ - APRES";"10/02/2021";"47,00"
"36000";"Ministério da Saúde";"36212";"Agência Nacional de Vigilância Sanitária";"253002";"AGENCIA NACIONAL DE VIGILANCIA SANITARIA";"2021";"03";"***.651.017-**";"FABIANA PEREIRA LINS";"80779259000383";"VICTORIA REGIA COMERCIO DE MATERIAIS MEDICOS LTDA";"COMPRA A/V - R$ - APRES";"22/02/2021";"7920,00"
"36000";"Ministério da Saúde";"36212";"Agência Nacional de Vigilância Sanitária";"253002";"AGENCIA NACIONAL DE VIGILANCIA SANITARIA";"2021";"03";"***.800.591-**";"PEDRO HENRIQUE SILVA SANTOS";"22199493000173";"ACRILICO MASTER SOLUCOES EM ACRILICO LTDA";"COMPRA A/V - R$ - APRES";"09/02/2021";"22047,73"
"36000";"Ministério da Saúde";"36212";"Agência Nacional de Vigilância Sanitária";"253002";"AGENCIA NACIONAL DE VIGILANCIA SANITARIA";"2021";"03";"***.800.591-**";"PEDRO HENRIQUE SILVA SANTOS";"07888247000135";"COMERCIAL ALVORADA DE PRODUTOS PARA LIMPEZA E DESCARTAVEIS LTDA";"COMPRA A/V - R$ - APRES";"02/02/2021";"14578,74"
"36000";"Ministério da Saúde";"36212";"Agência Nacional de Vigilância Sanitária";"253002";"AGENCIA NACIONAL DE VIGILANCIA SANITARIA";"2021";"03";"***.348.936-**";"LUANA GUIMARAES CURY";"-1";"SEM INFORMACAO";"COMPRA A/V - R$ - APRES";"23/02/2021";"415,12"
"36000";"Ministério da Saúde";"36212";"Agência Nacional de Vigilância Sanitária";"253002";"AGENCIA NACIONAL DE VIGILANCIA SANITARIA";"2021";"03";"***.800.591-**";"PEDRO HENRIQUE SILVA SANTOS";"16010431009710";"SANTA MARTA DISTRIBUIDORA DE DROGAS LTDA EM RECUPERACAO JUDICIAL";"COMPRA A/V - R$ - APRES";"18/02/2021";"115,43"
"36000";"Ministério da Saúde";"36211";"Fundação Nacional de Saúde";"255001";"FUNDACAO NACIONAL DE SAUDE - AC";"2021";"03";"***.565.922-**";"CLAUDIO AMIRTON PEREIRA DE MELLO";"06886449000185";"F. ALMEIDA DA SILVA";"COMPRA A/V - R$ - APRES";"18/02/2021";"700,00"
"36000";"Ministério da Saúde";"36211";"Fundação Nacional de Saúde";"255001";"FUNDACAO NACIONAL DE SAUDE - AC";"2021";"03";"***.565.922-**";"CLAUDIO AMIRTON PEREIRA DE MELLO";"01201419000174";"PRB SERVICOS, COMERCIO E REPRESENTACOES LTDA";"COMPRA A/V - R$ - APRES";"19/02/2021";"130,45"
"36000";"Ministério da Saúde";"36211";"Fundação Nacional de Saúde";"255006";"FUNDACAO NACIONAL DE SAUDE - CE";"2021";"03";"***.338.307-**";"SEVERINO GABRIEL DOS SANTOS";"24938561000102";"R A RAMOS CONSTRUIR LTDA";"COMPRA A/V - R$ - APRES";"18/02/2021";"540,60"
"36000";"Ministério da Saúde";"36211";"Fundação Nacional de Saúde";"255008";"FUNDACAO NACIONAL DE SAUDE - ES";"2021";"03";"***.561.507-**";"SIDNER KAFLER";"30571749000150";"FIO E FERRO MATERIAIS SERVICOS E CONSTRUCOES LTDA";"COMPRA A/V - R$ - APRES";"29/01/2021";"265,34"
"36000";"Ministério da Saúde";"36211";"Fundação Nacional de Saúde";"255008";"FUNDACAO NACIONAL DE SAUDE - ES";"2021";"03";"***.561.507-**";"SIDNER KAFLER";"28416105000145";"ELETROMIL COMERCIAL LTDA";"COMPRA A/V - R$ - APRES";"09/02/2021";"28,00"
"36000";"Ministério da Saúde";"36211";"Fundação Nacional de Saúde";"255008";"FUNDACAO NACIONAL DE SAUDE - ES";"2021";"03";"***.561.507-**";"SIDNER KAFLER";"28416105000145";"ELETROMIL COMERCIAL LTDA";"COMPRA A/V - R$ - APRES";"29/01/2021";"38,00"
"36000";"Ministério da Saúde";"36211";"Fundação Nacional de Saúde";"255009";"FUNDACAO NACIONAL DE SAUDE - GO";"2021";"03";"***.305.651-**";"JOSIEL VIEIRA DE SOUZA";"-2";"NAO SE APLICA";"SAQUE CASH/ATM BB";"22/02/2021";"40,00"
"36000";"Ministério da Saúde";"36211";"Fundação Nacional de Saúde";"255009";"FUNDACAO NACIONAL DE SAUDE - GO";"2021";"03";"***.305.651-**";"JOSIEL VIEIRA DE SOUZA";"-2";"NAO SE APLICA";"SAQUE CASH/ATM BB";"12/02/2021";"300,00"
"36000";"Ministério da Saúde";"36211";"Fundação Nacional de Saúde";"255009";"FUNDACAO NACIONAL DE SAUDE - GO";"2021";"03";"***.305.651-**";"JOSIEL VIEIRA DE SOUZA";"-2";"NAO SE APLICA";"SAQUE CASH/ATM BB";"11/02/2021";"1000,00"
"36000";"Ministério da Saúde";"36211";"Fundação Nacional de Saúde";"255009";"FUNDACAO NACIONAL DE SAUDE - GO";"2021";"03";"***.305.651-**";"JOSIEL VIEIRA DE SOUZA";"-2";"NAO SE APLICA";"SAQUE CASH/ATM BB";"10/02/2021";"210,00"
"36000";"Ministério da Saúde";"36211";"Fundação Nacional de Saúde";"255014";"FUNDACAO NACIONAL DE SAUDE - PA";"2021";"03";"***.482.172-**";"CELIO ALFREDO MACEDO BAIA";"16668076000200";"SUMUP INSTITUICAO DE PAGAMENTO BRASIL LTDA";"COMPRA A/V - R$ - APRES";"08/02/2021";"5880,00"
"36000";"Ministério da Saúde";"36211";"Fundação Nacional de Saúde";"255014";"FUNDACAO NACIONAL DE SAUDE - PA";"2021";"03";"***.482.172-**";"CELIO ALFREDO MACEDO BAIA";"16668076000200";"SUMUP INSTITUICAO DE PAGAMENTO BRASIL LTDA";"COMPRA A/V - R$ - APRES";"08/02/2021";"840,00"
"36000";"Ministério da Saúde";"36211";"Fundação Nacional de Saúde";"255014";"FUNDACAO NACIONAL DE SAUDE - PA";"2021";"03";"***.482.172-**";"CELIO ALFREDO MACEDO BAIA";"16668076000200";"SUMUP INSTITUICAO DE PAGAMENTO BRASIL LTDA";"COMPRA A/V - R$ - APRES";"08/02/2021";"3150,00"
"36000";"Ministério da Saúde";"36211";"Fundação Nacional de Saúde";"255014";"FUNDACAO NACIONAL DE SAUDE - PA";"2021";"03";"***.482.172-**";"CELIO ALFREDO MACEDO BAIA";"16668076000200";"SUMUP INSTITUICAO DE PAGAMENTO BRASIL LTDA";"COMPRA A/V - R$ - APRES";"08/02/2021";"6560,00"
"36000";"Ministério da Saúde";"36211";"Fundação Nacional de Saúde";"255014";"FUNDACAO NACIONAL DE SAUDE - PA";"2021";"03";"***.482.172-**";"CELIO ALFREDO MACEDO BAIA";"04899316002757";"IMIFARMA PRODUTOS FARMACEUTICOS E COSMETICOS SA";"COMPRA A/V - R$ - APRES";"08/02/2021";"555,98"
"36000";"Ministério da Saúde";"36211";"Fundação Nacional de Saúde";"255015";"FUNDACAO NACIONAL DE SAUDE - PB";"2021";"03";"***.360.811-**";"MICHELLE RODRIGUES CORREIA";"06626253091521";"EMPREENDIMENTOS PAGUE MENOS S/A";"COMPRA A/V - R$ - APRES";"22/02/2021";"279,99"
"36000";"Ministério da Saúde";"36211";"Fundação Nacional de Saúde";"255017";"FUNDACAO NACIONAL DE SAUDE - PE";"2021";"03";"***.217.354-**";"MANOEL SATURNINO DIAS FILHO";"01116583000183";"LIVRARIA JAQUEIRA LTDA";"COMPRA A/V - R$ - APRES";"09/02/2021";"17,40"
"36000";"Ministério da Saúde";"36211";"Fundação Nacional de Saúde";"255017";"FUNDACAO NACIONAL DE SAUDE - PE";"2021";"03";"***.217.354-**";"MANOEL SATURNINO DIAS FILHO";"10825008000140";"BARTO ELETRONICA LTDA";"COMPRA A/V - R$ - APRES";"12/02/2021";"291,51"
"36000";"Ministério da Saúde";"36211";"Fundação Nacional de Saúde";"255017";"FUNDACAO NACIONAL DE SAUDE - PE";"2021";"03";"***.217.354-**";"MANOEL SATURNINO DIAS FILHO";"01611942000179";"LUDWIG WALLERSTEIN NETO";"COMPRA A/V - R$ - APRES";"11/02/2021";"195,00"
"36000";"Ministério da Saúde";"36211";"Fundação Nacional de Saúde";"255017";"FUNDACAO NACIONAL DE SAUDE - PE";"2021";"03";"***.217.354-**";"MANOEL SATURNINO DIAS FILHO";"11623188002003";"ARMAZEM CORAL LTDA";"COMPRA A/V - R$ - APRES";"18/02/2021";"799,00"
"36000";"Ministério da Saúde";"36211";"Fundação Nacional de Saúde";"255017";"FUNDACAO NACIONAL DE SAUDE - PE";"2021";"03";"***.217.354-**";"MANOEL SATURNINO DIAS FILHO";"11623188002003";"ARMAZEM CORAL LTDA";"COMPRA A/V - R$ - APRES";"18/02/2021";"823,10"
"36000";"Ministério da Saúde";"36211";"Fundação Nacional de Saúde";"255017";"FUNDACAO NACIONAL DE SAUDE - PE";"2021";"03";"***.217.354-**";"MANOEL SATURNINO DIAS FILHO";"11623188002003";"ARMAZEM CORAL LTDA";"COMPRA A/V - R$ - APRES";"18/02/2021";"803,30"
"36000";"Ministério da Saúde";"36211";"Fundação Nacional de Saúde";"255017";"FUNDACAO NACIONAL DE SAUDE - PE";"2021";"03";"***.217.354-**";"MANOEL SATURNINO DIAS FILHO";"16668076000200";"SUMUP INSTITUICAO DE PAGAMENTO BRASIL LTDA";"COMPRA A/V - R$ - APRES";"09/02/2021";"100,00"
"36000";"Ministério da Saúde";"36211";"Fundação Nacional de Saúde";"255017";"FUNDACAO NACIONAL DE SAUDE - PE";"2021";"03";"***.217.354-**";"MANOEL SATURNINO DIAS FILHO";"10573521000191";"MERCADO PAGO INSTITUICAO DE PAGAMENTO LTDA";"COMPRA A/V - R$ - APRES";"12/02/2021";"80,00"
"36000";"Ministério da Saúde";"36211";"Fundação Nacional de Saúde";"255017";"FUNDACAO NACIONAL DE SAUDE - PE";"2021";"03";"***.217.354-**";"MANOEL SATURNINO DIAS FILHO";"11623188001112";"ARMAZEM CORAL LTDA";"COMPRA A/V - R$ - APRES";"19/02/2021";"510,00"
"36000";"Ministério da Saúde";"36211";"Fundação Nacional de Saúde";"255017";"FUNDACAO NACIONAL DE SAUDE - PE";"2021";"03";"***.217.354-**";"MANOEL SATURNINO DIAS FILHO";"11623188001112";"ARMAZEM CORAL LTDA";"COMPRA A/V - R$ - APRES";"19/02/2021";"680,00"
"36000";"Ministério da Saúde";"36211";"Fundação Nacional de Saúde";"255017";"FUNDACAO NACIONAL DE SAUDE - PE";"2021";"03";"***.217.354-**";"MANOEL SATURNINO DIAS FILHO";"08121782000129";"PRINCESA DISTRIBUIDORA LTDA";"COMPRA A/V - R$ - APRES";"10/02/2021";"164,00"
"36000";"Ministério da Saúde";"36211";"Fundação Nacional de Saúde";"255016";"FUNDACAO NACIONAL DE SAUDE - PR";"2021";"03";"***.339.509-**";"RENATA PICHEK";"28036510000138";"RIGO COMERCIO DE EQUIPAMENTOS DE SEGURANCA LTDA.";"COMPRA A/V - R$ - APRES";"01/02/2021";"168,34"
"36000";"Ministério da Saúde";"36211";"Fundação Nacional de Saúde";"255016";"FUNDACAO NACIONAL DE SAUDE - PR";"2021";"03";"***.339.509-**";"RENATA PICHEK";"06229649000165";"MAKROLUZ COMERCIO DE MATERIAL ELETRICO E HIDRAULICO LTDA";"COMPRA A/V - R$ - APRES";"29/01/2021";"10,90"
"36000";"Ministério da Saúde";"36211";"Fundação Nacional de Saúde";"255016";"FUNDACAO NACIONAL DE SAUDE - PR";"2021";"03";"***.339.509-**";"RENATA PICHEK";"77955698000123";"A. PERSIANAS PARANA LTDA";"COMPRA A/V - R$ - APRES";"02/02/2021";"536,00"
"36000";"Ministério da Saúde";"36211";"Fundação Nacional de Saúde";"255016";"FUNDACAO NACIONAL DE SAUDE - PR";"2021";"03";"***.339.509-**";"RENATA PICHEK";"00720764963";"RAFAEL BERNARDO GARCIA";"COMPRA A/V - R$ - APRES";"11/02/2021";"280,00"
"36000";"Ministério da Saúde";"36211";"Fundação Nacional de Saúde";"255022";"FUNDACAO NACIONAL DE SAUDE - RO";"2021";"03";"***.619.652-**";"MARIA JOSE MAIA DA SILVA";"22874499000107";"S. A. DE FREITAS COSTA LTDA";"COMPRA A/V - R$ - APRES";"08/02/2021";"175,00"
"36000";"Ministério da Saúde";"36211";"Fundação Nacional de Saúde";"255022";"FUNDACAO NACIONAL DE SAUDE - RO";"2021";"03";"***.619.652-**";"MARIA JOSE MAIA DA SILVA";"56391692220";"MARA REGIA DA ROCHA LIMA";"COMPRA A/V - R$ - APRES";"05/02/2021";"126,00"
"36000";"Ministério da Saúde";"36211";"Fundação Nacional de Saúde";"255022";"FUNDACAO NACIONAL DE SAUDE - RO";"2021";"03";"***.619.652-**";"MARIA JOSE MAIA DA SILVA";"26472573000292";"PORTOFER REPRESENTACAO DE MATERIAIS PARA CONSTRUCAO LTDA.";"COMPRA A/V - R$ - APRES";"08/02/2021";"523,90"
"36000";"Ministério da Saúde";"36211";"Fundação Nacional de Saúde";"255022";"FUNDACAO NACIONAL DE SAUDE - RO";"2021";"03";"***.619.652-**";"MARIA JOSE MAIA DA SILVA";"26794946000160";"LUCREE SOLUCOES INTELIGENTES S.A.";"COMPRA A/V - R$ - APRES";"11/02/2021";"18,00"
"36000";"Ministério da Saúde";"36211";"Fundação Nacional de Saúde";"255022";"FUNDACAO NACIONAL DE SAUDE - RO";"2021";"03";"***.619.652-**";"MARIA JOSE MAIA DA SILVA";"26794946000160";"LUCREE SOLUCOES INTELIGENTES S.A.";"COMPRA A/V - R$ - APRES";"09/02/2021";"363,00"
"36000";"Ministério da Saúde";"36211";"Fundação Nacional de Saúde";"255022";"FUNDACAO NACIONAL DE SAUDE - RO";"2021";"03";"***.619.652-**";"MARIA JOSE MAIA DA SILVA";"04144223000183";"R J ELOY LTDA";"COMPRA A/V - R$ - APRES";"10/02/2021";"45,00"
"36000";"Ministério da Saúde";"36211";"Fundação Nacional de Saúde";"255022";"FUNDACAO NACIONAL DE SAUDE - RO";"2021";"03";"***.619.652-**";"MARIA JOSE MAIA DA SILVA";"11475129000172";"PVH PARAFUSOS E FERRAGENS LTDA";"COMPRA A/V - R$ - APRES";"08/02/2021";"454,00"
"36000";"Ministério da Saúde";"36211";"Fundação Nacional de Saúde";"255022";"FUNDACAO NACIONAL DE SAUDE - RO";"2021";"03";"***.619.652-**";"MARIA JOSE MAIA DA SILVA";"84553262000173";"MAQ-GAS COMERCIO E SERVICOS LTDA";"COMPRA A/V - R$ - APRES";"08/02/2021";"700,00"
"36000";"Ministério da Saúde";"36211";"Fundação Nacional de Saúde";"255022";"FUNDACAO NACIONAL DE SAUDE - RO";"2021";"03";"***.619.652-**";"MARIA JOSE MAIA DA SILVA";"84553262000173";"MAQ-GAS COMERCIO E SERVICOS LTDA";"COMPRA A/V - R$ - APRES";"05/02/2021";"500,00"
"36000";"Ministério da Saúde";"36211";"Fundação Nacional de Saúde";"255022";"FUNDACAO NACIONAL DE SAUDE - RO";"2021";"03";"***.619.652-**";"MARIA JOSE MAIA DA SILVA";"04119970000323";"AGRO BOI IMPORTACAO E EXPORTACAO LTDA";"COMPRA A/V - R$ - APRES";"05/02/2021";"203,70"
"36000";"Ministério da Saúde";"36211";"Fundação Nacional de Saúde";"255022";"FUNDACAO NACIONAL DE SAUDE - RO";"2021";"03";"***.619.652-**";"MARIA JOSE MAIA DA SILVA";"04932603000182";"C. & C. COMERCIO DE INFORMATICA LTDA";"COMPRA A/V - R$ - APRES";"10/02/2021";"99,80"
"36000";"Ministério da Saúde";"36211";"Fundação Nacional de Saúde";"255022";"FUNDACAO NACIONAL DE SAUDE - RO";"2021";"03";"***.619.652-**";"MARIA JOSE MAIA DA SILVA";"09525380000152";"RONSY COMERCIO DE MATERIAIS DE CONSTRUCAO LTDA";"COMPRA A/V - R$ - APRES";"08/02/2021";"75,39"
"36000";"Ministério da Saúde";"36211";"Fundação Nacional de Saúde";"255025";"FUNDACAO NACIONAL DE SAUDE - SP";"2021";"03";"***.302.588-**";"RAFAEL MUNIZ MORI";"10872462000152";"PRIME LUB LUBRIFICANTES E FILTROS LTDA";"COMPRA A/V - R$ - APRES";"08/02/2021";"361,00"
"36000";"Ministério da Saúde";"36211";"Fundação Nacional de Saúde";"255013";"UNDACAO NACIONAL DE SAUDE - MG";"2021";"03";"***.628.826-**";"LINDOLFO OLIVEIRA DE JESUS";"17677853000165";"MADEIREIRA LARA AMARAL LTDA";"COMPRA A/V - R$ - APRES";"11/02/2021";"102,00"
"36000";"Ministério da Saúde";"36211";"Fundação Nacional de Saúde";"255013";"UNDACAO NACIONAL DE SAUDE - MG";"2021";"03";"***.628.826-**";"LINDOLFO OLIVEIRA DE JESUS";"17498163000149";"DISTRIBUIDORA TRIANGULO LTDA";"COMPRA A/V - R$ - APRES";"02/02/2021";"155,28"
"36000";"Ministério da Saúde";"36211";"Fundação Nacional de Saúde";"255013";"UNDACAO NACIONAL DE SAUDE - MG";"2021";"03";"***.628.826-**";"LINDOLFO OLIVEIRA DE JESUS";"04181021000101";"COMERCIAL AEROPORTO LTDA";"COMPRA A/V - R$ - APRES";"11/02/2021";"89,24"
"36000";"Ministério da Saúde";"36211";"Fundação Nacional de Saúde";"255013";"UNDACAO NACIONAL DE SAUDE - MG";"2021";"03";"***.628.826-**";"LINDOLFO OLIVEIRA DE JESUS";"07994473000109";"PONTO DO PORTAO ELETRONICO LTDA";"COMPRA A/V - R$ - APRES";"02/02/2021";"144,75"
"36000";"Ministério da Saúde";"36211";"Fundação Nacional de Saúde";"255013";"UNDACAO NACIONAL DE SAUDE - MG";"2021";"03";"***.628.826-**";"LINDOLFO OLIVEIRA DE JESUS";"10573521000191";"MERCADO PAGO INSTITUICAO DE PAGAMENTO LTDA";"COMPRA A/V - R$ - APRES";"23/02/2021";"750,00"
"36000";"Ministério da Saúde";"36211";"Fundação Nacional de Saúde";"255013";"UNDACAO NACIONAL DE SAUDE - MG";"2021";"03";"***.628.826-**";"LINDOLFO OLIVEIRA DE JESUS";"28606026000105";"MARANGON PECAS AUTOMOTIVAS LTDA";"COMPRA A/V - R$ - APRES";"27/01/2021";"56,65"
"36000";"Ministério da Saúde";"36211";"Fundação Nacional de Saúde";"255013";"UNDACAO NACIONAL DE SAUDE - MG";"2021";"03";"***.628.826-**";"LINDOLFO OLIVEIRA DE JESUS";"64247026000111";"AUTOWATT ELETRECIDADE PARA AUTO LTDA";"COMPRA A/V - R$ - APRES";"01/02/2021";"222,81"
"36000";"Ministério da Saúde";"36211";"Fundação Nacional de Saúde";"255013";"UNDACAO NACIONAL DE SAUDE - MG";"2021";"03";"***.628.826-**";"LINDOLFO OLIVEIRA DE JESUS";"17256512002755";"DROGARIA ARAUJO S A";"COMPRA A/V - R$ - APRES";"05/02/2021";"284,35"
"36000";"Ministério da Saúde";"36211";"Fundação Nacional de Saúde";"255013";"UNDACAO NACIONAL DE SAUDE - MG";"2021";"03";"***.628.826-**";"LINDOLFO OLIVEIRA DE JESUS";"01050245000196";"AUTO PECAS MAIS LTDA";"COMPRA A/V - R$ - APRES";"27/01/2021";"276,00"
"36000";"Ministério da Saúde";"36211";"Fundação Nacional de Saúde";"255013";"UNDACAO NACIONAL DE SAUDE - MG";"2021";"03";"***.628.826-**";"LINDOLFO OLIVEIRA DE JESUS";"15355185000124";"LOC-PIPAS LOCACOES LTDA.";"COMPRA A/V - R$ - APRES";"12/02/2021";"354,49"
"36000";"Ministério da Saúde";"36211";"Fundação Nacional de Saúde";"255013";"UNDACAO NACIONAL DE SAUDE - MG";"2021";"03";"***.628.826-**";"LINDOLFO OLIVEIRA DE JESUS";"11227045000110";"ASSISTENCE BEBEDOUROS E PURIFICADORES LTDA";"COMPRA A/V - R$ - APRES";"05/02/2021";"249,93"
"36000";"Ministério da Saúde";"36211";"Fundação Nacional de Saúde";"255013";"UNDACAO NACIONAL DE SAUDE - MG";"2021";"03";"***.628.826-**";"LINDOLFO OLIVEIRA DE JESUS";"17498163000149";"DISTRIBUIDORA TRIANGULO LTDA";"COMPRA A/V - R$ - APRES";"02/02/2021";"137,51"
"36000";"Ministério da Saúde";"36201";"Fundação Oswaldo Cruz";"254447";"4NST NACIONAL DE SAUDE FERNANDES FIGUEIRA";"2021";"03";"***.164.027-**";"CARLOS AUGUSTO DE ANDRADE MEIRELLES";"10383190000127";"SUPER CDM PRODUTOS HOSPITALARES LTDA.";"COMPRA A/V - R$ - APRES";"08/02/2021";"134,00"
"36000";"Ministério da Saúde";"36201";"Fundação Oswaldo Cruz";"254447";"4NST NACIONAL DE SAUDE FERNANDES FIGUEIRA";"2021";"03";"***.164.027-**";"CARLOS AUGUSTO DE ANDRADE MEIRELLES";"01497918000150";"VETRON COMERCIO DE EQUIPAMENTOS E UTILIDADES LTDA";"COMPRA A/V - R$ - APRES";"19/02/2021";"432,00"
"36000";"Ministério da Saúde";"36201";"Fundação Oswaldo Cruz";"254447";"4NST NACIONAL DE SAUDE FERNANDES FIGUEIRA";"2021";"03";"***.063.057-**";"LUCIANA MOUTINHO DEL ESTAL";"33014556033108";"LOJAS AMERICANAS S.A.";"COMPRA A/V - R$ - APRES";"22/02/2021";"799,60"
"36000";"Ministério da Saúde";"36201";"Fundação Oswaldo Cruz";"254447";"4NST NACIONAL DE SAUDE FERNANDES FIGUEIRA";"2021";"03";"***.164.027-**";"CARLOS AUGUSTO DE ANDRADE MEIRELLES";"08097029000579";"TECIDOS E ARMARINHO 253 COMERCIO VAREJISTA DE TECIDOS E ARTIGOS DE AVIAMENTOS LTDA";"COMPRA A/V - R$ - APRES";"23/02/2021";"212,80"
"36000";"Ministério da Saúde";"36201";"Fundação Oswaldo Cruz";"254447";"4NST NACIONAL DE SAUDE FERNANDES FIGUEIRA";"2021";"03";"***.164.027-**";"CARLOS AUGUSTO DE ANDRADE MEIRELLES";"42101436000540";"PALACIO DA FERRAMENTA MAQUINAS LTDA";"COMPRA A/V - R$ - APRES";"23/02/2021";"99,80"
"36000";"Ministério da Saúde";"36201";"Fundação Oswaldo Cruz";"254447";"4NST NACIONAL DE SAUDE FERNANDES FIGUEIRA";"2021";"03";"***.063.057-**";"LUCIANA MOUTINHO DEL ESTAL";"00821450000145";"DROGARIA MABEL LTDA";"COMPRA A/V - R$ - APRES";"11/02/2021";"38,20"
"36000";"Ministério da Saúde";"36201";"Fundação Oswaldo Cruz";"254447";"4NST NACIONAL DE SAUDE FERNANDES FIGUEIRA";"2021";"03";"***.164.027-**";"CARLOS AUGUSTO DE ANDRADE MEIRELLES";"31634462000194";"76 RIO CHAVEIRO LTDA";"COMPRA A/V - R$ - APRES";"17/02/2021";"125,00"
"36000";"Ministério da Saúde";"36201";"Fundação Oswaldo Cruz";"254447";"4NST NACIONAL DE SAUDE FERNANDES FIGUEIRA";"2021";"03";"***.063.057-**";"LUCIANA MOUTINHO DEL ESTAL";"28230035000136";"DROGARIA CENTRAL DO FLAMENGO LTDA";"COMPRA A/V - R$ - APRES";"12/02/2021";"137,37"
"36000";"Ministério da Saúde";"36201";"Fundação Oswaldo Cruz";"254447";"4NST NACIONAL DE SAUDE FERNANDES FIGUEIRA";"2021";"03";"***.063.057-**";"LUCIANA MOUTINHO DEL ESTAL";"28230035000136";"DROGARIA CENTRAL DO FLAMENGO LTDA";"COMPRA A/V - R$ - APRES";"11/02/2021";"317,39"
"36000";"Ministério da Saúde";"36201";"Fundação Oswaldo Cruz";"254447";"4NST NACIONAL DE SAUDE FERNANDES FIGUEIRA";"2021";"03";"***.164.027-**";"CARLOS AUGUSTO DE ANDRADE MEIRELLES";"31870118000102";"FRALDAS RIO COMERCIO DE PRODUTOS DE HIGIENE PESSOAL LTDA";"COMPRA A/V - R$ - APRES";"11/02/2021";"770,00"
"36000";"Ministério da Saúde";"36201";"Fundação Oswaldo Cruz";"254447";"4NST NACIONAL DE SAUDE FERNANDES FIGUEIRA";"2021";"03";"***.164.027-**";"CARLOS AUGUSTO DE ANDRADE MEIRELLES";"06237544000158";"BLIAMED ARTIGOS ORTOPEDICOS E HOSPITALARES LTDA";"COMPRA A/V - R$ - APRES";"11/02/2021";"100,00"
"36000";"Ministério da Saúde";"36201";"Fundação Oswaldo Cruz";"254447";"4NST NACIONAL DE SAUDE FERNANDES FIGUEIRA";"2021";"03";"***.164.027-**";"CARLOS AUGUSTO DE ANDRADE MEIRELLES";"42101436000117";"PALACIO DA FERRAMENTA MAQUINAS LTDA";"COMPRA A/V - R$ - APRES";"18/02/2021";"44,90"
"36000";"Ministério da Saúde";"36201";"Fundação Oswaldo Cruz";"254447";"4NST NACIONAL DE SAUDE FERNANDES FIGUEIRA";"2021";"03";"***.164.027-**";"CARLOS AUGUSTO DE ANDRADE MEIRELLES";"42101436000117";"PALACIO DA FERRAMENTA MAQUINAS LTDA";"COMPRA A/V - R$ - APRES";"12/02/2021";"149,76"
"36000";"Ministério da Saúde";"36201";"Fundação Oswaldo Cruz";"254447";"4NST NACIONAL DE SAUDE FERNANDES FIGUEIRA";"2021";"03";"***.164.027-**";"CARLOS AUGUSTO DE ANDRADE MEIRELLES";"09535639000146";"SILINOX SILICONES ABRASIVOS E FIXACAO LTDA";"COMPRA A/V - R$ - APRES";"18/02/2021";"213,61"
"36000";"Ministério da Saúde";"36201";"Fundação Oswaldo Cruz";"254447";"4NST NACIONAL DE SAUDE FERNANDES FIGUEIRA";"2021";"03";"***.164.027-**";"CARLOS AUGUSTO DE ANDRADE MEIRELLES";"00587129000148";"CONEC HOUSE COMERCIO E SERVICOS LTDA";"COMPRA A/V - R$ - APRES";"19/02/2021";"800,00"
"36000";"Ministério da Saúde";"36201";"Fundação Oswaldo Cruz";"254447";"4NST NACIONAL DE SAUDE FERNANDES FIGUEIRA";"2021";"03";"***.063.057-**";"LUCIANA MOUTINHO DEL ESTAL";"10869130000119";"DIDA FARMA FARMACIA LTDA";"COMPRA A/V - R$ - APRES";"10/02/2021";"48,86"
"36000";"Ministério da Saúde";"36201";"Fundação Oswaldo Cruz";"254447";"4NST NACIONAL DE SAUDE FERNANDES FIGUEIRA";"2021";"03";"***.164.027-**";"CARLOS AUGUSTO DE ANDRADE MEIRELLES";"29963303000191";"MONTEPEDRA MATERIAIS DE CONSTRUCAO LTDA";"COMPRA A/V - R$ - APRES";"08/02/2021";"305,55"
"36000";"Ministério da Saúde";"36201";"Fundação Oswaldo Cruz";"254447";"4NST NACIONAL DE SAUDE FERNANDES FIGUEIRA";"2021";"03";"***.063.057-**";"LUCIANA MOUTINHO DEL ESTAL";"43283811011607";"KALUNGA SA";"COMPRA A/V - R$ - APRES";"12/02/2021";"148,80"
"36000";"Ministério da Saúde";"36201";"Fundação Oswaldo Cruz";"254447";"4NST NACIONAL DE SAUDE FERNANDES FIGUEIRA";"2021";"03";"***.063.057-**";"LUCIANA MOUTINHO DEL ESTAL";"16731862000124";"ATACADAO PAPELEX LTDA";"COMPRA A/V - R$ - APRES";"11/02/2021";"798,16"
"36000";"Ministério da Saúde";"36201";"Fundação Oswaldo Cruz";"254447";"4NST NACIONAL DE SAUDE FERNANDES FIGUEIRA";"2021";"03";"***.164.027-**";"CARLOS AUGUSTO DE ANDRADE MEIRELLES";"33531468000161";"PAUMAR AUTOMACAO COMERCIO SERVICOS E REPRESENTACAO LTDA";"COMPRA A/V - R$ - APRES";"19/02/2021";"195,00"
"36000";"Ministério da Saúde";"36201";"Fundação Oswaldo Cruz";"254447";"4NST NACIONAL DE SAUDE FERNANDES FIGUEIRA";"2021";"03";"***.164.027-**";"CARLOS AUGUSTO DE ANDRADE MEIRELLES";"10383190000127";"SUPER CDM PRODUTOS HOSPITALARES LTDA.";"COMPRA A/V - R$ - APRES";"18/02/2021";"540,00"
"36000";"Ministério da Saúde";"36201";"Fundação Oswaldo Cruz";"254462";"COORDENACAO GERAL DE INFRAESTRUTURA DOS CAMPI";"2021";"03";"***.225.587-**";"MANOEL LUIZ MARTINS DONAS";"32238289000178";"COMERCIAL SAO DOMINGOS DE MAQUINAS E FERRAMENTAS LTDA";"COMPRA A/V - R$ - APRES";"18/02/2021";"24,00"
"36000";"Ministério da Saúde";"36201";"Fundação Oswaldo Cruz";"254462";"COORDENACAO GERAL DE INFRAESTRUTURA DOS CAMPI";"2021";"03";"***.225.587-**";"MANOEL LUIZ MARTINS DONAS";"03436957000173";"DIMERI AUTOMACAO LTDA";"COMPRA A/V - R$ - APRES";"09/02/2021";"62,50"
"36000";"Ministério da Saúde";"36201";"Fundação Oswaldo Cruz";"254462";"COORDENACAO GERAL DE INFRAESTRUTURA DOS CAMPI";"2021";"03";"***.225.587-**";"MANOEL LUIZ MARTINS DONAS";"02790028000103";"NORPEM COMERCIAL LTDA";"COMPRA A/V - R$ - APRES";"23/02/2021";"52,80"
"36000";"Ministério da Saúde";"36201";"Fundação Oswaldo Cruz";"254462";"COORDENACAO GERAL DE INFRAESTRUTURA DOS CAMPI";"2021";"03";"***.225.587-**";"MANOEL LUIZ MARTINS DONAS";"33484544000125";"FERRAGENS PINHO LTDA";"COMPRA A/V - R$ - APRES";"18/02/2021";"16,00"
"36000";"Ministério da Saúde";"36201";"Fundação Oswaldo Cruz";"254462";"COORDENACAO GERAL DE INFRAESTRUTURA DOS CAMPI";"2021";"03";"***.225.587-**";"MANOEL LUIZ MARTINS DONAS";"28005619000108";"RIOPUMPEN COMERCIO E SERVICOS LTDA";"COMPRA A/V - R$ - APRES";"11/02/2021";"63,00"
"36000";"Ministério da Saúde";"36201";"Fundação Oswaldo Cruz";"254462";"COORDENACAO GERAL DE INFRAESTRUTURA DOS CAMPI";"2021";"03";"***.225.587-**";"MANOEL LUIZ MARTINS DONAS";"21603066000146";"UNIVERSAL PLASTICOS LTDA";"COMPRA A/V - R$ - APRES";"09/02/2021";"185,00"
"36000";"Ministério da Saúde";"36201";"Fundação Oswaldo Cruz";"254462";"COORDENACAO GERAL DE INFRAESTRUTURA DOS CAMPI";"2021";"03";"***.225.587-**";"MANOEL LUIZ MARTINS DONAS";"32132169000191";"TRANSFORLINE IND E COM DE TRANSFORMADORES LTDA";"COMPRA A/V - R$ - APRES";"18/02/2021";"135,00"
"36000";"Ministério da Saúde";"36201";"Fundação Oswaldo Cruz";"254462";"COORDENACAO GERAL DE INFRAESTRUTURA DOS CAMPI";"2021";"03";"***.225.587-**";"MANOEL LUIZ MARTINS DONAS";"09535639000146";"SILINOX SILICONES ABRASIVOS E FIXACAO LTDA";"COMPRA A/V - R$ - APRES";"23/02/2021";"149,95"
"36000";"Ministério da Saúde";"36201";"Fundação Oswaldo Cruz";"254462";"COORDENACAO GERAL DE INFRAESTRUTURA DOS CAMPI";"2021";"03";"***.225.587-**";"MANOEL LUIZ MARTINS DONAS";"05475614000143";"REFRIGERACAO CGAIR LTDA";"COMPRA A/V - R$ - APRES";"23/02/2021";"65,00"
"36000";"Ministério da Saúde";"36201";"Fundação Oswaldo Cruz";"254462";"COORDENACAO GERAL DE INFRAESTRUTURA DOS CAMPI";"2021";"03";"***.225.587-**";"MANOEL LUIZ MARTINS DONAS";"01367148000121";"LITODIAS INFORMATICA LTDA";"COMPRA A/V - R$ - APRES";"11/02/2021";"940,00"
"36000";"Ministério da Saúde";"36201";"Fundação Oswaldo Cruz";"254462";"COORDENACAO GERAL DE INFRAESTRUTURA DOS CAMPI";"2021";"03";"***.225.587-**";"MANOEL LUIZ MARTINS DONAS";"01032783000158";"FORLAMP DO BRASIL LTDA";"COMPRA A/V - R$ - APRES";"23/02/2021";"37,60"
"36000";"Ministério da Saúde";"36201";"Fundação Oswaldo Cruz";"254462";"COORDENACAO GERAL DE INFRAESTRUTURA DOS CAMPI";"2021";"03";"***.225.587-**";"MANOEL LUIZ MARTINS DONAS";"18207436000111";"N R MEIRELES DISTRIBUICAO DE DESCARTAVEIS LIMPEZA E PROTECAO";"COMPRA A/V - R$ - APRES";"09/02/2021";"280,00"
"36000";"Ministério da Saúde";"36201";"Fundação Oswaldo Cruz";"254462";"COORDENACAO GERAL DE INFRAESTRUTURA DOS CAMPI";"2021";"03";"***.225.587-**";"MANOEL LUIZ MARTINS DONAS";"05273680000130";"LISBOA RIO SOM DE CASCADURA LTDA";"COMPRA A/V - R$ - APRES";"18/02/2021";"32,00"
"36000";"Ministério da Saúde";"36201";"Fundação Oswaldo Cruz";"254462";"COORDENACAO GERAL DE INFRAESTRUTURA DOS CAMPI";"2021";"03";"***.225.587-**";"MANOEL LUIZ MARTINS DONAS";"36291900000182";"HB DISTRIBUIDORA DE BORRACHAS LTDA";"COMPRA A/V - R$ - APRES";"09/02/2021";"34,00"
"36000";"Ministério da Saúde";"36201";"Fundação Oswaldo Cruz";"254462";"COORDENACAO GERAL DE INFRAESTRUTURA DOS CAMPI";"2021";"03";"***.225.587-**";"MANOEL LUIZ MARTINS DONAS";"10878632000106";"CLAYSANY COMPONENTES ELETRONICOS LTDA";"COMPRA A/V - R$ - APRES";"09/02/2021";"15,00"
"36000";"Ministério da Saúde";"36201";"Fundação Oswaldo Cruz";"254462";"COORDENACAO GERAL DE INFRAESTRUTURA DOS CAMPI";"2021";"03";"***.225.587-**";"MANOEL LUIZ MARTINS DONAS";"07976241000110";"TMP 2006 COMERCIO ELETRO ELETRONICO LTDA";"COMPRA A/V - R$ - APRES";"18/02/2021";"164,58"
"36000";"Ministério da Saúde";"36201";"Fundação Oswaldo Cruz";"254462";"COORDENACAO GERAL DE INFRAESTRUTURA DOS CAMPI";"2021";"03";"***.225.587-**";"MANOEL LUIZ MARTINS DONAS";"33134933000120";"A E B SANTA IZABEL ELETRICIDADE LTDA";"COMPRA A/V - R$ - APRES";"09/02/2021";"53,20"
"36000";"Ministério da Saúde";"36201";"Fundação Oswaldo Cruz";"254462";"COORDENACAO GERAL DE INFRAESTRUTURA DOS CAMPI";"2021";"03";"***.225.587-**";"MANOEL LUIZ MARTINS DONAS";"28277507000106";"G E C GERAL ELETRONICA E COMUNICACOES LTDA";"COMPRA A/V - R$ - APRES";"09/02/2021";"251,00"
"36000";"Ministério da Saúde";"36201";"Fundação Oswaldo Cruz";"254462";"COORDENACAO GERAL DE INFRAESTRUTURA DOS CAMPI";"2021";"03";"***.225.587-**";"MANOEL LUIZ MARTINS DONAS";"33166620000154";"ENFIMAC ELETRONICA LTDA";"COMPRA A/V - R$ - APRES";"09/02/2021";"75,80"
"36000";"Ministério da Saúde";"36210";"Hospital Nossa Senhora da Conceição S.A.";"366003";"GRUPO HOSPITALAR CONCEICAO S.A";"2021";"03";"***.251.970-**";"ALDERI DA CRUZ";"94516374000108";"NAVVI SELOS MECANICOS LTDA";"COMPRA A/V - R$ - APRES";"11/02/2021";"258,82"
"36000";"Ministério da Saúde";"36210";"Hospital Nossa Senhora da Conceição S.A.";"366003";"GRUPO HOSPITALAR CONCEICAO S.A";"2021";"03";"***.435.860-**";"TELMO CARDOSO VITT";"92664028000141";"FERRAMENTAS GERAIS COMERCIO E IMPORTACAO DE FERRAMENTAS E MAQUINAS LTDA";"COMPRA A/V - R$ - APRES";"22/02/2021";"224,50"
"36000";"Ministério da Saúde";"36210";"Hospital Nossa Senhora da Conceição S.A.";"366003";"GRUPO HOSPITALAR CONCEICAO S.A";"2021";"03";"***.251.970-**";"ALDERI DA CRUZ";"92664028000141";"FERRAMENTAS GERAIS COMERCIO E IMPORTACAO DE FERRAMENTAS E MAQUINAS LTDA";"COMPRA A/V - R$ - APRES";"11/02/2021";"698,19"
"36000";"Ministério da Saúde";"36210";"Hospital Nossa Senhora da Conceição S.A.";"366003";"GRUPO HOSPITALAR CONCEICAO S.A";"2021";"03";"***.435.860-**";"TELMO CARDOSO VITT";"23022114000219";"KONICA MINOLTA BUSINESS SOLUTIONS DO BRASIL LTDA";"COMPRA A/V - R$ - APRES";"17/02/2021";"765,17"
"36000";"Ministério da Saúde";"36210";"Hospital Nossa Senhora da Conceição S.A.";"366003";"GRUPO HOSPITALAR CONCEICAO S.A";"2021";"03";"***.997.200-**";"VERA LUCIA BUENO DA ROSA";"90550427000156";"COMERCIO DE FERRAGENS LAMPIAO LTDA";"COMPRA A/V - R$ - APRES";"10/02/2021";"643,76"
"36000";"Ministério da Saúde";"36210";"Hospital Nossa Senhora da Conceição S.A.";"366003";"GRUPO HOSPITALAR CONCEICAO S.A";"2021";"03";"***.486.610-**";"JOAO ADOIR DE FRAGA";"90550427000156";"COMERCIO DE FERRAGENS LAMPIAO LTDA";"COMPRA A/V - R$ - APRES";"18/02/2021";"601,29"
"36000";"Ministério da Saúde";"36210";"Hospital Nossa Senhora da Conceição S.A.";"366003";"GRUPO HOSPITALAR CONCEICAO S.A";"2021";"03";"***.486.610-**";"JOAO ADOIR DE FRAGA";"90550427000156";"COMERCIO DE FERRAGENS LAMPIAO LTDA";"COMPRA A/V - R$ - APRES";"11/02/2021";"816,56"
"36000";"Ministério da Saúde";"36210";"Hospital Nossa Senhora da Conceição S.A.";"366003";"GRUPO HOSPITALAR CONCEICAO S.A";"2021";"03";"***.435.860-**";"TELMO CARDOSO VITT";"09332476000102";"MD SUL SERVICOS LTDA";"COMPRA A/V - R$ - APRES";"10/02/2021";"559,20"
"36000";"Ministério da Saúde";"36210";"Hospital Nossa Senhora da Conceição S.A.";"366003";"GRUPO HOSPITALAR CONCEICAO S.A";"2021";"03";"***.435.860-**";"TELMO CARDOSO VITT";"09332476000102";"MD SUL SERVICOS LTDA";"COMPRA A/V - R$ - APRES";"04/02/2021";"279,60"
"36000";"Ministério da Saúde";"36210";"Hospital Nossa Senhora da Conceição S.A.";"366003";"GRUPO HOSPITALAR CONCEICAO S.A";"2021";"03";"***.435.860-**";"TELMO CARDOSO VITT";"02157205000100";"ACTION PLANE COMERCIO DE GASES INDUSTRIAIS LTDA";"COMPRA A/V - R$ - APRES";"18/02/2021";"1380,00"
"36000";"Ministério da Saúde";"36210";"Hospital Nossa Senhora da Conceição S.A.";"366003";"GRUPO HOSPITALAR CONCEICAO S.A";"2021";"03";"***.435.860-**";"TELMO CARDOSO VITT";"08145933000189";"FAMADER FARMACIA DE MANIPULACAO LTDA";"COMPRA A/V - R$ - APRES";"04/02/2021";"185,00"
"36000";"Ministério da Saúde";"36210";"Hospital Nossa Senhora da Conceição S.A.";"366003";"GRUPO HOSPITALAR CONCEICAO S.A";"2021";"03";"***.251.970-**";"ALDERI DA CRUZ";"72313828000100";"PLENOBRAS DISTRIBUIDORA ELETRICA E HIDRAULICA LTDA";"COMPRA A/V - R$ - APRES";"09/02/2021";"1470,77"
"36000";"Ministério da Saúde";"36210";"Hospital Nossa Senhora da Conceição S.A.";"366003";"GRUPO HOSPITALAR CONCEICAO S.A";"2021";"03";"***.997.200-**";"VERA LUCIA BUENO DA ROSA";"91227728000106";"VOLTAGEM COMERCIAL LTDA";"COMPRA A/V - R$ - APRES";"29/01/2021";"126,85"
"36000";"Ministério da Saúde";"36210";"Hospital Nossa Senhora da Conceição S.A.";"366003";"GRUPO HOSPITALAR CONCEICAO S.A";"2021";"03";"***.997.200-**";"VERA LUCIA BUENO DA ROSA";"91227728000106";"VOLTAGEM COMERCIAL LTDA";"COMPRA A/V - R$ - APRES";"28/01/2021";"1658,69"
"36000";"Ministério da Saúde";"36210";"Hospital Nossa Senhora da Conceição S.A.";"366003";"GRUPO HOSPITALAR CONCEICAO S.A";"2021";"03";"***.454.100-**";"ADIEL COELHO DA CUNHA";"10740484000169";"SINOPSYS EDITORA E SISTEMAS LTDA";"COMPRA A/V - R$ - APRES";"11/02/2021";"403,90"
"36000";"Ministério da Saúde";"36210";"Hospital Nossa Senhora da Conceição S.A.";"366003";"GRUPO HOSPITALAR CONCEICAO S.A";"2021";"03";"***.435.860-**";"TELMO CARDOSO VITT";"07944100000115";"PROC9 INDUSTRIA QUIMICA LTDA";"COMPRA A/V - R$ - APRES";"12/02/2021";"560,00"
"36000";"Ministério da Saúde";"36210";"Hospital Nossa Senhora da Conceição S.A.";"366003";"GRUPO HOSPITALAR CONCEICAO S.A";"2021";"03";"***.486.610-**";"JOAO ADOIR DE FRAGA";"00531083000145";"CEMEAR COMERCIO E REPRESENTACAO LTDA";"COMPRA A/V - R$ - APRES";"19/02/2021";"800,00"
"36000";"Ministério da Saúde";"36210";"Hospital Nossa Senhora da Conceição S.A.";"366003";"GRUPO HOSPITALAR CONCEICAO S.A";"2021";"03";"***.251.970-**";"ALDERI DA CRUZ";"12183300000132";"ALPES RESISTENCIAS ELETRICAS LTDA";"COMPRA A/V - R$ - APRES";"08/02/2021";"389,76"
"36000";"Ministério da Saúde";"36210";"Hospital Nossa Senhora da Conceição S.A.";"366003";"GRUPO HOSPITALAR CONCEICAO S.A";"2021";"03";"***.435.860-**";"TELMO CARDOSO VITT";"66511755053";"MARCELO ANTONIO GUIMARAES FLACH";"COMPRA A/V - R$ - APRES";"04/02/2021";"41,79"
"36000";"Ministério da Saúde";"36210";"Hospital Nossa Senhora da Conceição S.A.";"366003";"GRUPO HOSPITALAR CONCEICAO S.A";"2021";"03";"***.492.890-**";"DANIEL LOPES RODRIGUES";"06813883000135";"RF QUIMICA LTDA";"COMPRA A/V - R$ - APRES";"08/02/2021";"220,00"
"36000";"Ministério da Saúde";"36210";"Hospital Nossa Senhora da Conceição S.A.";"366003";"GRUPO HOSPITALAR CONCEICAO S.A";"2021";"03";"***.580.000-**";"MARIA MONTEIRO DE ALMEIDA";"91269472000108";"PRO ELETRO COMERCIAL LTDA";"COMPRA A/V - R$ - APRES";"05/02/2021";"1507,81"
"36000";"Ministério da Saúde";"36210";"Hospital Nossa Senhora da Conceição S.A.";"366003";"GRUPO HOSPITALAR CONCEICAO S.A";"2021";"03";"***.251.970-**";"ALDERI DA CRUZ";"91269472000108";"PRO ELETRO COMERCIAL LTDA";"COMPRA A/V - R$ - APRES";"19/02/2021";"712,72"
"36000";"Ministério da Saúde";"36210";"Hospital Nossa Senhora da Conceição S.A.";"366003";"GRUPO HOSPITALAR CONCEICAO S.A";"2021";"03";"***.492.890-**";"DANIEL LOPES RODRIGUES";"91269472000108";"PRO ELETRO COMERCIAL LTDA";"COMPRA A/V - R$ - APRES";"05/02/2021";"222,63"
"36000";"Ministério da Saúde";"36210";"Hospital Nossa Senhora da Conceição S.A.";"366003";"GRUPO HOSPITALAR CONCEICAO S.A";"2021";"03";"***.435.860-**";"TELMO CARDOSO VITT";"00398022000151";"PRO ANALISE QUIMICA E DIAGNOSTICA LTDA";"COMPRA A/V - R$ - APRES";"17/02/2021";"192,00"
"36000";"Ministério da Saúde";"36210";"Hospital Nossa Senhora da Conceição S.A.";"366003";"GRUPO HOSPITALAR CONCEICAO S.A";"2021";"03";"***.112.970-**";"ALEXANDRE TOCCHETTO";"88934724000153";"CGL CASA DAS GAXETAS INDUSTRIA E COMERCIO LTDA";"COMPRA A/V - R$ - APRES";"19/02/2021";"14,00"
"36000";"Ministério da Saúde";"36210";"Hospital Nossa Senhora da Conceição S.A.";"366003";"GRUPO HOSPITALAR CONCEICAO S.A";"2021";"03";"***.112.970-**";"ALEXANDRE TOCCHETTO";"91218974000100";"FUSOFER COMERCIO E REPRESENTACOES LTDA";"COMPRA A/V - R$ - APRES";"19/02/2021";"177,39"
"36000";"Ministério da Saúde";"36210";"Hospital Nossa Senhora da Conceição S.A.";"366003";"GRUPO HOSPITALAR CONCEICAO S.A";"2021";"03";"***.435.860-**";"TELMO CARDOSO VITT";"92695188000158";"IMPORTADORA QUIMICA DELAWARE LTDA";"COMPRA A/V - R$ - APRES";"28/01/2021";"210,00"
"36000";"Ministério da Saúde";"36210";"Hospital Nossa Senhora da Conceição S.A.";"366003";"GRUPO HOSPITALAR CONCEICAO S.A";"2021";"03";"***.112.970-**";"ALEXANDRE TOCCHETTO";"92660406000119";"FRIGELAR COMERCIO E INDUSTRIA LTDA";"COMPRA A/V - R$ - APRES";"10/02/2021";"1280,36"
"36000";"Ministério da Saúde";"36210";"Hospital Nossa Senhora da Conceição S.A.";"366003";"GRUPO HOSPITALAR CONCEICAO S.A";"2021";"03";"***.997.200-**";"VERA LUCIA BUENO DA ROSA";"05308971000117";"BRUZAMARELLO & BRUZAMARELLO COMERCIO DE VIDROS LTDA";"COMPRA A/V - R$ - APRES";"08/02/2021";"210,00"
"36000";"Ministério da Saúde";"36210";"Hospital Nossa Senhora da Conceição S.A.";"366003";"GRUPO HOSPITALAR CONCEICAO S.A";"2021";"03";"***.454.100-**";"ADIEL COELHO DA CUNHA";"01438784002060";"LEROY MERLIN COMPANHIA BRASILEIRA DE BRICOLAGEM";"COMPRA A/V - R$ - APRES";"22/02/2021";"89,70"
"36000";"Ministério da Saúde";"36210";"Hospital Nossa Senhora da Conceição S.A.";"366003";"GRUPO HOSPITALAR CONCEICAO S.A";"2021";"03";"***.454.100-**";"ADIEL COELHO DA CUNHA";"01438784002060";"LEROY MERLIN COMPANHIA BRASILEIRA DE BRICOLAGEM";"COMPRA A/V - R$ - APRES";"22/02/2021";"899,70"
"36000";"Ministério da Saúde";"36210";"Hospital Nossa Senhora da Conceição S.A.";"366003";"GRUPO HOSPITALAR CONCEICAO S.A";"2021";"03";"***.112.970-**";"ALEXANDRE TOCCHETTO";"02600037000186";"KIELING MULTIMODAIS DE TRANSPORTES LTDA";"COMPRA A/V - R$ - APRES";"18/02/2021";"130,00"
"36000";"Ministério da Saúde";"36210";"Hospital Nossa Senhora da Conceição S.A.";"366003";"GRUPO HOSPITALAR CONCEICAO S.A";"2021";"03";"***.997.200-**";"VERA LUCIA BUENO DA ROSA";"92472026000150";"REAL FECHADURAS LTDA";"COMPRA A/V - R$ - APRES";"19/02/2021";"128,50"
"36000";"Ministério da Saúde";"36210";"Hospital Nossa Senhora da Conceição S.A.";"366003";"GRUPO HOSPITALAR CONCEICAO S.A";"2021";"03";"***.997.200-**";"VERA LUCIA BUENO DA ROSA";"92472026000150";"REAL FECHADURAS LTDA";"COMPRA A/V - R$ - APRES";"09/02/2021";"413,50"
"36000";"Ministério da Saúde";"36210";"Hospital Nossa Senhora da Conceição S.A.";"366003";"GRUPO HOSPITALAR CONCEICAO S.A";"2021";"03";"***.997.200-**";"VERA LUCIA BUENO DA ROSA";"05563868001195";"BELLER COMERCIO DE PAPEIS LTDA";"COMPRA A/V - R$ - APRES";"22/02/2021";"79,96"
"36000";"Ministério da Saúde";"36210";"Hospital Nossa Senhora da Conceição S.A.";"366003";"GRUPO HOSPITALAR CONCEICAO S.A";"2021";"03";"***.435.860-**";"TELMO CARDOSO VITT";"03107222000104";"H. KLAUCK COMERCIO DE FIXADORES LTDA";"COMPRA A/V - R$ - APRES";"18/02/2021";"65,80"
"36000";"Ministério da Saúde";"36210";"Hospital Nossa Senhora da Conceição S.A.";"366003";"GRUPO HOSPITALAR CONCEICAO S.A";"2021";"03";"***.112.970-**";"ALEXANDRE TOCCHETTO";"05680513000104";"PAULO GILBERTO RIBEIRO NUNES";"COMPRA A/V - R$ - APRES";"09/02/2021";"24,00"
"36000";"Ministério da Saúde";"36210";"Hospital Nossa Senhora da Conceição S.A.";"366003";"GRUPO HOSPITALAR CONCEICAO S.A";"2021";"03";"***.435.860-**";"TELMO CARDOSO VITT";"01978869000178";"A. SOUZA TREVISOL LTDA";"COMPRA A/V - R$ - APRES";"22/02/2021";"348,40"
"36000";"Ministério da Saúde";"36210";"Hospital Nossa Senhora da Conceição S.A.";"366003";"GRUPO HOSPITALAR CONCEICAO S.A";"2021";"03";"***.435.860-**";"TELMO CARDOSO VITT";"01978869000178";"A. SOUZA TREVISOL LTDA";"COMPRA A/V - R$ - APRES";"09/02/2021";"888,00"
"36000";"Ministério da Saúde";"36210";"Hospital Nossa Senhora da Conceição S.A.";"366003";"GRUPO HOSPITALAR CONCEICAO S.A";"2021";"03";"***.454.100-**";"ADIEL COELHO DA CUNHA";"43283811023362";"KALUNGA SA";"COMPRA A/V - R$ - APRES";"19/02/2021";"93,76"
"36000";"Ministério da Saúde";"36210";"Hospital Nossa Senhora da Conceição S.A.";"366003";"GRUPO HOSPITALAR CONCEICAO S.A";"2021";"03";"***.454.100-**";"ADIEL COELHO DA CUNHA";"43283811023362";"KALUNGA SA";"COMPRA A/V - R$ - APRES";"19/02/2021";"153,80"
"36000";"Ministério da Saúde";"36210";"Hospital Nossa Senhora da Conceição S.A.";"366003";"GRUPO HOSPITALAR CONCEICAO S.A";"2021";"03";"***.454.100-**";"ADIEL COELHO DA CUNHA";"43283811023362";"KALUNGA SA";"COMPRA A/V - R$ - APRES";"19/02/2021";"91,90"
"36000";"Ministério da Saúde";"36210";"Hospital Nossa Senhora da Conceição S.A.";"366003";"GRUPO HOSPITALAR CONCEICAO S.A";"2021";"03";"***.454.100-**";"ADIEL COELHO DA CUNHA";"43283811023362";"KALUNGA SA";"COMPRA A/V - R$ - APRES";"19/02/2021";"91,90"
"36000";"Ministério da Saúde";"36210";"Hospital Nossa Senhora da Conceição S.A.";"366003";"GRUPO HOSPITALAR CONCEICAO S.A";"2021";"03";"***.454.100-**";"ADIEL COELHO DA CUNHA";"43283811023362";"KALUNGA SA";"COMPRA A/V - R$ - APRES";"19/02/2021";"499,40"
"36000";"Ministério da Saúde";"36210";"Hospital Nossa Senhora da Conceição S.A.";"366003";"GRUPO HOSPITALAR CONCEICAO S.A";"2021";"03";"***.112.970-**";"ALEXANDRE TOCCHETTO";"02325233000190";"G D DE VARGAS MACHADO & CIA LTDA";"COMPRA A/V - R$ - APRES";"19/02/2021";"605,00"
"36000";"Ministério da Saúde";"36210";"Hospital Nossa Senhora da Conceição S.A.";"366003";"GRUPO HOSPITALAR CONCEICAO S.A";"2021";"03";"***.112.970-**";"ALEXANDRE TOCCHETTO";"02325233000190";"G D DE VARGAS MACHADO & CIA LTDA";"COMPRA A/V - R$ - APRES";"18/02/2021";"351,00"
"36000";"Ministério da Saúde";"36210";"Hospital Nossa Senhora da Conceição S.A.";"366003";"GRUPO HOSPITALAR CONCEICAO S.A";"2021";"03";"***.112.970-**";"ALEXANDRE TOCCHETTO";"02325233000190";"G D DE VARGAS MACHADO & CIA LTDA";"COMPRA A/V - R$ - APRES";"09/02/2021";"99,00"
"36000";"Ministério da Saúde";"36210";"Hospital Nossa Senhora da Conceição S.A.";"366003";"GRUPO HOSPITALAR CONCEICAO S.A";"2021";"03";"***.492.890-**";"DANIEL LOPES RODRIGUES";"92091891004063";"ASUN COMERCIO DE GENEROS ALIMENTICIOS LTDA";"COMPRA A/V - R$ - APRES";"12/02/2021";"74,80"
"36000";"Ministério da Saúde";"36210";"Hospital Nossa Senhora da Conceição S.A.";"366003";"GRUPO HOSPITALAR CONCEICAO S.A";"2021";"03";"***.435.860-**";"TELMO CARDOSO VITT";"93923571000189";"CCB EMBALAGENS COMERCIO LTDA";"COMPRA A/V - R$ - APRES";"28/01/2021";"270,30"
"36000";"Ministério da Saúde";"36210";"Hospital Nossa Senhora da Conceição S.A.";"366003";"GRUPO HOSPITALAR CONCEICAO S.A";"2021";"03";"***.112.970-**";"ALEXANDRE TOCCHETTO";"23147255000187";"GOLD ROL ROLAMENTOS LTDA";"COMPRA A/V - R$ - APRES";"12/02/2021";"272,00"
"36000";"Ministério da Saúde";"36210";"Hospital Nossa Senhora da Conceição S.A.";"366003";"GRUPO HOSPITALAR CONCEICAO S.A";"2021";"03";"***.112.970-**";"ALEXANDRE TOCCHETTO";"23147255000187";"GOLD ROL ROLAMENTOS LTDA";"COMPRA A/V - R$ - APRES";"11/02/2021";"83,00"
"36000";"Ministério da Saúde";"36210";"Hospital Nossa Senhora da Conceição S.A.";"366003";"GRUPO HOSPITALAR CONCEICAO S.A";"2021";"03";"***.454.100-**";"ADIEL COELHO DA CUNHA";"89154819000117";"REALEZA SISTEMAS DE SEGURANCA ELETRONICA LTDA";"COMPRA A/V - R$ - APRES";"19/02/2021";"540,00"
"36000";"Ministério da Saúde";"36210";"Hospital Nossa Senhora da Conceição S.A.";"366003";"GRUPO HOSPITALAR CONCEICAO S.A";"2021";"03";"***.454.100-**";"ADIEL COELHO DA CUNHA";"89154819000117";"REALEZA SISTEMAS DE SEGURANCA ELETRONICA LTDA";"COMPRA A/V - R$ - APRES";"19/02/2021";"450,00"
"36000";"Ministério da Saúde";"36210";"Hospital Nossa Senhora da Conceição S.A.";"366003";"GRUPO HOSPITALAR CONCEICAO S.A";"2021";"03";"***.454.100-**";"ADIEL COELHO DA CUNHA";"89154819000117";"REALEZA SISTEMAS DE SEGURANCA ELETRONICA LTDA";"COMPRA A/V - R$ - APRES";"05/02/2021";"1760,00"
"36000";"Ministério da Saúde";"36210";"Hospital Nossa Senhora da Conceição S.A.";"366003";"GRUPO HOSPITALAR CONCEICAO S.A";"2021";"03";"***.454.100-**";"ADIEL COELHO DA CUNHA";"27059445000101";"CAIXAS E LIXEIRAS COMERCIAL DE PLASTICOS LTDA";"COMPRA A/V - R$ - APRES";"22/02/2021";"1755,00"
"36000";"Ministério da Saúde";"36210";"Hospital Nossa Senhora da Conceição S.A.";"366003";"GRUPO HOSPITALAR CONCEICAO S.A";"2021";"03";"***.112.970-**";"ALEXANDRE TOCCHETTO";"02673547000183";"COZITEC COM. E ASSISTENCIA TECNICA DE PRODUTOS DE COZINHA INDL. LTDA";"COMPRA A/V - R$ - APRES";"18/02/2021";"430,00"
"36000";"Ministério da Saúde";"36210";"Hospital Nossa Senhora da Conceição S.A.";"366003";"GRUPO HOSPITALAR CONCEICAO S.A";"2021";"03";"***.454.100-**";"ADIEL COELHO DA CUNHA";"05671436000126";"FERRAGEM PARATI CONCEICAO LTDA";"COMPRA A/V - R$ - APRES";"19/02/2021";"1362,00"
"36000";"Ministério da Saúde";"36210";"Hospital Nossa Senhora da Conceição S.A.";"366003";"GRUPO HOSPITALAR CONCEICAO S.A";"2021";"03";"***.454.100-**";"ADIEL COELHO DA CUNHA";"05671436000126";"FERRAGEM PARATI CONCEICAO LTDA";"COMPRA A/V - R$ - APRES";"05/02/2021";"899,75"
"36000";"Ministério da Saúde";"36210";"Hospital Nossa Senhora da Conceição S.A.";"366003";"GRUPO HOSPITALAR CONCEICAO S.A";"2021";"03";"***.580.000-**";"MARIA MONTEIRO DE ALMEIDA";"05671436000126";"FERRAGEM PARATI CONCEICAO LTDA";"COMPRA A/V - R$ - APRES";"22/02/2021";"589,40"
"36000";"Ministério da Saúde";"36210";"Hospital Nossa Senhora da Conceição S.A.";"366003";"GRUPO HOSPITALAR CONCEICAO S.A";"2021";"03";"***.580.000-**";"MARIA MONTEIRO DE ALMEIDA";"05671436000126";"FERRAGEM PARATI CONCEICAO LTDA";"COMPRA A/V - R$ - APRES";"19/02/2021";"460,80"
"36000";"Ministério da Saúde";"36210";"Hospital Nossa Senhora da Conceição S.A.";"366003";"GRUPO HOSPITALAR CONCEICAO S.A";"2021";"03";"***.580.000-**";"MARIA MONTEIRO DE ALMEIDA";"05671436000126";"FERRAGEM PARATI CONCEICAO LTDA";"COMPRA A/V - R$ - APRES";"08/02/2021";"659,85"
"36000";"Ministério da Saúde";"36210";"Hospital Nossa Senhora da Conceição S.A.";"366003";"GRUPO HOSPITALAR CONCEICAO S.A";"2021";"03";"***.435.860-**";"TELMO CARDOSO VITT";"05671436000126";"FERRAGEM PARATI CONCEICAO LTDA";"COMPRA A/V - R$ - APRES";"18/02/2021";"27,50"
"36000";"Ministério da Saúde";"36210";"Hospital Nossa Senhora da Conceição S.A.";"366003";"GRUPO HOSPITALAR CONCEICAO S.A";"2021";"03";"***.486.610-**";"JOAO ADOIR DE FRAGA";"05671436000126";"FERRAGEM PARATI CONCEICAO LTDA";"COMPRA A/V - R$ - APRES";"15/02/2021";"1699,70"
"36000";"Ministério da Saúde";"36210";"Hospital Nossa Senhora da Conceição S.A.";"366003";"GRUPO HOSPITALAR CONCEICAO S.A";"2021";"03";"***.486.610-**";"JOAO ADOIR DE FRAGA";"05671436000126";"FERRAGEM PARATI CONCEICAO LTDA";"COMPRA A/V - R$ - APRES";"11/02/2021";"1695,15"
"36000";"Ministério da Saúde";"36210";"Hospital Nossa Senhora da Conceição S.A.";"366003";"GRUPO HOSPITALAR CONCEICAO S.A";"2021";"03";"***.486.610-**";"JOAO ADOIR DE FRAGA";"05671436000126";"FERRAGEM PARATI CONCEICAO LTDA";"COMPRA A/V - R$ - APRES";"09/02/2021";"1693,16"
"36000";"Ministério da Saúde";"36210";"Hospital Nossa Senhora da Conceição S.A.";"366003";"GRUPO HOSPITALAR CONCEICAO S.A";"2021";"03";"***.492.890-**";"DANIEL LOPES RODRIGUES";"05671436000126";"FERRAGEM PARATI CONCEICAO LTDA";"COMPRA A/V - R$ - APRES";"17/02/2021";"38,50"
"36000";"Ministério da Saúde";"36210";"Hospital Nossa Senhora da Conceição S.A.";"366003";"GRUPO HOSPITALAR CONCEICAO S.A";"2021";"03";"***.492.890-**";"DANIEL LOPES RODRIGUES";"05671436000126";"FERRAGEM PARATI CONCEICAO LTDA";"COMPRA A/V - R$ - APRES";"09/02/2021";"877,70"
"36000";"Ministério da Saúde";"36210";"Hospital Nossa Senhora da Conceição S.A.";"366003";"GRUPO HOSPITALAR CONCEICAO S.A";"2021";"03";"***.435.860-**";"TELMO CARDOSO VITT";"72440332000106";"FARMACIA ALIANCA LTDA";"COMPRA A/V - R$ - APRES";"22/02/2021";"69,36"
"36000";"Ministério da Saúde";"36210";"Hospital Nossa Senhora da Conceição S.A.";"366003";"GRUPO HOSPITALAR CONCEICAO S.A";"2021";"03";"***.435.860-**";"TELMO CARDOSO VITT";"72440332000106";"FARMACIA ALIANCA LTDA";"COMPRA A/V - R$ - APRES";"19/02/2021";"119,82"
"36000";"Ministério da Saúde";"36210";"Hospital Nossa Senhora da Conceição S.A.";"366003";"GRUPO HOSPITALAR CONCEICAO S.A";"2021";"03";"***.435.860-**";"TELMO CARDOSO VITT";"72440332000106";"FARMACIA ALIANCA LTDA";"COMPRA A/V - R$ - APRES";"10/02/2021";"207,70"
"36000";"Ministério da Saúde";"36210";"Hospital Nossa Senhora da Conceição S.A.";"366003";"GRUPO HOSPITALAR CONCEICAO S.A";"2021";"03";"***.112.970-**";"ALEXANDRE TOCCHETTO";"92690486000155";"SUL BRASILEIRA DE RAIOS X LTDA";"COMPRA A/V - R$ - APRES";"19/02/2021";"64,00"
"36000";"Ministério da Saúde";"36210";"Hospital Nossa Senhora da Conceição S.A.";"366003";"GRUPO HOSPITALAR CONCEICAO S.A";"2021";"03";"***.435.860-**";"TELMO CARDOSO VITT";"05918619001680";"COMERCIAL SAO JOAO DE UTILIDADES DOMESTICAS LTDA";"COMPRA A/V - R$ - APRES";"22/02/2021";"179,40"
"36000";"Ministério da Saúde";"36210";"Hospital Nossa Senhora da Conceição S.A.";"366003";"GRUPO HOSPITALAR CONCEICAO S.A";"2021";"03";"***.112.970-**";"ALEXANDRE TOCCHETTO";"87955035000162";"METALURGICA SCAI DO SUL LTDA";"COMPRA A/V - R$ - APRES";"11/02/2021";"159,92"
"36000";"Ministério da Saúde";"36210";"Hospital Nossa Senhora da Conceição S.A.";"366003";"GRUPO HOSPITALAR CONCEICAO S.A";"2021";"03";"***.112.970-**";"ALEXANDRE TOCCHETTO";"87955035000162";"METALURGICA SCAI DO SUL LTDA";"COMPRA A/V - R$ - APRES";"09/02/2021";"786,74"
"36000";"Ministério da Saúde";"36210";"Hospital Nossa Senhora da Conceição S.A.";"366003";"GRUPO HOSPITALAR CONCEICAO S.A";"2021";"03";"***.251.970-**";"ALDERI DA CRUZ";"90973025000164";"CALDESUL COMERCIO DE ISOLANTES E PECAS PARA CALDEIRAS LTDA";"COMPRA A/V - R$ - APRES";"09/02/2021";"1538,00"
"36000";"Ministério da Saúde";"36210";"Hospital Nossa Senhora da Conceição S.A.";"366003";"GRUPO HOSPITALAR CONCEICAO S.A";"2021";"03";"***.435.860-**";"TELMO CARDOSO VITT";"97249759000144";"ROSANGELA APARECIDA DA ROSA";"COMPRA A/V - R$ - APRES";"04/02/2021";"108,00"
"36000";"Ministério da Saúde";"36210";"Hospital Nossa Senhora da Conceição S.A.";"366003";"GRUPO HOSPITALAR CONCEICAO S.A";"2021";"03";"***.112.970-**";"ALEXANDRE TOCCHETTO";"92783927000163";"ZAMPIERON E DALACORTE COMERCIO DE ELETROELETRONICOS LTDA";"COMPRA A/V - R$ - APRES";"19/02/2021";"51,00"
"36000";"Ministério da Saúde";"36210";"Hospital Nossa Senhora da Conceição S.A.";"366003";"GRUPO HOSPITALAR CONCEICAO S.A";"2021";"03";"***.112.970-**";"ALEXANDRE TOCCHETTO";"01919309001033";"REFRICRIL DISTRIBUIDORA DE AR CONDICIONADO E PECAS LTDA";"COMPRA A/V - R$ - APRES";"10/02/2021";"545,15"
"36000";"Ministério da Saúde";"36210";"Hospital Nossa Senhora da Conceição S.A.";"366003";"GRUPO HOSPITALAR CONCEICAO S.A";"2021";"03";"***.492.890-**";"DANIEL LOPES RODRIGUES";"30616190000137";"FABIO PEREIRA MOLINA";"COMPRA A/V - R$ - APRES";"10/02/2021";"900,00"
"36000";"Ministério da Saúde";"36210";"Hospital Nossa Senhora da Conceição S.A.";"366003";"GRUPO HOSPITALAR CONCEICAO S.A";"2021";"03";"***.251.970-**";"ALDERI DA CRUZ";"27547510000130";"STONE PAY MEIOS DE PAGAMENTO LTDA";"COMPRA A/V - R$ - APRES";"22/02/2021";"52,18"
"36000";"Ministério da Saúde";"36210";"Hospital Nossa Senhora da Conceição S.A.";"366003";"GRUPO HOSPITALAR CONCEICAO S.A";"2021";"03";"***.251.970-**";"ALDERI DA CRUZ";"27547510000130";"STONE PAY MEIOS DE PAGAMENTO LTDA";"COMPRA A/V - R$ - APRES";"08/02/2021";"52,48"
"36000";"Ministério da Saúde";"36210";"Hospital Nossa Senhora da Conceição S.A.";"366003";"GRUPO HOSPITALAR CONCEICAO S.A";"2021";"03";"***.486.610-**";"JOAO ADOIR DE FRAGA";"10904851000112";"DIAMANSUL COMERCIAL LTDA";"COMPRA A/V - R$ - APRES";"19/02/2021";"252,60"
"36000";"Ministério da Saúde";"36210";"Hospital Nossa Senhora da Conceição S.A.";"366003";"GRUPO HOSPITALAR CONCEICAO S.A";"2021";"03";"***.251.970-**";"ALDERI DA CRUZ";"06182250000176";"FERRAGEM DA INDEPENDENCIA LTDA";"COMPRA A/V - R$ - APRES";"19/02/2021";"150,00"
"36000";"Ministério da Saúde";"36210";"Hospital Nossa Senhora da Conceição S.A.";"366003";"GRUPO HOSPITALAR CONCEICAO S.A";"2021";"03";"***.251.970-**";"ALDERI DA CRUZ";"06182250000176";"FERRAGEM DA INDEPENDENCIA LTDA";"COMPRA A/V - R$ - APRES";"12/02/2021";"242,40"
"36000";"Ministério da Saúde";"36210";"Hospital Nossa Senhora da Conceição S.A.";"366003";"GRUPO HOSPITALAR CONCEICAO S.A";"2021";"03";"***.251.970-**";"ALDERI DA CRUZ";"06182250000176";"FERRAGEM DA INDEPENDENCIA LTDA";"COMPRA A/V - R$ - APRES";"05/02/2021";"286,60"
"36000";"Ministério da Saúde";"36210";"Hospital Nossa Senhora da Conceição S.A.";"366003";"GRUPO HOSPITALAR CONCEICAO S.A";"2021";"03";"***.251.970-**";"ALDERI DA CRUZ";"04286594000108";"IDEWORLD EDUCACAO E INTERCAMBIO CULTURAL LTDA";"COMPRA A/V - R$ - APRES";"22/02/2021";"42,50"
"36000";"Ministério da Saúde";"36210";"Hospital Nossa Senhora da Conceição S.A.";"366003";"GRUPO HOSPITALAR CONCEICAO S.A";"2021";"03";"***.112.970-**";"ALEXANDRE TOCCHETTO";"94927316000177";"BELT CORREIAS ESPECIAIS LTDA";"COMPRA A/V - R$ - APRES";"19/02/2021";"160,00"
"36000";"Ministério da Saúde";"36210";"Hospital Nossa Senhora da Conceição S.A.";"366003";"GRUPO HOSPITALAR CONCEICAO S.A";"2021";"03";"***.454.100-**";"ADIEL COELHO DA CUNHA";"92560952000188";"BENGALAS CRISTO REDENTOR COMERCIO E SERVICOS LTDA";"COMPRA A/V - R$ - APRES";"15/02/2021";"137,00"
"36000";"Ministério da Saúde";"36210";"Hospital Nossa Senhora da Conceição S.A.";"366003";"GRUPO HOSPITALAR CONCEICAO S.A";"2021";"03";"***.454.100-**";"ADIEL COELHO DA CUNHA";"92560952000188";"BENGALAS CRISTO REDENTOR COMERCIO E SERVICOS LTDA";"COMPRA A/V - R$ - APRES";"05/02/2021";"250,00"
"36000";"Ministério da Saúde";"36210";"Hospital Nossa Senhora da Conceição S.A.";"366003";"GRUPO HOSPITALAR CONCEICAO S.A";"2021";"03";"***.435.860-**";"TELMO CARDOSO VITT";"91605170000155";"FARIAS ALIMENTOS LTDA";"COMPRA A/V - R$ - APRES";"01/02/2021";"396,00"
"36000";"Ministério da Saúde";"36210";"Hospital Nossa Senhora da Conceição S.A.";"366003";"GRUPO HOSPITALAR CONCEICAO S.A";"2021";"03";"***.435.860-**";"TELMO CARDOSO VITT";"91605170000155";"FARIAS ALIMENTOS LTDA";"COMPRA A/V - R$ - APRES";"01/02/2021";"9288,00"
"36000";"Ministério da Saúde";"36210";"Hospital Nossa Senhora da Conceição S.A.";"366003";"GRUPO HOSPITALAR CONCEICAO S.A";"2021";"03";"***.251.970-**";"ALDERI DA CRUZ";"91186536000107";"CASA DAS FECHADURAS SUL LTDA";"COMPRA A/V - R$ - APRES";"17/02/2021";"448,20"
"36000";"Ministério da Saúde";"36210";"Hospital Nossa Senhora da Conceição S.A.";"366003";"GRUPO HOSPITALAR CONCEICAO S.A";"2021";"03";"***.251.970-**";"ALDERI DA CRUZ";"91186536000107";"CASA DAS FECHADURAS SUL LTDA";"COMPRA A/V - R$ - APRES";"04/02/2021";"365,50"
"36000";"Ministério da Saúde";"36210";"Hospital Nossa Senhora da Conceição S.A.";"366003";"GRUPO HOSPITALAR CONCEICAO S.A";"2021";"03";"***.251.970-**";"ALDERI DA CRUZ";"09289245000155";"TRAPVAL INDUSTRIA E COMERCIO DE ACESSORIOS INDUSTRIAIS LTDA";"COMPRA A/V - R$ - APRES";"22/02/2021";"182,90"
"36000";"Ministério da Saúde";"36210";"Hospital Nossa Senhora da Conceição S.A.";"366003";"GRUPO HOSPITALAR CONCEICAO S.A";"2021";"03";"***.112.970-**";"ALEXANDRE TOCCHETTO";"87158143000104";"DUMONT COMERCIO DE EQUIPAMENTOS ELETRICOS LTDA";"COMPRA A/V - R$ - APRES";"05/02/2021";"105,00"
"36000";"Ministério da Saúde";"36210";"Hospital Nossa Senhora da Conceição S.A.";"366003";"GRUPO HOSPITALAR CONCEICAO S.A";"2021";"03";"***.251.970-**";"ALDERI DA CRUZ";"13703882000101";"ROSA, BRENDLER & MICHELI LTDA";"COMPRA A/V - R$ - APRES";"28/01/2021";"126,00"
"36000";"Ministério da Saúde";"36210";"Hospital Nossa Senhora da Conceição S.A.";"366003";"GRUPO HOSPITALAR CONCEICAO S.A";"2021";"03";"***.112.970-**";"ALEXANDRE TOCCHETTO";"87158143000104";"DUMONT COMERCIO DE EQUIPAMENTOS ELETRICOS LTDA";"COMPRA A/V - R$ - APRES";"11/02/2021";"1270,00"
"36000";"Ministério da Saúde";"36000";"Ministério da Saúde - Unidades com vínculo direto";"250103";"HOSPITAL FEDERAL DE IPANEMA";"2021";"03";"***.811.827-**";"CARLOS PEREIRA";"00666349000167";"M-KIT COMERCIAL LTDA";"COMPRA A/V - R$ - APRES";"04/02/2021";"3258,00"
"36000";"Ministério da Saúde";"36000";"Ministério da Saúde - Unidades com vínculo direto";"250057";"INST. NACIONAL DE TRAUMATOLOGIA E ORTOPEDIA";"2021";"03";"***.513.237-**";"PAULO GUILHERME DE FIGUEIREDO";"16731862000124";"ATACADAO PAPELEX LTDA";"COMPRA A/V - R$ - APRES";"04/02/2021";"315,00"
"36000";"Ministério da Saúde";"36000";"Ministério da Saúde - Unidades com vínculo direto";"250057";"INST. NACIONAL DE TRAUMATOLOGIA E ORTOPEDIA";"2021";"03";"***.044.247-**";"ADRIANA LEITE ARANTES";"16906041000181";"DROGARIA E PERFUMARIA SANTA EDWIGES LTDA";"COMPRA A/V - R$ - APRES";"05/02/2021";"127,00"
"36000";"Ministério da Saúde";"36000";"Ministério da Saúde - Unidades com vínculo direto";"250057";"INST. NACIONAL DE TRAUMATOLOGIA E ORTOPEDIA";"2021";"03";"***.044.247-**";"ADRIANA LEITE ARANTES";"00285753000352";"VENANCIO PRODUTOS FARMACEUTICOS LTDA.";"COMPRA A/V - R$ - APRES";"12/02/2021";"94,17"
"36000";"Ministério da Saúde";"36000";"Ministério da Saúde - Unidades com vínculo direto";"250057";"INST. NACIONAL DE TRAUMATOLOGIA E ORTOPEDIA";"2021";"03";"***.044.247-**";"ADRIANA LEITE ARANTES";"00285753000948";"VENANCIO PRODUTOS FARMACEUTICOS LTDA.";"COMPRA A/V - R$ - APRES";"18/02/2021";"257,60"
"36000";"Ministério da Saúde";"36000";"Ministério da Saúde - Unidades com vínculo direto";"250057";"INST. NACIONAL DE TRAUMATOLOGIA E ORTOPEDIA";"2021";"03";"***.044.247-**";"ADRIANA LEITE ARANTES";"00285753000352";"VENANCIO PRODUTOS FARMACEUTICOS LTDA.";"COMPRA A/V - R$ - APRES";"12/02/2021";"62,78"
"36000";"Ministério da Saúde";"36000";"Ministério da Saúde - Unidades com vínculo direto";"250057";"INST. NACIONAL DE TRAUMATOLOGIA E ORTOPEDIA";"2021";"03";"***.044.247-**";"ADRIANA LEITE ARANTES";"00285753000514";"VENANCIO PRODUTOS FARMACEUTICOS LTDA.";"COMPRA A/V - R$ - APRES";"23/02/2021";"55,49"
"36000";"Ministério da Saúde";"36000";"Ministério da Saúde - Unidades com vínculo direto";"250057";"INST. NACIONAL DE TRAUMATOLOGIA E ORTOPEDIA";"2021";"03";"***.075.857-**";"ELAINE IRENE DE OLIVEIRA MENDES";"53991273772";"ELVIRA GUIMARAES OLIVEIRA";"COMPRA A/V - R$ - APRES";"11/02/2021";"405,00"
"36000";"Ministério da Saúde";"36000";"Ministério da Saúde - Unidades com vínculo direto";"250057";"INST. NACIONAL DE TRAUMATOLOGIA E ORTOPEDIA";"2021";"03";"***.075.857-**";"ELAINE IRENE DE OLIVEIRA MENDES";"18799897003146";"DIGISEC CERTIFICACAO DIGITAL LTDA";"COMPRA A/V - R$ - APRES";"09/02/2021";"330,00"
"36000";"Ministério da Saúde";"36000";"Ministério da Saúde - Unidades com vínculo direto";"250057";"INST. NACIONAL DE TRAUMATOLOGIA E ORTOPEDIA";"2021";"03";"***.044.247-**";"ADRIANA LEITE ARANTES";"00285753000352";"VENANCIO PRODUTOS FARMACEUTICOS LTDA.";"COMPRA A/V - R$ - APRES";"12/02/2021";"94,17"
"36000";"Ministério da Saúde";"36000";"Ministério da Saúde - Unidades com vínculo direto";"257003";"INSTITUTO EVANDRO CHAGAS";"2021";"03";"***.390.292-**";"MANOEL CORREA DE MIRANDA";"04725933000105";"CORSANT LIMITADA";"COMPRA A/V - R$ - APRES";"10/02/2021";"200,00"
"36000";"Ministério da Saúde";"36000";"Ministério da Saúde - Unidades com vínculo direto";"257003";"INSTITUTO EVANDRO CHAGAS";"2021";"03";"***.390.292-**";"MANOEL CORREA DE MIRANDA";"37232351000138";"RCS SILVA COMERCIAL LTDA";"COMPRA A/V - R$ - APRES";"11/02/2021";"58,90"
"36000";"Ministério da Saúde";"36000";"Ministério da Saúde - Unidades com vínculo direto";"257003";"INSTITUTO EVANDRO CHAGAS";"2021";"03";"***.390.292-**";"MANOEL CORREA DE MIRANDA";"04725933000105";"CORSANT LIMITADA";"COMPRA A/V - R$ - APRES";"10/02/2021";"195,00"
"36000";"Ministério da Saúde";"36000";"Ministério da Saúde - Unidades com vínculo direto";"257003";"INSTITUTO EVANDRO CHAGAS";"2021";"03";"***.771.832-**";"DANIEL MELO ALMEIDA";"31068292000128";"BENAGRO COMERCIO DE PRODUTOS AGROPECUARIOS LTDA";"COMPRA A/V - R$ - APRES";"18/02/2021";"100,00"
"36000";"Ministério da Saúde";"36000";"Ministério da Saúde - Unidades com vínculo direto";"257003";"INSTITUTO EVANDRO CHAGAS";"2021";"03";"***.771.832-**";"DANIEL MELO ALMEIDA";"31068292000128";"BENAGRO COMERCIO DE PRODUTOS AGROPECUARIOS LTDA";"COMPRA A/V - R$ - APRES";"18/02/2021";"160,00"
"36000";"Ministério da Saúde";"36000";"Ministério da Saúde - Unidades com vínculo direto";"257003";"INSTITUTO EVANDRO CHAGAS";"2021";"03";"***.771.832-**";"DANIEL MELO ALMEIDA";"38265050000173";"A12 LED COM. DE MAT. ELETRICO LTDA";"COMPRA A/V - R$ - APRES";"18/02/2021";"159,20"
"36000";"Ministério da Saúde";"36000";"Ministério da Saúde - Unidades com vínculo direto";"257003";"INSTITUTO EVANDRO CHAGAS";"2021";"03";"***.771.832-**";"DANIEL MELO ALMEIDA";"38265050000173";"A12 LED COM. DE MAT. ELETRICO LTDA";"COMPRA A/V - R$ - APRES";"18/02/2021";"18,10"
"36000";"Ministério da Saúde";"36000";"Ministério da Saúde - Unidades com vínculo direto";"257003";"INSTITUTO EVANDRO CHAGAS";"2021";"03";"***.771.832-**";"DANIEL MELO ALMEIDA";"29565704000193";"SUPERMERCADO FORTAL LTDA";"COMPRA A/V - R$ - APRES";"19/02/2021";"13,80"
"36000";"Ministério da Saúde";"36000";"Ministério da Saúde - Unidades com vínculo direto";"257003";"INSTITUTO EVANDRO CHAGAS";"2021";"03";"***.390.292-**";"MANOEL CORREA DE MIRANDA";"10385864000122";"NINA A DE SOUZA";"COMPRA A/V - R$ - APRES";"11/02/2021";"65,00"
"36000";"Ministério da Saúde";"36000";"Ministério da Saúde - Unidades com vínculo direto";"257003";"INSTITUTO EVANDRO CHAGAS";"2021";"03";"***.390.292-**";"MANOEL CORREA DE MIRANDA";"22763502003718";"PMZ DISTRIBUIDORA S.A";"COMPRA A/V - R$ - APRES";"19/02/2021";"200,00"
"36000";"Ministério da Saúde";"36000";"Ministério da Saúde - Unidades com vínculo direto";"257003";"INSTITUTO EVANDRO CHAGAS";"2021";"03";"***.390.292-**";"MANOEL CORREA DE MIRANDA";"11629186000169";"L M COMERCIO DE PECAS DE MOTOCICLETAS LTDA";"COMPRA A/V - R$ - APRES";"10/02/2021";"150,00"
"36000";"Ministério da Saúde";"36000";"Ministério da Saúde - Unidades com vínculo direto";"257003";"INSTITUTO EVANDRO CHAGAS";"2021";"03";"***.390.292-**";"MANOEL CORREA DE MIRANDA";"11629186000169";"L M COMERCIO DE PECAS DE MOTOCICLETAS LTDA";"COMPRA A/V - R$ - APRES";"10/02/2021";"185,00"
"36000";"Ministério da Saúde";"36000";"Ministério da Saúde - Unidades com vínculo direto";"257003";"INSTITUTO EVANDRO CHAGAS";"2021";"03";"***.390.292-**";"MANOEL CORREA DE MIRANDA";"09529639000133";"SOUZA FRANCO & OLIVEIRA LTDA";"COMPRA A/V - R$ - APRES";"09/02/2021";"175,00"
"36000";"Ministério da Saúde";"36000";"Ministério da Saúde - Unidades com vínculo direto";"257003";"INSTITUTO EVANDRO CHAGAS";"2021";"03";"***.390.292-**";"MANOEL CORREA DE MIRANDA";"14686539000150";"PLANALTO FERRAMENTAL LTDA";"COMPRA A/V - R$ - APRES";"17/02/2021";"188,00"
"36000";"Ministério da Saúde";"36000";"Ministério da Saúde - Unidades com vínculo direto";"257003";"INSTITUTO EVANDRO CHAGAS";"2021";"03";"***.390.292-**";"MANOEL CORREA DE MIRANDA";"14686539000150";"PLANALTO FERRAMENTAL LTDA";"COMPRA A/V - R$ - APRES";"10/02/2021";"56,00"
"36000";"Ministério da Saúde";"36000";"Ministério da Saúde - Unidades com vínculo direto";"257003";"INSTITUTO EVANDRO CHAGAS";"2021";"03";"***.390.292-**";"MANOEL CORREA DE MIRANDA";"24766442000101";"ESTANCIA PORTUGUESA ANANINDEUA LTDA";"COMPRA A/V - R$ - APRES";"11/02/2021";"26,20"
"36000";"Ministério da Saúde";"36000";"Ministério da Saúde - Unidades com vínculo direto";"257003";"INSTITUTO EVANDRO CHAGAS";"2021";"03";"***.771.832-**";"DANIEL MELO ALMEIDA";"31068292000128";"BENAGRO COMERCIO DE PRODUTOS AGROPECUARIOS LTDA";"COMPRA A/V - R$ - APRES";"18/02/2021";"162,00"
"36000";"Ministério da Saúde";"36000";"Ministério da Saúde - Unidades com vínculo direto";"250059";"INSTITUTO NACIONAL DE CARDIOLOGIA";"2021";"03";"***.476.407-**";"JOSIAS DA SILVA";"21752724000323";"PERFUMARIAS NZS LIMITADA";"COMPRA A/V - R$ - APRES";"01/02/2021";"48,09"
"36000";"Ministério da Saúde";"36000";"Ministério da Saúde - Unidades com vínculo direto";"250059";"INSTITUTO NACIONAL DE CARDIOLOGIA";"2021";"03";"***.476.407-**";"JOSIAS DA SILVA";"33873043000130";"FARMACIA E PERFUMARIA REMAN LTDA";"COMPRA A/V - R$ - APRES";"06/02/2021";"356,76"
"36000";"Ministério da Saúde";"36000";"Ministério da Saúde - Unidades com vínculo direto";"250059";"INSTITUTO NACIONAL DE CARDIOLOGIA";"2021";"03";"***.476.407-**";"JOSIAS DA SILVA";"40223000000175";"BIODERME FARMACIA DE MANIPULACAO LTDA";"COMPRA A/V - R$ - APRES";"11/02/2021";"50,00"
"36000";"Ministério da Saúde";"36000";"Ministério da Saúde - Unidades com vínculo direto";"250052";"INSTITUTO NACIONAL DO CANCER - RJ";"2021";"03";"***.404.267-**";"ADRIANA BATISTA DO NASCIMENTO GONCALVES";"14345779880";"MAGALI RODRIGUES SILVA";"COMPRA A/V - R$ - APRES";"18/02/2021";"230,00"
"36000";"Ministério da Saúde";"36000";"Ministério da Saúde - Unidades com vínculo direto";"250052";"INSTITUTO NACIONAL DO CANCER - RJ";"2021";"03";"***.988.447-**";"JOSE MAURICIO TEIXEIRA DA SILVA";"08740327000101";"SYSTEM CARD 460 CONTROLE DE ACESSO E IDENTIFICACAO LTDA";"COMPRA A/V - R$ - APRES";"09/02/2021";"2600,00"
"36000";"Ministério da Saúde";"36000";"Ministério da Saúde - Unidades com vínculo direto";"250052";"INSTITUTO NACIONAL DO CANCER - RJ";"2021";"03";"***.404.267-**";"ADRIANA BATISTA DO NASCIMENTO GONCALVES";"08097029000579";"TECIDOS E ARMARINHO 253 COMERCIO VAREJISTA DE TECIDOS E ARTIGOS DE AVIAMENTOS LTDA";"COMPRA A/V - R$ - APRES";"18/02/2021";"34,96"
"36000";"Ministério da Saúde";"36000";"Ministério da Saúde - Unidades com vínculo direto";"250029";"SUPERINTENDENCIA DO MINISTERIO DA SAUDE / PE";"2021";"03";"***.241.804-**";"MARCOS ANTONIO LEITE";"06997602000141";"GALERIA MILITAR LTDA";"COMPRA A/V - R$ - APRES";"08/02/2021";"875,00"
"36000";"Ministério da Saúde";"36000";"Ministério da Saúde - Unidades com vínculo direto";"250029";"SUPERINTENDENCIA DO MINISTERIO DA SAUDE / PE";"2021";"03";"***.241.804-**";"MARCOS ANTONIO LEITE";"12806642000161";"COMERCIAL CANAL LTDA";"COMPRA A/V - R$ - APRES";"12/02/2021";"950,19"
"36000";"Ministério da Saúde";"36000";"Ministério da Saúde - Unidades com vínculo direto";"250029";"SUPERINTENDENCIA DO MINISTERIO DA SAUDE / PE";"2021";"03";"***.241.804-**";"MARCOS ANTONIO LEITE";"27547510000130";"STONE PAY MEIOS DE PAGAMENTO LTDA";"COMPRA A/V - R$ - APRES";"18/02/2021";"198,88"
"36000";"Ministério da Saúde";"36000";"Ministério da Saúde - Unidades com vínculo direto";"250031";"SUPERINTENDENCIA DO MINISTERIO DA SAUDE / RJ";"2021";"03";"***.948.667-**";"CARLOS EDUARDO CHITA RODRIGUES DA COSTA";"33147828000126";"ITE INDUSTRIA THERMO ELETRICA LTDA";"COMPRA A/V - R$ - APRES";"23/02/2021";"125,00"
"36000";"Ministério da Saúde";"36000";"Ministério da Saúde - Unidades com vínculo direto";"250031";"SUPERINTENDENCIA DO MINISTERIO DA SAUDE / RJ";"2021";"03";"***.948.667-**";"CARLOS EDUARDO CHITA RODRIGUES DA COSTA";"31868590000100";"JULLY'S SERVICOS DE CONSERVACAO E COMERCIO LTDA";"COMPRA A/V - R$ - APRES";"19/02/2021";"1746,00"
"56000";"Ministério das Cidades";"29214";"Companhia Brasileira de Trens Urbanos";"275058";"CIA.BRASILEIRA DE TRENS URBANOS-STU/BH";"2021";"03";"***.311.446-**";"MARCELO DE OLIVEIRA CRUZ";"22061279000156";"LOJA DOS PARAFUSOS LTDA";"COMPRA A/V - R$ - APRES";"12/02/2021";"16,00"
"56000";"Ministério das Cidades";"29214";"Companhia Brasileira de Trens Urbanos";"275058";"CIA.BRASILEIRA DE TRENS URBANOS-STU/BH";"2021";"03";"***.311.446-**";"MARCELO DE OLIVEIRA CRUZ";"19183714000100";"VIDRAR COMERCIO DE VIDROS LTDA";"COMPRA A/V - R$ - APRES";"18/02/2021";"485,00"
"56000";"Ministério das Cidades";"29214";"Companhia Brasileira de Trens Urbanos";"275058";"CIA.BRASILEIRA DE TRENS URBANOS-STU/BH";"2021";"03";"***.311.446-**";"MARCELO DE OLIVEIRA CRUZ";"18774687000188";"TALVEGUE PARAFUSOS S/A";"COMPRA A/V - R$ - APRES";"22/02/2021";"4,00"
"56000";"Ministério das Cidades";"29214";"Companhia Brasileira de Trens Urbanos";"275058";"CIA.BRASILEIRA DE TRENS URBANOS-STU/BH";"2021";"03";"***.311.446-**";"MARCELO DE OLIVEIRA CRUZ";"18774687000188";"TALVEGUE PARAFUSOS S/A";"COMPRA A/V - R$ - APRES";"17/02/2021";"31,00"
"56000";"Ministério das Cidades";"29214";"Companhia Brasileira de Trens Urbanos";"275058";"CIA.BRASILEIRA DE TRENS URBANOS-STU/BH";"2021";"03";"***.311.446-**";"MARCELO DE OLIVEIRA CRUZ";"18774687000188";"TALVEGUE PARAFUSOS S/A";"COMPRA A/V - R$ - APRES";"17/02/2021";"32,20"
"56000";"Ministério das Cidades";"29214";"Companhia Brasileira de Trens Urbanos";"275058";"CIA.BRASILEIRA DE TRENS URBANOS-STU/BH";"2021";"03";"***.311.446-**";"MARCELO DE OLIVEIRA CRUZ";"11300502000154";"PSI HIDRAULICA COMERCIO DE MANGUEIRAS E COMPONENTES HIDRAULICOS LTDA";"COMPRA A/V - R$ - APRES";"10/02/2021";"177,80"
"56000";"Ministério das Cidades";"29214";"Companhia Brasileira de Trens Urbanos";"275058";"CIA.BRASILEIRA DE TRENS URBANOS-STU/BH";"2021";"03";"***.311.446-**";"MARCELO DE OLIVEIRA CRUZ";"00220931000103";"ELETRO FARIA LTDA";"COMPRA A/V - R$ - APRES";"22/02/2021";"47,80"
"56000";"Ministério das Cidades";"29214";"Companhia Brasileira de Trens Urbanos";"275058";"CIA.BRASILEIRA DE TRENS URBANOS-STU/BH";"2021";"03";"***.311.446-**";"MARCELO DE OLIVEIRA CRUZ";"00220931000103";"ELETRO FARIA LTDA";"COMPRA A/V - R$ - APRES";"22/02/2021";"9,95"
"56000";"Ministério das Cidades";"29214";"Companhia Brasileira de Trens Urbanos";"275058";"CIA.BRASILEIRA DE TRENS URBANOS-STU/BH";"2021";"03";"***.311.446-**";"MARCELO DE OLIVEIRA CRUZ";"00521628000132";"ELETRONICA SANTA EFIGENIA LTDA";"COMPRA A/V - R$ - APRES";"18/02/2021";"18,00"
"56000";"Ministério das Cidades";"29214";"Companhia Brasileira de Trens Urbanos";"275058";"CIA.BRASILEIRA DE TRENS URBANOS-STU/BH";"2021";"03";"***.311.446-**";"MARCELO DE OLIVEIRA CRUZ";"00521628000132";"ELETRONICA SANTA EFIGENIA LTDA";"COMPRA A/V - R$ - APRES";"12/02/2021";"35,00"
"56000";"Ministério das Cidades";"29214";"Companhia Brasileira de Trens Urbanos";"275058";"CIA.BRASILEIRA DE TRENS URBANOS-STU/BH";"2021";"03";"***.311.446-**";"MARCELO DE OLIVEIRA CRUZ";"00521628000132";"ELETRONICA SANTA EFIGENIA LTDA";"COMPRA A/V - R$ - APRES";"10/02/2021";"298,00"
"56000";"Ministério das Cidades";"29214";"Companhia Brasileira de Trens Urbanos";"275058";"CIA.BRASILEIRA DE TRENS URBANOS-STU/BH";"2021";"03";"***.311.446-**";"MARCELO DE OLIVEIRA CRUZ";"00521628000132";"ELETRONICA SANTA EFIGENIA LTDA";"COMPRA A/V - R$ - APRES";"10/02/2021";"35,00"
"56000";"Ministério das Cidades";"29214";"Companhia Brasileira de Trens Urbanos";"275058";"CIA.BRASILEIRA DE TRENS URBANOS-STU/BH";"2021";"03";"***.126.956-**";"MAURICIO DE OLIVEIRA";"97192740691";"MARCOS DA SILVA PASSOS";"COMPRA A/V - R$ - APRES";"17/02/2021";"312,52"
"56000";"Ministério das Cidades";"29214";"Companhia Brasileira de Trens Urbanos";"275058";"CIA.BRASILEIRA DE TRENS URBANOS-STU/BH";"2021";"03";"***.754.786-**";"LUCAS ANTONIO PIMENTA FANTAUZZI";"08112572000174";"CARIMBOS TUPINAMBAS LTDA";"COMPRA A/V - R$ - APRES";"19/02/2021";"315,40"
"56000";"Ministério das Cidades";"29214";"Companhia Brasileira de Trens Urbanos";"275058";"CIA.BRASILEIRA DE TRENS URBANOS-STU/BH";"2021";"03";"***.754.786-**";"LUCAS ANTONIO PIMENTA FANTAUZZI";"08215558000104";"INTERCHAVES LIMITADA";"COMPRA A/V - R$ - APRES";"19/02/2021";"138,70"
"56000";"Ministério das Cidades";"29214";"Companhia Brasileira de Trens Urbanos";"275058";"CIA.BRASILEIRA DE TRENS URBANOS-STU/BH";"2021";"03";"***.311.446-**";"MARCELO DE OLIVEIRA CRUZ";"08229159000194";"VIRTUAL COMERCIO DE AUTO PECAS LTDA";"COMPRA A/V - R$ - APRES";"16/02/2021";"112,36"
"56000";"Ministério das Cidades";"29214";"Companhia Brasileira de Trens Urbanos";"275058";"CIA.BRASILEIRA DE TRENS URBANOS-STU/BH";"2021";"03";"***.311.446-**";"MARCELO DE OLIVEIRA CRUZ";"01263303000160";"PB-PONTO DO BOMBEIRO MATERIAIS HIDRAULICOS LTDA";"COMPRA A/V - R$ - APRES";"19/02/2021";"231,00"
"56000";"Ministério das Cidades";"29214";"Companhia Brasileira de Trens Urbanos";"275058";"CIA.BRASILEIRA DE TRENS URBANOS-STU/BH";"2021";"03";"***.311.446-**";"MARCELO DE OLIVEIRA CRUZ";"00977483000189";"MINASCAR AUTO PECAS LTDA";"COMPRA A/V - R$ - APRES";"10/02/2021";"90,00"
"56000";"Ministério das Cidades";"29214";"Companhia Brasileira de Trens Urbanos";"275058";"CIA.BRASILEIRA DE TRENS URBANOS-STU/BH";"2021";"03";"***.311.446-**";"MARCELO DE OLIVEIRA CRUZ";"00977483000189";"MINASCAR AUTO PECAS LTDA";"COMPRA A/V - R$ - APRES";"09/02/2021";"220,00"
"56000";"Ministério das Cidades";"29214";"Companhia Brasileira de Trens Urbanos";"275058";"CIA.BRASILEIRA DE TRENS URBANOS-STU/BH";"2021";"03";"***.311.446-**";"MARCELO DE OLIVEIRA CRUZ";"01732231000152";"MANG MAQ LTDA";"COMPRA A/V - R$ - APRES";"15/02/2021";"75,35"
"56000";"Ministério das Cidades";"29214";"Companhia Brasileira de Trens Urbanos";"275058";"CIA.BRASILEIRA DE TRENS URBANOS-STU/BH";"2021";"03";"***.311.446-**";"MARCELO DE OLIVEIRA CRUZ";"01732231000152";"MANG MAQ LTDA";"COMPRA A/V - R$ - APRES";"12/02/2021";"196,92"
"56000";"Ministério das Cidades";"29214";"Companhia Brasileira de Trens Urbanos";"275058";"CIA.BRASILEIRA DE TRENS URBANOS-STU/BH";"2021";"03";"***.311.446-**";"MARCELO DE OLIVEIRA CRUZ";"17155342001074";"LOJA ELETRICA LTDA";"COMPRA A/V - R$ - APRES";"22/02/2021";"147,04"
"56000";"Ministério das Cidades";"29214";"Companhia Brasileira de Trens Urbanos";"275058";"CIA.BRASILEIRA DE TRENS URBANOS-STU/BH";"2021";"03";"***.311.446-**";"MARCELO DE OLIVEIRA CRUZ";"17155342001074";"LOJA ELETRICA LTDA";"COMPRA A/V - R$ - APRES";"17/02/2021";"47,94"
"56000";"Ministério das Cidades";"29214";"Companhia Brasileira de Trens Urbanos";"275058";"CIA.BRASILEIRA DE TRENS URBANOS-STU/BH";"2021";"03";"***.311.446-**";"MARCELO DE OLIVEIRA CRUZ";"00547840000179";"MAXNET INFORMATICA LTDA";"COMPRA A/V - R$ - APRES";"17/02/2021";"95,00"
"56000";"Ministério das Cidades";"29214";"Companhia Brasileira de Trens Urbanos";"275058";"CIA.BRASILEIRA DE TRENS URBANOS-STU/BH";"2021";"03";"***.311.446-**";"MARCELO DE OLIVEIRA CRUZ";"22061279000156";"LOJA DOS PARAFUSOS LTDA";"COMPRA A/V - R$ - APRES";"12/02/2021";"120,00"
"56000";"Ministério das Cidades";"29214";"Companhia Brasileira de Trens Urbanos";"275057";"CIA.BRASILEIRA DE TRENS URBANOS-STU/REC";"2021";"03";"***.471.344-**";"JOSUE OLIVEIRA GOMES";"27582123000134";"MULTIFIOS COMERCIO DE MATERIAL ELETRICO LTDA";"COMPRA A/V - R$ - APRES";"22/02/2021";"350,30"
"56000";"Ministério das Cidades";"29214";"Companhia Brasileira de Trens Urbanos";"275057";"CIA.BRASILEIRA DE TRENS URBANOS-STU/REC";"2021";"03";"***.471.344-**";"JOSUE OLIVEIRA GOMES";"06206070000187";"OASIS TINTAS IMOBILIARIAS E AUTOMOBILISTICAS LTDA";"COMPRA A/V - R$ - APRES";"22/02/2021";"94,29"
"56000";"Ministério das Cidades";"29214";"Companhia Brasileira de Trens Urbanos";"275057";"CIA.BRASILEIRA DE TRENS URBANOS-STU/REC";"2021";"03";"***.471.344-**";"JOSUE OLIVEIRA GOMES";"10825008000140";"BARTO ELETRONICA LTDA";"COMPRA A/V - R$ - APRES";"22/02/2021";"144,00"
"56000";"Ministério das Cidades";"29214";"Companhia Brasileira de Trens Urbanos";"275057";"CIA.BRASILEIRA DE TRENS URBANOS-STU/REC";"2021";"03";"***.471.344-**";"JOSUE OLIVEIRA GOMES";"10825008000140";"BARTO ELETRONICA LTDA";"COMPRA A/V - R$ - APRES";"19/02/2021";"250,72"
"56000";"Ministério das Cidades";"29214";"Companhia Brasileira de Trens Urbanos";"275057";"CIA.BRASILEIRA DE TRENS URBANOS-STU/REC";"2021";"03";"***.471.344-**";"JOSUE OLIVEIRA GOMES";"40892101000139";"RLH PNEUS LTDA";"COMPRA A/V - R$ - APRES";"23/02/2021";"340,00"
"56000";"Ministério das Cidades";"29214";"Companhia Brasileira de Trens Urbanos";"275057";"CIA.BRASILEIRA DE TRENS URBANOS-STU/REC";"2021";"03";"***.471.344-**";"JOSUE OLIVEIRA GOMES";"07886064000180";"I F COMERCIO DE INFORMATICA LTDA";"COMPRA A/V - R$ - APRES";"19/02/2021";"158,00"
"56000";"Ministério das Cidades";"29214";"Companhia Brasileira de Trens Urbanos";"275057";"CIA.BRASILEIRA DE TRENS URBANOS-STU/REC";"2021";"03";"***.471.344-**";"JOSUE OLIVEIRA GOMES";"07264693000179";"RENASCER MERCANTIL FERRAGISTA LTDA";"COMPRA A/V - R$ - APRES";"19/02/2021";"707,00"
"56000";"Ministério das Cidades";"29214";"Companhia Brasileira de Trens Urbanos";"275057";"CIA.BRASILEIRA DE TRENS URBANOS-STU/REC";"2021";"03";"***.471.344-**";"JOSUE OLIVEIRA GOMES";"10230480001960";"FERREIRA COSTA & CIA LTDA";"COMPRA A/V - R$ - APRES";"19/02/2021";"660,00"
"56000";"Ministério das Cidades";"29214";"Companhia Brasileira de Trens Urbanos";"275057";"CIA.BRASILEIRA DE TRENS URBANOS-STU/REC";"2021";"03";"***.150.164-**";"ROBERTO DE FARIAS SABINO";"10230480001960";"FERREIRA COSTA & CIA LTDA";"COMPRA A/V - R$ - APRES";"08/02/2021";"796,80"
"56000";"Ministério das Cidades";"29214";"Companhia Brasileira de Trens Urbanos";"275057";"CIA.BRASILEIRA DE TRENS URBANOS-STU/REC";"2021";"03";"***.150.164-**";"ROBERTO DE FARIAS SABINO";"34878083000138";"CRL COMERCIO DE PECAS E SERVICOS AUTOMOTIVO LTDA";"COMPRA A/V - R$ - APRES";"12/02/2021";"800,00"
"56000";"Ministério das Cidades";"29214";"Companhia Brasileira de Trens Urbanos";"275057";"CIA.BRASILEIRA DE TRENS URBANOS-STU/REC";"2021";"03";"***.471.344-**";"JOSUE OLIVEIRA GOMES";"08776148000124";"COMERCIAL MIPEL LTDA";"COMPRA A/V - R$ - APRES";"23/02/2021";"50,00"
"56000";"Ministério das Cidades";"29214";"Companhia Brasileira de Trens Urbanos";"275057";"CIA.BRASILEIRA DE TRENS URBANOS-STU/REC";"2021";"03";"***.471.344-**";"JOSUE OLIVEIRA GOMES";"24427759000113";"BEBERIBE RESTAURADORA DE VEICULOS LTDA";"COMPRA A/V - R$ - APRES";"22/02/2021";"760,00"
"56000";"Ministério das Cidades";"29214";"Companhia Brasileira de Trens Urbanos";"275057";"CIA.BRASILEIRA DE TRENS URBANOS-STU/REC";"2021";"03";"***.471.344-**";"JOSUE OLIVEIRA GOMES";"10751491000166";"E. CLEMBO COMERCIO E SERVICOS DE MOTORES";"COMPRA A/V - R$ - APRES";"23/02/2021";"520,00"
"56000";"Ministério das Cidades";"29214";"Companhia Brasileira de Trens Urbanos";"275057";"CIA.BRASILEIRA DE TRENS URBANOS-STU/REC";"2021";"03";"***.471.344-**";"JOSUE OLIVEIRA GOMES";"11623188001201";"ARMAZEM CORAL LTDA";"COMPRA A/V - R$ - APRES";"19/02/2021";"147,60"
"56000";"Ministério das Cidades";"29214";"Companhia Brasileira de Trens Urbanos";"275057";"CIA.BRASILEIRA DE TRENS URBANOS-STU/REC";"2021";"03";"***.471.344-**";"JOSUE OLIVEIRA GOMES";"13405408000195";"SMA AR COMPRIMIDO LTDA";"COMPRA A/V - R$ - APRES";"22/02/2021";"415,41"
"56000";"Ministério das Cidades";"29214";"Companhia Brasileira de Trens Urbanos";"275057";"CIA.BRASILEIRA DE TRENS URBANOS-STU/REC";"2021";"03";"***.471.344-**";"JOSUE OLIVEIRA GOMES";"24556839000179";"ARMAZEM COMERCIAL NOVO LAR LTDA";"COMPRA A/V - R$ - APRES";"23/02/2021";"256,70"
"56000";"Ministério das Cidades";"29214";"Companhia Brasileira de Trens Urbanos";"275057";"CIA.BRASILEIRA DE TRENS URBANOS-STU/REC";"2021";"03";"***.471.344-**";"JOSUE OLIVEIRA GOMES";"57158057000726";"COMERCIAL ELETRICA P.J.LTDA";"COMPRA A/V - R$ - APRES";"19/02/2021";"800,00"
"56000";"Ministério das Cidades";"29214";"Companhia Brasileira de Trens Urbanos";"275057";"CIA.BRASILEIRA DE TRENS URBANOS-STU/REC";"2021";"03";"***.471.344-**";"JOSUE OLIVEIRA GOMES";"08828118000114";"RGR COMERCIO DE PECAS E SERVICOS PARA VEICULOS AUTOMOTIVOS LTDA";"COMPRA A/V - R$ - APRES";"19/02/2021";"530,00"
"56000";"Ministério das Cidades";"29214";"Companhia Brasileira de Trens Urbanos";"275057";"CIA.BRASILEIRA DE TRENS URBANOS-STU/REC";"2021";"03";"***.471.344-**";"JOSUE OLIVEIRA GOMES";"50191535400";"WENIA DE ARAUJO LIMA E SILVA";"COMPRA A/V - R$ - APRES";"19/02/2021";"30,00"
"56000";"Ministério das Cidades";"29214";"Companhia Brasileira de Trens Urbanos";"275057";"CIA.BRASILEIRA DE TRENS URBANOS-STU/REC";"2021";"03";"***.150.164-**";"ROBERTO DE FARIAS SABINO";"24921078000107";"C & A MATERIAL DE CONSTRUCAO LTDA";"COMPRA A/V - R$ - APRES";"16/02/2021";"182,60"
"56000";"Ministério das Cidades";"29214";"Companhia Brasileira de Trens Urbanos";"275057";"CIA.BRASILEIRA DE TRENS URBANOS-STU/REC";"2021";"03";"***.150.164-**";"ROBERTO DE FARIAS SABINO";"24921078000107";"C & A MATERIAL DE CONSTRUCAO LTDA";"COMPRA A/V - R$ - APRES";"04/02/2021";"606,40"
"56000";"Ministério das Cidades";"29214";"Companhia Brasileira de Trens Urbanos";"275057";"CIA.BRASILEIRA DE TRENS URBANOS-STU/REC";"2021";"03";"***.471.344-**";"JOSUE OLIVEIRA GOMES";"35512722000100";"REDIESEL RECIFE AUTODIESEL LTDA";"COMPRA A/V - R$ - APRES";"19/02/2021";"360,00"
"56000";"Ministério das Cidades";"29214";"Companhia Brasileira de Trens Urbanos";"275057";"CIA.BRASILEIRA DE TRENS URBANOS-STU/REC";"2021";"03";"***.471.344-**";"JOSUE OLIVEIRA GOMES";"12784831000180";"ELDORADO TINTAS LTDA";"COMPRA A/V - R$ - APRES";"23/02/2021";"80,00"
"56000";"Ministério das Cidades";"29214";"Companhia Brasileira de Trens Urbanos";"275057";"CIA.BRASILEIRA DE TRENS URBANOS-STU/REC";"2021";"03";"***.471.344-**";"JOSUE OLIVEIRA GOMES";"07245932000143";"ELETROPALMA COMERCIO MATERIAL ELETRICO LTDA";"COMPRA A/V - R$ - APRES";"22/02/2021";"150,00"
"56000";"Ministério das Cidades";"29214";"Companhia Brasileira de Trens Urbanos";"275057";"CIA.BRASILEIRA DE TRENS URBANOS-STU/REC";"2021";"03";"***.471.344-**";"JOSUE OLIVEIRA GOMES";"12599809000160";"MP LUB DISTRIBUIDORA LTDA";"COMPRA A/V - R$ - APRES";"19/02/2021";"485,00"
"56000";"Ministério das Cidades";"29214";"Companhia Brasileira de Trens Urbanos";"275057";"CIA.BRASILEIRA DE TRENS URBANOS-STU/REC";"2021";"03";"***.471.344-**";"JOSUE OLIVEIRA GOMES";"12599809000160";"MP LUB DISTRIBUIDORA LTDA";"COMPRA A/V - R$ - APRES";"19/02/2021";"29,20"
"56000";"Ministério das Cidades";"29214";"Companhia Brasileira de Trens Urbanos";"275057";"CIA.BRASILEIRA DE TRENS URBANOS-STU/REC";"2021";"03";"***.471.344-**";"JOSUE OLIVEIRA GOMES";"00247083000118";"ROSANGELA LIMA DA PAZ LTDA";"COMPRA A/V - R$ - APRES";"22/02/2021";"300,00"
"41000";"Ministério das Comunicações";"41000";"Ministério das Comunicações - Unidades com vínculo direto";"410003";"COORDENACAO-GERAL DE RECURSOS LOGISTICOS";"2021";"03";"***.538.431-**";"HENRIQUE ULISSES DE ABREU";"-1";"SEM INFORMACAO";"COMPRA A/V - INT$ - APRES";"23/02/2021";"411,48"
"41000";"Ministério das Comunicações";"24216";"Telecomunicações Brasileiras S.A.";"242160";"TELECOMUNICACOES BRASILEIRAS S/A";"2021";"03";"***.926.781-**";"JOSE TARCISIO ROCHA";"-2";"NAO SE APLICA";"SAQUE CASH/ATM BB";"10/02/2021";"160,00"
"41000";"Ministério das Comunicações";"24216";"Telecomunicações Brasileiras S.A.";"242160";"TELECOMUNICACOES BRASILEIRAS S/A";"2021";"03";"***.926.781-**";"JOSE TARCISIO ROCHA";"-2";"NAO SE APLICA";"SAQUE CASH/ATM BB";"28/01/2021";"460,00"
"41000";"Ministério das Comunicações";"24216";"Telecomunicações Brasileiras S.A.";"242160";"TELECOMUNICACOES BRASILEIRAS S/A";"2021";"03";"***.882.441-**";"MARINA CORBUCCI CAMPOS";"09461647002139";"SOLUTI - SOLUCOES EM NEGOCIOS INTELIGENTES S/A";"COMPRA A/V - R$ - APRES";"05/02/2021";"520,00"
"32000";"Ministério de Minas e Energia";"32210";"Agência Nacional de Energia Elétrica";"323028";"AGENCIA NACIONAL DE ENERGIA ELETRICA";"2021";"03";"***.790.781-**";"JOAO DE DEUS DA SILVA";"30817668000197";"GT COMERCIO DE PRODUTOS ELETRICOS E ELETRONICOS LTDA";"COMPRA A/V - R$ - APRES";"17/02/2021";"112,00"
"32000";"Ministério de Minas e Energia";"32210";"Agência Nacional de Energia Elétrica";"323028";"AGENCIA NACIONAL DE ENERGIA ELETRICA";"2021";"03";"***.790.781-**";"JOAO DE DEUS DA SILVA";"00533018000310";"SARKIS & SARKIS LTDA";"COMPRA A/V - R$ - APRES";"17/02/2021";"150,00"
"32000";"Ministério de Minas e Energia";"32396";"Agência Nacional de Mineração";"323102";"AGENCIA NACIONAL DE MINERACAO - DF";"2021";"03";"***.837.471-**";"HELIO NASCIMENTO SILVA";"00097626000400";"BRASAL COMBUSTIVEIS LTDA";"COMPRA A/V - R$ - APRES";"09/02/2021";"210,72"
"32000";"Ministério de Minas e Energia";"32396";"Agência Nacional de Mineração";"323102";"AGENCIA NACIONAL DE MINERACAO - DF";"2021";"03";"***.837.471-**";"HELIO NASCIMENTO SILVA";"00097626000400";"BRASAL COMBUSTIVEIS LTDA";"COMPRA A/V - R$ - APRES";"09/02/2021";"223,12"
"32000";"Ministério de Minas e Energia";"32396";"Agência Nacional de Mineração";"323102";"AGENCIA NACIONAL DE MINERACAO - DF";"2021";"03";"***.837.471-**";"HELIO NASCIMENTO SILVA";"00097626000400";"BRASAL COMBUSTIVEIS LTDA";"COMPRA A/V - R$ - APRES";"09/02/2021";"214,28"
"32000";"Ministério de Minas e Energia";"32396";"Agência Nacional de Mineração";"323102";"AGENCIA NACIONAL DE MINERACAO - DF";"2021";"03";"***.837.471-**";"HELIO NASCIMENTO SILVA";"00097626000400";"BRASAL COMBUSTIVEIS LTDA";"COMPRA A/V - R$ - APRES";"09/02/2021";"240,27"
"32000";"Ministério de Minas e Energia";"32396";"Agência Nacional de Mineração";"323102";"AGENCIA NACIONAL DE MINERACAO - DF";"2021";"03";"***.837.471-**";"HELIO NASCIMENTO SILVA";"14707556000208";"AUTO BATERIAS ACUMULADORES LTDA";"COMPRA A/V - R$ - APRES";"19/02/2021";"250,00"
"32000";"Ministério de Minas e Energia";"32396";"Agência Nacional de Mineração";"323102";"AGENCIA NACIONAL DE MINERACAO - DF";"2021";"03";"***.837.471-**";"HELIO NASCIMENTO SILVA";"14707556000208";"AUTO BATERIAS ACUMULADORES LTDA";"COMPRA A/V - R$ - APRES";"19/02/2021";"518,00"
"32000";"Ministério de Minas e Energia";"32396";"Agência Nacional de Mineração";"323111";"GERENCIA REGIONAL DA ANM - ES";"2021";"03";"***.197.026-**";"YOLACIR CARLOS DE SOUZA SANTOS";"08589031000131";"AUTO POSTO SANTA PAULA LTDA";"COMPRA A/V - R$ - APRES";"17/02/2021";"234,82"
"32000";"Ministério de Minas e Energia";"32396";"Agência Nacional de Mineração";"323106";"GERENCIA REGIONAL DA ANM - GO";"2021";"03";"***.722.446-**";"GILVAM ALVES GUIMARAES";"07337714000139";"POSTO ELDORADO LTDA";"COMPRA A/V - R$ - APRES";"16/02/2021";"217,67"
"32000";"Ministério de Minas e Energia";"32396";"Agência Nacional de Mineração";"323106";"GERENCIA REGIONAL DA ANM - GO";"2021";"03";"***.917.931-**";"MARILIA FONSECA DIAS";"28434284000143";"SUPER ZE SUPERMERCADO LTDA";"COMPRA A/V - R$ - APRES";"09/02/2021";"188,14"
"32000";"Ministério de Minas e Energia";"32396";"Agência Nacional de Mineração";"323106";"GERENCIA REGIONAL DA ANM - GO";"2021";"03";"***.917.931-**";"MARILIA FONSECA DIAS";"00905760000148";"PAPELARIA TRIBUTARIA LTDA";"COMPRA A/V - R$ - APRES";"09/02/2021";"13,65"
"32000";"Ministério de Minas e Energia";"32396";"Agência Nacional de Mineração";"323106";"GERENCIA REGIONAL DA ANM - GO";"2021";"03";"***.722.446-**";"GILVAM ALVES GUIMARAES";"08568997000192";"AUTO POSTO DO RATINHO LTDA";"COMPRA A/V - R$ - APRES";"17/02/2021";"216,26"
"32000";"Ministério de Minas e Energia";"32396";"Agência Nacional de Mineração";"323106";"GERENCIA REGIONAL DA ANM - GO";"2021";"03";"***.722.446-**";"GILVAM ALVES GUIMARAES";"08568997000192";"AUTO POSTO DO RATINHO LTDA";"COMPRA A/V - R$ - APRES";"11/02/2021";"228,89"
"32000";"Ministério de Minas e Energia";"32396";"Agência Nacional de Mineração";"323106";"GERENCIA REGIONAL DA ANM - GO";"2021";"03";"***.722.446-**";"GILVAM ALVES GUIMARAES";"08568997000192";"AUTO POSTO DO RATINHO LTDA";"COMPRA A/V - R$ - APRES";"09/02/2021";"233,74"
"32000";"Ministério de Minas e Energia";"32396";"Agência Nacional de Mineração";"323104";"GERENCIA REGIONAL DA ANM - MG";"2021";"03";"***.327.096-**";"MARLUCIO DIAS DE SOUZA";"13569064001555";"REDE HG COMBUSTIVEIS LTDA.";"COMPRA A/V - R$ - APRES";"22/02/2021";"260,79"
"32000";"Ministério de Minas e Energia";"32396";"Agência Nacional de Mineração";"323104";"GERENCIA REGIONAL DA ANM - MG";"2021";"03";"***.971.706-**";"JOSE CARLOS SALES CAMPOS";"02211749000103";"POSTO 5.5. LIMITADA";"COMPRA A/V - R$ - APRES";"27/01/2021";"154,42"
"32000";"Ministério de Minas e Energia";"32396";"Agência Nacional de Mineração";"323104";"GERENCIA REGIONAL DA ANM - MG";"2021";"03";"***.403.126-**";"GUILHERME SANTANA LOPES GOMES";"20495149000287";"PRODOESTE VEICULOS E SERVICOS LTDA.";"COMPRA A/V - R$ - APRES";"08/02/2021";"100,00"
"32000";"Ministério de Minas e Energia";"32396";"Agência Nacional de Mineração";"323104";"GERENCIA REGIONAL DA ANM - MG";"2021";"03";"***.971.706-**";"JOSE CARLOS SALES CAMPOS";"34478708000174";"RD 352 AUTO POSTO LTDA";"COMPRA A/V - R$ - APRES";"11/02/2021";"205,99"
"32000";"Ministério de Minas e Energia";"32396";"Agência Nacional de Mineração";"323104";"GERENCIA REGIONAL DA ANM - MG";"2021";"03";"***.971.706-**";"JOSE CARLOS SALES CAMPOS";"34478708000174";"RD 352 AUTO POSTO LTDA";"COMPRA A/V - R$ - APRES";"10/02/2021";"185,02"
"32000";"Ministério de Minas e Energia";"32396";"Agência Nacional de Mineração";"323104";"GERENCIA REGIONAL DA ANM - MG";"2021";"03";"***.007.456-**";"LEONARDO PEDROSA";"19751553000104";"POSTO CHEFAO LTDA";"COMPRA A/V - R$ - APRES";"22/02/2021";"229,03"
"32000";"Ministério de Minas e Energia";"32396";"Agência Nacional de Mineração";"323104";"GERENCIA REGIONAL DA ANM - MG";"2021";"03";"***.403.126-**";"GUILHERME SANTANA LOPES GOMES";"16781155000142";"POSTO MIRANTE DO LAGO LTDA";"COMPRA A/V - R$ - APRES";"09/02/2021";"190,02"
"32000";"Ministério de Minas e Energia";"32396";"Agência Nacional de Mineração";"323104";"GERENCIA REGIONAL DA ANM - MG";"2021";"03";"***.971.706-**";"JOSE CARLOS SALES CAMPOS";"23357445000129";"POSTO PARAISO LTDA";"COMPRA A/V - R$ - APRES";"12/02/2021";"182,09"
"32000";"Ministério de Minas e Energia";"32396";"Agência Nacional de Mineração";"323104";"GERENCIA REGIONAL DA ANM - MG";"2021";"03";"***.593.506-**";"RENAN COUTINHO GUIMARAES";"09408596000480";"KISAKI COMERCIO DE VEICULOS LTDA";"COMPRA A/V - R$ - APRES";"10/02/2021";"1581,00"
"32000";"Ministério de Minas e Energia";"32396";"Agência Nacional de Mineração";"323104";"GERENCIA REGIONAL DA ANM - MG";"2021";"03";"***.712.216-**";"JOELMA GUALBERTO PASSOS DE OLIVEIRA";"03598050000100";"PONTO DO INCENDIO LTDA";"COMPRA A/V - R$ - APRES";"12/02/2021";"1739,81"
"32000";"Ministério de Minas e Energia";"32396";"Agência Nacional de Mineração";"323104";"GERENCIA REGIONAL DA ANM - MG";"2021";"03";"***.971.706-**";"JOSE CARLOS SALES CAMPOS";"01930849000208";"POSTO CAXUXA MGM LTDA";"COMPRA A/V - R$ - APRES";"28/01/2021";"193,01"
"32000";"Ministério de Minas e Energia";"32396";"Agência Nacional de Mineração";"323104";"GERENCIA REGIONAL DA ANM - MG";"2021";"03";"***.593.506-**";"RENAN COUTINHO GUIMARAES";"25975475000124";"AUTO POSTO BONANZA LTDA";"COMPRA A/V - R$ - APRES";"10/02/2021";"254,05"
"32000";"Ministério de Minas e Energia";"32396";"Agência Nacional de Mineração";"323104";"GERENCIA REGIONAL DA ANM - MG";"2021";"03";"***.403.126-**";"GUILHERME SANTANA LOPES GOMES";"52949184634";"JOSE MARIA DE CARVALHO";"COMPRA A/V - R$ - APRES";"11/02/2021";"30,00"
"32000";"Ministério de Minas e Energia";"32396";"Agência Nacional de Mineração";"323104";"GERENCIA REGIONAL DA ANM - MG";"2021";"03";"***.971.706-**";"JOSE CARLOS SALES CAMPOS";"01939996000168";"AUTO POSTO ROTA DO SOL LTDA";"COMPRA A/V - R$ - APRES";"29/01/2021";"158,79"
"32000";"Ministério de Minas e Energia";"32396";"Agência Nacional de Mineração";"323107";"GERENCIA REGIONAL DA ANM - MT";"2021";"03";"***.290.214-**";"MARCIO CORREIA DE AMORIM";"28168723000113";"ABREU SILVA & CIA LTDA - SEM AUTORIZACAO DA ANP";"COMPRA A/V - R$ - APRES";"03/02/2021";"200,02"
"32000";"Ministério de Minas e Energia";"32396";"Agência Nacional de Mineração";"323107";"GERENCIA REGIONAL DA ANM - MT";"2021";"03";"***.290.214-**";"MARCIO CORREIA DE AMORIM";"02350920000165";"TRANSGANSO COMERCIO E TRANSPORTES LTDA.";"COMPRA A/V - R$ - APRES";"11/02/2021";"222,39"
"32000";"Ministério de Minas e Energia";"32396";"Agência Nacional de Mineração";"323107";"GERENCIA REGIONAL DA ANM - MT";"2021";"03";"***.290.214-**";"MARCIO CORREIA DE AMORIM";"02350920000165";"TRANSGANSO COMERCIO E TRANSPORTES LTDA.";"COMPRA A/V - R$ - APRES";"05/02/2021";"210,55"
"32000";"Ministério de Minas e Energia";"32396";"Agência Nacional de Mineração";"323107";"GERENCIA REGIONAL DA ANM - MT";"2021";"03";"***.290.214-**";"MARCIO CORREIA DE AMORIM";"89594886153";"LISANDRA APARECIDA DOS SANTOS VILELA";"COMPRA A/V - R$ - APRES";"12/02/2021";"70,00"
"32000";"Ministério de Minas e Energia";"32396";"Agência Nacional de Mineração";"323108";"GERENCIA REGIONAL DA ANM - PA";"2021";"03";"***.204.332-**";"RAIMUNDO ITACI FERREIRA COSTA";"04802340000197";"ARMARINHO DO LAR LTDA";"COMPRA A/V - R$ - APRES";"22/02/2021";"46,95"
"32000";"Ministério de Minas e Energia";"32396";"Agência Nacional de Mineração";"323108";"GERENCIA REGIONAL DA ANM - PA";"2021";"03";"***.204.332-**";"RAIMUNDO ITACI FERREIRA COSTA";"09583034000120";"MUNDO DAS LAMPADAS COMERCIO DE MATERIAIS DE CONSTRUCAO LIMITADA";"COMPRA A/V - R$ - APRES";"22/02/2021";"20,00"
"32000";"Ministério de Minas e Energia";"32396";"Agência Nacional de Mineração";"323108";"GERENCIA REGIONAL DA ANM - PA";"2021";"03";"***.204.332-**";"RAIMUNDO ITACI FERREIRA COSTA";"07293648000142";"BELFARMA COMERCIO DE PRODUTOS FARMACEUTICOS LTDA";"COMPRA A/V - R$ - APRES";"22/02/2021";"70,00"
"32000";"Ministério de Minas e Energia";"32396";"Agência Nacional de Mineração";"323108";"GERENCIA REGIONAL DA ANM - PA";"2021";"03";"***.204.332-**";"RAIMUNDO ITACI FERREIRA COSTA";"16668076000120";"SUMUP INSTITUICAO DE PAGAMENTO BRASIL LTDA";"COMPRA A/V - R$ - APRES";"22/02/2021";"540,00"
"32000";"Ministério de Minas e Energia";"32396";"Agência Nacional de Mineração";"323108";"GERENCIA REGIONAL DA ANM - PA";"2021";"03";"***.204.332-**";"RAIMUNDO ITACI FERREIRA COSTA";"11914045000198";"11.914.045 LUIZ ANTONIO MIRANDA PALHETA";"COMPRA A/V - R$ - APRES";"22/02/2021";"80,00"
"32000";"Ministério de Minas e Energia";"32396";"Agência Nacional de Mineração";"323119";"GERENCIA REGIONAL DA ANM - PE";"2021";"03";"***.801.204-**";"GIVALDO CLEMENTE BARBOSA";"00936584432";"CRISTIANE BEZERRA CAVALCANTE";"COMPRA A/V - R$ - APRES";"23/02/2021";"100,00"
"32000";"Ministério de Minas e Energia";"32396";"Agência Nacional de Mineração";"323119";"GERENCIA REGIONAL DA ANM - PE";"2021";"03";"***.801.204-**";"GIVALDO CLEMENTE BARBOSA";"00936584432";"CRISTIANE BEZERRA CAVALCANTE";"COMPRA A/V - R$ - APRES";"23/02/2021";"150,00"
"32000";"Ministério de Minas e Energia";"32396";"Agência Nacional de Mineração";"323119";"GERENCIA REGIONAL DA ANM - PE";"2021";"03";"***.801.204-**";"GIVALDO CLEMENTE BARBOSA";"30848169000167";"AUGUSTO DE AGUIAR E SOUZA COPIAS";"COMPRA A/V - R$ - APRES";"23/02/2021";"542,70"
"32000";"Ministério de Minas e Energia";"32396";"Agência Nacional de Mineração";"323119";"GERENCIA REGIONAL DA ANM - PE";"2021";"03";"***.801.204-**";"GIVALDO CLEMENTE BARBOSA";"10230480000483";"FERREIRA COSTA & CIA LTDA";"COMPRA A/V - R$ - APRES";"23/02/2021";"89,90"
"32000";"Ministério de Minas e Energia";"32396";"Agência Nacional de Mineração";"323119";"GERENCIA REGIONAL DA ANM - PE";"2021";"03";"***.801.204-**";"GIVALDO CLEMENTE BARBOSA";"09515628000447";"ATACADO DOS PRESENTES LTDA";"COMPRA A/V - R$ - APRES";"23/02/2021";"85,37"
"32000";"Ministério de Minas e Energia";"32396";"Agência Nacional de Mineração";"323119";"GERENCIA REGIONAL DA ANM - PE";"2021";"03";"***.801.204-**";"GIVALDO CLEMENTE BARBOSA";"03786763000106";"POSTO XINGU LTDA";"COMPRA A/V - R$ - APRES";"23/02/2021";"195,96"
"32000";"Ministério de Minas e Energia";"32396";"Agência Nacional de Mineração";"323119";"GERENCIA REGIONAL DA ANM - PE";"2021";"03";"***.801.204-**";"GIVALDO CLEMENTE BARBOSA";"00943155000242";"FEIRAO DA MUSTARDINHA LTDA";"COMPRA A/V - R$ - APRES";"23/02/2021";"179,58"
"32000";"Ministério de Minas e Energia";"32396";"Agência Nacional de Mineração";"323120";"GERENCIA REGIONAL DA ANM - RN";"2021";"03";"***.167.904-**";"ELIASIBE ALVES DE JESUS";"18779739000109";"TG - COMERCIAL DE COMBUSTIVEIS PLANALTO LTDA";"COMPRA A/V - R$ - APRES";"19/02/2021";"100,00"
"32000";"Ministério de Minas e Energia";"32396";"Agência Nacional de Mineração";"323120";"GERENCIA REGIONAL DA ANM - RN";"2021";"03";"***.631.904-**";"JOSE ALVES DA COSTA NETO";"15051996000131";"CLEBSON DO NASCIMENTO FERREIRA 00056492421";"COMPRA A/V - R$ - APRES";"09/02/2021";"60,00"
"32000";"Ministério de Minas e Energia";"32396";"Agência Nacional de Mineração";"323120";"GERENCIA REGIONAL DA ANM - RN";"2021";"03";"***.167.904-**";"ELIASIBE ALVES DE JESUS";"02642482448";"MARCUS VINICIUS DE MEDEIROS PAIVA";"COMPRA A/V - R$ - APRES";"22/02/2021";"50,00"
"32000";"Ministério de Minas e Energia";"32396";"Agência Nacional de Mineração";"323120";"GERENCIA REGIONAL DA ANM - RN";"2021";"03";"***.167.904-**";"ELIASIBE ALVES DE JESUS";"04069473000104";"POSTO MONTE BELO MACAIBA - DISTRITO INDUSTRIAL LTDA";"COMPRA A/V - R$ - APRES";"18/02/2021";"332,19"
"32000";"Ministério de Minas e Energia";"32396";"Agência Nacional de Mineração";"323109";"GERENCIA REGIONAL DA ANM - SC";"2021";"03";"***.516.289-**";"MAICO DE OLIVEIRA";"28598850000152";"SERGIO AUGUSTO RAMOS 59985666020";"COMPRA A/V - R$ - APRES";"17/02/2021";"389,00"
"32000";"Ministério de Minas e Energia";"32396";"Agência Nacional de Mineração";"323109";"GERENCIA REGIONAL DA ANM - SC";"2021";"03";"***.516.289-**";"MAICO DE OLIVEIRA";"13501187000159";"CASAS DA AGUA MATERIAIS PARA CONSTRUCAO LTDA";"COMPRA A/V - R$ - APRES";"17/02/2021";"294,80"
"32000";"Ministério de Minas e Energia";"32396";"Agência Nacional de Mineração";"323109";"GERENCIA REGIONAL DA ANM - SC";"2021";"03";"***.674.240-**";"OLDAIR JOSE SILVEIRA LAMARQUE";"31130779000193";"HOEPERS LAVANDERIA LTDA";"COMPRA A/V - R$ - APRES";"22/02/2021";"208,70"
"32000";"Ministério de Minas e Energia";"32396";"Agência Nacional de Mineração";"323109";"GERENCIA REGIONAL DA ANM - SC";"2021";"03";"***.516.289-**";"MAICO DE OLIVEIRA";"83240333001006";"LOJAS MILIUM LTDA";"COMPRA A/V - R$ - APRES";"11/02/2021";"80,70"
"32000";"Ministério de Minas e Energia";"32205";"Agência Nacional do Petróleo, Gás Natural e Biocombustíveis";"323031";"ESCRITORIO CENTRAL DA ANP";"2021";"03";"***.107.867-**";"RAFAEL CRUZ COUTINHO FERREIRA";"03998278000198";"BIG PLAST COMERCIO DE EMBALAGENS LTDA";"COMPRA A/V - R$ - APRES";"12/02/2021";"381,00"
"32000";"Ministério de Minas e Energia";"32205";"Agência Nacional do Petróleo, Gás Natural e Biocombustíveis";"323031";"ESCRITORIO CENTRAL DA ANP";"2021";"03";"***.486.236-**";"EDER MARCIO SILVA DE OLIVEIRA";"03280903000161";"MIX DAS ESSENCIAS LTDA";"COMPRA A/V - R$ - APRES";"23/02/2021";"67,25"
"32000";"Ministério de Minas e Energia";"32205";"Agência Nacional do Petróleo, Gás Natural e Biocombustíveis";"323031";"ESCRITORIO CENTRAL DA ANP";"2021";"03";"***.566.343-**";"JULIANA PETRONILLIO HERNANDES";"37977691000783";"ESPACO & FORMA MOVEIS E DIVISORIAS LTDA";"COMPRA A/V - R$ - APRES";"08/02/2021";"792,00"
"32000";"Ministério de Minas e Energia";"32205";"Agência Nacional do Petróleo, Gás Natural e Biocombustíveis";"323031";"ESCRITORIO CENTRAL DA ANP";"2021";"03";"***.244.899-**";"GUILHERME DE OLIVEIRA FERRONATO";"23348266000125";"MT ATACADISTA DE MADEIRAS LTDA";"COMPRA A/V - R$ - APRES";"08/02/2021";"1750,00"
"32000";"Ministério de Minas e Energia";"32205";"Agência Nacional do Petróleo, Gás Natural e Biocombustíveis";"323031";"ESCRITORIO CENTRAL DA ANP";"2021";"03";"***.298.177-**";"MARCELA RIBEIRO VIANNA";"43283811002799";"KALUNGA SA";"COMPRA A/V - R$ - APRES";"10/02/2021";"221,70"
"32000";"Ministério de Minas e Energia";"32205";"Agência Nacional do Petróleo, Gás Natural e Biocombustíveis";"323031";"ESCRITORIO CENTRAL DA ANP";"2021";"03";"***.731.796-**";"ROBERTO MOREIRA CALDEIRA";"20370037000119";"GERAL MINAS FERRAGENS E FERRAMENTAS LTDA";"COMPRA A/V - R$ - APRES";"10/02/2021";"23,10"
"32000";"Ministério de Minas e Energia";"32205";"Agência Nacional do Petróleo, Gás Natural e Biocombustíveis";"323031";"ESCRITORIO CENTRAL DA ANP";"2021";"03";"***.298.177-**";"MARCELA RIBEIRO VIANNA";"40380313000137";"BASEL COMERCIAL LTDA";"COMPRA A/V - R$ - APRES";"10/02/2021";"39,60"
"32000";"Ministério de Minas e Energia";"32205";"Agência Nacional do Petróleo, Gás Natural e Biocombustíveis";"323031";"ESCRITORIO CENTRAL DA ANP";"2021";"03";"***.731.796-**";"ROBERTO MOREIRA CALDEIRA";"25345569000110";"EDSON CESAR SOTTE";"COMPRA A/V - R$ - APRES";"08/02/2021";"40,00"
"32000";"Ministério de Minas e Energia";"32205";"Agência Nacional do Petróleo, Gás Natural e Biocombustíveis";"323031";"ESCRITORIO CENTRAL DA ANP";"2021";"03";"***.244.899-**";"GUILHERME DE OLIVEIRA FERRONATO";"29341384000198";"ANTONIO BERNARDINO DE SOUSA FILHO 32125445387";"COMPRA A/V - R$ - APRES";"03/02/2021";"20,00"
"32000";"Ministério de Minas e Energia";"32205";"Agência Nacional do Petróleo, Gás Natural e Biocombustíveis";"323031";"ESCRITORIO CENTRAL DA ANP";"2021";"03";"***.486.236-**";"EDER MARCIO SILVA DE OLIVEIRA";"17558578000160";"ESPORTES CAMISA 10 LTDA";"COMPRA A/V - R$ - APRES";"23/02/2021";"169,50"
"32000";"Ministério de Minas e Energia";"32205";"Agência Nacional do Petróleo, Gás Natural e Biocombustíveis";"323031";"ESCRITORIO CENTRAL DA ANP";"2021";"03";"***.244.899-**";"GUILHERME DE OLIVEIRA FERRONATO";"26443804000230";"SR ACABAMENTOS E MATERIAIS PARA CONSTRUCAO LTDA";"COMPRA A/V - R$ - APRES";"05/02/2021";"135,60"
"32000";"Ministério de Minas e Energia";"29208";"Companhia de Pesquisa de Recursos Minerais";"495110";"COMPANHIA DE PESQUISA DE RECURSOS MINERAIS";"2021";"03";"***.231.365-**";"VALDINEIA DOS SANTOS OLIVEIRA";"24122560000187";"NUNES E MOCELLIN INFORMATICA LTDA";"COMPRA A/V - R$ - APRES";"18/02/2021";"1300,00"
"32000";"Ministério de Minas e Energia";"29208";"Companhia de Pesquisa de Recursos Minerais";"495130";"COMPANHIA DE PESQUISA DE RECURSOS MINERAIS";"2021";"03";"***.168.097-**";"NATHALIA WINKELMANN ROITBERG";"43283811002799";"KALUNGA SA";"COMPRA A/V - R$ - APRES";"12/02/2021";"460,00"
"32000";"Ministério de Minas e Energia";"29208";"Companhia de Pesquisa de Recursos Minerais";"495130";"COMPANHIA DE PESQUISA DE RECURSOS MINERAIS";"2021";"03";"***.168.097-**";"NATHALIA WINKELMANN ROITBERG";"18240661000150";"LABOR SHOPING COMERCIO DE PRODUTOS QUIMICOS LTDA";"COMPRA A/V - R$ - APRES";"12/02/2021";"311,50"
"32000";"Ministério de Minas e Energia";"32263";"Departamento Nacional de Produção Mineral";"323025";"SUPERINTENDENCIA DO DNPM-MS";"2021";"03";"***.344.739-**";"PATRICK SCHALDACH";"27753696000183";"DESIRE BORGES LOPES";"COMPRA A/V - R$ - APRES";"29/01/2021";"500,00"
"32000";"Ministério de Minas e Energia";"32263";"Departamento Nacional de Produção Mineral";"323025";"SUPERINTENDENCIA DO DNPM-MS";"2021";"03";"***.344.739-**";"PATRICK SCHALDACH";"02154625000133";"PAI E FILHO COMERCIO DE GAS LTDA";"COMPRA A/V - R$ - APRES";"29/01/2021";"168,00"
"32000";"Ministério de Minas e Energia";"32263";"Departamento Nacional de Produção Mineral";"323023";"SUPERINTENDENCIA DO DNPM-PI";"2021";"03";"***.749.353-**";"MIGUEL FRANCISCO DE SOUZA CARVALHO";"07476815000190";"LUIS AMERICANO COMERCIO";"COMPRA A/V - R$ - APRES";"19/02/2021";"208,80"
"68000";"Ministério de Portos e Aeroportos";"62201";"Agência Nacional de Aviação Civil";"113214";"AGENCIA NACIONAL DE AVIACAO CIVIL";"2021";"03";"***.348.778-**";"CARLOS HIROAKI OBA";"03621083000124";"ULTRASOM ELETRONICA LTDA";"COMPRA A/V - R$ - APRES";"12/02/2021";"220,00"
"68000";"Ministério de Portos e Aeroportos";"62201";"Agência Nacional de Aviação Civil";"113218";"NUCLEO REG. DE AVIACAO CIVIL DE RECIFE";"2021";"03";"***.984.604-**";"VALDEMIR PEREIRA DA SILVA FILHO";"06198619004045";"DROGATIM DROGARIAS LTDA";"COMPRA A/V - R$ - APRES";"18/02/2021";"69,98"
"68000";"Ministério de Portos e Aeroportos";"68201";"Agência Nacional de Transportes Aquaviários";"682010";"AGENCIA NACIONAL DE TRANSPORTES AQUAVIARIOS";"2021";"03";"***.413.347-**";"RAFAEL DUARTE FERREIRA DA SILVA";"02012862004823";"TAM LINHAS AEREAS S/A.";"COMPRA A/V - R$ - APRES";"23/02/2021";"126,00"
"68000";"Ministério de Portos e Aeroportos";"68201";"Agência Nacional de Transportes Aquaviários";"682010";"AGENCIA NACIONAL DE TRANSPORTES AQUAVIARIOS";"2021";"03";"***.297.345-**";"JOSIANE OLIVEIRA DAMACENO";"43283811017982";"KALUNGA SA";"COMPRA A/V - R$ - APRES";"11/02/2021";"224,10"
"68000";"Ministério de Portos e Aeroportos";"68201";"Agência Nacional de Transportes Aquaviários";"682010";"AGENCIA NACIONAL DE TRANSPORTES AQUAVIARIOS";"2021";"03";"***.239.329-**";"THIAGO FERNANDO BONETTI";"-2";"NAO SE APLICA";"SAQUE CASH/ATM BB";"08/02/2021";"140,00"
"49000";"Ministério do Desenvolvimento Agrário e Agr";"22211";"Companhia Nacional de Abastecimento";"135100";"COMPANHIA NACIONAL DE ABASTECIMENTO";"2021";"03";"***.618.761-**";"HOMERINO FERREIRA DE MACEDO";"06998177000105";"BRAZPEL COMERCIO DE PRODUTOS DE HIGIENE E LIMPEZA LTDA";"COMPRA A/V - R$ - APRES";"18/02/2021";"279,20"
"49000";"Ministério do Desenvolvimento Agrário e Agr";"22211";"Companhia Nacional de Abastecimento";"135100";"COMPANHIA NACIONAL DE ABASTECIMENTO";"2021";"03";"***.618.761-**";"HOMERINO FERREIRA DE MACEDO";"04789609000142";"MELHORES MARCAS COMERCIO E REPRESENTACOES DE FERRAMENTAS LTDA";"COMPRA A/V - R$ - APRES";"18/02/2021";"295,00"
"49000";"Ministério do Desenvolvimento Agrário e Agr";"22211";"Companhia Nacional de Abastecimento";"135100";"COMPANHIA NACIONAL DE ABASTECIMENTO";"2021";"03";"***.618.761-**";"HOMERINO FERREIRA DE MACEDO";"08692115000104";"BANDEIRANTE COMERCIAL ATACADISTA DE EMBALAGENS E DESCARTAVEIS LTDA";"COMPRA A/V - R$ - APRES";"18/02/2021";"64,10"
"49000";"Ministério do Desenvolvimento Agrário e Agr";"22211";"Companhia Nacional de Abastecimento";"135100";"COMPANHIA NACIONAL DE ABASTECIMENTO";"2021";"03";"***.618.761-**";"HOMERINO FERREIRA DE MACEDO";"05428208000120";"RGN - SOM ELETRONICA E INFORMATICA LTDA";"COMPRA A/V - R$ - APRES";"23/02/2021";"90,00"
"49000";"Ministério do Desenvolvimento Agrário e Agr";"22211";"Companhia Nacional de Abastecimento";"135100";"COMPANHIA NACIONAL DE ABASTECIMENTO";"2021";"03";"***.618.761-**";"HOMERINO FERREIRA DE MACEDO";"07888247000135";"COMERCIAL ALVORADA DE PRODUTOS PARA LIMPEZA E DESCARTAVEIS LTDA";"COMPRA A/V - R$ - APRES";"10/02/2021";"298,06"
"49000";"Ministério do Desenvolvimento Agrário e Agr";"22211";"Companhia Nacional de Abastecimento";"135209";"CONAB SEDE SUREG MATO GROSSO";"2021";"03";"***.227.381-**";"LUIZA DE SOUSA FARIAS";"09395094000110";"R. F. ROSSETTI";"COMPRA A/V - R$ - APRES";"10/02/2021";"300,00"
"49000";"Ministério do Desenvolvimento Agrário e Agr";"22211";"Companhia Nacional de Abastecimento";"135461";"CONAB SEDE SUREG RONDONIA";"2021";"03";"***.989.522-**";"JORGE FARIAS DIAS";"02179328000142";"FREITAS & CIA LTDA";"COMPRA A/V - R$ - APRES";"08/02/2021";"19,54"
"49000";"Ministério do Desenvolvimento Agrário e Agr";"22211";"Companhia Nacional de Abastecimento";"135461";"CONAB SEDE SUREG RONDONIA";"2021";"03";"***.989.522-**";"JORGE FARIAS DIAS";"63745434000130";"CONTATO TELECOM LTDA";"COMPRA A/V - R$ - APRES";"08/02/2021";"80,00"
"49000";"Ministério do Desenvolvimento Agrário e Agr";"22211";"Companhia Nacional de Abastecimento";"135587";"CONAB SEDE SUREG RORAIMA";"2021";"03";"***.357.462-**";"DYENE MENEZES COSTA";"16668076000200";"SUMUP INSTITUICAO DE PAGAMENTO BRASIL LTDA";"COMPRA A/V - R$ - APRES";"23/02/2021";"80,00"
"49000";"Ministério do Desenvolvimento Agrário e Agr";"22211";"Companhia Nacional de Abastecimento";"135587";"CONAB SEDE SUREG RORAIMA";"2021";"03";"***.357.462-**";"DYENE MENEZES COSTA";"16668076000200";"SUMUP INSTITUICAO DE PAGAMENTO BRASIL LTDA";"COMPRA A/V - R$ - APRES";"22/02/2021";"100,00"
"49000";"Ministério do Desenvolvimento Agrário e Agr";"22211";"Companhia Nacional de Abastecimento";"135587";"CONAB SEDE SUREG RORAIMA";"2021";"03";"***.357.462-**";"DYENE MENEZES COSTA";"16668076000200";"SUMUP INSTITUICAO DE PAGAMENTO BRASIL LTDA";"COMPRA A/V - R$ - APRES";"22/02/2021";"170,00"
"49000";"Ministério do Desenvolvimento Agrário e Agr";"22211";"Companhia Nacional de Abastecimento";"135587";"CONAB SEDE SUREG RORAIMA";"2021";"03";"***.357.462-**";"DYENE MENEZES COSTA";"16668076000200";"SUMUP INSTITUICAO DE PAGAMENTO BRASIL LTDA";"COMPRA A/V - R$ - APRES";"22/02/2021";"250,00"
"49000";"Ministério do Desenvolvimento Agrário e Agr";"22211";"Companhia Nacional de Abastecimento";"135587";"CONAB SEDE SUREG RORAIMA";"2021";"03";"***.357.462-**";"DYENE MENEZES COSTA";"06185371000503";"PAU BRASIL MADEIREIRA E MATERIAIS DE CONSTRUCAO LTDA";"COMPRA A/V - R$ - APRES";"22/02/2021";"510,00"
"49000";"Ministério do Desenvolvimento Agrário e Agr";"22211";"Companhia Nacional de Abastecimento";"135587";"CONAB SEDE SUREG RORAIMA";"2021";"03";"***.357.462-**";"DYENE MENEZES COSTA";"06185371000414";"PAU BRASIL MADEIREIRA E MATERIAIS DE CONSTRUCAO LTDA";"COMPRA A/V - R$ - APRES";"23/02/2021";"80,00"
"49000";"Ministério do Desenvolvimento Agrário e Agr";"22211";"Companhia Nacional de Abastecimento";"135284";"CONAB SEDE SUREG SANTA CATARINA";"2021";"03";"***.868.268-**";"LAYO DE JESUS ALVES";"26080421000163";"26.080.421 ANA MARIA LEITE";"COMPRA A/V - R$ - APRES";"29/01/2021";"200,00"
"49000";"Ministério do Desenvolvimento Agrário e Agr";"22211";"Companhia Nacional de Abastecimento";"135284";"CONAB SEDE SUREG SANTA CATARINA";"2021";"03";"***.868.268-**";"LAYO DE JESUS ALVES";"74226274920";"DEYSI JUREMA DA SILVA THOMAZ";"COMPRA A/V - R$ - APRES";"28/01/2021";"130,00"
"49000";"Ministério do Desenvolvimento Agrário e Agr";"22201";"Instituto Nacional de Colonização e Reforma Agrária";"133088";"SUPERINT. REGIONAL DO DF E ENTORNO-SR(28)DFE";"2021";"03";"***.649.381-**";"EDSON FORMIGA DE SOUSA";"27423881000100";"CAMISETAS ADORANDO LTDA";"COMPRA A/V - R$ - APRES";"18/02/2021";"669,60"
"49000";"Ministério do Desenvolvimento Agrário e Agr";"22201";"Instituto Nacional de Colonização e Reforma Agrária";"133088";"SUPERINT. REGIONAL DO DF E ENTORNO-SR(28)DFE";"2021";"03";"***.649.381-**";"EDSON FORMIGA DE SOUSA";"21116460000150";"GLAUBER PEREIRA DA SILVA LTDA";"COMPRA A/V - R$ - APRES";"22/02/2021";"166,80"
"49000";"Ministério do Desenvolvimento Agrário e Agr";"22201";"Instituto Nacional de Colonização e Reforma Agrária";"133088";"SUPERINT. REGIONAL DO DF E ENTORNO-SR(28)DFE";"2021";"03";"***.261.881-**";"FRANCISCO JOSE DO NASCIMENTO ROCHA";"20720903000154";"MAIS ENERGIA SOLUCOES TECNICAS LTDA";"COMPRA A/V - R$ - APRES";"17/02/2021";"1700,00"
"49000";"Ministério do Desenvolvimento Agrário e Agr";"22201";"Instituto Nacional de Colonização e Reforma Agrária";"133088";"SUPERINT. REGIONAL DO DF E ENTORNO-SR(28)DFE";"2021";"03";"***.261.881-**";"FRANCISCO JOSE DO NASCIMENTO ROCHA";"20720903000154";"MAIS ENERGIA SOLUCOES TECNICAS LTDA";"COMPRA A/V - R$ - APRES";"05/02/2021";"1500,00"
"49000";"Ministério do Desenvolvimento Agrário e Agr";"22201";"Instituto Nacional de Colonização e Reforma Agrária";"133088";"SUPERINT. REGIONAL DO DF E ENTORNO-SR(28)DFE";"2021";"03";"***.649.381-**";"EDSON FORMIGA DE SOUSA";"10573521000191";"MERCADO PAGO INSTITUICAO DE PAGAMENTO LTDA";"COMPRA A/V - R$ - APRES";"19/02/2021";"400,00"
"49000";"Ministério do Desenvolvimento Agrário e Agr";"22201";"Instituto Nacional de Colonização e Reforma Agrária";"133088";"SUPERINT. REGIONAL DO DF E ENTORNO-SR(28)DFE";"2021";"03";"***.649.381-**";"EDSON FORMIGA DE SOUSA";"07354003000172";"RAINBOW SOLUCOES GRAFICAS LTDA";"COMPRA A/V - R$ - APRES";"18/02/2021";"107,50"
"49000";"Ministério do Desenvolvimento Agrário e Agr";"22201";"Instituto Nacional de Colonização e Reforma Agrária";"373057";"SUPERINT. REGIONAL DO ESPIRITO SANTO-SR(20)ES";"2021";"03";"***.571.707-**";"CARLOS LUIZ MENDES SANTOS";"28059632000140";"A.B.C. AUTO SERVICOS LTDA";"COMPRA A/V - R$ - APRES";"11/02/2021";"192,48"
"49000";"Ministério do Desenvolvimento Agrário e Agr";"22201";"Instituto Nacional de Colonização e Reforma Agrária";"373030";"SUPERINT.REG.DO NORDESTE DO PARA - SR(01)PA";"2021";"03";"***.542.342-**";"JOSE ANTONIO AMARO DA SILVA";"-2";"NAO SE APLICA";"SAQUE CASH/ATM BB";"06/02/2021";"1000,00"
"49000";"Ministério do Desenvolvimento Agrário e Agr";"22201";"Instituto Nacional de Colonização e Reforma Agrária";"373030";"SUPERINT.REG.DO NORDESTE DO PARA - SR(01)PA";"2021";"03";"***.876.202-**";"ANISIO OLIVEIRA XAVIER";"05303828000132";"SUPERCENTRO POSTOS DE SERVICOS E COMBUSTIVEIS LTDA";"COMPRA A/V - R$ - APRES";"19/02/2021";"150,00"
"49000";"Ministério do Desenvolvimento Agrário e Agr";"22201";"Instituto Nacional de Colonização e Reforma Agrária";"373030";"SUPERINT.REG.DO NORDESTE DO PARA - SR(01)PA";"2021";"03";"***.876.202-**";"ANISIO OLIVEIRA XAVIER";"05303828000132";"SUPERCENTRO POSTOS DE SERVICOS E COMBUSTIVEIS LTDA";"COMPRA A/V - R$ - APRES";"19/02/2021";"100,00"
"49000";"Ministério do Desenvolvimento Agrário e Agr";"22201";"Instituto Nacional de Colonização e Reforma Agrária";"373030";"SUPERINT.REG.DO NORDESTE DO PARA - SR(01)PA";"2021";"03";"***.876.202-**";"ANISIO OLIVEIRA XAVIER";"05303828000132";"SUPERCENTRO POSTOS DE SERVICOS E COMBUSTIVEIS LTDA";"COMPRA A/V - R$ - APRES";"10/02/2021";"120,00"
"49000";"Ministério do Desenvolvimento Agrário e Agr";"22201";"Instituto Nacional de Colonização e Reforma Agrária";"373030";"SUPERINT.REG.DO NORDESTE DO PARA - SR(01)PA";"2021";"03";"***.876.202-**";"ANISIO OLIVEIRA XAVIER";"05303828000132";"SUPERCENTRO POSTOS DE SERVICOS E COMBUSTIVEIS LTDA";"COMPRA A/V - R$ - APRES";"09/02/2021";"120,00"
"49000";"Ministério do Desenvolvimento Agrário e Agr";"22201";"Instituto Nacional de Colonização e Reforma Agrária";"373030";"SUPERINT.REG.DO NORDESTE DO PARA - SR(01)PA";"2021";"03";"***.876.202-**";"ANISIO OLIVEIRA XAVIER";"04901294000183";"POSTO INVENCIVEL LTDA";"COMPRA A/V - R$ - APRES";"22/02/2021";"50,00"
"49000";"Ministério do Desenvolvimento Agrário e Agr";"22201";"Instituto Nacional de Colonização e Reforma Agrária";"373030";"SUPERINT.REG.DO NORDESTE DO PARA - SR(01)PA";"2021";"03";"***.876.202-**";"ANISIO OLIVEIRA XAVIER";"-2";"NAO SE APLICA";"SAQUE CASH/ATM BB";"19/02/2021";"1000,00"
"49000";"Ministério do Desenvolvimento Agrário e Agr";"22201";"Instituto Nacional de Colonização e Reforma Agrária";"373030";"SUPERINT.REG.DO NORDESTE DO PARA - SR(01)PA";"2021";"03";"***.876.202-**";"ANISIO OLIVEIRA XAVIER";"-2";"NAO SE APLICA";"SAQUE CASH/ATM BB";"14/02/2021";"600,00"
"49000";"Ministério do Desenvolvimento Agrário e Agr";"22201";"Instituto Nacional de Colonização e Reforma Agrária";"373030";"SUPERINT.REG.DO NORDESTE DO PARA - SR(01)PA";"2021";"03";"***.876.202-**";"ANISIO OLIVEIRA XAVIER";"-2";"NAO SE APLICA";"SAQUE CASH/ATM BB";"13/02/2021";"1000,00"
"49000";"Ministério do Desenvolvimento Agrário e Agr";"22201";"Instituto Nacional de Colonização e Reforma Agrária";"373030";"SUPERINT.REG.DO NORDESTE DO PARA - SR(01)PA";"2021";"03";"***.876.202-**";"ANISIO OLIVEIRA XAVIER";"-2";"NAO SE APLICA";"SAQUE CASH/ATM BB";"12/02/2021";"1000,00"
"49000";"Ministério do Desenvolvimento Agrário e Agr";"22201";"Instituto Nacional de Colonização e Reforma Agrária";"373030";"SUPERINT.REG.DO NORDESTE DO PARA - SR(01)PA";"2021";"03";"***.876.202-**";"ANISIO OLIVEIRA XAVIER";"-2";"NAO SE APLICA";"SAQUE CASH/ATM BB";"11/02/2021";"1000,00"
"49000";"Ministério do Desenvolvimento Agrário e Agr";"22201";"Instituto Nacional de Colonização e Reforma Agrária";"373030";"SUPERINT.REG.DO NORDESTE DO PARA - SR(01)PA";"2021";"03";"***.876.202-**";"ANISIO OLIVEIRA XAVIER";"-2";"NAO SE APLICA";"SAQUE CASH/ATM BB";"09/02/2021";"1000,00"
"49000";"Ministério do Desenvolvimento Agrário e Agr";"22201";"Instituto Nacional de Colonização e Reforma Agrária";"373030";"SUPERINT.REG.DO NORDESTE DO PARA - SR(01)PA";"2021";"03";"***.876.202-**";"ANISIO OLIVEIRA XAVIER";"-2";"NAO SE APLICA";"SAQUE CASH/ATM BB";"01/02/2021";"1000,00"
"49000";"Ministério do Desenvolvimento Agrário e Agr";"22201";"Instituto Nacional de Colonização e Reforma Agrária";"373030";"SUPERINT.REG.DO NORDESTE DO PARA - SR(01)PA";"2021";"03";"***.876.202-**";"ANISIO OLIVEIRA XAVIER";"-2";"NAO SE APLICA";"SAQUE CASH/ATM BB";"31/01/2021";"1000,00"
"49000";"Ministério do Desenvolvimento Agrário e Agr";"22201";"Instituto Nacional de Colonização e Reforma Agrária";"373030";"SUPERINT.REG.DO NORDESTE DO PARA - SR(01)PA";"2021";"03";"***.876.202-**";"ANISIO OLIVEIRA XAVIER";"-2";"NAO SE APLICA";"SAQUE CASH/ATM BB";"30/01/2021";"1000,00"
"49000";"Ministério do Desenvolvimento Agrário e Agr";"22201";"Instituto Nacional de Colonização e Reforma Agrária";"373030";"SUPERINT.REG.DO NORDESTE DO PARA - SR(01)PA";"2021";"03";"***.050.242-**";"NEIL DUARTE DE SOUZA";"-2";"NAO SE APLICA";"SAQUE CASH/ATM BB";"11/02/2021";"300,00"
"49000";"Ministério do Desenvolvimento Agrário e Agr";"22201";"Instituto Nacional de Colonização e Reforma Agrária";"373030";"SUPERINT.REG.DO NORDESTE DO PARA - SR(01)PA";"2021";"03";"***.050.242-**";"NEIL DUARTE DE SOUZA";"-2";"NAO SE APLICA";"SAQUE CASH/ATM BB";"08/02/2021";"700,00"
"49000";"Ministério do Desenvolvimento Agrário e Agr";"22201";"Instituto Nacional de Colonização e Reforma Agrária";"373030";"SUPERINT.REG.DO NORDESTE DO PARA - SR(01)PA";"2021";"03";"***.037.052-**";"BENEDITO SERGIO FERREIRA";"-2";"NAO SE APLICA";"SAQUE CASH/ATM BB";"15/02/2021";"200,00"
"49000";"Ministério do Desenvolvimento Agrário e Agr";"22201";"Instituto Nacional de Colonização e Reforma Agrária";"373030";"SUPERINT.REG.DO NORDESTE DO PARA - SR(01)PA";"2021";"03";"***.037.052-**";"BENEDITO SERGIO FERREIRA";"-2";"NAO SE APLICA";"SAQUE CASH/ATM BB";"12/02/2021";"1000,00"
"49000";"Ministério do Desenvolvimento Agrário e Agr";"22201";"Instituto Nacional de Colonização e Reforma Agrária";"373030";"SUPERINT.REG.DO NORDESTE DO PARA - SR(01)PA";"2021";"03";"***.037.052-**";"BENEDITO SERGIO FERREIRA";"-2";"NAO SE APLICA";"SAQUE CASH/ATM BB";"11/02/2021";"1000,00"
"49000";"Ministério do Desenvolvimento Agrário e Agr";"22201";"Instituto Nacional de Colonização e Reforma Agrária";"373030";"SUPERINT.REG.DO NORDESTE DO PARA - SR(01)PA";"2021";"03";"***.037.052-**";"BENEDITO SERGIO FERREIRA";"-2";"NAO SE APLICA";"SAQUE CASH/ATM BB";"10/02/2021";"800,00"
"49000";"Ministério do Desenvolvimento Agrário e Agr";"22201";"Instituto Nacional de Colonização e Reforma Agrária";"373030";"SUPERINT.REG.DO NORDESTE DO PARA - SR(01)PA";"2021";"03";"***.037.052-**";"BENEDITO SERGIO FERREIRA";"-2";"NAO SE APLICA";"SAQUE CASH/ATM BB";"09/02/2021";"1000,00"
"49000";"Ministério do Desenvolvimento Agrário e Agr";"22201";"Instituto Nacional de Colonização e Reforma Agrária";"373030";"SUPERINT.REG.DO NORDESTE DO PARA - SR(01)PA";"2021";"03";"***.542.342-**";"JOSE ANTONIO AMARO DA SILVA";"-2";"NAO SE APLICA";"SAQUE CASH/ATM BB";"15/02/2021";"1000,00"
"49000";"Ministério do Desenvolvimento Agrário e Agr";"22201";"Instituto Nacional de Colonização e Reforma Agrária";"373030";"SUPERINT.REG.DO NORDESTE DO PARA - SR(01)PA";"2021";"03";"***.542.342-**";"JOSE ANTONIO AMARO DA SILVA";"-2";"NAO SE APLICA";"SAQUE CASH/ATM BB";"14/02/2021";"1000,00"
"49000";"Ministério do Desenvolvimento Agrário e Agr";"22201";"Instituto Nacional de Colonização e Reforma Agrária";"373030";"SUPERINT.REG.DO NORDESTE DO PARA - SR(01)PA";"2021";"03";"***.542.342-**";"JOSE ANTONIO AMARO DA SILVA";"-2";"NAO SE APLICA";"SAQUE CASH/ATM BB";"13/02/2021";"1000,00"
"49000";"Ministério do Desenvolvimento Agrário e Agr";"22201";"Instituto Nacional de Colonização e Reforma Agrária";"373030";"SUPERINT.REG.DO NORDESTE DO PARA - SR(01)PA";"2021";"03";"***.542.342-**";"JOSE ANTONIO AMARO DA SILVA";"-2";"NAO SE APLICA";"SAQUE CASH/ATM BB";"12/02/2021";"1000,00"
"49000";"Ministério do Desenvolvimento Agrário e Agr";"22201";"Instituto Nacional de Colonização e Reforma Agrária";"373030";"SUPERINT.REG.DO NORDESTE DO PARA - SR(01)PA";"2021";"03";"***.542.342-**";"JOSE ANTONIO AMARO DA SILVA";"-2";"NAO SE APLICA";"SAQUE CASH/ATM BB";"11/02/2021";"1000,00"
"49000";"Ministério do Desenvolvimento Agrário e Agr";"22201";"Instituto Nacional de Colonização e Reforma Agrária";"373030";"SUPERINT.REG.DO NORDESTE DO PARA - SR(01)PA";"2021";"03";"***.542.342-**";"JOSE ANTONIO AMARO DA SILVA";"-2";"NAO SE APLICA";"SAQUE CASH/ATM BB";"08/02/2021";"500,00"
"49000";"Ministério do Desenvolvimento Agrário e Agr";"22201";"Instituto Nacional de Colonização e Reforma Agrária";"373030";"SUPERINT.REG.DO NORDESTE DO PARA - SR(01)PA";"2021";"03";"***.542.342-**";"JOSE ANTONIO AMARO DA SILVA";"-2";"NAO SE APLICA";"SAQUE CASH/ATM BB";"07/02/2021";"1000,00"
"49000";"Ministério do Desenvolvimento Agrário e Agr";"22201";"Instituto Nacional de Colonização e Reforma Agrária";"373030";"SUPERINT.REG.DO NORDESTE DO PARA - SR(01)PA";"2021";"03";"***.542.342-**";"JOSE ANTONIO AMARO DA SILVA";"-2";"NAO SE APLICA";"SAQUE CASH/ATM BB";"05/02/2021";"1000,00"
"49000";"Ministério do Desenvolvimento Agrário e Agr";"22201";"Instituto Nacional de Colonização e Reforma Agrária";"373085";"SUPERINTEND. REGIONAL DE TOCANTINS - SR(26)TO";"2021";"03";"***.670.321-**";"ANTONIO VIRGINIO DE ALENCAR";"04418390000175";"ALIANCA COMBUSTIVEIS LTDA";"COMPRA A/V - R$ - APRES";"22/02/2021";"200,00"
"49000";"Ministério do Desenvolvimento Agrário e Agr";"22201";"Instituto Nacional de Colonização e Reforma Agrária";"373085";"SUPERINTEND. REGIONAL DE TOCANTINS - SR(26)TO";"2021";"03";"***.127.073-**";"TEODORICO BRANDAO DE SOUSA";"04519962000102";"THAWAN COMERCIO DE COMBUSTIVEIS LTDA";"COMPRA A/V - R$ - APRES";"12/02/2021";"119,92"
"49000";"Ministério do Desenvolvimento Agrário e Agr";"22201";"Instituto Nacional de Colonização e Reforma Agrária";"373085";"SUPERINTEND. REGIONAL DE TOCANTINS - SR(26)TO";"2021";"03";"***.063.221-**";"FRANCISCO MIRTON DE ARAUJO";"14417662000176";"AUTO POSTO G2 LTDA";"COMPRA A/V - R$ - APRES";"23/02/2021";"224,95"
"49000";"Ministério do Desenvolvimento Agrário e Agr";"22201";"Instituto Nacional de Colonização e Reforma Agrária";"373085";"SUPERINTEND. REGIONAL DE TOCANTINS - SR(26)TO";"2021";"03";"***.468.291-**";"CARLOS SILVA DOS SANTOS";"26637322000130";"TUDO ELETRICO LTDA";"COMPRA A/V - R$ - APRES";"19/02/2021";"149,97"
"49000";"Ministério do Desenvolvimento Agrário e Agr";"22201";"Instituto Nacional de Colonização e Reforma Agrária";"373085";"SUPERINTEND. REGIONAL DE TOCANTINS - SR(26)TO";"2021";"03";"***.468.291-**";"CARLOS SILVA DOS SANTOS";"26637322000130";"TUDO ELETRICO LTDA";"COMPRA A/V - R$ - APRES";"18/02/2021";"1000,00"
"49000";"Ministério do Desenvolvimento Agrário e Agr";"22201";"Instituto Nacional de Colonização e Reforma Agrária";"373085";"SUPERINTEND. REGIONAL DE TOCANTINS - SR(26)TO";"2021";"03";"***.670.321-**";"ANTONIO VIRGINIO DE ALENCAR";"03219653000154";"POSTO DE COMBUSTIVEIS 32 LTDA";"COMPRA A/V - R$ - APRES";"09/02/2021";"77,98"
"49000";"Ministério do Desenvolvimento Agrário e Agr";"22201";"Instituto Nacional de Colonização e Reforma Agrária";"373085";"SUPERINTEND. REGIONAL DE TOCANTINS - SR(26)TO";"2021";"03";"***.127.073-**";"TEODORICO BRANDAO DE SOUSA";"03219653000154";"POSTO DE COMBUSTIVEIS 32 LTDA";"COMPRA A/V - R$ - APRES";"11/02/2021";"212,89"
"49000";"Ministério do Desenvolvimento Agrário e Agr";"22201";"Instituto Nacional de Colonização e Reforma Agrária";"373085";"SUPERINTEND. REGIONAL DE TOCANTINS - SR(26)TO";"2021";"03";"***.127.073-**";"TEODORICO BRANDAO DE SOUSA";"38132296000177";"AUTO POSTO GOIAS LTDA";"COMPRA A/V - R$ - APRES";"13/02/2021";"229,00"
"49000";"Ministério do Desenvolvimento Agrário e Agr";"22201";"Instituto Nacional de Colonização e Reforma Agrária";"373085";"SUPERINTEND. REGIONAL DE TOCANTINS - SR(26)TO";"2021";"03";"***.468.291-**";"CARLOS SILVA DOS SANTOS";"24661430000112";"VB COMERCIAL LTDA";"COMPRA A/V - R$ - APRES";"11/02/2021";"167,60"
"49000";"Ministério do Desenvolvimento Agrário e Agr";"22201";"Instituto Nacional de Colonização e Reforma Agrária";"373085";"SUPERINTEND. REGIONAL DE TOCANTINS - SR(26)TO";"2021";"03";"***.468.291-**";"CARLOS SILVA DOS SANTOS";"10573521000191";"MERCADO PAGO INSTITUICAO DE PAGAMENTO LTDA";"COMPRA A/V - R$ - APRES";"22/02/2021";"900,00"
"49000";"Ministério do Desenvolvimento Agrário e Agr";"22201";"Instituto Nacional de Colonização e Reforma Agrária";"373085";"SUPERINTEND. REGIONAL DE TOCANTINS - SR(26)TO";"2021";"03";"***.468.291-**";"CARLOS SILVA DOS SANTOS";"10573521000191";"MERCADO PAGO INSTITUICAO DE PAGAMENTO LTDA";"COMPRA A/V - R$ - APRES";"19/02/2021";"800,00"
"49000";"Ministério do Desenvolvimento Agrário e Agr";"22201";"Instituto Nacional de Colonização e Reforma Agrária";"373085";"SUPERINTEND. REGIONAL DE TOCANTINS - SR(26)TO";"2021";"03";"***.468.291-**";"CARLOS SILVA DOS SANTOS";"10573521000191";"MERCADO PAGO INSTITUICAO DE PAGAMENTO LTDA";"COMPRA A/V - R$ - APRES";"18/02/2021";"800,00"
"49000";"Ministério do Desenvolvimento Agrário e Agr";"22201";"Instituto Nacional de Colonização e Reforma Agrária";"373085";"SUPERINTEND. REGIONAL DE TOCANTINS - SR(26)TO";"2021";"03";"***.468.291-**";"CARLOS SILVA DOS SANTOS";"10573521000191";"MERCADO PAGO INSTITUICAO DE PAGAMENTO LTDA";"COMPRA A/V - R$ - APRES";"17/02/2021";"900,00"
"49000";"Ministério do Desenvolvimento Agrário e Agr";"22201";"Instituto Nacional de Colonização e Reforma Agrária";"373085";"SUPERINTEND. REGIONAL DE TOCANTINS - SR(26)TO";"2021";"03";"***.127.073-**";"TEODORICO BRANDAO DE SOUSA";"12301888000181";"MEGA POSTO CARIOCAO LTDA";"COMPRA A/V - R$ - APRES";"14/02/2021";"191,17"
"49000";"Ministério do Desenvolvimento Agrário e Agr";"22201";"Instituto Nacional de Colonização e Reforma Agrária";"373085";"SUPERINTEND. REGIONAL DE TOCANTINS - SR(26)TO";"2021";"03";"***.127.073-**";"TEODORICO BRANDAO DE SOUSA";"12635825000161";"MINAS PETRO COMERCIO DE DERIVADOS DE PETROLEO LTDA";"COMPRA A/V - R$ - APRES";"15/02/2021";"198,00"
"49000";"Ministério do Desenvolvimento Agrário e Agr";"22201";"Instituto Nacional de Colonização e Reforma Agrária";"373085";"SUPERINTEND. REGIONAL DE TOCANTINS - SR(26)TO";"2021";"03";"***.127.073-**";"TEODORICO BRANDAO DE SOUSA";"13716765000174";"PETROSHOP COMERCIO DE COMBUSTIVEIS LTDA";"COMPRA A/V - R$ - APRES";"12/02/2021";"201,37"
"49000";"Ministério do Desenvolvimento Agrário e Agr";"22201";"Instituto Nacional de Colonização e Reforma Agrária";"373066";"SUPERINTENDENCIA REG. DE SAO PAULO - SR(08)SP";"2021";"03";"***.672.008-**";"VALQUIRIA MARIA PESSOA ROCHA";"03840986001097";"SAINT-GOBAIN DISTRIBUICAO BRASIL LTDA";"COMPRA A/V - R$ - APRES";"23/02/2021";"363,90"
"49000";"Ministério do Desenvolvimento Agrário e Agr";"22201";"Instituto Nacional de Colonização e Reforma Agrária";"373066";"SUPERINTENDENCIA REG. DE SAO PAULO - SR(08)SP";"2021";"03";"***.672.008-**";"VALQUIRIA MARIA PESSOA ROCHA";"27547510000130";"STONE PAY MEIOS DE PAGAMENTO LTDA";"COMPRA A/V - R$ - APRES";"23/02/2021";"128,90"
"49000";"Ministério do Desenvolvimento Agrário e Agr";"22201";"Instituto Nacional de Colonização e Reforma Agrária";"373066";"SUPERINTENDENCIA REG. DE SAO PAULO - SR(08)SP";"2021";"03";"***.672.008-**";"VALQUIRIA MARIA PESSOA ROCHA";"01438784006308";"LEROY MERLIN COMPANHIA BRASILEIRA DE BRICOLAGEM";"COMPRA A/V - R$ - APRES";"23/02/2021";"194,85"
"49000";"Ministério do Desenvolvimento Agrário e Agr";"22201";"Instituto Nacional de Colonização e Reforma Agrária";"373066";"SUPERINTENDENCIA REG. DE SAO PAULO - SR(08)SP";"2021";"03";"***.672.008-**";"VALQUIRIA MARIA PESSOA ROCHA";"68409838000177";"COMERCIAL NUEVO HOGAR LTDA";"COMPRA A/V - R$ - APRES";"22/02/2021";"14,00"
"49000";"Ministério do Desenvolvimento Agrário e Agr";"22201";"Instituto Nacional de Colonização e Reforma Agrária";"373066";"SUPERINTENDENCIA REG. DE SAO PAULO - SR(08)SP";"2021";"03";"***.672.008-**";"VALQUIRIA MARIA PESSOA ROCHA";"63004030005902";"HCCOM S.A.";"COMPRA A/V - R$ - APRES";"23/02/2021";"455,96"
"49000";"Ministério do Desenvolvimento Agrário e Agr";"22201";"Instituto Nacional de Colonização e Reforma Agrária";"373066";"SUPERINTENDENCIA REG. DE SAO PAULO - SR(08)SP";"2021";"03";"***.672.008-**";"VALQUIRIA MARIA PESSOA ROCHA";"04833444000169";"PARAFUSOS BARRA FUNDA LTDA";"COMPRA A/V - R$ - APRES";"23/02/2021";"212,00"
"28000";"Ministério do Desenvolvimento, Indústria, C";"30203";"Instituto Nacional de Metrologia, Qualidade e Tecnologia";"183025";"SUPERINTENDENCIA DO INMETRO NO ESTADO DE GOIA";"2021";"03";"***.349.701-**";"ROBERTO SAMIR NEVES LEAL";"01438784001926";"LEROY MERLIN COMPANHIA BRASILEIRA DE BRICOLAGEM";"COMPRA A/V - R$ - APRES";"18/02/2021";"58,80"
"28000";"Ministério do Desenvolvimento, Indústria, C";"30203";"Instituto Nacional de Metrologia, Qualidade e Tecnologia";"183025";"SUPERINTENDENCIA DO INMETRO NO ESTADO DE GOIA";"2021";"03";"***.349.701-**";"ROBERTO SAMIR NEVES LEAL";"12632620000122";"SEG SOLAR ENERGIA SOLAR E TELECOMUNICACOES LTDA";"COMPRA A/V - R$ - APRES";"08/02/2021";"700,00"
"28000";"Ministério do Desenvolvimento, Indústria, C";"30203";"Instituto Nacional de Metrologia, Qualidade e Tecnologia";"183025";"SUPERINTENDENCIA DO INMETRO NO ESTADO DE GOIA";"2021";"03";"***.349.701-**";"ROBERTO SAMIR NEVES LEAL";"12632620000122";"SEG SOLAR ENERGIA SOLAR E TELECOMUNICACOES LTDA";"COMPRA A/V - R$ - APRES";"08/02/2021";"1235,00"
"28000";"Ministério do Desenvolvimento, Indústria, C";"30203";"Instituto Nacional de Metrologia, Qualidade e Tecnologia";"183025";"SUPERINTENDENCIA DO INMETRO NO ESTADO DE GOIA";"2021";"03";"***.349.701-**";"ROBERTO SAMIR NEVES LEAL";"37048543000199";"CRS COMERCIO E REPRESENTACAO LTDA";"COMPRA A/V - R$ - APRES";"18/02/2021";"564,66"
"28000";"Ministério do Desenvolvimento, Indústria, C";"30203";"Instituto Nacional de Metrologia, Qualidade e Tecnologia";"183025";"SUPERINTENDENCIA DO INMETRO NO ESTADO DE GOIA";"2021";"03";"***.349.701-**";"ROBERTO SAMIR NEVES LEAL";"07356784000134";"PD MATERIAIS PARA CONSTRUCAO LTDA";"COMPRA A/V - R$ - APRES";"22/02/2021";"852,35"
"28000";"Ministério do Desenvolvimento, Indústria, C";"30203";"Instituto Nacional de Metrologia, Qualidade e Tecnologia";"183039";"SUPERINTENDENCIA DO INMETRO NO ESTADO DO RS";"2021";"03";"***.531.227-**";"ANDERSON SILVA DE ANDRADE";"18557031000294";"PEDROSO E STEFFENS LTDA";"COMPRA A/V - R$ - APRES";"19/02/2021";"145,00"
"28000";"Ministério do Desenvolvimento, Indústria, C";"30203";"Instituto Nacional de Metrologia, Qualidade e Tecnologia";"183039";"SUPERINTENDENCIA DO INMETRO NO ESTADO DO RS";"2021";"03";"***.531.227-**";"ANDERSON SILVA DE ANDRADE";"18557031000294";"PEDROSO E STEFFENS LTDA";"COMPRA A/V - R$ - APRES";"27/01/2021";"110,00"
"28000";"Ministério do Desenvolvimento, Indústria, C";"30203";"Instituto Nacional de Metrologia, Qualidade e Tecnologia";"183039";"SUPERINTENDENCIA DO INMETRO NO ESTADO DO RS";"2021";"03";"***.531.227-**";"ANDERSON SILVA DE ANDRADE";"01752172000184";"FLAVIO BLANK";"COMPRA A/V - R$ - APRES";"28/01/2021";"25,00"
"28000";"Ministério do Desenvolvimento, Indústria, C";"30203";"Instituto Nacional de Metrologia, Qualidade e Tecnologia";"183039";"SUPERINTENDENCIA DO INMETRO NO ESTADO DO RS";"2021";"03";"***.807.886-**";"CLAUDIO MARTINS ARRUDA";"11999132000195";"FL BUILDING LTDA";"COMPRA A/V - R$ - APRES";"08/02/2021";"1634,00"
"28000";"Ministério do Desenvolvimento, Indústria, C";"30203";"Instituto Nacional de Metrologia, Qualidade e Tecnologia";"183039";"SUPERINTENDENCIA DO INMETRO NO ESTADO DO RS";"2021";"03";"***.974.520-**";"HUMBERTO ZECHLINSKI XAVIER DE FREITAS";"37053256049";"AMILTON DA ROSA DE LIMA";"COMPRA A/V - R$ - APRES";"29/01/2021";"200,00"
"28000";"Ministério do Desenvolvimento, Indústria, C";"30203";"Instituto Nacional de Metrologia, Qualidade e Tecnologia";"183039";"SUPERINTENDENCIA DO INMETRO NO ESTADO DO RS";"2021";"03";"***.974.520-**";"HUMBERTO ZECHLINSKI XAVIER DE FREITAS";"37053256049";"AMILTON DA ROSA DE LIMA";"COMPRA A/V - R$ - APRES";"29/01/2021";"800,00"
"28000";"Ministério do Desenvolvimento, Indústria, C";"30203";"Instituto Nacional de Metrologia, Qualidade e Tecnologia";"183039";"SUPERINTENDENCIA DO INMETRO NO ESTADO DO RS";"2021";"03";"***.531.227-**";"ANDERSON SILVA DE ANDRADE";"10573521000191";"MERCADO PAGO INSTITUICAO DE PAGAMENTO LTDA";"COMPRA A/V - R$ - APRES";"04/02/2021";"45,00"
"28000";"Ministério do Desenvolvimento, Indústria, C";"30203";"Instituto Nacional de Metrologia, Qualidade e Tecnologia";"183039";"SUPERINTENDENCIA DO INMETRO NO ESTADO DO RS";"2021";"03";"***.887.780-**";"CRISTOL DE PAIVA GOUVEA";"04373686000117";"BAITA COMPRA MINIMERCADO, BAZAR E PAPELARIA LTDA";"COMPRA A/V - R$ - APRES";"05/02/2021";"4,00"
"28000";"Ministério do Desenvolvimento, Indústria, C";"30203";"Instituto Nacional de Metrologia, Qualidade e Tecnologia";"183039";"SUPERINTENDENCIA DO INMETRO NO ESTADO DO RS";"2021";"03";"***.887.780-**";"CRISTOL DE PAIVA GOUVEA";"-2";"NAO SE APLICA";"SAQUE CASH/ATM BB";"05/02/2021";"10,00"
"28000";"Ministério do Desenvolvimento, Indústria, C";"30203";"Instituto Nacional de Metrologia, Qualidade e Tecnologia";"183039";"SUPERINTENDENCIA DO INMETRO NO ESTADO DO RS";"2021";"03";"***.887.780-**";"CRISTOL DE PAIVA GOUVEA";"-2";"NAO SE APLICA";"SAQUE CASH/ATM BB";"26/01/2021";"120,00"
"28000";"Ministério do Desenvolvimento, Indústria, C";"30203";"Instituto Nacional de Metrologia, Qualidade e Tecnologia";"183039";"SUPERINTENDENCIA DO INMETRO NO ESTADO DO RS";"2021";"03";"***.880.700-**";"EUGENIO CEOLIN";"-2";"NAO SE APLICA";"SAQUE CASH/ATM BB";"19/02/2021";"600,00"
"28000";"Ministério do Desenvolvimento, Indústria, C";"30203";"Instituto Nacional de Metrologia, Qualidade e Tecnologia";"183039";"SUPERINTENDENCIA DO INMETRO NO ESTADO DO RS";"2021";"03";"***.880.700-**";"EUGENIO CEOLIN";"-2";"NAO SE APLICA";"SAQUE CASH/ATM BB";"18/02/2021";"1000,00"
"28000";"Ministério do Desenvolvimento, Indústria, C";"30203";"Instituto Nacional de Metrologia, Qualidade e Tecnologia";"183039";"SUPERINTENDENCIA DO INMETRO NO ESTADO DO RS";"2021";"03";"***.880.700-**";"EUGENIO CEOLIN";"-2";"NAO SE APLICA";"SAQUE CASH/ATM BB";"01/02/2021";"250,00"
"28000";"Ministério do Desenvolvimento, Indústria, C";"30203";"Instituto Nacional de Metrologia, Qualidade e Tecnologia";"183039";"SUPERINTENDENCIA DO INMETRO NO ESTADO DO RS";"2021";"03";"***.983.910-**";"LEONARDO VARASCHIN GASPERIN";"-2";"NAO SE APLICA";"SAQUE CASH/ATM BB";"18/02/2021";"150,00"
"28000";"Ministério do Desenvolvimento, Indústria, C";"30203";"Instituto Nacional de Metrologia, Qualidade e Tecnologia";"183039";"SUPERINTENDENCIA DO INMETRO NO ESTADO DO RS";"2021";"03";"***.983.910-**";"LEONARDO VARASCHIN GASPERIN";"-2";"NAO SE APLICA";"SAQUE CASH/ATM BB";"09/02/2021";"220,00"
"28000";"Ministério do Desenvolvimento, Indústria, C";"30203";"Instituto Nacional de Metrologia, Qualidade e Tecnologia";"183039";"SUPERINTENDENCIA DO INMETRO NO ESTADO DO RS";"2021";"03";"***.585.460-**";"FABIO LUIS PEREZ";"-2";"NAO SE APLICA";"SAQUE CASH/ATM BB";"08/02/2021";"30,00"
"28000";"Ministério do Desenvolvimento, Indústria, C";"30203";"Instituto Nacional de Metrologia, Qualidade e Tecnologia";"183039";"SUPERINTENDENCIA DO INMETRO NO ESTADO DO RS";"2021";"03";"***.807.886-**";"CLAUDIO MARTINS ARRUDA";"-2";"NAO SE APLICA";"SAQUE CASH/ATM BB";"01/02/2021";"430,00"
"28000";"Ministério do Desenvolvimento, Indústria, C";"30203";"Instituto Nacional de Metrologia, Qualidade e Tecnologia";"183039";"SUPERINTENDENCIA DO INMETRO NO ESTADO DO RS";"2021";"03";"***.807.886-**";"CLAUDIO MARTINS ARRUDA";"-2";"NAO SE APLICA";"SAQUE CASH/ATM BB";"27/01/2021";"250,00"
"28000";"Ministério do Desenvolvimento, Indústria, C";"30203";"Instituto Nacional de Metrologia, Qualidade e Tecnologia";"183039";"SUPERINTENDENCIA DO INMETRO NO ESTADO DO RS";"2021";"03";"***.807.886-**";"CLAUDIO MARTINS ARRUDA";"43645879072";"SUZANA DA ROSA CORREA";"COMPRA A/V - R$ - APRES";"23/02/2021";"36,00"
"28000";"Ministério do Desenvolvimento, Indústria, C";"30203";"Instituto Nacional de Metrologia, Qualidade e Tecnologia";"183039";"SUPERINTENDENCIA DO INMETRO NO ESTADO DO RS";"2021";"03";"***.880.700-**";"EUGENIO CEOLIN";"11862041000103";"TECHNOTEL TECNOLOGIA EM TELECOMUNICACOES LTDA";"COMPRA A/V - R$ - APRES";"09/02/2021";"60,00"
"28000";"Ministério do Desenvolvimento, Indústria, C";"30203";"Instituto Nacional de Metrologia, Qualidade e Tecnologia";"183039";"SUPERINTENDENCIA DO INMETRO NO ESTADO DO RS";"2021";"03";"***.531.227-**";"ANDERSON SILVA DE ANDRADE";"92017250000152";"LUIZ A GIARDIN JUNIOR";"COMPRA A/V - R$ - APRES";"27/01/2021";"450,00"
"28000";"Ministério do Desenvolvimento, Indústria, C";"30203";"Instituto Nacional de Metrologia, Qualidade e Tecnologia";"183039";"SUPERINTENDENCIA DO INMETRO NO ESTADO DO RS";"2021";"03";"***.807.886-**";"CLAUDIO MARTINS ARRUDA";"28009122000168";"SAFE HOUSE SEGURANCA E ENERGIA SOLAR LTDA";"COMPRA A/V - R$ - APRES";"18/02/2021";"190,00"
"28000";"Ministério do Desenvolvimento, Indústria, C";"30203";"Instituto Nacional de Metrologia, Qualidade e Tecnologia";"183039";"SUPERINTENDENCIA DO INMETRO NO ESTADO DO RS";"2021";"03";"***.807.886-**";"CLAUDIO MARTINS ARRUDA";"28009122000168";"SAFE HOUSE SEGURANCA E ENERGIA SOLAR LTDA";"COMPRA A/V - R$ - APRES";"05/02/2021";"530,00"
"28000";"Ministério do Desenvolvimento, Indústria, C";"30203";"Instituto Nacional de Metrologia, Qualidade e Tecnologia";"183039";"SUPERINTENDENCIA DO INMETRO NO ESTADO DO RS";"2021";"03";"***.807.886-**";"CLAUDIO MARTINS ARRUDA";"28009122000168";"SAFE HOUSE SEGURANCA E ENERGIA SOLAR LTDA";"COMPRA A/V - R$ - APRES";"28/01/2021";"120,00"
"28000";"Ministério do Desenvolvimento, Indústria, C";"30203";"Instituto Nacional de Metrologia, Qualidade e Tecnologia";"183039";"SUPERINTENDENCIA DO INMETRO NO ESTADO DO RS";"2021";"03";"***.807.886-**";"CLAUDIO MARTINS ARRUDA";"17532941000179";"BOMBA SUL CONSERTOS E INSTALACOES LTDA";"COMPRA A/V - R$ - APRES";"08/02/2021";"840,00"
"28000";"Ministério do Desenvolvimento, Indústria, C";"30203";"Instituto Nacional de Metrologia, Qualidade e Tecnologia";"183039";"SUPERINTENDENCIA DO INMETRO NO ESTADO DO RS";"2021";"03";"***.807.886-**";"CLAUDIO MARTINS ARRUDA";"89173736000175";"RK MANUTENCAO AR CONDICIONADO LTDA";"COMPRA A/V - R$ - APRES";"08/02/2021";"1190,00"
"28000";"Ministério do Desenvolvimento, Indústria, C";"30203";"Instituto Nacional de Metrologia, Qualidade e Tecnologia";"183039";"SUPERINTENDENCIA DO INMETRO NO ESTADO DO RS";"2021";"03";"***.531.227-**";"ANDERSON SILVA DE ANDRADE";"01243976000158";"CDR FERRAGENS MATERIAIS DE CONSTRUCAO LTDA";"COMPRA A/V - R$ - APRES";"22/02/2021";"76,90"
"28000";"Ministério do Desenvolvimento, Indústria, C";"20603";"Superintendência da Zona Franca de Manaus";"193028";"SUPERINTENDENCIA DA ZONA FRANCA DE MANAUS/AM";"2021";"03";"***.019.602-**";"ROSA CRISTINA FERREIRA BEZERRA";"24078018220";"ROSELY SOUZA DA ROCHA";"COMPRA A/V - R$ - APRES";"27/01/2021";"450,00"
"44000";"Ministério do Meio Ambiente e Mudança do Cl";"44207";"Instituto Chico Mendes de Conservação da Biodiversidade";"443033";"INSTITUTO CHICO MENDES - SEDE";"2021";"03";"***.665.700-**";"GERALDO DE FRANCA OTTONI NETO";"20356545000142";"RAYTON PINTURA E CONSTRUCAO LTDA";"COMPRA A/V - R$ - APRES";"18/02/2021";"345,00"
"44000";"Ministério do Meio Ambiente e Mudança do Cl";"44207";"Instituto Chico Mendes de Conservação da Biodiversidade";"443033";"INSTITUTO CHICO MENDES - SEDE";"2021";"03";"***.665.700-**";"GERALDO DE FRANCA OTTONI NETO";"03500479000202";"HIDREL DE CARAGUA HIDRAULICA E ELETRICA LTDA";"COMPRA A/V - R$ - APRES";"15/02/2021";"89,00"
"44000";"Ministério do Meio Ambiente e Mudança do Cl";"44207";"Instituto Chico Mendes de Conservação da Biodiversidade";"443033";"INSTITUTO CHICO MENDES - SEDE";"2021";"03";"***.582.219-**";"LEANDRO ZAGO DA SILVA";"01429308000110";"STERTZ MATERIAIS DE CONSTRUCAO LTDA";"COMPRA A/V - R$ - APRES";"18/02/2021";"39,80"
"44000";"Ministério do Meio Ambiente e Mudança do Cl";"44207";"Instituto Chico Mendes de Conservação da Biodiversidade";"443033";"INSTITUTO CHICO MENDES - SEDE";"2021";"03";"***.665.700-**";"GERALDO DE FRANCA OTTONI NETO";"11197925000190";"FELLIPE ROSALIM RIBEIRO DA SILVA";"COMPRA A/V - R$ - APRES";"15/02/2021";"138,50"
"44000";"Ministério do Meio Ambiente e Mudança do Cl";"44207";"Instituto Chico Mendes de Conservação da Biodiversidade";"443033";"INSTITUTO CHICO MENDES - SEDE";"2021";"03";"***.493.108-**";"JOAO ALBERTO XAVIER JUNIOR";"07526575000191";"VIDRACARIA E GESSO CANAAN ARACOIABA LTDA";"COMPRA A/V - R$ - APRES";"05/02/2021";"635,00"
"44000";"Ministério do Meio Ambiente e Mudança do Cl";"44207";"Instituto Chico Mendes de Conservação da Biodiversidade";"443033";"INSTITUTO CHICO MENDES - SEDE";"2021";"03";"***.228.489-**";"EMERSON DE BARROS PINHEIRO";"00106105000120";"ANDRADE E SANTOS LTDA";"COMPRA A/V - R$ - APRES";"23/02/2021";"450,00"
"44000";"Ministério do Meio Ambiente e Mudança do Cl";"44207";"Instituto Chico Mendes de Conservação da Biodiversidade";"443033";"INSTITUTO CHICO MENDES - SEDE";"2021";"03";"***.228.489-**";"EMERSON DE BARROS PINHEIRO";"00106105000120";"ANDRADE E SANTOS LTDA";"COMPRA A/V - R$ - APRES";"23/02/2021";"2000,00"
"44000";"Ministério do Meio Ambiente e Mudança do Cl";"44207";"Instituto Chico Mendes de Conservação da Biodiversidade";"443033";"INSTITUTO CHICO MENDES - SEDE";"2021";"03";"***.116.720-**";"REINALDO FERREIRA DE ARAUJO";"-2";"NAO SE APLICA";"SAQUE CASH/ATM BB";"19/02/2021";"1000,00"
"44000";"Ministério do Meio Ambiente e Mudança do Cl";"44207";"Instituto Chico Mendes de Conservação da Biodiversidade";"443033";"INSTITUTO CHICO MENDES - SEDE";"2021";"03";"***.665.700-**";"GERALDO DE FRANCA OTTONI NETO";"12066598000109";"LITORAL PESCA COMERCIO LTDA";"COMPRA A/V - R$ - APRES";"15/02/2021";"500,00"
"44000";"Ministério do Meio Ambiente e Mudança do Cl";"44206";"Instituto de Pesquisas Jardim Botânico do Rio de Janeiro";"443020";"INST. DE PESQUISAS JARDIM BOTANICO DO RJ/JBRJ";"2021";"03";"***.117.037-**";"JOAO ELISIARIO LIMA DE REZENDE";"-2";"NAO SE APLICA";"SAQUE CASH/ATM BB";"19/02/2021";"200,00"
"44000";"Ministério do Meio Ambiente e Mudança do Cl";"44000";"Ministério do Meio Ambiente e Mudança do Clima - Unidades com vínculo direto";"440001";"SUBSECRET.DE PLANEJ.,ORC.E ADMINIST.±SPOA/MM";"2021";"03";"***.181.183-**";"RANDSON PEREIRA OLIVEIRA";"29923573000179";"MARCELO S. DA SILVA";"COMPRA A/V - R$ - APRES";"19/02/2021";"45,00"
"44000";"Ministério do Meio Ambiente e Mudança do Cl";"44000";"Ministério do Meio Ambiente e Mudança do Clima - Unidades com vínculo direto";"440001";"SUBSECRET.DE PLANEJ.,ORC.E ADMINIST.±SPOA/MM";"2021";"03";"***.181.183-**";"RANDSON PEREIRA OLIVEIRA";"29923573000179";"MARCELO S. DA SILVA";"COMPRA A/V - R$ - APRES";"03/02/2021";"45,00"
"44000";"Ministério do Meio Ambiente e Mudança do Cl";"44000";"Ministério do Meio Ambiente e Mudança do Clima - Unidades com vínculo direto";"440001";"SUBSECRET.DE PLANEJ.,ORC.E ADMINIST.±SPOA/MM";"2021";"03";"***.181.183-**";"RANDSON PEREIRA OLIVEIRA";"29923573000179";"MARCELO S. DA SILVA";"COMPRA A/V - R$ - APRES";"27/01/2021";"65,00"
"44000";"Ministério do Meio Ambiente e Mudança do Cl";"44000";"Ministério do Meio Ambiente e Mudança do Clima - Unidades com vínculo direto";"440001";"SUBSECRET.DE PLANEJ.,ORC.E ADMINIST.±SPOA/MM";"2021";"03";"***.283.371-**";"ROBERT WILLIAM CARDOSO DE PAULA";"37120466000130";"NARA VEICULOS LTDA";"COMPRA A/V - R$ - APRES";"29/01/2021";"332,08"
"44000";"Ministério do Meio Ambiente e Mudança do Cl";"44000";"Ministério do Meio Ambiente e Mudança do Clima - Unidades com vínculo direto";"440001";"SUBSECRET.DE PLANEJ.,ORC.E ADMINIST.±SPOA/MM";"2021";"03";"***.283.371-**";"ROBERT WILLIAM CARDOSO DE PAULA";"14726247000102";"107 EXPRESS LANCHONETE E CONVENIENCIA LTDA";"COMPRA A/V - R$ - APRES";"23/02/2021";"70,00"
"44000";"Ministério do Meio Ambiente e Mudança do Cl";"44000";"Ministério do Meio Ambiente e Mudança do Clima - Unidades com vínculo direto";"440001";"SUBSECRET.DE PLANEJ.,ORC.E ADMINIST.±SPOA/MM";"2021";"03";"***.313.521-**";"ELTON DE SOUZA ARAGAO";"-1";"SEM INFORMACAO";"COMPRA A/V - INT$ - APRES";"04/02/2021";"399,37"
"47000";"Ministério do Planejamento e Orçamento";"25205";"Fundação Instituto Brasileiro de Geografia e Estatística";"114627";"SUPERINTENDENCIA DO IBGE EM GOIAS";"2021";"03";"***.796.251-**";"WILLIAN FRANCO DE CAMARGOS";"-2";"NAO SE APLICA";"SAQUE CASH/ATM BB";"19/02/2021";"610,00"
"47000";"Ministério do Planejamento e Orçamento";"25205";"Fundação Instituto Brasileiro de Geografia e Estatística";"114627";"SUPERINTENDENCIA DO IBGE EM GOIAS";"2021";"03";"***.796.251-**";"WILLIAN FRANCO DE CAMARGOS";"-2";"NAO SE APLICA";"SAQUE CASH/ATM BB";"18/02/2021";"1000,00"
"47000";"Ministério do Planejamento e Orçamento";"25205";"Fundação Instituto Brasileiro de Geografia e Estatística";"114627";"SUPERINTENDENCIA DO IBGE EM GOIAS";"2021";"03";"***.796.251-**";"WILLIAN FRANCO DE CAMARGOS";"-2";"NAO SE APLICA";"SAQUE CASH/ATM BB";"17/02/2021";"1000,00"
"47000";"Ministério do Planejamento e Orçamento";"25205";"Fundação Instituto Brasileiro de Geografia e Estatística";"114627";"SUPERINTENDENCIA DO IBGE EM GOIAS";"2021";"03";"***.377.721-**";"CARLOS AUGUSTO CANEDO";"-2";"NAO SE APLICA";"SAQUE CASH/ATM BB";"22/02/2021";"180,00"
"47000";"Ministério do Planejamento e Orçamento";"25205";"Fundação Instituto Brasileiro de Geografia e Estatística";"114627";"SUPERINTENDENCIA DO IBGE EM GOIAS";"2021";"03";"***.043.181-**";"ADRIANO CARVALHO MOREIRA";"-2";"NAO SE APLICA";"SAQUE CASH/ATM BB";"05/02/2021";"1000,00"
"47000";"Ministério do Planejamento e Orçamento";"25205";"Fundação Instituto Brasileiro de Geografia e Estatística";"114627";"SUPERINTENDENCIA DO IBGE EM GOIAS";"2021";"03";"***.043.181-**";"ADRIANO CARVALHO MOREIRA";"-2";"NAO SE APLICA";"SAQUE CASH/ATM BB";"27/01/2021";"1000,00"
"47000";"Ministério do Planejamento e Orçamento";"25205";"Fundação Instituto Brasileiro de Geografia e Estatística";"114620";"SUPERINTENDENCIA DO IBGE NO MATO GROSSO SUL";"2021";"03";"***.477.747-**";"KARLA DOS SANTOS CARNEIRO BARBOSA";"-2";"NAO SE APLICA";"SAQUE CASH/ATM BB";"22/02/2021";"510,00"
"47000";"Ministério do Planejamento e Orçamento";"25205";"Fundação Instituto Brasileiro de Geografia e Estatística";"114620";"SUPERINTENDENCIA DO IBGE NO MATO GROSSO SUL";"2021";"03";"***.477.747-**";"KARLA DOS SANTOS CARNEIRO BARBOSA";"-2";"NAO SE APLICA";"SAQUE CASH/ATM BB";"05/02/2021";"300,00"
"47000";"Ministério do Planejamento e Orçamento";"25205";"Fundação Instituto Brasileiro de Geografia e Estatística";"114620";"SUPERINTENDENCIA DO IBGE NO MATO GROSSO SUL";"2021";"03";"***.804.418-**";"RENATA SANTANA DA CRUZ";"-2";"NAO SE APLICA";"SAQUE CASH/ATM BB";"19/02/2021";"330,00"
"47000";"Ministério do Planejamento e Orçamento";"25205";"Fundação Instituto Brasileiro de Geografia e Estatística";"114620";"SUPERINTENDENCIA DO IBGE NO MATO GROSSO SUL";"2021";"03";"***.418.068-**";"LEANDRO CABRAL DOS SANTOS";"-2";"NAO SE APLICA";"SAQUE CASH/ATM BB";"26/01/2021";"670,00"
"47000";"Ministério do Planejamento e Orçamento";"25205";"Fundação Instituto Brasileiro de Geografia e Estatística";"114620";"SUPERINTENDENCIA DO IBGE NO MATO GROSSO SUL";"2021";"03";"***.715.731-**";"HONORIO MARCOS MACHADO";"-2";"NAO SE APLICA";"SAQUE CASH/ATM BB";"19/02/2021";"90,00"
"47000";"Ministério do Planejamento e Orçamento";"25205";"Fundação Instituto Brasileiro de Geografia e Estatística";"114620";"SUPERINTENDENCIA DO IBGE NO MATO GROSSO SUL";"2021";"03";"***.821.221-**";"EVERTON PAES REZENDE";"-2";"NAO SE APLICA";"SAQUE CASH/ATM BB";"29/01/2021";"1000,00"
"47000";"Ministério do Planejamento e Orçamento";"25205";"Fundação Instituto Brasileiro de Geografia e Estatística";"114620";"SUPERINTENDENCIA DO IBGE NO MATO GROSSO SUL";"2021";"03";"***.821.221-**";"EVERTON PAES REZENDE";"-2";"NAO SE APLICA";"SAQUE CASH/ATM BB";"28/01/2021";"1000,00"
"47000";"Ministério do Planejamento e Orçamento";"25205";"Fundação Instituto Brasileiro de Geografia e Estatística";"114620";"SUPERINTENDENCIA DO IBGE NO MATO GROSSO SUL";"2021";"03";"***.821.221-**";"EVERTON PAES REZENDE";"-2";"NAO SE APLICA";"SAQUE CASH/ATM BB";"27/01/2021";"1000,00"
"47000";"Ministério do Planejamento e Orçamento";"25205";"Fundação Instituto Brasileiro de Geografia e Estatística";"114620";"SUPERINTENDENCIA DO IBGE NO MATO GROSSO SUL";"2021";"03";"***.042.661-**";"KAIO WILLY TAKAHA SILVA TANAKA";"-2";"NAO SE APLICA";"SAQUE CASH/ATM BB";"27/01/2021";"130,00"
"47000";"Ministério do Planejamento e Orçamento";"25205";"Fundação Instituto Brasileiro de Geografia e Estatística";"114620";"SUPERINTENDENCIA DO IBGE NO MATO GROSSO SUL";"2021";"03";"***.042.661-**";"KAIO WILLY TAKAHA SILVA TANAKA";"-2";"NAO SE APLICA";"SAQUE CASH/ATM BB";"26/01/2021";"1000,00"
"47000";"Ministério do Planejamento e Orçamento";"25205";"Fundação Instituto Brasileiro de Geografia e Estatística";"114620";"SUPERINTENDENCIA DO IBGE NO MATO GROSSO SUL";"2021";"03";"***.477.747-**";"KARLA DOS SANTOS CARNEIRO BARBOSA";"04193879000196";"MULTIDISPLAY COMERCIO E SERVICOS TECNOLOGICOS LTDA.";"COMPRA A/V - R$ - APRES";"04/02/2021";"30,00"
"47000";"Ministério do Planejamento e Orçamento";"25205";"Fundação Instituto Brasileiro de Geografia e Estatística";"114620";"SUPERINTENDENCIA DO IBGE NO MATO GROSSO SUL";"2021";"03";"***.477.747-**";"KARLA DOS SANTOS CARNEIRO BARBOSA";"04193879000196";"MULTIDISPLAY COMERCIO E SERVICOS TECNOLOGICOS LTDA.";"COMPRA A/V - R$ - APRES";"04/02/2021";"30,00"
"47000";"Ministério do Planejamento e Orçamento";"25205";"Fundação Instituto Brasileiro de Geografia e Estatística";"114620";"SUPERINTENDENCIA DO IBGE NO MATO GROSSO SUL";"2021";"03";"***.821.221-**";"EVERTON PAES REZENDE";"-2";"NAO SE APLICA";"SAQUE CASH/ATM BB";"18/02/2021";"400,00"
"47000";"Ministério do Planejamento e Orçamento";"25205";"Fundação Instituto Brasileiro de Geografia e Estatística";"114620";"SUPERINTENDENCIA DO IBGE NO MATO GROSSO SUL";"2021";"03";"***.905.431-**";"FERNANDO GIORDANI COIMBRA DE OLIVEIRA";"-2";"NAO SE APLICA";"SAQUE CASH/ATM BB";"22/02/2021";"690,00"
"47000";"Ministério do Planejamento e Orçamento";"25205";"Fundação Instituto Brasileiro de Geografia e Estatística";"114625";"SUPERINTENDENCIA DO IBGE NO RIO GRANDE DO SUL";"2021";"03";"***.183.870-**";"ALEXANDRE PEDROSO E PEDROSO FILHO";"88364682000162";"SUPER POSTO SAO JERONIMO LTDA";"COMPRA A/V - R$ - APRES";"18/02/2021";"40,00"
"47000";"Ministério do Planejamento e Orçamento";"25205";"Fundação Instituto Brasileiro de Geografia e Estatística";"114625";"SUPERINTENDENCIA DO IBGE NO RIO GRANDE DO SUL";"2021";"03";"***.183.870-**";"ALEXANDRE PEDROSO E PEDROSO FILHO";"93283182000136";"ALSINEI DE SOUZA BARREIRA";"COMPRA A/V - R$ - APRES";"18/02/2021";"280,00"
"47000";"Ministério do Planejamento e Orçamento";"25205";"Fundação Instituto Brasileiro de Geografia e Estatística";"114625";"SUPERINTENDENCIA DO IBGE NO RIO GRANDE DO SUL";"2021";"03";"***.183.870-**";"ALEXANDRE PEDROSO E PEDROSO FILHO";"-2";"NAO SE APLICA";"SAQUE CASH/ATM BB";"18/02/2021";"200,00"
"47000";"Ministério do Planejamento e Orçamento";"25205";"Fundação Instituto Brasileiro de Geografia e Estatística";"114625";"SUPERINTENDENCIA DO IBGE NO RIO GRANDE DO SUL";"2021";"03";"***.042.710-**";"OSCAR TERRA NETO";"27569069000197";"REINALDO OLIVEIRA DE OLIVEIRA JUNIOR LTDA";"COMPRA A/V - R$ - APRES";"10/02/2021";"150,00"
"47000";"Ministério do Planejamento e Orçamento";"25205";"Fundação Instituto Brasileiro de Geografia e Estatística";"114602";"SUPERINTENDENCIA ESTADUAL DO IBGE EM RONDONIA";"2021";"03";"***.279.532-**";"WEVERTHON THAVISSON DE SOUZA";"-2";"NAO SE APLICA";"SAQUE CASH/ATM BB";"18/02/2021";"500,00"
"47000";"Ministério do Planejamento e Orçamento";"25205";"Fundação Instituto Brasileiro de Geografia e Estatística";"114602";"SUPERINTENDENCIA ESTADUAL DO IBGE EM RONDONIA";"2021";"03";"***.279.532-**";"WEVERTHON THAVISSON DE SOUZA";"-2";"NAO SE APLICA";"SAQUE CASH/ATM BB";"18/02/2021";"500,00"
"47000";"Ministério do Planejamento e Orçamento";"25205";"Fundação Instituto Brasileiro de Geografia e Estatística";"114602";"SUPERINTENDENCIA ESTADUAL DO IBGE EM RONDONIA";"2021";"03";"***.279.532-**";"WEVERTHON THAVISSON DE SOUZA";"-2";"NAO SE APLICA";"SAQUE CASH/ATM BB";"17/02/2021";"1000,00"
"47000";"Ministério do Planejamento e Orçamento";"25205";"Fundação Instituto Brasileiro de Geografia e Estatística";"114602";"SUPERINTENDENCIA ESTADUAL DO IBGE EM RONDONIA";"2021";"03";"***.279.532-**";"WEVERTHON THAVISSON DE SOUZA";"-2";"NAO SE APLICA";"SAQUE CASH/ATM BB";"16/02/2021";"500,00"
"47000";"Ministério do Planejamento e Orçamento";"25205";"Fundação Instituto Brasileiro de Geografia e Estatística";"114602";"SUPERINTENDENCIA ESTADUAL DO IBGE EM RONDONIA";"2021";"03";"***.279.532-**";"WEVERTHON THAVISSON DE SOUZA";"-2";"NAO SE APLICA";"SAQUE CASH/ATM BB";"16/02/2021";"500,00"
"47000";"Ministério do Planejamento e Orçamento";"25205";"Fundação Instituto Brasileiro de Geografia e Estatística";"114602";"SUPERINTENDENCIA ESTADUAL DO IBGE EM RONDONIA";"2021";"03";"***.279.532-**";"WEVERTHON THAVISSON DE SOUZA";"-2";"NAO SE APLICA";"SAQUE CASH/ATM BB";"29/01/2021";"400,00"
"47000";"Ministério do Planejamento e Orçamento";"25205";"Fundação Instituto Brasileiro de Geografia e Estatística";"114602";"SUPERINTENDENCIA ESTADUAL DO IBGE EM RONDONIA";"2021";"03";"***.169.602-**";"KAROLINE COSTA MENDES ROMUALDO";"-2";"NAO SE APLICA";"SAQUE CASH/ATM BB";"12/02/2021";"550,00"
"47000";"Ministério do Planejamento e Orçamento";"25205";"Fundação Instituto Brasileiro de Geografia e Estatística";"114602";"SUPERINTENDENCIA ESTADUAL DO IBGE EM RONDONIA";"2021";"03";"***.169.602-**";"KAROLINE COSTA MENDES ROMUALDO";"-2";"NAO SE APLICA";"SAQUE CASH/ATM BB";"10/02/2021";"1000,00"
"47000";"Ministério do Planejamento e Orçamento";"25205";"Fundação Instituto Brasileiro de Geografia e Estatística";"114602";"SUPERINTENDENCIA ESTADUAL DO IBGE EM RONDONIA";"2021";"03";"***.730.404-**";"ANTONIO NIRVANDO MACIEL ROCHA";"-2";"NAO SE APLICA";"SAQUE CASH/ATM BB";"19/02/2021";"180,00"
"47000";"Ministério do Planejamento e Orçamento";"25205";"Fundação Instituto Brasileiro de Geografia e Estatística";"114602";"SUPERINTENDENCIA ESTADUAL DO IBGE EM RONDONIA";"2021";"03";"***.730.404-**";"ANTONIO NIRVANDO MACIEL ROCHA";"-2";"NAO SE APLICA";"SAQUE CASH/ATM BB";"19/02/2021";"180,00"
"47000";"Ministério do Planejamento e Orçamento";"25205";"Fundação Instituto Brasileiro de Geografia e Estatística";"114602";"SUPERINTENDENCIA ESTADUAL DO IBGE EM RONDONIA";"2021";"03";"***.730.404-**";"ANTONIO NIRVANDO MACIEL ROCHA";"-2";"NAO SE APLICA";"SAQUE CASH/ATM BB";"18/02/2021";"210,00"
"47000";"Ministério do Planejamento e Orçamento";"25205";"Fundação Instituto Brasileiro de Geografia e Estatística";"114602";"SUPERINTENDENCIA ESTADUAL DO IBGE EM RONDONIA";"2021";"03";"***.730.404-**";"ANTONIO NIRVANDO MACIEL ROCHA";"-2";"NAO SE APLICA";"SAQUE CASH/ATM BB";"11/02/2021";"170,00"
"47000";"Ministério do Planejamento e Orçamento";"25205";"Fundação Instituto Brasileiro de Geografia e Estatística";"114602";"SUPERINTENDENCIA ESTADUAL DO IBGE EM RONDONIA";"2021";"03";"***.279.532-**";"WEVERTHON THAVISSON DE SOUZA";"-2";"NAO SE APLICA";"SAQUE CASH/ATM BB";"19/02/2021";"60,00"
"47000";"Ministério do Planejamento e Orçamento";"25205";"Fundação Instituto Brasileiro de Geografia e Estatística";"114602";"SUPERINTENDENCIA ESTADUAL DO IBGE EM RONDONIA";"2021";"03";"***.267.532-**";"JORGE ROBERTO COIMBRA SAUMA";"-2";"NAO SE APLICA";"SAQUE CASH/ATM BB";"19/02/2021";"530,00"
"47000";"Ministério do Planejamento e Orçamento";"25205";"Fundação Instituto Brasileiro de Geografia e Estatística";"114602";"SUPERINTENDENCIA ESTADUAL DO IBGE EM RONDONIA";"2021";"03";"***.267.532-**";"JORGE ROBERTO COIMBRA SAUMA";"-2";"NAO SE APLICA";"SAQUE CASH/ATM BB";"02/02/2021";"420,00"
"47000";"Ministério do Planejamento e Orçamento";"25205";"Fundação Instituto Brasileiro de Geografia e Estatística";"114602";"SUPERINTENDENCIA ESTADUAL DO IBGE EM RONDONIA";"2021";"03";"***.267.532-**";"JORGE ROBERTO COIMBRA SAUMA";"-2";"NAO SE APLICA";"SAQUE CASH/ATM BB";"29/01/2021";"670,00"
"47000";"Ministério do Planejamento e Orçamento";"25205";"Fundação Instituto Brasileiro de Geografia e Estatística";"114602";"SUPERINTENDENCIA ESTADUAL DO IBGE EM RONDONIA";"2021";"03";"***.267.532-**";"JORGE ROBERTO COIMBRA SAUMA";"-2";"NAO SE APLICA";"SAQUE CASH/ATM BB";"29/01/2021";"260,00"
"47000";"Ministério do Planejamento e Orçamento";"25205";"Fundação Instituto Brasileiro de Geografia e Estatística";"114602";"SUPERINTENDENCIA ESTADUAL DO IBGE EM RONDONIA";"2021";"03";"***.279.532-**";"WEVERTHON THAVISSON DE SOUZA";"-2";"NAO SE APLICA";"SAQUE CASH/ATM BB";"19/02/2021";"60,00"
"47000";"Ministério do Planejamento e Orçamento";"25205";"Fundação Instituto Brasileiro de Geografia e Estatística";"114617";"SUPERINTENDENCIA ESTADUAL DO IBGE NA BAHIA";"2021";"03";"***.824.555-**";"CIBELLE PIRES DE CARVALHO LEITE";"-2";"NAO SE APLICA";"SAQUE CASH/ATM BB";"28/01/2021";"300,00"
"47000";"Ministério do Planejamento e Orçamento";"25205";"Fundação Instituto Brasileiro de Geografia e Estatística";"114617";"SUPERINTENDENCIA ESTADUAL DO IBGE NA BAHIA";"2021";"03";"***.377.205-**";"RAFAEL LOPES NOVAIS";"-2";"NAO SE APLICA";"SAQUE CASH/ATM BB";"02/02/2021";"310,00"
"47000";"Ministério do Planejamento e Orçamento";"25205";"Fundação Instituto Brasileiro de Geografia e Estatística";"114617";"SUPERINTENDENCIA ESTADUAL DO IBGE NA BAHIA";"2021";"03";"***.377.205-**";"RAFAEL LOPES NOVAIS";"-2";"NAO SE APLICA";"SAQUE CASH/ATM BB";"02/02/2021";"250,00"
"47000";"Ministério do Planejamento e Orçamento";"25205";"Fundação Instituto Brasileiro de Geografia e Estatística";"114617";"SUPERINTENDENCIA ESTADUAL DO IBGE NA BAHIA";"2021";"03";"***.290.155-**";"JOAO BATISTA MENDES MORAES";"-2";"NAO SE APLICA";"SAQUE CASH/ATM BB";"22/02/2021";"450,00"
"47000";"Ministério do Planejamento e Orçamento";"25205";"Fundação Instituto Brasileiro de Geografia e Estatística";"114617";"SUPERINTENDENCIA ESTADUAL DO IBGE NA BAHIA";"2021";"03";"***.876.975-**";"HAMILTON GONCALVES DA SILVA JUNIOR";"-2";"NAO SE APLICA";"SAQUE CASH/ATM BB";"22/02/2021";"300,00"
"47000";"Ministério do Planejamento e Orçamento";"25205";"Fundação Instituto Brasileiro de Geografia e Estatística";"114617";"SUPERINTENDENCIA ESTADUAL DO IBGE NA BAHIA";"2021";"03";"***.785.725-**";"NEEMIAS OLIVEIRA DA SILVA";"-2";"NAO SE APLICA";"SAQUE CASH/ATM BB";"28/01/2021";"300,00"
"47000";"Ministério do Planejamento e Orçamento";"25205";"Fundação Instituto Brasileiro de Geografia e Estatística";"114617";"SUPERINTENDENCIA ESTADUAL DO IBGE NA BAHIA";"2021";"03";"***.945.605-**";"LAURO ALISSON SOUZA CRUZ DE ASSIS";"-2";"NAO SE APLICA";"SAQUE CASH/ATM BB";"02/02/2021";"250,00"
"47000";"Ministério do Planejamento e Orçamento";"25205";"Fundação Instituto Brasileiro de Geografia e Estatística";"114617";"SUPERINTENDENCIA ESTADUAL DO IBGE NA BAHIA";"2021";"03";"***.003.845-**";"EDUARDO SENA DA COSTA";"-2";"NAO SE APLICA";"SAQUE CASH/ATM BB";"28/01/2021";"390,00"
"47000";"Ministério do Planejamento e Orçamento";"25205";"Fundação Instituto Brasileiro de Geografia e Estatística";"114617";"SUPERINTENDENCIA ESTADUAL DO IBGE NA BAHIA";"2021";"03";"***.040.935-**";"LAESSE RODRIGUES DA SILVA";"-2";"NAO SE APLICA";"SAQUE CASH/ATM BB";"09/02/2021";"30,00"
"47000";"Ministério do Planejamento e Orçamento";"25205";"Fundação Instituto Brasileiro de Geografia e Estatística";"114617";"SUPERINTENDENCIA ESTADUAL DO IBGE NA BAHIA";"2021";"03";"***.523.745-**";"RONNIE VON DA SILVA BRAGA";"-2";"NAO SE APLICA";"SAQUE CASH/ATM BB";"08/02/2021";"100,00"
"47000";"Ministério do Planejamento e Orçamento";"25205";"Fundação Instituto Brasileiro de Geografia e Estatística";"114617";"SUPERINTENDENCIA ESTADUAL DO IBGE NA BAHIA";"2021";"03";"***.234.145-**";"WECSLEY DOS REIS OLIVEIRA";"-2";"NAO SE APLICA";"SAQUE CASH/ATM BB";"15/02/2021";"100,00"
"47000";"Ministério do Planejamento e Orçamento";"25205";"Fundação Instituto Brasileiro de Geografia e Estatística";"114617";"SUPERINTENDENCIA ESTADUAL DO IBGE NA BAHIA";"2021";"03";"***.898.815-**";"JUNIEL NASCIMENTO CRUZ";"-2";"NAO SE APLICA";"SAQUE CASH/ATM BB";"22/02/2021";"900,00"
"47000";"Ministério do Planejamento e Orçamento";"25205";"Fundação Instituto Brasileiro de Geografia e Estatística";"114617";"SUPERINTENDENCIA ESTADUAL DO IBGE NA BAHIA";"2021";"03";"***.901.985-**";"ADEMIR SILVA SOUSA";"-2";"NAO SE APLICA";"SAQUE CASH/ATM BB";"09/02/2021";"420,00"
"47000";"Ministério do Planejamento e Orçamento";"25205";"Fundação Instituto Brasileiro de Geografia e Estatística";"114617";"SUPERINTENDENCIA ESTADUAL DO IBGE NA BAHIA";"2021";"03";"***.499.915-**";"DENILTON DA PAIXAO DE ASSIS";"-2";"NAO SE APLICA";"SAQUE CASH/ATM BB";"04/02/2021";"740,00"
"47000";"Ministério do Planejamento e Orçamento";"25205";"Fundação Instituto Brasileiro de Geografia e Estatística";"114617";"SUPERINTENDENCIA ESTADUAL DO IBGE NA BAHIA";"2021";"03";"***.587.385-**";"SAAD ARNAUT BRITO MORAES";"-2";"NAO SE APLICA";"SAQUE CASH/ATM BB";"18/02/2021";"350,00"
"47000";"Ministério do Planejamento e Orçamento";"25205";"Fundação Instituto Brasileiro de Geografia e Estatística";"114617";"SUPERINTENDENCIA ESTADUAL DO IBGE NA BAHIA";"2021";"03";"***.648.345-**";"SHIRLENE TEIXEIRA LOPES";"-2";"NAO SE APLICA";"SAQUE CASH/ATM BB";"11/02/2021";"300,00"
"47000";"Ministério do Planejamento e Orçamento";"25205";"Fundação Instituto Brasileiro de Geografia e Estatística";"114617";"SUPERINTENDENCIA ESTADUAL DO IBGE NA BAHIA";"2021";"03";"***.901.985-**";"ADEMIR SILVA SOUSA";"02558157007922";"TELEFONICA BRASIL S.A.";"COMPRA A/V - R$ - APRES";"09/02/2021";"50,00"
"47000";"Ministério do Planejamento e Orçamento";"25205";"Fundação Instituto Brasileiro de Geografia e Estatística";"114617";"SUPERINTENDENCIA ESTADUAL DO IBGE NA BAHIA";"2021";"03";"***.901.985-**";"ADEMIR SILVA SOUSA";"40432544006269";"CLARO S.A.";"COMPRA A/V - R$ - APRES";"09/02/2021";"40,00"
"47000";"Ministério do Planejamento e Orçamento";"25205";"Fundação Instituto Brasileiro de Geografia e Estatística";"114617";"SUPERINTENDENCIA ESTADUAL DO IBGE NA BAHIA";"2021";"03";"***.669.565-**";"DEREK DE ALMEIDA SILVA";"-2";"NAO SE APLICA";"SAQUE CASH/ATM BB";"28/01/2021";"300,00"
"47000";"Ministério do Planejamento e Orçamento";"25205";"Fundação Instituto Brasileiro de Geografia e Estatística";"114617";"SUPERINTENDENCIA ESTADUAL DO IBGE NA BAHIA";"2021";"03";"***.568.085-**";"LEONARDO ALVES DOURADO DE ALCANTARA";"-2";"NAO SE APLICA";"SAQUE CASH/ATM BB";"29/01/2021";"190,00"
"47000";"Ministério do Planejamento e Orçamento";"25205";"Fundação Instituto Brasileiro de Geografia e Estatística";"114617";"SUPERINTENDENCIA ESTADUAL DO IBGE NA BAHIA";"2021";"03";"***.653.885-**";"HUMBERTO SOARES PRAZERES";"-2";"NAO SE APLICA";"SAQUE CASH/ATM BB";"19/02/2021";"40,00"
"47000";"Ministério do Planejamento e Orçamento";"25205";"Fundação Instituto Brasileiro de Geografia e Estatística";"114617";"SUPERINTENDENCIA ESTADUAL DO IBGE NA BAHIA";"2021";"03";"***.653.885-**";"HUMBERTO SOARES PRAZERES";"-2";"NAO SE APLICA";"SAQUE CASH/ATM BB";"10/02/2021";"500,00"
"47000";"Ministério do Planejamento e Orçamento";"25205";"Fundação Instituto Brasileiro de Geografia e Estatística";"114617";"SUPERINTENDENCIA ESTADUAL DO IBGE NA BAHIA";"2021";"03";"***.131.595-**";"NAILDO DE JESUS NOGUEIRA";"-2";"NAO SE APLICA";"SAQUE CASH/ATM BB";"11/02/2021";"100,00"
"47000";"Ministério do Planejamento e Orçamento";"25205";"Fundação Instituto Brasileiro de Geografia e Estatística";"114617";"SUPERINTENDENCIA ESTADUAL DO IBGE NA BAHIA";"2021";"03";"***.901.985-**";"ADEMIR SILVA SOUSA";"02558157007922";"TELEFONICA BRASIL S.A.";"COMPRA A/V - R$ - APRES";"09/02/2021";"50,00"
"47000";"Ministério do Planejamento e Orçamento";"25205";"Fundação Instituto Brasileiro de Geografia e Estatística";"114613";"SUPERINTENDENCIA ESTADUAL DO IBGE NA PARAIBA";"2021";"03";"***.808.904-**";"ANTONIO FELIX DOS SANTOS";"-2";"NAO SE APLICA";"SAQUE CASH/ATM BB";"08/02/2021";"10,00"
"47000";"Ministério do Planejamento e Orçamento";"25205";"Fundação Instituto Brasileiro de Geografia e Estatística";"114613";"SUPERINTENDENCIA ESTADUAL DO IBGE NA PARAIBA";"2021";"03";"***.808.904-**";"ANTONIO FELIX DOS SANTOS";"-2";"NAO SE APLICA";"SAQUE CASH/ATM BB";"08/02/2021";"120,00"
"47000";"Ministério do Planejamento e Orçamento";"25205";"Fundação Instituto Brasileiro de Geografia e Estatística";"114613";"SUPERINTENDENCIA ESTADUAL DO IBGE NA PARAIBA";"2021";"03";"***.161.724-**";"RAFAEL MARCONI DOS SANTOS";"03060516000110";"Q' PRECO SUPERMERCADO LTDA";"COMPRA A/V - R$ - APRES";"22/02/2021";"61,47"
"47000";"Ministério do Planejamento e Orçamento";"25205";"Fundação Instituto Brasileiro de Geografia e Estatística";"114613";"SUPERINTENDENCIA ESTADUAL DO IBGE NA PARAIBA";"2021";"03";"***.161.724-**";"RAFAEL MARCONI DOS SANTOS";"-2";"NAO SE APLICA";"SAQUE CASH/ATM BB";"22/02/2021";"360,00"
"47000";"Ministério do Planejamento e Orçamento";"25205";"Fundação Instituto Brasileiro de Geografia e Estatística";"114603";"SUPERINTENDENCIA ESTADUAL DO IBGE NO AC";"2021";"03";"***.545.822-**";"JOAO PAULO FEITOSA COUTO";"-2";"NAO SE APLICA";"SAQUE CASH/ATM BB";"01/02/2021";"800,00"
"47000";"Ministério do Planejamento e Orçamento";"25205";"Fundação Instituto Brasileiro de Geografia e Estatística";"114603";"SUPERINTENDENCIA ESTADUAL DO IBGE NO AC";"2021";"03";"***.545.822-**";"JOAO PAULO FEITOSA COUTO";"-2";"NAO SE APLICA";"SAQUE CASH/ATM BB";"29/01/2021";"1000,00"
"47000";"Ministério do Planejamento e Orçamento";"25205";"Fundação Instituto Brasileiro de Geografia e Estatística";"114604";"SUPERINTENDENCIA ESTADUAL DO IBGE NO AMAZONAS";"2021";"03";"***.475.032-**";"EDINEIA FERREIRA MACEDO";"-2";"NAO SE APLICA";"SAQUE CASH/ATM BB";"17/02/2021";"130,00"
"47000";"Ministério do Planejamento e Orçamento";"25205";"Fundação Instituto Brasileiro de Geografia e Estatística";"114604";"SUPERINTENDENCIA ESTADUAL DO IBGE NO AMAZONAS";"2021";"03";"***.475.032-**";"EDINEIA FERREIRA MACEDO";"-2";"NAO SE APLICA";"SAQUE CASH/ATM BB";"16/02/2021";"1000,00"
"47000";"Ministério do Planejamento e Orçamento";"25205";"Fundação Instituto Brasileiro de Geografia e Estatística";"114604";"SUPERINTENDENCIA ESTADUAL DO IBGE NO AMAZONAS";"2021";"03";"***.475.032-**";"EDINEIA FERREIRA MACEDO";"-2";"NAO SE APLICA";"SAQUE CASH/ATM BB";"15/02/2021";"1000,00"
"47000";"Ministério do Planejamento e Orçamento";"25205";"Fundação Instituto Brasileiro de Geografia e Estatística";"114604";"SUPERINTENDENCIA ESTADUAL DO IBGE NO AMAZONAS";"2021";"03";"***.475.032-**";"EDINEIA FERREIRA MACEDO";"-2";"NAO SE APLICA";"SAQUE CASH/ATM BB";"27/01/2021";"470,00"
"47000";"Ministério do Planejamento e Orçamento";"25205";"Fundação Instituto Brasileiro de Geografia e Estatística";"114604";"SUPERINTENDENCIA ESTADUAL DO IBGE NO AMAZONAS";"2021";"03";"***.475.032-**";"EDINEIA FERREIRA MACEDO";"-2";"NAO SE APLICA";"SAQUE CASH/ATM BB";"26/01/2021";"1000,00"
"47000";"Ministério do Planejamento e Orçamento";"25205";"Fundação Instituto Brasileiro de Geografia e Estatística";"114604";"SUPERINTENDENCIA ESTADUAL DO IBGE NO AMAZONAS";"2021";"03";"***.399.266-**";"LUAN DA SILVA REZENDE";"-2";"NAO SE APLICA";"SAQUE CASH/ATM BB";"18/02/2021";"50,00"
"47000";"Ministério do Planejamento e Orçamento";"25205";"Fundação Instituto Brasileiro de Geografia e Estatística";"114604";"SUPERINTENDENCIA ESTADUAL DO IBGE NO AMAZONAS";"2021";"03";"***.399.266-**";"LUAN DA SILVA REZENDE";"-2";"NAO SE APLICA";"SAQUE CASH/ATM BB";"15/02/2021";"1000,00"
"47000";"Ministério do Planejamento e Orçamento";"25205";"Fundação Instituto Brasileiro de Geografia e Estatística";"114604";"SUPERINTENDENCIA ESTADUAL DO IBGE NO AMAZONAS";"2021";"03";"***.399.266-**";"LUAN DA SILVA REZENDE";"-2";"NAO SE APLICA";"SAQUE CASH/ATM BB";"27/01/2021";"470,00"
"47000";"Ministério do Planejamento e Orçamento";"25205";"Fundação Instituto Brasileiro de Geografia e Estatística";"114604";"SUPERINTENDENCIA ESTADUAL DO IBGE NO AMAZONAS";"2021";"03";"***.399.266-**";"LUAN DA SILVA REZENDE";"-2";"NAO SE APLICA";"SAQUE CASH/ATM BB";"26/01/2021";"1000,00"
"47000";"Ministério do Planejamento e Orçamento";"25205";"Fundação Instituto Brasileiro de Geografia e Estatística";"114604";"SUPERINTENDENCIA ESTADUAL DO IBGE NO AMAZONAS";"2021";"03";"***.193.512-**";"WASHINGTON REGINALDO DE OLIVEIRA MACIEL";"-2";"NAO SE APLICA";"SAQUE CASH/ATM BB";"12/02/2021";"500,00"
"47000";"Ministério do Planejamento e Orçamento";"25205";"Fundação Instituto Brasileiro de Geografia e Estatística";"114604";"SUPERINTENDENCIA ESTADUAL DO IBGE NO AMAZONAS";"2021";"03";"***.193.512-**";"WASHINGTON REGINALDO DE OLIVEIRA MACIEL";"-2";"NAO SE APLICA";"SAQUE CASH/ATM BB";"11/02/2021";"1000,00"
"47000";"Ministério do Planejamento e Orçamento";"25205";"Fundação Instituto Brasileiro de Geografia e Estatística";"114604";"SUPERINTENDENCIA ESTADUAL DO IBGE NO AMAZONAS";"2021";"03";"***.193.512-**";"WASHINGTON REGINALDO DE OLIVEIRA MACIEL";"-2";"NAO SE APLICA";"SAQUE CASH/ATM BB";"10/02/2021";"980,00"
"47000";"Ministério do Planejamento e Orçamento";"25205";"Fundação Instituto Brasileiro de Geografia e Estatística";"114604";"SUPERINTENDENCIA ESTADUAL DO IBGE NO AMAZONAS";"2021";"03";"***.373.852-**";"MOISES CORREA LOPES";"02361352000106";"CHIBATAO COMERCIO VAREJISTA DE COMBUSTIVEIS E LUBRIFICANTES LTDA";"COMPRA A/V - R$ - APRES";"18/02/2021";"439,20"
"47000";"Ministério do Planejamento e Orçamento";"25205";"Fundação Instituto Brasileiro de Geografia e Estatística";"114604";"SUPERINTENDENCIA ESTADUAL DO IBGE NO AMAZONAS";"2021";"03";"***.373.852-**";"MOISES CORREA LOPES";"-2";"NAO SE APLICA";"SAQUE CASH/ATM BB";"03/02/2021";"150,00"
"47000";"Ministério do Planejamento e Orçamento";"25205";"Fundação Instituto Brasileiro de Geografia e Estatística";"114604";"SUPERINTENDENCIA ESTADUAL DO IBGE NO AMAZONAS";"2021";"03";"***.082.512-**";"LAMIN GONCALVES SANTOS DA SILVA";"-2";"NAO SE APLICA";"SAQUE CASH/ATM BB";"12/02/2021";"200,00"
"47000";"Ministério do Planejamento e Orçamento";"25205";"Fundação Instituto Brasileiro de Geografia e Estatística";"114604";"SUPERINTENDENCIA ESTADUAL DO IBGE NO AMAZONAS";"2021";"03";"***.082.512-**";"LAMIN GONCALVES SANTOS DA SILVA";"-2";"NAO SE APLICA";"SAQUE CASH/ATM BB";"11/02/2021";"1000,00"
"47000";"Ministério do Planejamento e Orçamento";"25205";"Fundação Instituto Brasileiro de Geografia e Estatística";"114604";"SUPERINTENDENCIA ESTADUAL DO IBGE NO AMAZONAS";"2021";"03";"***.386.382-**";"RONISONCICLEY CONDE DA ROCHA";"-2";"NAO SE APLICA";"SAQUE CASH/ATM BB";"19/02/2021";"860,00"
"47000";"Ministério do Planejamento e Orçamento";"25205";"Fundação Instituto Brasileiro de Geografia e Estatística";"114604";"SUPERINTENDENCIA ESTADUAL DO IBGE NO AMAZONAS";"2021";"03";"***.386.382-**";"RONISONCICLEY CONDE DA ROCHA";"-2";"NAO SE APLICA";"SAQUE CASH/ATM BB";"08/02/2021";"360,00"
"47000";"Ministério do Planejamento e Orçamento";"25205";"Fundação Instituto Brasileiro de Geografia e Estatística";"114604";"SUPERINTENDENCIA ESTADUAL DO IBGE NO AMAZONAS";"2021";"03";"***.373.852-**";"MOISES CORREA LOPES";"-2";"NAO SE APLICA";"SAQUE CASH/ATM BB";"22/02/2021";"550,00"
"47000";"Ministério do Planejamento e Orçamento";"25205";"Fundação Instituto Brasileiro de Geografia e Estatística";"114604";"SUPERINTENDENCIA ESTADUAL DO IBGE NO AMAZONAS";"2021";"03";"***.373.852-**";"MOISES CORREA LOPES";"-2";"NAO SE APLICA";"SAQUE CASH/ATM BB";"18/02/2021";"500,00"
"47000";"Ministério do Planejamento e Orçamento";"25205";"Fundação Instituto Brasileiro de Geografia e Estatística";"114604";"SUPERINTENDENCIA ESTADUAL DO IBGE NO AMAZONAS";"2021";"03";"***.082.512-**";"LAMIN GONCALVES SANTOS DA SILVA";"02748653000936";"M C D CARVALHO & CIA LTDA";"COMPRA A/V - R$ - APRES";"11/02/2021";"800,00"
"47000";"Ministério do Planejamento e Orçamento";"25205";"Fundação Instituto Brasileiro de Geografia e Estatística";"114610";"SUPERINTENDENCIA ESTADUAL DO IBGE NO CEARA";"2021";"03";"***.325.213-**";"EDGAR WILLER XIMENES DA COSTA";"-2";"NAO SE APLICA";"SAQUE CASH/ATM BB";"29/01/2021";"500,00"
"47000";"Ministério do Planejamento e Orçamento";"25205";"Fundação Instituto Brasileiro de Geografia e Estatística";"114610";"SUPERINTENDENCIA ESTADUAL DO IBGE NO CEARA";"2021";"03";"***.325.213-**";"EDGAR WILLER XIMENES DA COSTA";"-2";"NAO SE APLICA";"SAQUE CASH/ATM BB";"28/01/2021";"1000,00"
"47000";"Ministério do Planejamento e Orçamento";"25205";"Fundação Instituto Brasileiro de Geografia e Estatística";"114610";"SUPERINTENDENCIA ESTADUAL DO IBGE NO CEARA";"2021";"03";"***.763.183-**";"NEY FACUNDO ONOFRE";"-2";"NAO SE APLICA";"SAQUE CASH/ATM BB";"02/02/2021";"600,00"
"47000";"Ministério do Planejamento e Orçamento";"25205";"Fundação Instituto Brasileiro de Geografia e Estatística";"114610";"SUPERINTENDENCIA ESTADUAL DO IBGE NO CEARA";"2021";"03";"***.579.263-**";"JOAO LUIZ DOS SANTOS MELO";"-2";"NAO SE APLICA";"SAQUE CASH/ATM BB";"17/02/2021";"230,00"
"47000";"Ministério do Planejamento e Orçamento";"25205";"Fundação Instituto Brasileiro de Geografia e Estatística";"114610";"SUPERINTENDENCIA ESTADUAL DO IBGE NO CEARA";"2021";"03";"***.579.263-**";"JOAO LUIZ DOS SANTOS MELO";"-2";"NAO SE APLICA";"SAQUE CASH/ATM BB";"08/02/2021";"20,00"
"47000";"Ministério do Planejamento e Orçamento";"25205";"Fundação Instituto Brasileiro de Geografia e Estatística";"114610";"SUPERINTENDENCIA ESTADUAL DO IBGE NO CEARA";"2021";"03";"***.579.263-**";"JOAO LUIZ DOS SANTOS MELO";"-2";"NAO SE APLICA";"SAQUE CASH/ATM BB";"03/02/2021";"950,00"
"47000";"Ministério do Planejamento e Orçamento";"25205";"Fundação Instituto Brasileiro de Geografia e Estatística";"114610";"SUPERINTENDENCIA ESTADUAL DO IBGE NO CEARA";"2021";"03";"***.916.053-**";"LUCIANO FERNANDES DA SILVA";"-2";"NAO SE APLICA";"SAQUE CASH/ATM BB";"15/02/2021";"500,00"
"47000";"Ministério do Planejamento e Orçamento";"25205";"Fundação Instituto Brasileiro de Geografia e Estatística";"114610";"SUPERINTENDENCIA ESTADUAL DO IBGE NO CEARA";"2021";"03";"***.916.053-**";"LUCIANO FERNANDES DA SILVA";"-2";"NAO SE APLICA";"SAQUE CASH/ATM BB";"13/02/2021";"1000,00"
"47000";"Ministério do Planejamento e Orçamento";"25205";"Fundação Instituto Brasileiro de Geografia e Estatística";"114610";"SUPERINTENDENCIA ESTADUAL DO IBGE NO CEARA";"2021";"03";"***.916.053-**";"LUCIANO FERNANDES DA SILVA";"-2";"NAO SE APLICA";"SAQUE CASH/ATM BB";"05/02/2021";"200,00"
"47000";"Ministério do Planejamento e Orçamento";"25205";"Fundação Instituto Brasileiro de Geografia e Estatística";"114610";"SUPERINTENDENCIA ESTADUAL DO IBGE NO CEARA";"2021";"03";"***.916.053-**";"LUCIANO FERNANDES DA SILVA";"-2";"NAO SE APLICA";"SAQUE CASH/ATM BB";"04/02/2021";"1000,00"
"47000";"Ministério do Planejamento e Orçamento";"25205";"Fundação Instituto Brasileiro de Geografia e Estatística";"114619";"SUPERINTENDENCIA ESTADUAL DO IBGE NO ES";"2021";"03";"***.827.787-**";"GILBERTO DE MARTIN OLIVEIRA";"29662429000126";"GRUPO PLATINUM LTDA";"COMPRA A/V - R$ - APRES";"23/02/2021";"130,00"
"47000";"Ministério do Planejamento e Orçamento";"25205";"Fundação Instituto Brasileiro de Geografia e Estatística";"114619";"SUPERINTENDENCIA ESTADUAL DO IBGE NO ES";"2021";"03";"***.827.787-**";"GILBERTO DE MARTIN OLIVEIRA";"31772247000150";"ELETRONICA GJ LTDA";"COMPRA A/V - R$ - APRES";"23/02/2021";"39,90"
"47000";"Ministério do Planejamento e Orçamento";"25205";"Fundação Instituto Brasileiro de Geografia e Estatística";"114619";"SUPERINTENDENCIA ESTADUAL DO IBGE NO ES";"2021";"03";"***.517.476-**";"DANIEL ANICETO DE SOUZA DA SILVA";"-2";"NAO SE APLICA";"SAQUE CASH/ATM BB";"18/02/2021";"430,00"
"47000";"Ministério do Planejamento e Orçamento";"25205";"Fundação Instituto Brasileiro de Geografia e Estatística";"114619";"SUPERINTENDENCIA ESTADUAL DO IBGE NO ES";"2021";"03";"***.203.977-**";"MARCIA VARGAS SANTOS MENEGUELLI";"-2";"NAO SE APLICA";"SAQUE CASH/ATM BB";"27/01/2021";"80,00"
"47000";"Ministério do Planejamento e Orçamento";"25205";"Fundação Instituto Brasileiro de Geografia e Estatística";"114619";"SUPERINTENDENCIA ESTADUAL DO IBGE NO ES";"2021";"03";"***.231.055-**";"DOUGLAS RENNIER DE JESUS CAETANO";"-2";"NAO SE APLICA";"SAQUE CASH/ATM BB";"12/02/2021";"640,00"
"47000";"Ministério do Planejamento e Orçamento";"25205";"Fundação Instituto Brasileiro de Geografia e Estatística";"114619";"SUPERINTENDENCIA ESTADUAL DO IBGE NO ES";"2021";"03";"***.231.055-**";"DOUGLAS RENNIER DE JESUS CAETANO";"-2";"NAO SE APLICA";"SAQUE CASH/ATM BB";"28/01/2021";"560,00"
"47000";"Ministério do Planejamento e Orçamento";"25205";"Fundação Instituto Brasileiro de Geografia e Estatística";"114619";"SUPERINTENDENCIA ESTADUAL DO IBGE NO ES";"2021";"03";"***.126.047-**";"DAIANE BENEVIDES NASCIMENTO";"-2";"NAO SE APLICA";"SAQUE CASH/ATM BB";"12/02/2021";"300,00"
"47000";"Ministério do Planejamento e Orçamento";"25205";"Fundação Instituto Brasileiro de Geografia e Estatística";"114619";"SUPERINTENDENCIA ESTADUAL DO IBGE NO ES";"2021";"03";"***.107.267-**";"GILSON VIGNATTI";"-2";"NAO SE APLICA";"SAQUE CASH/ATM BB";"03/02/2021";"340,00"
"47000";"Ministério do Planejamento e Orçamento";"25205";"Fundação Instituto Brasileiro de Geografia e Estatística";"114619";"SUPERINTENDENCIA ESTADUAL DO IBGE NO ES";"2021";"03";"***.107.267-**";"GILSON VIGNATTI";"-2";"NAO SE APLICA";"SAQUE CASH/ATM BB";"02/02/2021";"1000,00"
"47000";"Ministério do Planejamento e Orçamento";"25205";"Fundação Instituto Brasileiro de Geografia e Estatística";"114619";"SUPERINTENDENCIA ESTADUAL DO IBGE NO ES";"2021";"03";"***.468.847-**";"SIDNEY GOMES GUEDES";"-2";"NAO SE APLICA";"SAQUE CASH/ATM BB";"15/02/2021";"910,00"
"47000";"Ministério do Planejamento e Orçamento";"25205";"Fundação Instituto Brasileiro de Geografia e Estatística";"114619";"SUPERINTENDENCIA ESTADUAL DO IBGE NO ES";"2021";"03";"***.468.847-**";"SIDNEY GOMES GUEDES";"-2";"NAO SE APLICA";"SAQUE CASH/ATM BB";"03/02/2021";"210,00"
"47000";"Ministério do Planejamento e Orçamento";"25205";"Fundação Instituto Brasileiro de Geografia e Estatística";"114619";"SUPERINTENDENCIA ESTADUAL DO IBGE NO ES";"2021";"03";"***.037.887-**";"RAFAEL VENTURINI TRINDADE";"-2";"NAO SE APLICA";"SAQUE CASH/ATM BB";"05/02/2021";"400,00"
"47000";"Ministério do Planejamento e Orçamento";"25205";"Fundação Instituto Brasileiro de Geografia e Estatística";"114619";"SUPERINTENDENCIA ESTADUAL DO IBGE NO ES";"2021";"03";"***.037.887-**";"RAFAEL VENTURINI TRINDADE";"-2";"NAO SE APLICA";"SAQUE CASH/ATM BB";"04/02/2021";"1000,00"
"47000";"Ministério do Planejamento e Orçamento";"25205";"Fundação Instituto Brasileiro de Geografia e Estatística";"114619";"SUPERINTENDENCIA ESTADUAL DO IBGE NO ES";"2021";"03";"***.816.806-**";"DOUGLAS SILVA RABBI";"-2";"NAO SE APLICA";"SAQUE CASH/ATM BB";"19/02/2021";"450,00"
"47000";"Ministério do Planejamento e Orçamento";"25205";"Fundação Instituto Brasileiro de Geografia e Estatística";"114619";"SUPERINTENDENCIA ESTADUAL DO IBGE NO ES";"2021";"03";"***.816.806-**";"DOUGLAS SILVA RABBI";"-2";"NAO SE APLICA";"SAQUE CASH/ATM BB";"18/02/2021";"1000,00"
"47000";"Ministério do Planejamento e Orçamento";"25205";"Fundação Instituto Brasileiro de Geografia e Estatística";"114619";"SUPERINTENDENCIA ESTADUAL DO IBGE NO ES";"2021";"03";"***.762.377-**";"MARCUS VINICIUS SIQUEIRA DE MENDONCA";"-2";"NAO SE APLICA";"SAQUE CASH/ATM BB";"22/02/2021";"1000,00"
"47000";"Ministério do Planejamento e Orçamento";"25205";"Fundação Instituto Brasileiro de Geografia e Estatística";"114619";"SUPERINTENDENCIA ESTADUAL DO IBGE NO ES";"2021";"03";"***.762.377-**";"MARCUS VINICIUS SIQUEIRA DE MENDONCA";"-2";"NAO SE APLICA";"SAQUE CASH/ATM BB";"12/02/2021";"1000,00"
"47000";"Ministério do Planejamento e Orçamento";"25205";"Fundação Instituto Brasileiro de Geografia e Estatística";"114619";"SUPERINTENDENCIA ESTADUAL DO IBGE NO ES";"2021";"03";"***.762.377-**";"MARCUS VINICIUS SIQUEIRA DE MENDONCA";"-2";"NAO SE APLICA";"SAQUE CASH/ATM BB";"11/02/2021";"1000,00"
"47000";"Ministério do Planejamento e Orçamento";"25205";"Fundação Instituto Brasileiro de Geografia e Estatística";"114619";"SUPERINTENDENCIA ESTADUAL DO IBGE NO ES";"2021";"03";"***.100.407-**";"GUSTAVO CARVALHO BELLOTI";"-2";"NAO SE APLICA";"SAQUE CASH/ATM BB";"27/01/2021";"450,00"
"47000";"Ministério do Planejamento e Orçamento";"25205";"Fundação Instituto Brasileiro de Geografia e Estatística";"114619";"SUPERINTENDENCIA ESTADUAL DO IBGE NO ES";"2021";"03";"***.100.407-**";"GUSTAVO CARVALHO BELLOTI";"-2";"NAO SE APLICA";"SAQUE CASH/ATM BB";"26/01/2021";"1000,00"
"47000";"Ministério do Planejamento e Orçamento";"25205";"Fundação Instituto Brasileiro de Geografia e Estatística";"114608";"SUPERINTENDENCIA ESTADUAL DO IBGE NO MARANHAO";"2021";"03";"***.703.573-**";"LEONARDO MAGNO LEITE BRANDAO";"-2";"NAO SE APLICA";"SAQUE CASH/ATM BB";"19/02/2021";"300,00"
"47000";"Ministério do Planejamento e Orçamento";"25205";"Fundação Instituto Brasileiro de Geografia e Estatística";"114608";"SUPERINTENDENCIA ESTADUAL DO IBGE NO MARANHAO";"2021";"03";"***.914.603-**";"AUDIZIO ARAUJO DOS SANTOS";"-2";"NAO SE APLICA";"SAQUE CASH/ATM BB";"17/02/2021";"480,00"
"47000";"Ministério do Planejamento e Orçamento";"25205";"Fundação Instituto Brasileiro de Geografia e Estatística";"114608";"SUPERINTENDENCIA ESTADUAL DO IBGE NO MARANHAO";"2021";"03";"***.914.603-**";"AUDIZIO ARAUJO DOS SANTOS";"-2";"NAO SE APLICA";"SAQUE CASH/ATM BB";"16/02/2021";"1000,00"
"47000";"Ministério do Planejamento e Orçamento";"25205";"Fundação Instituto Brasileiro de Geografia e Estatística";"114608";"SUPERINTENDENCIA ESTADUAL DO IBGE NO MARANHAO";"2021";"03";"***.483.273-**";"FABIANNO JOSE DA CRUZ DOS SANTOS";"-2";"NAO SE APLICA";"SAQUE CASH/ATM BB";"29/01/2021";"450,00"
"47000";"Ministério do Planejamento e Orçamento";"25205";"Fundação Instituto Brasileiro de Geografia e Estatística";"114608";"SUPERINTENDENCIA ESTADUAL DO IBGE NO MARANHAO";"2021";"03";"***.129.053-**";"WELLINGTON FABRICIO CARVALHO SILVA";"-2";"NAO SE APLICA";"SAQUE CASH/ATM BB";"18/02/2021";"240,00"
"47000";"Ministério do Planejamento e Orçamento";"25205";"Fundação Instituto Brasileiro de Geografia e Estatística";"114608";"SUPERINTENDENCIA ESTADUAL DO IBGE NO MARANHAO";"2021";"03";"***.574.033-**";"ANTONIO EUNICIO GALVAO JUNIOR";"-2";"NAO SE APLICA";"SAQUE CASH/ATM BB";"19/02/2021";"200,00"
"47000";"Ministério do Planejamento e Orçamento";"25205";"Fundação Instituto Brasileiro de Geografia e Estatística";"114608";"SUPERINTENDENCIA ESTADUAL DO IBGE NO MARANHAO";"2021";"03";"***.574.033-**";"ANTONIO EUNICIO GALVAO JUNIOR";"-2";"NAO SE APLICA";"SAQUE CASH/ATM BB";"18/02/2021";"1000,00"
"47000";"Ministério do Planejamento e Orçamento";"25205";"Fundação Instituto Brasileiro de Geografia e Estatística";"114608";"SUPERINTENDENCIA ESTADUAL DO IBGE NO MARANHAO";"2021";"03";"***.574.033-**";"ANTONIO EUNICIO GALVAO JUNIOR";"-2";"NAO SE APLICA";"SAQUE CASH/ATM BB";"04/02/2021";"260,00"
"47000";"Ministério do Planejamento e Orçamento";"25205";"Fundação Instituto Brasileiro de Geografia e Estatística";"114608";"SUPERINTENDENCIA ESTADUAL DO IBGE NO MARANHAO";"2021";"03";"***.574.033-**";"ANTONIO EUNICIO GALVAO JUNIOR";"-2";"NAO SE APLICA";"SAQUE CASH/ATM BB";"26/01/2021";"1000,00"
"47000";"Ministério do Planejamento e Orçamento";"25205";"Fundação Instituto Brasileiro de Geografia e Estatística";"114608";"SUPERINTENDENCIA ESTADUAL DO IBGE NO MARANHAO";"2021";"03";"***.711.137-**";"ADRIEL SANTOS DE CARVALHO";"-2";"NAO SE APLICA";"SAQUE CASH/ATM BB";"22/02/2021";"700,00"
"47000";"Ministério do Planejamento e Orçamento";"25205";"Fundação Instituto Brasileiro de Geografia e Estatística";"114608";"SUPERINTENDENCIA ESTADUAL DO IBGE NO MARANHAO";"2021";"03";"***.383.903-**";"WANDRESON VIANA DOS SANTOS";"-2";"NAO SE APLICA";"SAQUE CASH/ATM BB";"01/02/2021";"720,00"
"47000";"Ministério do Planejamento e Orçamento";"25205";"Fundação Instituto Brasileiro de Geografia e Estatística";"114608";"SUPERINTENDENCIA ESTADUAL DO IBGE NO MARANHAO";"2021";"03";"***.383.903-**";"WANDRESON VIANA DOS SANTOS";"-2";"NAO SE APLICA";"SAQUE CASH/ATM BB";"28/01/2021";"1000,00"
"47000";"Ministério do Planejamento e Orçamento";"25205";"Fundação Instituto Brasileiro de Geografia e Estatística";"114608";"SUPERINTENDENCIA ESTADUAL DO IBGE NO MARANHAO";"2021";"03";"***.559.463-**";"ERISNALDO DE OLIVEIRA SILVA";"-2";"NAO SE APLICA";"SAQUE CASH/ATM BB";"09/02/2021";"240,00"
"47000";"Ministério do Planejamento e Orçamento";"25205";"Fundação Instituto Brasileiro de Geografia e Estatística";"114608";"SUPERINTENDENCIA ESTADUAL DO IBGE NO MARANHAO";"2021";"03";"***.861.074-**";"FRANKLIN FERNANDES DA SILVA";"-2";"NAO SE APLICA";"SAQUE CASH/ATM BB";"29/01/2021";"550,00"
"47000";"Ministério do Planejamento e Orçamento";"25205";"Fundação Instituto Brasileiro de Geografia e Estatística";"114608";"SUPERINTENDENCIA ESTADUAL DO IBGE NO MARANHAO";"2021";"03";"***.778.183-**";"JEAN CARLOS MARINHO MARTINS";"-2";"NAO SE APLICA";"SAQUE CASH/ATM BB";"29/01/2021";"400,00"
"47000";"Ministério do Planejamento e Orçamento";"25205";"Fundação Instituto Brasileiro de Geografia e Estatística";"114608";"SUPERINTENDENCIA ESTADUAL DO IBGE NO MARANHAO";"2021";"03";"***.778.183-**";"JEAN CARLOS MARINHO MARTINS";"-2";"NAO SE APLICA";"SAQUE CASH/ATM BB";"28/01/2021";"1000,00"
"47000";"Ministério do Planejamento e Orçamento";"25205";"Fundação Instituto Brasileiro de Geografia e Estatística";"114608";"SUPERINTENDENCIA ESTADUAL DO IBGE NO MARANHAO";"2021";"03";"***.598.243-**";"IZALINA CARLA OLIVEIRA DO NASCIMENTO GOMES";"-2";"NAO SE APLICA";"SAQUE CASH/ATM BB";"22/02/2021";"400,00"
"47000";"Ministério do Planejamento e Orçamento";"25205";"Fundação Instituto Brasileiro de Geografia e Estatística";"114608";"SUPERINTENDENCIA ESTADUAL DO IBGE NO MARANHAO";"2021";"03";"***.598.243-**";"IZALINA CARLA OLIVEIRA DO NASCIMENTO GOMES";"-2";"NAO SE APLICA";"SAQUE CASH/ATM BB";"22/02/2021";"500,00"
"47000";"Ministério do Planejamento e Orçamento";"25205";"Fundação Instituto Brasileiro de Geografia e Estatística";"114608";"SUPERINTENDENCIA ESTADUAL DO IBGE NO MARANHAO";"2021";"03";"***.598.243-**";"IZALINA CARLA OLIVEIRA DO NASCIMENTO GOMES";"-2";"NAO SE APLICA";"SAQUE CASH/ATM BB";"18/02/2021";"300,00"
"47000";"Ministério do Planejamento e Orçamento";"25205";"Fundação Instituto Brasileiro de Geografia e Estatística";"114608";"SUPERINTENDENCIA ESTADUAL DO IBGE NO MARANHAO";"2021";"03";"***.858.053-**";"MARIA DE JESUS GUIMARAES";"-2";"NAO SE APLICA";"SAQUE CASH/ATM BB";"26/01/2021";"740,00"
"47000";"Ministério do Planejamento e Orçamento";"25205";"Fundação Instituto Brasileiro de Geografia e Estatística";"114608";"SUPERINTENDENCIA ESTADUAL DO IBGE NO MARANHAO";"2021";"03";"***.861.074-**";"FRANKLIN FERNANDES DA SILVA";"-2";"NAO SE APLICA";"SAQUE CASH/ATM BB";"19/02/2021";"300,00"
"47000";"Ministério do Planejamento e Orçamento";"25205";"Fundação Instituto Brasileiro de Geografia e Estatística";"114606";"SUPERINTENDENCIA ESTADUAL DO IBGE NO PARA";"2021";"03";"***.410.782-**";"MARCIO FRANKLIN PONTES DA SILVA";"-2";"NAO SE APLICA";"SAQUE CASH/ATM BB";"12/02/2021";"300,00"
"47000";"Ministério do Planejamento e Orçamento";"25205";"Fundação Instituto Brasileiro de Geografia e Estatística";"114606";"SUPERINTENDENCIA ESTADUAL DO IBGE NO PARA";"2021";"03";"***.410.782-**";"MARCIO FRANKLIN PONTES DA SILVA";"-2";"NAO SE APLICA";"SAQUE CASH/ATM BB";"11/02/2021";"1000,00"
"47000";"Ministério do Planejamento e Orçamento";"25205";"Fundação Instituto Brasileiro de Geografia e Estatística";"114606";"SUPERINTENDENCIA ESTADUAL DO IBGE NO PARA";"2021";"03";"***.410.782-**";"MARCIO FRANKLIN PONTES DA SILVA";"-2";"NAO SE APLICA";"SAQUE CASH/ATM BB";"10/02/2021";"1000,00"
"47000";"Ministério do Planejamento e Orçamento";"25205";"Fundação Instituto Brasileiro de Geografia e Estatística";"114606";"SUPERINTENDENCIA ESTADUAL DO IBGE NO PARA";"2021";"03";"***.510.142-**";"HUGO DIAS DE LUCENA";"-2";"NAO SE APLICA";"SAQUE CASH/ATM BB";"29/01/2021";"600,00"
"47000";"Ministério do Planejamento e Orçamento";"25205";"Fundação Instituto Brasileiro de Geografia e Estatística";"114606";"SUPERINTENDENCIA ESTADUAL DO IBGE NO PARA";"2021";"03";"***.348.522-**";"LUIZ PEDRO FELGUEIRAS NETO";"-2";"NAO SE APLICA";"SAQUE CASH/ATM BB";"22/02/2021";"350,00"
"47000";"Ministério do Planejamento e Orçamento";"25205";"Fundação Instituto Brasileiro de Geografia e Estatística";"114606";"SUPERINTENDENCIA ESTADUAL DO IBGE NO PARA";"2021";"03";"***.348.522-**";"LUIZ PEDRO FELGUEIRAS NETO";"-2";"NAO SE APLICA";"SAQUE CASH/ATM BB";"09/02/2021";"350,00"
"47000";"Ministério do Planejamento e Orçamento";"25205";"Fundação Instituto Brasileiro de Geografia e Estatística";"114606";"SUPERINTENDENCIA ESTADUAL DO IBGE NO PARA";"2021";"03";"***.191.342-**";"TAINA SOUZA RAIOL";"-2";"NAO SE APLICA";"SAQUE CASH/ATM BB";"19/02/2021";"1000,00"
"47000";"Ministério do Planejamento e Orçamento";"25205";"Fundação Instituto Brasileiro de Geografia e Estatística";"114606";"SUPERINTENDENCIA ESTADUAL DO IBGE NO PARA";"2021";"03";"***.191.342-**";"TAINA SOUZA RAIOL";"-2";"NAO SE APLICA";"SAQUE CASH/ATM BB";"18/02/2021";"1000,00"
"47000";"Ministério do Planejamento e Orçamento";"25205";"Fundação Instituto Brasileiro de Geografia e Estatística";"114606";"SUPERINTENDENCIA ESTADUAL DO IBGE NO PARA";"2021";"03";"***.191.342-**";"TAINA SOUZA RAIOL";"-2";"NAO SE APLICA";"SAQUE CASH/ATM BB";"17/02/2021";"1000,00"
"47000";"Ministério do Planejamento e Orçamento";"25205";"Fundação Instituto Brasileiro de Geografia e Estatística";"114606";"SUPERINTENDENCIA ESTADUAL DO IBGE NO PARA";"2021";"03";"***.013.542-**";"ERYKA PAMELLA RODRIGUES DA SILVA";"-2";"NAO SE APLICA";"SAQUE CASH/ATM BB";"12/02/2021";"400,00"
"47000";"Ministério do Planejamento e Orçamento";"25205";"Fundação Instituto Brasileiro de Geografia e Estatística";"114606";"SUPERINTENDENCIA ESTADUAL DO IBGE NO PARA";"2021";"03";"***.013.542-**";"ERYKA PAMELLA RODRIGUES DA SILVA";"-2";"NAO SE APLICA";"SAQUE CASH/ATM BB";"10/02/2021";"1000,00"
"47000";"Ministério do Planejamento e Orçamento";"25205";"Fundação Instituto Brasileiro de Geografia e Estatística";"114606";"SUPERINTENDENCIA ESTADUAL DO IBGE NO PARA";"2021";"03";"***.980.732-**";"ENILSON SARDINHA COSTA";"-2";"NAO SE APLICA";"SAQUE CASH/ATM BB";"05/02/2021";"980,00"
"47000";"Ministério do Planejamento e Orçamento";"25205";"Fundação Instituto Brasileiro de Geografia e Estatística";"114606";"SUPERINTENDENCIA ESTADUAL DO IBGE NO PARA";"2021";"03";"***.980.732-**";"ENILSON SARDINHA COSTA";"-2";"NAO SE APLICA";"SAQUE CASH/ATM BB";"04/02/2021";"1000,00"
"47000";"Ministério do Planejamento e Orçamento";"25205";"Fundação Instituto Brasileiro de Geografia e Estatística";"114606";"SUPERINTENDENCIA ESTADUAL DO IBGE NO PARA";"2021";"03";"***.980.732-**";"ENILSON SARDINHA COSTA";"-2";"NAO SE APLICA";"SAQUE CASH/ATM BB";"03/02/2021";"1000,00"
"47000";"Ministério do Planejamento e Orçamento";"25205";"Fundação Instituto Brasileiro de Geografia e Estatística";"114606";"SUPERINTENDENCIA ESTADUAL DO IBGE NO PARA";"2021";"03";"***.980.732-**";"ENILSON SARDINHA COSTA";"-2";"NAO SE APLICA";"SAQUE CASH/ATM BB";"02/02/2021";"1000,00"
"47000";"Ministério do Planejamento e Orçamento";"25205";"Fundação Instituto Brasileiro de Geografia e Estatística";"114606";"SUPERINTENDENCIA ESTADUAL DO IBGE NO PARA";"2021";"03";"***.194.492-**";"RENALDO FERREIRA DO CARMO";"-2";"NAO SE APLICA";"SAQUE CASH/ATM BB";"19/02/2021";"500,00"
"47000";"Ministério do Planejamento e Orçamento";"25205";"Fundação Instituto Brasileiro de Geografia e Estatística";"114606";"SUPERINTENDENCIA ESTADUAL DO IBGE NO PARA";"2021";"03";"***.194.492-**";"RENALDO FERREIRA DO CARMO";"-2";"NAO SE APLICA";"SAQUE CASH/ATM BB";"18/02/2021";"1000,00"
"47000";"Ministério do Planejamento e Orçamento";"25205";"Fundação Instituto Brasileiro de Geografia e Estatística";"114606";"SUPERINTENDENCIA ESTADUAL DO IBGE NO PARA";"2021";"03";"***.400.522-**";"PAULO GUILHERME SATURNINO SANTOS";"-2";"NAO SE APLICA";"SAQUE CASH/ATM BB";"22/02/2021";"500,00"
"47000";"Ministério do Planejamento e Orçamento";"25205";"Fundação Instituto Brasileiro de Geografia e Estatística";"114606";"SUPERINTENDENCIA ESTADUAL DO IBGE NO PARA";"2021";"03";"***.400.522-**";"PAULO GUILHERME SATURNINO SANTOS";"-2";"NAO SE APLICA";"SAQUE CASH/ATM BB";"10/02/2021";"500,00"
"47000";"Ministério do Planejamento e Orçamento";"25205";"Fundação Instituto Brasileiro de Geografia e Estatística";"114606";"SUPERINTENDENCIA ESTADUAL DO IBGE NO PARA";"2021";"03";"***.143.952-**";"KESIA BOHRY MOSCHEN";"-2";"NAO SE APLICA";"SAQUE CASH/ATM BB";"03/02/2021";"800,00"
"47000";"Ministério do Planejamento e Orçamento";"25205";"Fundação Instituto Brasileiro de Geografia e Estatística";"114606";"SUPERINTENDENCIA ESTADUAL DO IBGE NO PARA";"2021";"03";"***.892.032-**";"BRUNO FRANCISCO PAMPLONA FREIRE";"-2";"NAO SE APLICA";"SAQUE CASH/ATM BB";"16/02/2021";"1000,00"
"47000";"Ministério do Planejamento e Orçamento";"25205";"Fundação Instituto Brasileiro de Geografia e Estatística";"114606";"SUPERINTENDENCIA ESTADUAL DO IBGE NO PARA";"2021";"03";"***.433.372-**";"SOLANGE DO SOCORRO OLIVEIRA PEROTES";"-2";"NAO SE APLICA";"SAQUE CASH/ATM BB";"19/02/2021";"650,00"
"47000";"Ministério do Planejamento e Orçamento";"25205";"Fundação Instituto Brasileiro de Geografia e Estatística";"114606";"SUPERINTENDENCIA ESTADUAL DO IBGE NO PARA";"2021";"03";"***.433.372-**";"SOLANGE DO SOCORRO OLIVEIRA PEROTES";"-2";"NAO SE APLICA";"SAQUE CASH/ATM BB";"26/01/2021";"850,00"
"47000";"Ministério do Planejamento e Orçamento";"25205";"Fundação Instituto Brasileiro de Geografia e Estatística";"114606";"SUPERINTENDENCIA ESTADUAL DO IBGE NO PARA";"2021";"03";"***.366.648-**";"VALDIR BORGES DE OLIVEIRA";"-2";"NAO SE APLICA";"SAQUE CASH/ATM BB";"22/02/2021";"300,00"
"47000";"Ministério do Planejamento e Orçamento";"25205";"Fundação Instituto Brasileiro de Geografia e Estatística";"114606";"SUPERINTENDENCIA ESTADUAL DO IBGE NO PARA";"2021";"03";"***.366.648-**";"VALDIR BORGES DE OLIVEIRA";"-2";"NAO SE APLICA";"SAQUE CASH/ATM BB";"18/02/2021";"600,00"
"47000";"Ministério do Planejamento e Orçamento";"25205";"Fundação Instituto Brasileiro de Geografia e Estatística";"114606";"SUPERINTENDENCIA ESTADUAL DO IBGE NO PARA";"2021";"03";"***.366.648-**";"VALDIR BORGES DE OLIVEIRA";"-2";"NAO SE APLICA";"SAQUE CASH/ATM BB";"11/02/2021";"200,00"
"47000";"Ministério do Planejamento e Orçamento";"25205";"Fundação Instituto Brasileiro de Geografia e Estatística";"114606";"SUPERINTENDENCIA ESTADUAL DO IBGE NO PARA";"2021";"03";"***.366.648-**";"VALDIR BORGES DE OLIVEIRA";"-2";"NAO SE APLICA";"SAQUE CASH/ATM BB";"02/02/2021";"750,00"
"47000";"Ministério do Planejamento e Orçamento";"25205";"Fundação Instituto Brasileiro de Geografia e Estatística";"114606";"SUPERINTENDENCIA ESTADUAL DO IBGE NO PARA";"2021";"03";"***.892.032-**";"BRUNO FRANCISCO PAMPLONA FREIRE";"-2";"NAO SE APLICA";"SAQUE CASH/ATM BB";"17/02/2021";"800,00"
"47000";"Ministério do Planejamento e Orçamento";"25205";"Fundação Instituto Brasileiro de Geografia e Estatística";"114606";"SUPERINTENDENCIA ESTADUAL DO IBGE NO PARA";"2021";"03";"***.602.092-**";"NILTON DA CRUZ ROCHA";"-2";"NAO SE APLICA";"SAQUE CASH/ATM BB";"09/02/2021";"830,00"
"47000";"Ministério do Planejamento e Orçamento";"25205";"Fundação Instituto Brasileiro de Geografia e Estatística";"114623";"SUPERINTENDENCIA ESTADUAL DO IBGE NO PARANA";"2021";"03";"***.725.899-**";"LUCIANA DE BARROS";"47069619987";"EDSON FABIO MADEIRA";"COMPRA A/V - R$ - APRES";"01/02/2021";"174,60"
"47000";"Ministério do Planejamento e Orçamento";"25205";"Fundação Instituto Brasileiro de Geografia e Estatística";"114623";"SUPERINTENDENCIA ESTADUAL DO IBGE NO PARANA";"2021";"03";"***.725.899-**";"LUCIANA DE BARROS";"47069619987";"EDSON FABIO MADEIRA";"COMPRA A/V - R$ - APRES";"01/02/2021";"349,20"
"47000";"Ministério do Planejamento e Orçamento";"25205";"Fundação Instituto Brasileiro de Geografia e Estatística";"114623";"SUPERINTENDENCIA ESTADUAL DO IBGE NO PARANA";"2021";"03";"***.369.131-**";"RUBENS RODRIGUES DE CARVALHO JUNIOR";"11517841004427";"COMPANHIA SULAMERICANA DE DISTRIBUICAO";"COMPRA A/V - R$ - APRES";"19/02/2021";"139,13"
"47000";"Ministério do Planejamento e Orçamento";"25205";"Fundação Instituto Brasileiro de Geografia e Estatística";"114623";"SUPERINTENDENCIA ESTADUAL DO IBGE NO PARANA";"2021";"03";"***.250.809-**";"ROMEU UBIRAJARA MOREIRA";"16668076000200";"SUMUP INSTITUICAO DE PAGAMENTO BRASIL LTDA";"COMPRA A/V - R$ - APRES";"04/02/2021";"420,00"
"47000";"Ministério do Planejamento e Orçamento";"25205";"Fundação Instituto Brasileiro de Geografia e Estatística";"114623";"SUPERINTENDENCIA ESTADUAL DO IBGE NO PARANA";"2021";"03";"***.451.069-**";"JAIR IMAY";"37712935000100";"MONICA ESQUADRIAS LTDA";"COMPRA A/V - R$ - APRES";"05/02/2021";"150,00"
"47000";"Ministério do Planejamento e Orçamento";"25205";"Fundação Instituto Brasileiro de Geografia e Estatística";"114623";"SUPERINTENDENCIA ESTADUAL DO IBGE NO PARANA";"2021";"03";"***.878.589-**";"CESAR LEANDRO PARAPINSKI";"00590667000191";"CASA LUZ E AGUA COMERCIO DE MATERIAIS ELETRICOS LTDA";"COMPRA A/V - R$ - APRES";"09/02/2021";"14,50"
"47000";"Ministério do Planejamento e Orçamento";"25205";"Fundação Instituto Brasileiro de Geografia e Estatística";"114623";"SUPERINTENDENCIA ESTADUAL DO IBGE NO PARANA";"2021";"03";"***.250.809-**";"ROMEU UBIRAJARA MOREIRA";"-2";"NAO SE APLICA";"SAQUE CASH/ATM BB";"12/02/2021";"20,00"
"47000";"Ministério do Planejamento e Orçamento";"25205";"Fundação Instituto Brasileiro de Geografia e Estatística";"114623";"SUPERINTENDENCIA ESTADUAL DO IBGE NO PARANA";"2021";"03";"***.369.131-**";"RUBENS RODRIGUES DE CARVALHO JUNIOR";"-2";"NAO SE APLICA";"SAQUE CASH/ATM BB";"10/02/2021";"90,00"
"47000";"Ministério do Planejamento e Orçamento";"25205";"Fundação Instituto Brasileiro de Geografia e Estatística";"114623";"SUPERINTENDENCIA ESTADUAL DO IBGE NO PARANA";"2021";"03";"***.325.959-**";"HENRY MAZER";"-2";"NAO SE APLICA";"SAQUE CASH/ATM BB";"19/02/2021";"230,00"
"47000";"Ministério do Planejamento e Orçamento";"25205";"Fundação Instituto Brasileiro de Geografia e Estatística";"114623";"SUPERINTENDENCIA ESTADUAL DO IBGE NO PARANA";"2021";"03";"***.725.899-**";"LUCIANA DE BARROS";"-2";"NAO SE APLICA";"SAQUE CASH/ATM BB";"03/02/2021";"20,00"
"47000";"Ministério do Planejamento e Orçamento";"25205";"Fundação Instituto Brasileiro de Geografia e Estatística";"114623";"SUPERINTENDENCIA ESTADUAL DO IBGE NO PARANA";"2021";"03";"***.725.899-**";"LUCIANA DE BARROS";"-2";"NAO SE APLICA";"SAQUE CASH/ATM BB";"01/02/2021";"130,00"
"47000";"Ministério do Planejamento e Orçamento";"25205";"Fundação Instituto Brasileiro de Geografia e Estatística";"114623";"SUPERINTENDENCIA ESTADUAL DO IBGE NO PARANA";"2021";"03";"***.659.149-**";"MARCELO ESPLUGUES";"-2";"NAO SE APLICA";"SAQUE CASH/ATM BB";"20/02/2021";"60,00"
"47000";"Ministério do Planejamento e Orçamento";"25205";"Fundação Instituto Brasileiro de Geografia e Estatística";"114623";"SUPERINTENDENCIA ESTADUAL DO IBGE NO PARANA";"2021";"03";"***.867.729-**";"GUILHERME ERNESTO TONIN";"-2";"NAO SE APLICA";"SAQUE CASH/ATM BB";"10/02/2021";"35,00"
"47000";"Ministério do Planejamento e Orçamento";"25205";"Fundação Instituto Brasileiro de Geografia e Estatística";"114623";"SUPERINTENDENCIA ESTADUAL DO IBGE NO PARANA";"2021";"03";"***.878.589-**";"CESAR LEANDRO PARAPINSKI";"-2";"NAO SE APLICA";"SAQUE CASH/ATM BB";"09/02/2021";"450,00"
"47000";"Ministério do Planejamento e Orçamento";"25205";"Fundação Instituto Brasileiro de Geografia e Estatística";"114623";"SUPERINTENDENCIA ESTADUAL DO IBGE NO PARANA";"2021";"03";"***.868.809-**";"HERCULES ANTONIO VIEIRA";"-2";"NAO SE APLICA";"SAQUE CASH/ATM BB";"19/02/2021";"80,00"
"47000";"Ministério do Planejamento e Orçamento";"25205";"Fundação Instituto Brasileiro de Geografia e Estatística";"114623";"SUPERINTENDENCIA ESTADUAL DO IBGE NO PARANA";"2021";"03";"***.261.499-**";"RENATO VIANA COSTA";"-2";"NAO SE APLICA";"SAQUE CASH/ATM BB";"11/02/2021";"150,00"
"47000";"Ministério do Planejamento e Orçamento";"25205";"Fundação Instituto Brasileiro de Geografia e Estatística";"114623";"SUPERINTENDENCIA ESTADUAL DO IBGE NO PARANA";"2021";"03";"***.004.339-**";"ANTONIO NORBERTO SCHNEIDER";"-2";"NAO SE APLICA";"SAQUE CASH/ATM BB";"18/02/2021";"135,00"
"47000";"Ministério do Planejamento e Orçamento";"25205";"Fundação Instituto Brasileiro de Geografia e Estatística";"114623";"SUPERINTENDENCIA ESTADUAL DO IBGE NO PARANA";"2021";"03";"***.261.499-**";"RENATO VIANA COSTA";"07038870920";"RAFAEL ROCHA BUFFARA";"COMPRA A/V - R$ - APRES";"01/02/2021";"200,00"
"47000";"Ministério do Planejamento e Orçamento";"25205";"Fundação Instituto Brasileiro de Geografia e Estatística";"114623";"SUPERINTENDENCIA ESTADUAL DO IBGE NO PARANA";"2021";"03";"***.878.589-**";"CESAR LEANDRO PARAPINSKI";"77044618001826";"BALAROTI - COMERCIO DE MATERIAIS DE CONSTRUCAO S.A.";"COMPRA A/V - R$ - APRES";"09/02/2021";"41,99"
"47000";"Ministério do Planejamento e Orçamento";"25205";"Fundação Instituto Brasileiro de Geografia e Estatística";"114623";"SUPERINTENDENCIA ESTADUAL DO IBGE NO PARANA";"2021";"03";"***.247.009-**";"RAFAEL MURARI DE ARAUJO";"19392785000113";"MONTE CARLO COMERCIAL LTDA";"COMPRA A/V - R$ - APRES";"01/02/2021";"280,00"
"47000";"Ministério do Planejamento e Orçamento";"25205";"Fundação Instituto Brasileiro de Geografia e Estatística";"114609";"SUPERINTENDENCIA ESTADUAL DO IBGE NO PIAUI";"2021";"03";"***.830.823-**";"RAIMUNDO NONATO MENDES DE SOUSA";"-2";"NAO SE APLICA";"SAQUE CASH/ATM BB";"03/02/2021";"350,00"
"47000";"Ministério do Planejamento e Orçamento";"25205";"Fundação Instituto Brasileiro de Geografia e Estatística";"114609";"SUPERINTENDENCIA ESTADUAL DO IBGE NO PIAUI";"2021";"03";"***.849.201-**";"ANTONIA RODRIGUES SILVA";"-2";"NAO SE APLICA";"SAQUE CASH/ATM BB";"03/02/2021";"350,00"
"47000";"Ministério do Planejamento e Orçamento";"25205";"Fundação Instituto Brasileiro de Geografia e Estatística";"114609";"SUPERINTENDENCIA ESTADUAL DO IBGE NO PIAUI";"2021";"03";"***.793.658-**";"CRISTIANA DA MATA ALMEIDA";"-2";"NAO SE APLICA";"SAQUE CASH/ATM BB";"02/02/2021";"350,00"
"47000";"Ministério do Planejamento e Orçamento";"25205";"Fundação Instituto Brasileiro de Geografia e Estatística";"114609";"SUPERINTENDENCIA ESTADUAL DO IBGE NO PIAUI";"2021";"03";"***.147.303-**";"ROBERTH ENOQUE RIBEIRO FRANCO";"-2";"NAO SE APLICA";"SAQUE CASH/ATM BB";"09/02/2021";"350,00"
"47000";"Ministério do Planejamento e Orçamento";"25205";"Fundação Instituto Brasileiro de Geografia e Estatística";"114609";"SUPERINTENDENCIA ESTADUAL DO IBGE NO PIAUI";"2021";"03";"***.075.133-**";"JOSE FRANCISCO SANTANA";"-2";"NAO SE APLICA";"SAQUE CASH/ATM BB";"22/02/2021";"800,00"
"47000";"Ministério do Planejamento e Orçamento";"25205";"Fundação Instituto Brasileiro de Geografia e Estatística";"114609";"SUPERINTENDENCIA ESTADUAL DO IBGE NO PIAUI";"2021";"03";"***.414.078-**";"IVANA MARIA MORANDI LUSTOSA";"-2";"NAO SE APLICA";"SAQUE CASH/ATM BB";"17/02/2021";"350,00"
"47000";"Ministério do Planejamento e Orçamento";"25205";"Fundação Instituto Brasileiro de Geografia e Estatística";"114609";"SUPERINTENDENCIA ESTADUAL DO IBGE NO PIAUI";"2021";"03";"***.515.793-**";"RAIMUNDO FLAVIO SOARES";"-2";"NAO SE APLICA";"SAQUE CASH/ATM BB";"02/02/2021";"350,00"
"47000";"Ministério do Planejamento e Orçamento";"25205";"Fundação Instituto Brasileiro de Geografia e Estatística";"114609";"SUPERINTENDENCIA ESTADUAL DO IBGE NO PIAUI";"2021";"03";"***.830.823-**";"RAIMUNDO NONATO MENDES DE SOUSA";"-2";"NAO SE APLICA";"SAQUE CASH/ATM BB";"10/02/2021";"250,00"
"47000";"Ministério do Planejamento e Orçamento";"25205";"Fundação Instituto Brasileiro de Geografia e Estatística";"114609";"SUPERINTENDENCIA ESTADUAL DO IBGE NO PIAUI";"2021";"03";"***.849.201-**";"ANTONIA RODRIGUES SILVA";"41284225000102";"MARIA CREUSA DOS SANTOS SOUZA";"COMPRA A/V - R$ - APRES";"05/02/2021";"100,00"
"47000";"Ministério do Planejamento e Orçamento";"25205";"Fundação Instituto Brasileiro de Geografia e Estatística";"114609";"SUPERINTENDENCIA ESTADUAL DO IBGE NO PIAUI";"2021";"03";"***.749.483-**";"FRANCISCO DAS CHAGAS RODRIGUES MIRANDA";"-2";"NAO SE APLICA";"SAQUE CASH/ATM BB";"02/02/2021";"350,00"
"47000";"Ministério do Planejamento e Orçamento";"25205";"Fundação Instituto Brasileiro de Geografia e Estatística";"114609";"SUPERINTENDENCIA ESTADUAL DO IBGE NO PIAUI";"2021";"03";"***.282.163-**";"MANOEL SILVA DE MOURA NETO";"-2";"NAO SE APLICA";"SAQUE CASH/ATM BB";"12/02/2021";"250,00"
"47000";"Ministério do Planejamento e Orçamento";"25205";"Fundação Instituto Brasileiro de Geografia e Estatística";"114609";"SUPERINTENDENCIA ESTADUAL DO IBGE NO PIAUI";"2021";"03";"***.314.713-**";"GIL ALVES CABRAL";"-2";"NAO SE APLICA";"SAQUE CASH/ATM BB";"29/01/2021";"450,00"
"47000";"Ministério do Planejamento e Orçamento";"25205";"Fundação Instituto Brasileiro de Geografia e Estatística";"114609";"SUPERINTENDENCIA ESTADUAL DO IBGE NO PIAUI";"2021";"03";"***.314.713-**";"GIL ALVES CABRAL";"-2";"NAO SE APLICA";"SAQUE CASH/ATM BB";"28/01/2021";"800,00"
"47000";"Ministério do Planejamento e Orçamento";"25205";"Fundação Instituto Brasileiro de Geografia e Estatística";"114609";"SUPERINTENDENCIA ESTADUAL DO IBGE NO PIAUI";"2021";"03";"***.414.078-**";"IVANA MARIA MORANDI LUSTOSA";"01687168000180";"MM PECAS MOTORES E MAQUINAS AGRICOLAS LTDA";"COMPRA A/V - R$ - APRES";"23/02/2021";"176,00"
"47000";"Ministério do Planejamento e Orçamento";"25205";"Fundação Instituto Brasileiro de Geografia e Estatística";"114639";"SUPERINTENDENCIA ESTADUAL EM TOCANTINS";"2021";"03";"***.466.941-**";"JAILSON CARVALHO SILVA";"03391133000477";"AGF GEORGE YUNES LTDA";"COMPRA A/V - R$ - APRES";"22/02/2021";"99,42"
"47000";"Ministério do Planejamento e Orçamento";"25205";"Fundação Instituto Brasileiro de Geografia e Estatística";"114639";"SUPERINTENDENCIA ESTADUAL EM TOCANTINS";"2021";"03";"***.768.663-**";"RENATO PABLO OLIVEIRA DE SOUSA";"02524296000175";"CARNEIRO E MARINHO & CIA LTDA";"COMPRA A/V - R$ - APRES";"23/02/2021";"70,50"
"47000";"Ministério do Planejamento e Orçamento";"25205";"Fundação Instituto Brasileiro de Geografia e Estatística";"114639";"SUPERINTENDENCIA ESTADUAL EM TOCANTINS";"2021";"03";"***.957.441-**";"DERCI ANTONIO ANDRADE JUNIOR";"09603075000131";"J B P DA S DAMACENA LTDA";"COMPRA A/V - R$ - APRES";"18/02/2021";"69,00"
"47000";"Ministério do Planejamento e Orçamento";"25205";"Fundação Instituto Brasileiro de Geografia e Estatística";"114639";"SUPERINTENDENCIA ESTADUAL EM TOCANTINS";"2021";"03";"***.546.071-**";"MATEUS CESAR CERQUEIRA ANTONIO BARBOSA";"-2";"NAO SE APLICA";"SAQUE CASH/ATM BB";"09/02/2021";"400,00"
"47000";"Ministério do Planejamento e Orçamento";"25205";"Fundação Instituto Brasileiro de Geografia e Estatística";"114639";"SUPERINTENDENCIA ESTADUAL EM TOCANTINS";"2021";"03";"***.515.173-**";"MANOEL OLIVEIRA CASTRO JUNIOR";"-2";"NAO SE APLICA";"SAQUE CASH/ATM BB";"22/02/2021";"400,00"
"47000";"Ministério do Planejamento e Orçamento";"25205";"Fundação Instituto Brasileiro de Geografia e Estatística";"114639";"SUPERINTENDENCIA ESTADUAL EM TOCANTINS";"2021";"03";"***.515.173-**";"MANOEL OLIVEIRA CASTRO JUNIOR";"-2";"NAO SE APLICA";"SAQUE CASH/ATM BB";"18/02/2021";"750,00"
"47000";"Ministério do Planejamento e Orçamento";"25205";"Fundação Instituto Brasileiro de Geografia e Estatística";"114639";"SUPERINTENDENCIA ESTADUAL EM TOCANTINS";"2021";"03";"***.957.441-**";"DERCI ANTONIO ANDRADE JUNIOR";"-2";"NAO SE APLICA";"SAQUE CASH/ATM BB";"17/02/2021";"480,00"
"47000";"Ministério do Planejamento e Orçamento";"25205";"Fundação Instituto Brasileiro de Geografia e Estatística";"114639";"SUPERINTENDENCIA ESTADUAL EM TOCANTINS";"2021";"03";"***.799.681-**";"FRANK HENRIQUE BARBOSA BOMFIM";"-2";"NAO SE APLICA";"SAQUE CASH/ATM BB";"18/02/2021";"1000,00"
"47000";"Ministério do Planejamento e Orçamento";"25205";"Fundação Instituto Brasileiro de Geografia e Estatística";"114639";"SUPERINTENDENCIA ESTADUAL EM TOCANTINS";"2021";"03";"***.799.681-**";"FRANK HENRIQUE BARBOSA BOMFIM";"-2";"NAO SE APLICA";"SAQUE CASH/ATM BB";"08/02/2021";"500,00"
"47000";"Ministério do Planejamento e Orçamento";"25205";"Fundação Instituto Brasileiro de Geografia e Estatística";"114639";"SUPERINTENDENCIA ESTADUAL EM TOCANTINS";"2021";"03";"***.466.941-**";"JAILSON CARVALHO SILVA";"-2";"NAO SE APLICA";"SAQUE CASH/ATM BB";"22/02/2021";"1000,00"
"47000";"Ministério do Planejamento e Orçamento";"25205";"Fundação Instituto Brasileiro de Geografia e Estatística";"114639";"SUPERINTENDENCIA ESTADUAL EM TOCANTINS";"2021";"03";"***.731.601-**";"SILVEIRINHA GUIMARAES LIMA";"-2";"NAO SE APLICA";"SAQUE CASH/ATM BB";"18/02/2021";"400,00"
"47000";"Ministério do Planejamento e Orçamento";"25205";"Fundação Instituto Brasileiro de Geografia e Estatística";"114639";"SUPERINTENDENCIA ESTADUAL EM TOCANTINS";"2021";"03";"***.352.561-**";"FRANCISCO DAS CHAGAS SILVA DE ASSIS";"-2";"NAO SE APLICA";"SAQUE CASH/ATM BB";"10/02/2021";"200,00"
"47000";"Ministério do Planejamento e Orçamento";"25205";"Fundação Instituto Brasileiro de Geografia e Estatística";"114639";"SUPERINTENDENCIA ESTADUAL EM TOCANTINS";"2021";"03";"***.352.561-**";"FRANCISCO DAS CHAGAS SILVA DE ASSIS";"-2";"NAO SE APLICA";"SAQUE CASH/ATM BB";"09/02/2021";"450,00"
"47000";"Ministério do Planejamento e Orçamento";"25205";"Fundação Instituto Brasileiro de Geografia e Estatística";"114639";"SUPERINTENDENCIA ESTADUAL EM TOCANTINS";"2021";"03";"***.352.561-**";"FRANCISCO DAS CHAGAS SILVA DE ASSIS";"-2";"NAO SE APLICA";"SAQUE CASH/ATM BB";"04/02/2021";"400,00"
"47000";"Ministério do Planejamento e Orçamento";"25205";"Fundação Instituto Brasileiro de Geografia e Estatística";"114639";"SUPERINTENDENCIA ESTADUAL EM TOCANTINS";"2021";"03";"***.768.663-**";"RENATO PABLO OLIVEIRA DE SOUSA";"-2";"NAO SE APLICA";"SAQUE CASH/ATM BB";"10/02/2021";"500,00"
"47000";"Ministério do Planejamento e Orçamento";"25205";"Fundação Instituto Brasileiro de Geografia e Estatística";"114639";"SUPERINTENDENCIA ESTADUAL EM TOCANTINS";"2021";"03";"***.731.601-**";"SILVEIRINHA GUIMARAES LIMA";"33310392000144";"MARCELO IZZO JUNIOR";"COMPRA A/V - R$ - APRES";"19/02/2021";"69,47"
"47000";"Ministério do Planejamento e Orçamento";"25205";"Fundação Instituto Brasileiro de Geografia e Estatística";"114622";"SUPERINTENDENCIA ESTADUAL IBGE EM SAO PAULO";"2021";"03";"***.505.628-**";"VIKTOR ASCHERMANN";"-2";"NAO SE APLICA";"SAQUE CASH/ATM BB";"05/02/2021";"930,00"
"47000";"Ministério do Planejamento e Orçamento";"25205";"Fundação Instituto Brasileiro de Geografia e Estatística";"114622";"SUPERINTENDENCIA ESTADUAL IBGE EM SAO PAULO";"2021";"03";"***.629.018-**";"DANILO BOSSARINO";"-2";"NAO SE APLICA";"SAQUE CASH/ATM BB";"22/02/2021";"200,00"
"47000";"Ministério do Planejamento e Orçamento";"25205";"Fundação Instituto Brasileiro de Geografia e Estatística";"114622";"SUPERINTENDENCIA ESTADUAL IBGE EM SAO PAULO";"2021";"03";"***.629.018-**";"DANILO BOSSARINO";"-2";"NAO SE APLICA";"SAQUE CASH/ATM BB";"22/02/2021";"200,00"
"47000";"Ministério do Planejamento e Orçamento";"25205";"Fundação Instituto Brasileiro de Geografia e Estatística";"114622";"SUPERINTENDENCIA ESTADUAL IBGE EM SAO PAULO";"2021";"03";"***.629.018-**";"DANILO BOSSARINO";"-2";"NAO SE APLICA";"SAQUE CASH/ATM BB";"16/02/2021";"1000,00"
"47000";"Ministério do Planejamento e Orçamento";"25205";"Fundação Instituto Brasileiro de Geografia e Estatística";"114622";"SUPERINTENDENCIA ESTADUAL IBGE EM SAO PAULO";"2021";"03";"***.629.018-**";"DANILO BOSSARINO";"-2";"NAO SE APLICA";"SAQUE CASH/ATM BB";"03/02/2021";"200,00"
"47000";"Ministério do Planejamento e Orçamento";"25205";"Fundação Instituto Brasileiro de Geografia e Estatística";"114622";"SUPERINTENDENCIA ESTADUAL IBGE EM SAO PAULO";"2021";"03";"***.893.660-**";"BRUNA LOPES BECKER LORENTZ";"-2";"NAO SE APLICA";"SAQUE CASH/ATM BB";"06/02/2021";"200,00"
"47000";"Ministério do Planejamento e Orçamento";"25205";"Fundação Instituto Brasileiro de Geografia e Estatística";"114622";"SUPERINTENDENCIA ESTADUAL IBGE EM SAO PAULO";"2021";"03";"***.893.660-**";"BRUNA LOPES BECKER LORENTZ";"-2";"NAO SE APLICA";"SAQUE CASH/ATM BB";"26/01/2021";"40,00"
"47000";"Ministério do Planejamento e Orçamento";"25205";"Fundação Instituto Brasileiro de Geografia e Estatística";"114622";"SUPERINTENDENCIA ESTADUAL IBGE EM SAO PAULO";"2021";"03";"***.776.908-**";"MARCO AURELIO NEVES";"-2";"NAO SE APLICA";"SAQUE CASH/ATM BB";"22/02/2021";"420,00"
"47000";"Ministério do Planejamento e Orçamento";"25205";"Fundação Instituto Brasileiro de Geografia e Estatística";"114622";"SUPERINTENDENCIA ESTADUAL IBGE EM SAO PAULO";"2021";"03";"***.776.908-**";"MARCO AURELIO NEVES";"-2";"NAO SE APLICA";"SAQUE CASH/ATM BB";"22/02/2021";"150,00"
"47000";"Ministério do Planejamento e Orçamento";"25205";"Fundação Instituto Brasileiro de Geografia e Estatística";"114622";"SUPERINTENDENCIA ESTADUAL IBGE EM SAO PAULO";"2021";"03";"***.776.908-**";"MARCO AURELIO NEVES";"-2";"NAO SE APLICA";"SAQUE CASH/ATM BB";"03/02/2021";"150,00"
"47000";"Ministério do Planejamento e Orçamento";"25205";"Fundação Instituto Brasileiro de Geografia e Estatística";"114622";"SUPERINTENDENCIA ESTADUAL IBGE EM SAO PAULO";"2021";"03";"***.964.008-**";"JHONATAN PEDRAL FERNANDEZ";"-2";"NAO SE APLICA";"SAQUE CASH/ATM BB";"02/02/2021";"400,00"
"47000";"Ministério do Planejamento e Orçamento";"25205";"Fundação Instituto Brasileiro de Geografia e Estatística";"114622";"SUPERINTENDENCIA ESTADUAL IBGE EM SAO PAULO";"2021";"03";"***.374.688-**";"FLAVIO AUGUSTO DE PAULA";"-2";"NAO SE APLICA";"SAQUE CASH/ATM BB";"03/02/2021";"350,00"
"47000";"Ministério do Planejamento e Orçamento";"25205";"Fundação Instituto Brasileiro de Geografia e Estatística";"114622";"SUPERINTENDENCIA ESTADUAL IBGE EM SAO PAULO";"2021";"03";"***.488.848-**";"CAMILA FERNANDES DE OLIVEIRA";"-2";"NAO SE APLICA";"SAQUE CASH/ATM BB";"02/02/2021";"180,00"
"47000";"Ministério do Planejamento e Orçamento";"25205";"Fundação Instituto Brasileiro de Geografia e Estatística";"114622";"SUPERINTENDENCIA ESTADUAL IBGE EM SAO PAULO";"2021";"03";"***.176.888-**";"DENISE SERNAGLIA CAPOANO MANTOVANI";"-2";"NAO SE APLICA";"SAQUE CASH/ATM BB";"09/02/2021";"450,00"
"47000";"Ministério do Planejamento e Orçamento";"25205";"Fundação Instituto Brasileiro de Geografia e Estatística";"114622";"SUPERINTENDENCIA ESTADUAL IBGE EM SAO PAULO";"2021";"03";"***.176.888-**";"DENISE SERNAGLIA CAPOANO MANTOVANI";"-2";"NAO SE APLICA";"SAQUE CASH/ATM BB";"05/02/2021";"190,00"
"47000";"Ministério do Planejamento e Orçamento";"25205";"Fundação Instituto Brasileiro de Geografia e Estatística";"114622";"SUPERINTENDENCIA ESTADUAL IBGE EM SAO PAULO";"2021";"03";"***.375.538-**";"ANDRE ROBERTO TIVON MAK";"-2";"NAO SE APLICA";"SAQUE CASH/ATM BB";"17/02/2021";"150,00"
"47000";"Ministério do Planejamento e Orçamento";"25205";"Fundação Instituto Brasileiro de Geografia e Estatística";"114622";"SUPERINTENDENCIA ESTADUAL IBGE EM SAO PAULO";"2021";"03";"***.375.538-**";"ANDRE ROBERTO TIVON MAK";"-2";"NAO SE APLICA";"SAQUE CASH/ATM BB";"12/02/2021";"600,00"
"47000";"Ministério do Planejamento e Orçamento";"25205";"Fundação Instituto Brasileiro de Geografia e Estatística";"114622";"SUPERINTENDENCIA ESTADUAL IBGE EM SAO PAULO";"2021";"03";"***.782.268-**";"FREDERICO SILVA TONUS";"-2";"NAO SE APLICA";"SAQUE CASH/ATM BB";"29/01/2021";"450,00"
"47000";"Ministério do Planejamento e Orçamento";"25205";"Fundação Instituto Brasileiro de Geografia e Estatística";"114622";"SUPERINTENDENCIA ESTADUAL IBGE EM SAO PAULO";"2021";"03";"***.547.228-**";"MARCELO GODOY ALVES LIMA";"43283811018954";"KALUNGA SA";"COMPRA A/V - R$ - APRES";"12/02/2021";"53,30"
"47000";"Ministério do Planejamento e Orçamento";"25205";"Fundação Instituto Brasileiro de Geografia e Estatística";"114622";"SUPERINTENDENCIA ESTADUAL IBGE EM SAO PAULO";"2021";"03";"***.127.108-**";"ALEXANDRE MASIERO VASCONCELLOS";"31139957000147";"FERNANDO HENRIQUE DE OLIVEIRA MENIN 29446232813";"COMPRA A/V - R$ - APRES";"27/01/2021";"440,00"
"47000";"Ministério do Planejamento e Orçamento";"25205";"Fundação Instituto Brasileiro de Geografia e Estatística";"114622";"SUPERINTENDENCIA ESTADUAL IBGE EM SAO PAULO";"2021";"03";"***.503.558-**";"BRUNO ALVES DE SOUZA";"23785806000138";"R P DA SILVA SERVICOS DE COLETA E ENTREGA RAPIDA";"COMPRA A/V - R$ - APRES";"15/02/2021";"135,00"
"47000";"Ministério do Planejamento e Orçamento";"25205";"Fundação Instituto Brasileiro de Geografia e Estatística";"114622";"SUPERINTENDENCIA ESTADUAL IBGE EM SAO PAULO";"2021";"03";"***.393.138-**";"FLAVIA FONSECA FALCAO LI";"-1";"SEM INFORMACAO";"COMPRA A/V - R$ - APRES";"15/02/2021";"400,00"
"47000";"Ministério do Planejamento e Orçamento";"25205";"Fundação Instituto Brasileiro de Geografia e Estatística";"114622";"SUPERINTENDENCIA ESTADUAL IBGE EM SAO PAULO";"2021";"03";"***.488.848-**";"CAMILA FERNANDES DE OLIVEIRA";"54976196000183";"FERREIRA E CHEGANCAS MATERIAIS P/ CONSTRUCOES LTDA";"COMPRA A/V - R$ - APRES";"02/02/2021";"8,00"
"47000";"Ministério do Planejamento e Orçamento";"25205";"Fundação Instituto Brasileiro de Geografia e Estatística";"114622";"SUPERINTENDENCIA ESTADUAL IBGE EM SAO PAULO";"2021";"03";"***.505.628-**";"VIKTOR ASCHERMANN";"-2";"NAO SE APLICA";"SAQUE CASH/ATM BB";"06/02/2021";"352,00"
"47000";"Ministério do Planejamento e Orçamento";"25205";"Fundação Instituto Brasileiro de Geografia e Estatística";"114622";"SUPERINTENDENCIA ESTADUAL IBGE EM SAO PAULO";"2021";"03";"***.077.138-**";"JEAN AKIO SHIDA HASHIOKA";"-2";"NAO SE APLICA";"SAQUE CASH/ATM BB";"03/02/2021";"500,00"
"47000";"Ministério do Planejamento e Orçamento";"25205";"Fundação Instituto Brasileiro de Geografia e Estatística";"114622";"SUPERINTENDENCIA ESTADUAL IBGE EM SAO PAULO";"2021";"03";"***.524.490-**";"VIVIAN FARENZENA";"-2";"NAO SE APLICA";"SAQUE CASH/ATM BB";"10/02/2021";"420,00"
"47000";"Ministério do Planejamento e Orçamento";"25205";"Fundação Instituto Brasileiro de Geografia e Estatística";"114622";"SUPERINTENDENCIA ESTADUAL IBGE EM SAO PAULO";"2021";"03";"***.134.978-**";"RICARDO VERZEGNASSI VERISSIMO";"-2";"NAO SE APLICA";"SAQUE CASH/ATM BB";"22/02/2021";"1000,00"
"47000";"Ministério do Planejamento e Orçamento";"25205";"Fundação Instituto Brasileiro de Geografia e Estatística";"114622";"SUPERINTENDENCIA ESTADUAL IBGE EM SAO PAULO";"2021";"03";"***.134.978-**";"RICARDO VERZEGNASSI VERISSIMO";"-2";"NAO SE APLICA";"SAQUE CASH/ATM BB";"15/02/2021";"1000,00"
"47000";"Ministério do Planejamento e Orçamento";"25205";"Fundação Instituto Brasileiro de Geografia e Estatística";"114622";"SUPERINTENDENCIA ESTADUAL IBGE EM SAO PAULO";"2021";"03";"***.978.468-**";"NILDO EDUARDO MARTINS";"-2";"NAO SE APLICA";"SAQUE CASH/ATM BB";"04/02/2021";"100,00"
"47000";"Ministério do Planejamento e Orçamento";"25205";"Fundação Instituto Brasileiro de Geografia e Estatística";"114622";"SUPERINTENDENCIA ESTADUAL IBGE EM SAO PAULO";"2021";"03";"***.707.166-**";"JOAO RAFAEL GARCIA";"-2";"NAO SE APLICA";"SAQUE CASH/ATM BB";"10/02/2021";"300,00"
"47000";"Ministério do Planejamento e Orçamento";"25205";"Fundação Instituto Brasileiro de Geografia e Estatística";"114622";"SUPERINTENDENCIA ESTADUAL IBGE EM SAO PAULO";"2021";"03";"***.344.088-**";"CELIO ROBERTO STANQUINI";"-2";"NAO SE APLICA";"SAQUE CASH/ATM BB";"05/02/2021";"820,00"
"47000";"Ministério do Planejamento e Orçamento";"25205";"Fundação Instituto Brasileiro de Geografia e Estatística";"114622";"SUPERINTENDENCIA ESTADUAL IBGE EM SAO PAULO";"2021";"03";"***.246.758-**";"DANILO FUJINAMI ARATANI";"-2";"NAO SE APLICA";"SAQUE CASH/ATM BB";"04/02/2021";"360,00"
"47000";"Ministério do Planejamento e Orçamento";"25205";"Fundação Instituto Brasileiro de Geografia e Estatística";"114622";"SUPERINTENDENCIA ESTADUAL IBGE EM SAO PAULO";"2021";"03";"***.173.368-**";"SABRINA LEONZI D ALESSANDRO";"-2";"NAO SE APLICA";"SAQUE CASH/ATM BB";"10/02/2021";"200,00"
"47000";"Ministério do Planejamento e Orçamento";"25205";"Fundação Instituto Brasileiro de Geografia e Estatística";"114622";"SUPERINTENDENCIA ESTADUAL IBGE EM SAO PAULO";"2021";"03";"***.754.948-**";"ALESSANDRA CRISTINA FRANCHI";"-2";"NAO SE APLICA";"SAQUE CASH/ATM BB";"16/02/2021";"290,00"
"47000";"Ministério do Planejamento e Orçamento";"25205";"Fundação Instituto Brasileiro de Geografia e Estatística";"114622";"SUPERINTENDENCIA ESTADUAL IBGE EM SAO PAULO";"2021";"03";"***.828.998-**";"VICTOR JOSE DO PATROCINIO GONCALVES DE SOUZA";"-2";"NAO SE APLICA";"SAQUE CASH/ATM BB";"04/02/2021";"300,00"
"47000";"Ministério do Planejamento e Orçamento";"25205";"Fundação Instituto Brasileiro de Geografia e Estatística";"114622";"SUPERINTENDENCIA ESTADUAL IBGE EM SAO PAULO";"2021";"03";"***.579.828-**";"MARCELO DE SOUZA PRADO";"-2";"NAO SE APLICA";"SAQUE CASH/ATM BB";"15/02/2021";"500,00"
"47000";"Ministério do Planejamento e Orçamento";"25205";"Fundação Instituto Brasileiro de Geografia e Estatística";"114622";"SUPERINTENDENCIA ESTADUAL IBGE EM SAO PAULO";"2021";"03";"***.505.628-**";"VIKTOR ASCHERMANN";"-2";"NAO SE APLICA";"SAQUE CASH/ATM BB";"12/02/2021";"20,00"
"47000";"Ministério do Planejamento e Orçamento";"25205";"Fundação Instituto Brasileiro de Geografia e Estatística";"114622";"SUPERINTENDENCIA ESTADUAL IBGE EM SAO PAULO";"2021";"03";"***.954.898-**";"FERNANDA LOPES DE ARAUJO";"-2";"NAO SE APLICA";"SAQUE CASH/ATM BB";"22/02/2021";"85,00"
"47000";"Ministério do Planejamento e Orçamento";"25205";"Fundação Instituto Brasileiro de Geografia e Estatística";"114622";"SUPERINTENDENCIA ESTADUAL IBGE EM SAO PAULO";"2021";"03";"***.488.608-**";"ANDREY GOGORA DOS SANTOS";"31485358809";"THIAGO SANTOS DA SILVA";"COMPRA A/V - R$ - APRES";"12/02/2021";"234,30"
"47000";"Ministério do Planejamento e Orçamento";"25205";"Fundação Instituto Brasileiro de Geografia e Estatística";"114622";"SUPERINTENDENCIA ESTADUAL IBGE EM SAO PAULO";"2021";"03";"***.455.038-**";"SHIRLEY SILVA BEZERRA";"31485358809";"THIAGO SANTOS DA SILVA";"COMPRA A/V - R$ - APRES";"29/01/2021";"247,00"
"47000";"Ministério do Planejamento e Orçamento";"25205";"Fundação Instituto Brasileiro de Geografia e Estatística";"114622";"SUPERINTENDENCIA ESTADUAL IBGE EM SAO PAULO";"2021";"03";"***.375.538-**";"ANDRE ROBERTO TIVON MAK";"03500479000202";"HIDREL DE CARAGUA HIDRAULICA E ELETRICA LTDA";"COMPRA A/V - R$ - APRES";"19/02/2021";"29,90"
"47000";"Ministério do Planejamento e Orçamento";"25205";"Fundação Instituto Brasileiro de Geografia e Estatística";"114622";"SUPERINTENDENCIA ESTADUAL IBGE EM SAO PAULO";"2021";"03";"***.051.188-**";"CLEBER AURELIO DOS SANTOS SILVA";"23098598000107";"FELIPE DE SANTANA ALVES";"COMPRA A/V - R$ - APRES";"19/02/2021";"530,00"
"47000";"Ministério do Planejamento e Orçamento";"25205";"Fundação Instituto Brasileiro de Geografia e Estatística";"114622";"SUPERINTENDENCIA ESTADUAL IBGE EM SAO PAULO";"2021";"03";"***.375.538-**";"ANDRE ROBERTO TIVON MAK";"14310170004506";"AUTOZONE BRASIL COMERCIO DE AUTOPECAS LTDA.";"COMPRA A/V - R$ - APRES";"04/02/2021";"350,00"
"47000";"Ministério do Planejamento e Orçamento";"25205";"Fundação Instituto Brasileiro de Geografia e Estatística";"114622";"SUPERINTENDENCIA ESTADUAL IBGE EM SAO PAULO";"2021";"03";"***.375.538-**";"ANDRE ROBERTO TIVON MAK";"71038764000114";"COMERCIAL E IMPORTADORA SAO SEBASTIAO LTDA";"COMPRA A/V - R$ - APRES";"17/02/2021";"43,60"
"47000";"Ministério do Planejamento e Orçamento";"25205";"Fundação Instituto Brasileiro de Geografia e Estatística";"114622";"SUPERINTENDENCIA ESTADUAL IBGE EM SAO PAULO";"2021";"03";"***.446.048-**";"ANDREA CRISTINA BERTI";"10573521000191";"MERCADO PAGO INSTITUICAO DE PAGAMENTO LTDA";"COMPRA A/V - R$ - APRES";"09/02/2021";"95,00"
"47000";"Ministério do Planejamento e Orçamento";"25205";"Fundação Instituto Brasileiro de Geografia e Estatística";"114622";"SUPERINTENDENCIA ESTADUAL IBGE EM SAO PAULO";"2021";"03";"***.360.988-**";"LUIZ HENRIQUE PINOTTI";"10573521000191";"MERCADO PAGO INSTITUICAO DE PAGAMENTO LTDA";"COMPRA A/V - R$ - APRES";"27/01/2021";"800,00"
"47000";"Ministério do Planejamento e Orçamento";"25205";"Fundação Instituto Brasileiro de Geografia e Estatística";"114622";"SUPERINTENDENCIA ESTADUAL IBGE EM SAO PAULO";"2021";"03";"***.360.988-**";"LUIZ HENRIQUE PINOTTI";"10573521000191";"MERCADO PAGO INSTITUICAO DE PAGAMENTO LTDA";"COMPRA A/V - R$ - APRES";"27/01/2021";"700,00"
"47000";"Ministério do Planejamento e Orçamento";"25205";"Fundação Instituto Brasileiro de Geografia e Estatística";"114622";"SUPERINTENDENCIA ESTADUAL IBGE EM SAO PAULO";"2021";"03";"***.547.228-**";"MARCELO GODOY ALVES LIMA";"10573521000191";"MERCADO PAGO INSTITUICAO DE PAGAMENTO LTDA";"COMPRA A/V - R$ - APRES";"23/02/2021";"50,00"
"47000";"Ministério do Planejamento e Orçamento";"25205";"Fundação Instituto Brasileiro de Geografia e Estatística";"114622";"SUPERINTENDENCIA ESTADUAL IBGE EM SAO PAULO";"2021";"03";"***.547.228-**";"MARCELO GODOY ALVES LIMA";"10573521000191";"MERCADO PAGO INSTITUICAO DE PAGAMENTO LTDA";"COMPRA A/V - R$ - APRES";"12/02/2021";"200,00"
"47000";"Ministério do Planejamento e Orçamento";"25205";"Fundação Instituto Brasileiro de Geografia e Estatística";"114622";"SUPERINTENDENCIA ESTADUAL IBGE EM SAO PAULO";"2021";"03";"***.547.228-**";"MARCELO GODOY ALVES LIMA";"10573521000191";"MERCADO PAGO INSTITUICAO DE PAGAMENTO LTDA";"COMPRA A/V - R$ - APRES";"12/02/2021";"800,00"
"47000";"Ministério do Planejamento e Orçamento";"25205";"Fundação Instituto Brasileiro de Geografia e Estatística";"114622";"SUPERINTENDENCIA ESTADUAL IBGE EM SAO PAULO";"2021";"03";"***.547.228-**";"MARCELO GODOY ALVES LIMA";"10573521000191";"MERCADO PAGO INSTITUICAO DE PAGAMENTO LTDA";"COMPRA A/V - R$ - APRES";"12/02/2021";"150,00"
"47000";"Ministério do Planejamento e Orçamento";"25205";"Fundação Instituto Brasileiro de Geografia e Estatística";"114622";"SUPERINTENDENCIA ESTADUAL IBGE EM SAO PAULO";"2021";"03";"***.782.698-**";"JOSE LUCAS DA SILVA BERGAMASCO";"10573521000191";"MERCADO PAGO INSTITUICAO DE PAGAMENTO LTDA";"COMPRA A/V - R$ - APRES";"09/02/2021";"145,96"
"47000";"Ministério do Planejamento e Orçamento";"25205";"Fundação Instituto Brasileiro de Geografia e Estatística";"114622";"SUPERINTENDENCIA ESTADUAL IBGE EM SAO PAULO";"2021";"03";"***.782.698-**";"JOSE LUCAS DA SILVA BERGAMASCO";"10573521000191";"MERCADO PAGO INSTITUICAO DE PAGAMENTO LTDA";"COMPRA A/V - R$ - APRES";"27/01/2021";"129,94"
"47000";"Ministério do Planejamento e Orçamento";"25205";"Fundação Instituto Brasileiro de Geografia e Estatística";"114622";"SUPERINTENDENCIA ESTADUAL IBGE EM SAO PAULO";"2021";"03";"***.544.288-**";"THIAGO ESMERIO DA SILVA";"35617713000183";"JEFFERSON SANTOS MACHADO 33663841820";"COMPRA A/V - R$ - APRES";"22/02/2021";"190,00"
"47000";"Ministério do Planejamento e Orçamento";"25205";"Fundação Instituto Brasileiro de Geografia e Estatística";"114622";"SUPERINTENDENCIA ESTADUAL IBGE EM SAO PAULO";"2021";"03";"***.386.108-**";"EVA NEIDE RAGOZONI";"32598485000153";"BUTION SUPERMERCADO LTDA";"COMPRA A/V - R$ - APRES";"01/02/2021";"98,49"
"47000";"Ministério do Planejamento e Orçamento";"25205";"Fundação Instituto Brasileiro de Geografia e Estatística";"114622";"SUPERINTENDENCIA ESTADUAL IBGE EM SAO PAULO";"2021";"03";"***.246.758-**";"DANILO FUJINAMI ARATANI";"47004320000183";"AMANRI SERVICOS, COMERCIO E TRANSPORTE LTDA";"COMPRA A/V - R$ - APRES";"01/02/2021";"145,81"
"47000";"Ministério do Planejamento e Orçamento";"25205";"Fundação Instituto Brasileiro de Geografia e Estatística";"114622";"SUPERINTENDENCIA ESTADUAL IBGE EM SAO PAULO";"2021";"03";"***.672.188-**";"NAYARA APARECIDA DE OLIVEIRA SILVA";"37815822000130";"37.815.822 CRISTIANE PAGANINI DE ALMEIDA GOMES";"COMPRA A/V - R$ - APRES";"04/02/2021";"1197,00"
"47000";"Ministério do Planejamento e Orçamento";"25205";"Fundação Instituto Brasileiro de Geografia e Estatística";"114622";"SUPERINTENDENCIA ESTADUAL IBGE EM SAO PAULO";"2021";"03";"***.763.818-**";"VITOR HUGO DE OLIVEIRA FARIAS";"00946623000151";"CLASSE A ESTACIONAMENTOS LTDA";"COMPRA A/V - R$ - APRES";"19/02/2021";"290,00"
"47000";"Ministério do Planejamento e Orçamento";"25205";"Fundação Instituto Brasileiro de Geografia e Estatística";"114622";"SUPERINTENDENCIA ESTADUAL IBGE EM SAO PAULO";"2021";"03";"***.763.818-**";"VITOR HUGO DE OLIVEIRA FARIAS";"00946623000151";"CLASSE A ESTACIONAMENTOS LTDA";"COMPRA A/V - R$ - APRES";"19/02/2021";"290,00"
"47000";"Ministério do Planejamento e Orçamento";"25205";"Fundação Instituto Brasileiro de Geografia e Estatística";"114622";"SUPERINTENDENCIA ESTADUAL IBGE EM SAO PAULO";"2021";"03";"***.763.818-**";"VITOR HUGO DE OLIVEIRA FARIAS";"00946623000151";"CLASSE A ESTACIONAMENTOS LTDA";"COMPRA A/V - R$ - APRES";"19/02/2021";"290,00"
"47000";"Ministério do Planejamento e Orçamento";"25205";"Fundação Instituto Brasileiro de Geografia e Estatística";"114622";"SUPERINTENDENCIA ESTADUAL IBGE EM SAO PAULO";"2021";"03";"***.763.818-**";"VITOR HUGO DE OLIVEIRA FARIAS";"00946623000151";"CLASSE A ESTACIONAMENTOS LTDA";"COMPRA A/V - R$ - APRES";"09/02/2021";"290,00"
"47000";"Ministério do Planejamento e Orçamento";"25205";"Fundação Instituto Brasileiro de Geografia e Estatística";"114622";"SUPERINTENDENCIA ESTADUAL IBGE EM SAO PAULO";"2021";"03";"***.763.818-**";"VITOR HUGO DE OLIVEIRA FARIAS";"00946623000151";"CLASSE A ESTACIONAMENTOS LTDA";"COMPRA A/V - R$ - APRES";"09/02/2021";"290,00"
"47000";"Ministério do Planejamento e Orçamento";"25205";"Fundação Instituto Brasileiro de Geografia e Estatística";"114622";"SUPERINTENDENCIA ESTADUAL IBGE EM SAO PAULO";"2021";"03";"***.763.818-**";"VITOR HUGO DE OLIVEIRA FARIAS";"00946623000151";"CLASSE A ESTACIONAMENTOS LTDA";"COMPRA A/V - R$ - APRES";"09/02/2021";"290,00"
"47000";"Ministério do Planejamento e Orçamento";"25205";"Fundação Instituto Brasileiro de Geografia e Estatística";"114622";"SUPERINTENDENCIA ESTADUAL IBGE EM SAO PAULO";"2021";"03";"***.802.578-**";"RODOLFO GIRADE";"03640467002804";"SUPERMERCADOS JAU SERVE LTDA";"COMPRA A/V - R$ - APRES";"10/02/2021";"44,35"
"47000";"Ministério do Planejamento e Orçamento";"25205";"Fundação Instituto Brasileiro de Geografia e Estatística";"114622";"SUPERINTENDENCIA ESTADUAL IBGE EM SAO PAULO";"2021";"03";"***.051.188-**";"CLEBER AURELIO DOS SANTOS SILVA";"23344383000110";"FERNANDO RODRIGUES PEDRO - LAVA RAPIDO";"COMPRA A/V - R$ - APRES";"19/02/2021";"400,00"
"47000";"Ministério do Planejamento e Orçamento";"25205";"Fundação Instituto Brasileiro de Geografia e Estatística";"114622";"SUPERINTENDENCIA ESTADUAL IBGE EM SAO PAULO";"2021";"03";"***.488.848-**";"CAMILA FERNANDES DE OLIVEIRA";"23344383000110";"FERNANDO RODRIGUES PEDRO - LAVA RAPIDO";"COMPRA A/V - R$ - APRES";"02/02/2021";"400,00"
"47000";"Ministério do Planejamento e Orçamento";"25205";"Fundação Instituto Brasileiro de Geografia e Estatística";"114622";"SUPERINTENDENCIA ESTADUAL IBGE EM SAO PAULO";"2021";"03";"***.375.538-**";"ANDRE ROBERTO TIVON MAK";"21060862000180";"MIRELLA GOMES DE SOUZA LAVA RAPIDO LTDA";"COMPRA A/V - R$ - APRES";"19/02/2021";"360,00"
"47000";"Ministério do Planejamento e Orçamento";"25205";"Fundação Instituto Brasileiro de Geografia e Estatística";"114622";"SUPERINTENDENCIA ESTADUAL IBGE EM SAO PAULO";"2021";"03";"***.123.297-**";"GABRIEL DE CARVALHO";"52705498000191";"SERGIO MARQUES ODORIZI";"COMPRA A/V - R$ - APRES";"19/02/2021";"200,00"
"47000";"Ministério do Planejamento e Orçamento";"25205";"Fundação Instituto Brasileiro de Geografia e Estatística";"114622";"SUPERINTENDENCIA ESTADUAL IBGE EM SAO PAULO";"2021";"03";"***.433.966-**";"LUIZ ROGERIO GODOY";"08505220000189";"PARAKI ESTACIONAMENTOS LTDA";"COMPRA A/V - R$ - APRES";"03/02/2021";"800,00"
"47000";"Ministério do Planejamento e Orçamento";"25205";"Fundação Instituto Brasileiro de Geografia e Estatística";"114622";"SUPERINTENDENCIA ESTADUAL IBGE EM SAO PAULO";"2021";"03";"***.433.966-**";"LUIZ ROGERIO GODOY";"08505220000189";"PARAKI ESTACIONAMENTOS LTDA";"COMPRA A/V - R$ - APRES";"03/02/2021";"400,00"
"47000";"Ministério do Planejamento e Orçamento";"25205";"Fundação Instituto Brasileiro de Geografia e Estatística";"114622";"SUPERINTENDENCIA ESTADUAL IBGE EM SAO PAULO";"2021";"03";"***.196.618-**";"HEBER HENRIQUE CAMARGO";"-2";"NAO SE APLICA";"SAQUE CASH/ATM BB";"09/02/2021";"100,00"
"47000";"Ministério do Planejamento e Orçamento";"25205";"Fundação Instituto Brasileiro de Geografia e Estatística";"114622";"SUPERINTENDENCIA ESTADUAL IBGE EM SAO PAULO";"2021";"03";"***.802.578-**";"RODOLFO GIRADE";"-2";"NAO SE APLICA";"SAQUE CASH/ATM BB";"11/02/2021";"160,00"
"47000";"Ministério do Planejamento e Orçamento";"25205";"Fundação Instituto Brasileiro de Geografia e Estatística";"114622";"SUPERINTENDENCIA ESTADUAL IBGE EM SAO PAULO";"2021";"03";"***.802.578-**";"RODOLFO GIRADE";"-2";"NAO SE APLICA";"SAQUE CASH/ATM BB";"08/02/2021";"170,00"
"47000";"Ministério do Planejamento e Orçamento";"25205";"Fundação Instituto Brasileiro de Geografia e Estatística";"114622";"SUPERINTENDENCIA ESTADUAL IBGE EM SAO PAULO";"2021";"03";"***.961.888-**";"VANESSA PERESSONI WALTRICK";"-2";"NAO SE APLICA";"SAQUE CASH/ATM BB";"22/02/2021";"150,00"
"47000";"Ministério do Planejamento e Orçamento";"25205";"Fundação Instituto Brasileiro de Geografia e Estatística";"114622";"SUPERINTENDENCIA ESTADUAL IBGE EM SAO PAULO";"2021";"03";"***.446.048-**";"ANDREA CRISTINA BERTI";"-2";"NAO SE APLICA";"SAQUE CASH/ATM BB";"08/02/2021";"110,00"
"47000";"Ministério do Planejamento e Orçamento";"25205";"Fundação Instituto Brasileiro de Geografia e Estatística";"114622";"SUPERINTENDENCIA ESTADUAL IBGE EM SAO PAULO";"2021";"03";"***.064.218-**";"MARINA DA COSTA FERREIRA";"-2";"NAO SE APLICA";"SAQUE CASH/ATM BB";"22/02/2021";"190,00"
"47000";"Ministério do Planejamento e Orçamento";"25205";"Fundação Instituto Brasileiro de Geografia e Estatística";"114622";"SUPERINTENDENCIA ESTADUAL IBGE EM SAO PAULO";"2021";"03";"***.064.218-**";"MARINA DA COSTA FERREIRA";"-2";"NAO SE APLICA";"SAQUE CASH/ATM BB";"12/02/2021";"190,00"
"47000";"Ministério do Planejamento e Orçamento";"25205";"Fundação Instituto Brasileiro de Geografia e Estatística";"114622";"SUPERINTENDENCIA ESTADUAL IBGE EM SAO PAULO";"2021";"03";"***.393.688-**";"PEDRO ROBERTO KRUGER";"-2";"NAO SE APLICA";"SAQUE CASH/ATM BB";"02/02/2021";"90,00"
"47000";"Ministério do Planejamento e Orçamento";"25205";"Fundação Instituto Brasileiro de Geografia e Estatística";"114622";"SUPERINTENDENCIA ESTADUAL IBGE EM SAO PAULO";"2021";"03";"***.565.328-**";"LUIZ PAULO COSENTINO";"-2";"NAO SE APLICA";"SAQUE CASH/ATM BB";"19/02/2021";"500,00"
"47000";"Ministério do Planejamento e Orçamento";"25205";"Fundação Instituto Brasileiro de Geografia e Estatística";"114622";"SUPERINTENDENCIA ESTADUAL IBGE EM SAO PAULO";"2021";"03";"***.017.438-**";"RONALDO CESAR GOMES DA SILVA";"-2";"NAO SE APLICA";"SAQUE CASH/ATM BB";"02/02/2021";"800,00"
"47000";"Ministério do Planejamento e Orçamento";"25205";"Fundação Instituto Brasileiro de Geografia e Estatística";"114622";"SUPERINTENDENCIA ESTADUAL IBGE EM SAO PAULO";"2021";"03";"***.535.728-**";"DANILO GOMES SILVA";"-2";"NAO SE APLICA";"SAQUE CASH/ATM BB";"15/02/2021";"300,00"
"47000";"Ministério do Planejamento e Orçamento";"25205";"Fundação Instituto Brasileiro de Geografia e Estatística";"114622";"SUPERINTENDENCIA ESTADUAL IBGE EM SAO PAULO";"2021";"03";"***.535.728-**";"DANILO GOMES SILVA";"-2";"NAO SE APLICA";"SAQUE CASH/ATM BB";"12/02/2021";"500,00"
"47000";"Ministério do Planejamento e Orçamento";"25205";"Fundação Instituto Brasileiro de Geografia e Estatística";"114622";"SUPERINTENDENCIA ESTADUAL IBGE EM SAO PAULO";"2021";"03";"***.535.728-**";"DANILO GOMES SILVA";"-2";"NAO SE APLICA";"SAQUE CASH/ATM BB";"12/02/2021";"300,00"
"47000";"Ministério do Planejamento e Orçamento";"25205";"Fundação Instituto Brasileiro de Geografia e Estatística";"114622";"SUPERINTENDENCIA ESTADUAL IBGE EM SAO PAULO";"2021";"03";"***.535.728-**";"DANILO GOMES SILVA";"-2";"NAO SE APLICA";"SAQUE CASH/ATM BB";"03/02/2021";"186,00"
"47000";"Ministério do Planejamento e Orçamento";"25205";"Fundação Instituto Brasileiro de Geografia e Estatística";"114622";"SUPERINTENDENCIA ESTADUAL IBGE EM SAO PAULO";"2021";"03";"***.535.728-**";"DANILO GOMES SILVA";"-2";"NAO SE APLICA";"SAQUE CASH/ATM BB";"02/02/2021";"1000,00"
"47000";"Ministério do Planejamento e Orçamento";"25205";"Fundação Instituto Brasileiro de Geografia e Estatística";"114622";"SUPERINTENDENCIA ESTADUAL IBGE EM SAO PAULO";"2021";"03";"***.418.728-**";"HENRIQUE AGUIAR SIQUEIRA";"-2";"NAO SE APLICA";"SAQUE CASH/ATM BB";"17/02/2021";"120,00"
"47000";"Ministério do Planejamento e Orçamento";"25205";"Fundação Instituto Brasileiro de Geografia e Estatística";"114622";"SUPERINTENDENCIA ESTADUAL IBGE EM SAO PAULO";"2021";"03";"***.418.728-**";"HENRIQUE AGUIAR SIQUEIRA";"-2";"NAO SE APLICA";"SAQUE CASH/ATM BB";"03/02/2021";"170,00"
"47000";"Ministério do Planejamento e Orçamento";"25205";"Fundação Instituto Brasileiro de Geografia e Estatística";"114622";"SUPERINTENDENCIA ESTADUAL IBGE EM SAO PAULO";"2021";"03";"***.246.758-**";"DANILO FUJINAMI ARATANI";"31357895860";"SAMUEL DOS SANTOS LIMA";"COMPRA A/V - R$ - APRES";"02/02/2021";"65,00"
"47000";"Ministério do Planejamento e Orçamento";"25205";"Fundação Instituto Brasileiro de Geografia e Estatística";"114622";"SUPERINTENDENCIA ESTADUAL IBGE EM SAO PAULO";"2021";"03";"***.361.786-**";"CAIO SILVA MELO";"33125049000120";"DAYANE WOZNIAK MACHADO DA SILVA 15501106833";"COMPRA A/V - R$ - APRES";"02/02/2021";"800,00"
"47000";"Ministério do Planejamento e Orçamento";"25205";"Fundação Instituto Brasileiro de Geografia e Estatística";"114622";"SUPERINTENDENCIA ESTADUAL IBGE EM SAO PAULO";"2021";"03";"***.753.287-**";"ALEXSANDRO DO AMARAL FARIAS";"21843962810";"JULIANO APARECIDO PEREIRA";"COMPRA A/V - R$ - APRES";"02/02/2021";"130,00"
"47000";"Ministério do Planejamento e Orçamento";"25205";"Fundação Instituto Brasileiro de Geografia e Estatística";"114622";"SUPERINTENDENCIA ESTADUAL IBGE EM SAO PAULO";"2021";"03";"***.753.287-**";"ALEXSANDRO DO AMARAL FARIAS";"21843962810";"JULIANO APARECIDO PEREIRA";"COMPRA A/V - R$ - APRES";"02/02/2021";"800,00"
"47000";"Ministério do Planejamento e Orçamento";"25205";"Fundação Instituto Brasileiro de Geografia e Estatística";"114622";"SUPERINTENDENCIA ESTADUAL IBGE EM SAO PAULO";"2021";"03";"***.753.287-**";"ALEXSANDRO DO AMARAL FARIAS";"21843962810";"JULIANO APARECIDO PEREIRA";"COMPRA A/V - R$ - APRES";"02/02/2021";"700,00"
"47000";"Ministério do Planejamento e Orçamento";"25205";"Fundação Instituto Brasileiro de Geografia e Estatística";"114622";"SUPERINTENDENCIA ESTADUAL IBGE EM SAO PAULO";"2021";"03";"***.629.018-**";"DANILO BOSSARINO";"60592516000102";"COMERCIAL LIMAVI LTDA";"COMPRA A/V - R$ - APRES";"22/02/2021";"198,35"
"47000";"Ministério do Planejamento e Orçamento";"25205";"Fundação Instituto Brasileiro de Geografia e Estatística";"114618";"SUPERINTENDENCIA ESTADUAL IBGE MINAS GERAIS";"2021";"03";"***.931.786-**";"JULIO CEZAR COTTA";"03840986002654";"SAINT-GOBAIN DISTRIBUICAO BRASIL LTDA";"COMPRA A/V - R$ - APRES";"11/02/2021";"231,50"
"47000";"Ministério do Planejamento e Orçamento";"25205";"Fundação Instituto Brasileiro de Geografia e Estatística";"114618";"SUPERINTENDENCIA ESTADUAL IBGE MINAS GERAIS";"2021";"03";"***.931.786-**";"JULIO CEZAR COTTA";"01438784002140";"LEROY MERLIN COMPANHIA BRASILEIRA DE BRICOLAGEM";"COMPRA A/V - R$ - APRES";"23/02/2021";"78,90"
"47000";"Ministério do Planejamento e Orçamento";"25205";"Fundação Instituto Brasileiro de Geografia e Estatística";"114618";"SUPERINTENDENCIA ESTADUAL IBGE MINAS GERAIS";"2021";"03";"***.931.786-**";"JULIO CEZAR COTTA";"01438784002140";"LEROY MERLIN COMPANHIA BRASILEIRA DE BRICOLAGEM";"COMPRA A/V - R$ - APRES";"05/02/2021";"408,82"
"47000";"Ministério do Planejamento e Orçamento";"25205";"Fundação Instituto Brasileiro de Geografia e Estatística";"114618";"SUPERINTENDENCIA ESTADUAL IBGE MINAS GERAIS";"2021";"03";"***.243.212-**";"DANIEL GARCIA ALVARENGA";"18940400000142";"FELIPE MORAES CHIAINI DE OLIVEIRA 00751639699";"COMPRA A/V - R$ - APRES";"02/02/2021";"137,19"
"47000";"Ministério do Planejamento e Orçamento";"25205";"Fundação Instituto Brasileiro de Geografia e Estatística";"114618";"SUPERINTENDENCIA ESTADUAL IBGE MINAS GERAIS";"2021";"03";"***.838.476-**";"MARCELO AUGUSTO DE OLIVEIRA";"-2";"NAO SE APLICA";"SAQUE CASH/ATM BB";"22/02/2021";"470,00"
"47000";"Ministério do Planejamento e Orçamento";"25205";"Fundação Instituto Brasileiro de Geografia e Estatística";"114618";"SUPERINTENDENCIA ESTADUAL IBGE MINAS GERAIS";"2021";"03";"***.012.386-**";"KLEO FIDELIS";"-2";"NAO SE APLICA";"SAQUE CASH/ATM BB";"22/02/2021";"210,00"
"47000";"Ministério do Planejamento e Orçamento";"25205";"Fundação Instituto Brasileiro de Geografia e Estatística";"114618";"SUPERINTENDENCIA ESTADUAL IBGE MINAS GERAIS";"2021";"03";"***.012.386-**";"KLEO FIDELIS";"-2";"NAO SE APLICA";"SAQUE CASH/ATM BB";"01/02/2021";"180,00"
"47000";"Ministério do Planejamento e Orçamento";"25205";"Fundação Instituto Brasileiro de Geografia e Estatística";"114618";"SUPERINTENDENCIA ESTADUAL IBGE MINAS GERAIS";"2021";"03";"***.406.246-**";"GUSTAVO CASTANHEIRA BOLOGNANI";"-2";"NAO SE APLICA";"SAQUE CASH/ATM BB";"10/02/2021";"230,00"
"47000";"Ministério do Planejamento e Orçamento";"25205";"Fundação Instituto Brasileiro de Geografia e Estatística";"114618";"SUPERINTENDENCIA ESTADUAL IBGE MINAS GERAIS";"2021";"03";"***.279.666-**";"PAULO HENRIQUE RODRIGUES";"-2";"NAO SE APLICA";"SAQUE CASH/ATM BB";"10/02/2021";"120,00"
"47000";"Ministério do Planejamento e Orçamento";"25205";"Fundação Instituto Brasileiro de Geografia e Estatística";"114618";"SUPERINTENDENCIA ESTADUAL IBGE MINAS GERAIS";"2021";"03";"***.279.666-**";"PAULO HENRIQUE RODRIGUES";"-2";"NAO SE APLICA";"SAQUE CASH/ATM BB";"09/02/2021";"670,00"
"47000";"Ministério do Planejamento e Orçamento";"25205";"Fundação Instituto Brasileiro de Geografia e Estatística";"114618";"SUPERINTENDENCIA ESTADUAL IBGE MINAS GERAIS";"2021";"03";"***.279.666-**";"PAULO HENRIQUE RODRIGUES";"-2";"NAO SE APLICA";"SAQUE CASH/ATM BB";"08/02/2021";"300,00"
"47000";"Ministério do Planejamento e Orçamento";"25205";"Fundação Instituto Brasileiro de Geografia e Estatística";"114618";"SUPERINTENDENCIA ESTADUAL IBGE MINAS GERAIS";"2021";"03";"***.279.666-**";"PAULO HENRIQUE RODRIGUES";"-2";"NAO SE APLICA";"SAQUE CASH/ATM BB";"08/02/2021";"200,00"
"47000";"Ministério do Planejamento e Orçamento";"25205";"Fundação Instituto Brasileiro de Geografia e Estatística";"114618";"SUPERINTENDENCIA ESTADUAL IBGE MINAS GERAIS";"2021";"03";"***.279.666-**";"PAULO HENRIQUE RODRIGUES";"-2";"NAO SE APLICA";"SAQUE CASH/ATM BB";"08/02/2021";"470,00"
"47000";"Ministério do Planejamento e Orçamento";"25205";"Fundação Instituto Brasileiro de Geografia e Estatística";"114618";"SUPERINTENDENCIA ESTADUAL IBGE MINAS GERAIS";"2021";"03";"***.279.666-**";"PAULO HENRIQUE RODRIGUES";"-2";"NAO SE APLICA";"SAQUE CASH/ATM BB";"26/01/2021";"250,00"
"47000";"Ministério do Planejamento e Orçamento";"25205";"Fundação Instituto Brasileiro de Geografia e Estatística";"114618";"SUPERINTENDENCIA ESTADUAL IBGE MINAS GERAIS";"2021";"03";"***.279.666-**";"PAULO HENRIQUE RODRIGUES";"-2";"NAO SE APLICA";"SAQUE CASH/ATM BB";"26/01/2021";"280,00"
"47000";"Ministério do Planejamento e Orçamento";"25205";"Fundação Instituto Brasileiro de Geografia e Estatística";"114618";"SUPERINTENDENCIA ESTADUAL IBGE MINAS GERAIS";"2021";"03";"***.185.256-**";"MARCOS ROBERTO BERALDO DE OLIVEIRA";"-2";"NAO SE APLICA";"SAQUE CASH/ATM BB";"18/02/2021";"170,00"
"47000";"Ministério do Planejamento e Orçamento";"25205";"Fundação Instituto Brasileiro de Geografia e Estatística";"114618";"SUPERINTENDENCIA ESTADUAL IBGE MINAS GERAIS";"2021";"03";"***.185.256-**";"MARCOS ROBERTO BERALDO DE OLIVEIRA";"-2";"NAO SE APLICA";"SAQUE CASH/ATM BB";"01/02/2021";"650,00"
"47000";"Ministério do Planejamento e Orçamento";"25205";"Fundação Instituto Brasileiro de Geografia e Estatística";"114618";"SUPERINTENDENCIA ESTADUAL IBGE MINAS GERAIS";"2021";"03";"***.949.406-**";"JHONNY ALBERT SILVA DOMINGOS";"-2";"NAO SE APLICA";"SAQUE CASH/ATM BB";"29/01/2021";"990,00"
"47000";"Ministério do Planejamento e Orçamento";"25205";"Fundação Instituto Brasileiro de Geografia e Estatística";"114618";"SUPERINTENDENCIA ESTADUAL IBGE MINAS GERAIS";"2021";"03";"***.252.186-**";"ANA LUIZA BERNARDES";"-2";"NAO SE APLICA";"SAQUE CASH/ATM BB";"03/02/2021";"180,00"
"47000";"Ministério do Planejamento e Orçamento";"25205";"Fundação Instituto Brasileiro de Geografia e Estatística";"114618";"SUPERINTENDENCIA ESTADUAL IBGE MINAS GERAIS";"2021";"03";"***.376.316-**";"LEANDRO CARVALHO DOS SANTOS";"-2";"NAO SE APLICA";"SAQUE CASH/ATM BB";"01/02/2021";"260,00"
"47000";"Ministério do Planejamento e Orçamento";"25205";"Fundação Instituto Brasileiro de Geografia e Estatística";"114618";"SUPERINTENDENCIA ESTADUAL IBGE MINAS GERAIS";"2021";"03";"***.281.606-**";"PEDRO VICENTE FERREIRA MOREIRA";"-2";"NAO SE APLICA";"SAQUE CASH/ATM BB";"01/02/2021";"280,00"
"47000";"Ministério do Planejamento e Orçamento";"25205";"Fundação Instituto Brasileiro de Geografia e Estatística";"114618";"SUPERINTENDENCIA ESTADUAL IBGE MINAS GERAIS";"2021";"03";"***.437.016-**";"FLAVIO GOMES DE FREITAS";"-2";"NAO SE APLICA";"SAQUE CASH/ATM BB";"18/02/2021";"210,00"
"47000";"Ministério do Planejamento e Orçamento";"25205";"Fundação Instituto Brasileiro de Geografia e Estatística";"114618";"SUPERINTENDENCIA ESTADUAL IBGE MINAS GERAIS";"2021";"03";"***.416.036-**";"DANIEL RIBEIRO MENDONCA";"-2";"NAO SE APLICA";"SAQUE CASH/ATM BB";"04/02/2021";"340,00"
"47000";"Ministério do Planejamento e Orçamento";"25205";"Fundação Instituto Brasileiro de Geografia e Estatística";"114618";"SUPERINTENDENCIA ESTADUAL IBGE MINAS GERAIS";"2021";"03";"***.151.333-**";"BRENO ALVES FIGUEIREDO";"-2";"NAO SE APLICA";"SAQUE CASH/ATM BB";"22/02/2021";"800,00"
"47000";"Ministério do Planejamento e Orçamento";"25205";"Fundação Instituto Brasileiro de Geografia e Estatística";"114618";"SUPERINTENDENCIA ESTADUAL IBGE MINAS GERAIS";"2021";"03";"***.417.556-**";"ROBERTO GONCALVES DE SOUZA";"-2";"NAO SE APLICA";"SAQUE CASH/ATM BB";"02/02/2021";"280,00"
"47000";"Ministério do Planejamento e Orçamento";"25205";"Fundação Instituto Brasileiro de Geografia e Estatística";"114618";"SUPERINTENDENCIA ESTADUAL IBGE MINAS GERAIS";"2021";"03";"***.586.116-**";"JETER DE SOUSA SILVA";"-2";"NAO SE APLICA";"SAQUE CASH/ATM BB";"10/02/2021";"250,00"
"47000";"Ministério do Planejamento e Orçamento";"25205";"Fundação Instituto Brasileiro de Geografia e Estatística";"114618";"SUPERINTENDENCIA ESTADUAL IBGE MINAS GERAIS";"2021";"03";"***.887.346-**";"ANA CANDIDA GONTIJO DE PAIVA";"-2";"NAO SE APLICA";"SAQUE CASH/ATM BB";"08/02/2021";"220,00"
"47000";"Ministério do Planejamento e Orçamento";"25205";"Fundação Instituto Brasileiro de Geografia e Estatística";"114618";"SUPERINTENDENCIA ESTADUAL IBGE MINAS GERAIS";"2021";"03";"***.074.406-**";"GERALDO MARIANO DA SILVA";"-2";"NAO SE APLICA";"SAQUE CASH/ATM BB";"01/02/2021";"360,00"
"47000";"Ministério do Planejamento e Orçamento";"25205";"Fundação Instituto Brasileiro de Geografia e Estatística";"114618";"SUPERINTENDENCIA ESTADUAL IBGE MINAS GERAIS";"2021";"03";"***.401.788-**";"MARSHAL DE ALMEIDA DA SILVA MARANGONI";"-2";"NAO SE APLICA";"SAQUE CASH/ATM BB";"09/02/2021";"140,00"
"47000";"Ministério do Planejamento e Orçamento";"25205";"Fundação Instituto Brasileiro de Geografia e Estatística";"114618";"SUPERINTENDENCIA ESTADUAL IBGE MINAS GERAIS";"2021";"03";"***.640.646-**";"JOAO ALMEIDA FILHO";"-2";"NAO SE APLICA";"SAQUE CASH/ATM BB";"10/02/2021";"300,00"
"47000";"Ministério do Planejamento e Orçamento";"25205";"Fundação Instituto Brasileiro de Geografia e Estatística";"114618";"SUPERINTENDENCIA ESTADUAL IBGE MINAS GERAIS";"2021";"03";"***.706.766-**";"LUIZ FERNANDO SANTANA LIMA";"-2";"NAO SE APLICA";"SAQUE CASH/ATM BB";"29/01/2021";"300,00"
"47000";"Ministério do Planejamento e Orçamento";"25205";"Fundação Instituto Brasileiro de Geografia e Estatística";"114618";"SUPERINTENDENCIA ESTADUAL IBGE MINAS GERAIS";"2021";"03";"***.757.716-**";"ANDRE TUPINAMBA FIGUEIREDO MOTA";"-2";"NAO SE APLICA";"SAQUE CASH/ATM BB";"15/02/2021";"500,00"
"47000";"Ministério do Planejamento e Orçamento";"25205";"Fundação Instituto Brasileiro de Geografia e Estatística";"114618";"SUPERINTENDENCIA ESTADUAL IBGE MINAS GERAIS";"2021";"03";"***.757.716-**";"ANDRE TUPINAMBA FIGUEIREDO MOTA";"-2";"NAO SE APLICA";"SAQUE CASH/ATM BB";"05/02/2021";"180,00"
"47000";"Ministério do Planejamento e Orçamento";"25205";"Fundação Instituto Brasileiro de Geografia e Estatística";"114618";"SUPERINTENDENCIA ESTADUAL IBGE MINAS GERAIS";"2021";"03";"***.757.716-**";"ANDRE TUPINAMBA FIGUEIREDO MOTA";"-2";"NAO SE APLICA";"SAQUE CASH/ATM BB";"29/01/2021";"30,00"
"47000";"Ministério do Planejamento e Orçamento";"25205";"Fundação Instituto Brasileiro de Geografia e Estatística";"114618";"SUPERINTENDENCIA ESTADUAL IBGE MINAS GERAIS";"2021";"03";"***.913.426-**";"PEDRO HENRIQUE CUNHA SOARES";"-2";"NAO SE APLICA";"SAQUE CASH/ATM BB";"03/02/2021";"380,00"
"47000";"Ministério do Planejamento e Orçamento";"25205";"Fundação Instituto Brasileiro de Geografia e Estatística";"114618";"SUPERINTENDENCIA ESTADUAL IBGE MINAS GERAIS";"2021";"03";"***.212.116-**";"MUNIRA MARIA OTSUKA NASSIF ZEHURI";"-2";"NAO SE APLICA";"SAQUE CASH/ATM BB";"19/02/2021";"200,00"
"47000";"Ministério do Planejamento e Orçamento";"25205";"Fundação Instituto Brasileiro de Geografia e Estatística";"114618";"SUPERINTENDENCIA ESTADUAL IBGE MINAS GERAIS";"2021";"03";"***.212.116-**";"MUNIRA MARIA OTSUKA NASSIF ZEHURI";"-2";"NAO SE APLICA";"SAQUE CASH/ATM BB";"04/02/2021";"150,00"
"47000";"Ministério do Planejamento e Orçamento";"25205";"Fundação Instituto Brasileiro de Geografia e Estatística";"114618";"SUPERINTENDENCIA ESTADUAL IBGE MINAS GERAIS";"2021";"03";"***.212.116-**";"MUNIRA MARIA OTSUKA NASSIF ZEHURI";"-2";"NAO SE APLICA";"SAQUE CASH/ATM BB";"04/02/2021";"310,00"
"47000";"Ministério do Planejamento e Orçamento";"25205";"Fundação Instituto Brasileiro de Geografia e Estatística";"114618";"SUPERINTENDENCIA ESTADUAL IBGE MINAS GERAIS";"2021";"03";"***.818.526-**";"DANIEL PEREIRA GONCALVES";"-2";"NAO SE APLICA";"SAQUE CASH/ATM BB";"03/02/2021";"310,00"
"47000";"Ministério do Planejamento e Orçamento";"25205";"Fundação Instituto Brasileiro de Geografia e Estatística";"114618";"SUPERINTENDENCIA ESTADUAL IBGE MINAS GERAIS";"2021";"03";"***.320.996-**";"JOSE FERREIRA RODRIGUES";"-2";"NAO SE APLICA";"SAQUE CASH/ATM BB";"08/02/2021";"250,00"
"47000";"Ministério do Planejamento e Orçamento";"25205";"Fundação Instituto Brasileiro de Geografia e Estatística";"114618";"SUPERINTENDENCIA ESTADUAL IBGE MINAS GERAIS";"2021";"03";"***.474.926-**";"RAFAEL GOMES SOARES";"13723634000114";"13.723.634 BRUNO SANTOS FREITAS";"COMPRA A/V - R$ - APRES";"19/02/2021";"253,00"
"47000";"Ministério do Planejamento e Orçamento";"25205";"Fundação Instituto Brasileiro de Geografia e Estatística";"114618";"SUPERINTENDENCIA ESTADUAL IBGE MINAS GERAIS";"2021";"03";"***.474.926-**";"RAFAEL GOMES SOARES";"13723634000114";"13.723.634 BRUNO SANTOS FREITAS";"COMPRA A/V - R$ - APRES";"04/02/2021";"215,00"
"47000";"Ministério do Planejamento e Orçamento";"25205";"Fundação Instituto Brasileiro de Geografia e Estatística";"114618";"SUPERINTENDENCIA ESTADUAL IBGE MINAS GERAIS";"2021";"03";"***.931.786-**";"JULIO CEZAR COTTA";"22767312000168";"EBR MANUTENCOES LTDA";"COMPRA A/V - R$ - APRES";"04/02/2021";"1586,97"
"47000";"Ministério do Planejamento e Orçamento";"25205";"Fundação Instituto Brasileiro de Geografia e Estatística";"114626";"SUPERINTENDENCIA ESTADUAL IBGE NO MATO GROSSO";"2021";"03";"***.044.971-**";"MARCELO MENDES MARQUES";"-2";"NAO SE APLICA";"SAQUE CASH/ATM BB";"02/02/2021";"410,00"
"47000";"Ministério do Planejamento e Orçamento";"25205";"Fundação Instituto Brasileiro de Geografia e Estatística";"114626";"SUPERINTENDENCIA ESTADUAL IBGE NO MATO GROSSO";"2021";"03";"***.234.131-**";"EDMAIONS DA SILVA CARVALHO";"08608356000114";"NACIONAL ESTACIONAMENTOS LTDA";"COMPRA A/V - R$ - APRES";"01/02/2021";"900,00"
"47000";"Ministério do Planejamento e Orçamento";"25205";"Fundação Instituto Brasileiro de Geografia e Estatística";"114626";"SUPERINTENDENCIA ESTADUAL IBGE NO MATO GROSSO";"2021";"03";"***.234.131-**";"EDMAIONS DA SILVA CARVALHO";"08608356000114";"NACIONAL ESTACIONAMENTOS LTDA";"COMPRA A/V - R$ - APRES";"01/02/2021";"249,50"
"47000";"Ministério do Planejamento e Orçamento";"25205";"Fundação Instituto Brasileiro de Geografia e Estatística";"114626";"SUPERINTENDENCIA ESTADUAL IBGE NO MATO GROSSO";"2021";"03";"***.044.971-**";"MARCELO MENDES MARQUES";"-2";"NAO SE APLICA";"SAQUE CASH/ATM BB";"09/02/2021";"185,00"
"47000";"Ministério do Planejamento e Orçamento";"25205";"Fundação Instituto Brasileiro de Geografia e Estatística";"114626";"SUPERINTENDENCIA ESTADUAL IBGE NO MATO GROSSO";"2021";"03";"***.984.501-**";"FRANCISCO VIEIRA DA SILVA";"05877639000688";"TRANSRAPIDO SINAL VERDE LTDA EM RECUPERACAO JUDICIAL";"COMPRA A/V - R$ - APRES";"12/02/2021";"39,00"
"47000";"Ministério do Planejamento e Orçamento";"25205";"Fundação Instituto Brasileiro de Geografia e Estatística";"114626";"SUPERINTENDENCIA ESTADUAL IBGE NO MATO GROSSO";"2021";"03";"***.728.181-**";"EVERTON LUIS DA SILVA CARVALHO";"12125646000184";"AUTO POSTO CUIABA PETRO LTDA";"COMPRA A/V - R$ - APRES";"12/02/2021";"271,68"
"47000";"Ministério do Planejamento e Orçamento";"25205";"Fundação Instituto Brasileiro de Geografia e Estatística";"114626";"SUPERINTENDENCIA ESTADUAL IBGE NO MATO GROSSO";"2021";"03";"***.728.181-**";"EVERTON LUIS DA SILVA CARVALHO";"12125646000184";"AUTO POSTO CUIABA PETRO LTDA";"COMPRA A/V - R$ - APRES";"12/02/2021";"45,01"
"47000";"Ministério do Planejamento e Orçamento";"25205";"Fundação Instituto Brasileiro de Geografia e Estatística";"114626";"SUPERINTENDENCIA ESTADUAL IBGE NO MATO GROSSO";"2021";"03";"***.728.181-**";"EVERTON LUIS DA SILVA CARVALHO";"12125646000184";"AUTO POSTO CUIABA PETRO LTDA";"COMPRA A/V - R$ - APRES";"12/02/2021";"50,00"
"47000";"Ministério do Planejamento e Orçamento";"25205";"Fundação Instituto Brasileiro de Geografia e Estatística";"114626";"SUPERINTENDENCIA ESTADUAL IBGE NO MATO GROSSO";"2021";"03";"***.728.181-**";"EVERTON LUIS DA SILVA CARVALHO";"12125646000184";"AUTO POSTO CUIABA PETRO LTDA";"COMPRA A/V - R$ - APRES";"05/02/2021";"165,06"
"47000";"Ministério do Planejamento e Orçamento";"25205";"Fundação Instituto Brasileiro de Geografia e Estatística";"114626";"SUPERINTENDENCIA ESTADUAL IBGE NO MATO GROSSO";"2021";"03";"***.728.181-**";"EVERTON LUIS DA SILVA CARVALHO";"12125646000184";"AUTO POSTO CUIABA PETRO LTDA";"COMPRA A/V - R$ - APRES";"05/02/2021";"27,03"
"47000";"Ministério do Planejamento e Orçamento";"25205";"Fundação Instituto Brasileiro de Geografia e Estatística";"114626";"SUPERINTENDENCIA ESTADUAL IBGE NO MATO GROSSO";"2021";"03";"***.728.181-**";"EVERTON LUIS DA SILVA CARVALHO";"12125646000184";"AUTO POSTO CUIABA PETRO LTDA";"COMPRA A/V - R$ - APRES";"05/02/2021";"141,00"
"47000";"Ministério do Planejamento e Orçamento";"25205";"Fundação Instituto Brasileiro de Geografia e Estatística";"114626";"SUPERINTENDENCIA ESTADUAL IBGE NO MATO GROSSO";"2021";"03";"***.728.181-**";"EVERTON LUIS DA SILVA CARVALHO";"12125646000184";"AUTO POSTO CUIABA PETRO LTDA";"COMPRA A/V - R$ - APRES";"05/02/2021";"149,69"
"47000";"Ministério do Planejamento e Orçamento";"25205";"Fundação Instituto Brasileiro de Geografia e Estatística";"114626";"SUPERINTENDENCIA ESTADUAL IBGE NO MATO GROSSO";"2021";"03";"***.728.181-**";"EVERTON LUIS DA SILVA CARVALHO";"12125646000184";"AUTO POSTO CUIABA PETRO LTDA";"COMPRA A/V - R$ - APRES";"05/02/2021";"133,00"
"47000";"Ministério do Planejamento e Orçamento";"25205";"Fundação Instituto Brasileiro de Geografia e Estatística";"114626";"SUPERINTENDENCIA ESTADUAL IBGE NO MATO GROSSO";"2021";"03";"***.728.181-**";"EVERTON LUIS DA SILVA CARVALHO";"12125646000184";"AUTO POSTO CUIABA PETRO LTDA";"COMPRA A/V - R$ - APRES";"05/02/2021";"120,02"
"47000";"Ministério do Planejamento e Orçamento";"25205";"Fundação Instituto Brasileiro de Geografia e Estatística";"114626";"SUPERINTENDENCIA ESTADUAL IBGE NO MATO GROSSO";"2021";"03";"***.044.971-**";"MARCELO MENDES MARQUES";"-2";"NAO SE APLICA";"SAQUE CASH/ATM BB";"12/02/2021";"320,00"
"47000";"Ministério do Planejamento e Orçamento";"25205";"Fundação Instituto Brasileiro de Geografia e Estatística";"114626";"SUPERINTENDENCIA ESTADUAL IBGE NO MATO GROSSO";"2021";"03";"***.044.971-**";"MARCELO MENDES MARQUES";"-2";"NAO SE APLICA";"SAQUE CASH/ATM BB";"27/01/2021";"195,00"
"47000";"Ministério do Planejamento e Orçamento";"25205";"Fundação Instituto Brasileiro de Geografia e Estatística";"114626";"SUPERINTENDENCIA ESTADUAL IBGE NO MATO GROSSO";"2021";"03";"***.984.501-**";"FRANCISCO VIEIRA DA SILVA";"-2";"NAO SE APLICA";"SAQUE CASH/ATM BB";"19/02/2021";"385,00"
"47000";"Ministério do Planejamento e Orçamento";"25205";"Fundação Instituto Brasileiro de Geografia e Estatística";"114626";"SUPERINTENDENCIA ESTADUAL IBGE NO MATO GROSSO";"2021";"03";"***.728.181-**";"EVERTON LUIS DA SILVA CARVALHO";"12125646000184";"AUTO POSTO CUIABA PETRO LTDA";"COMPRA A/V - R$ - APRES";"12/02/2021";"170,00"
"47000";"Ministério do Planejamento e Orçamento";"25205";"Fundação Instituto Brasileiro de Geografia e Estatística";"114614";"SUPERINTENDENCIA ESTADUAL IBGE PERNAMBUCO";"2021";"03";"***.464.618-**";"LUCIANO ALVES DA SILVA";"08182536499";"LUIZ GONZAGA DE MELO NETO";"COMPRA A/V - R$ - APRES";"05/02/2021";"400,00"
"47000";"Ministério do Planejamento e Orçamento";"25205";"Fundação Instituto Brasileiro de Geografia e Estatística";"114614";"SUPERINTENDENCIA ESTADUAL IBGE PERNAMBUCO";"2021";"03";"***.331.524-**";"NIELTON CLEITON FIRMINO PEREIRA";"17994817000125";"FLAVIA MARIA ALBUQUERQUE DE MOURA CAVALCANTI";"COMPRA A/V - R$ - APRES";"11/02/2021";"150,00"
"47000";"Ministério do Planejamento e Orçamento";"25205";"Fundação Instituto Brasileiro de Geografia e Estatística";"114614";"SUPERINTENDENCIA ESTADUAL IBGE PERNAMBUCO";"2021";"03";"***.753.217-**";"BRUNO BRANDAO PEREIRA MACHADO";"16668076000200";"SUMUP INSTITUICAO DE PAGAMENTO BRASIL LTDA";"COMPRA A/V - R$ - APRES";"16/02/2021";"175,00"
"47000";"Ministério do Planejamento e Orçamento";"25205";"Fundação Instituto Brasileiro de Geografia e Estatística";"114614";"SUPERINTENDENCIA ESTADUAL IBGE PERNAMBUCO";"2021";"03";"***.242.154-**";"ROBSON MOURA DE LIMA";"-2";"NAO SE APLICA";"SAQUE CASH/ATM BB";"05/02/2021";"240,00"
"47000";"Ministério do Planejamento e Orçamento";"25205";"Fundação Instituto Brasileiro de Geografia e Estatística";"114624";"SUPERINTENDENCIA ESTADUAL IBGE SANTA CATARINA";"2021";"03";"***.384.819-**";"GILMAR DA SILVA COELHO";"-2";"NAO SE APLICA";"SAQUE CASH/ATM BB";"01/02/2021";"500,00"
"47000";"Ministério do Planejamento e Orçamento";"25205";"Fundação Instituto Brasileiro de Geografia e Estatística";"114624";"SUPERINTENDENCIA ESTADUAL IBGE SANTA CATARINA";"2021";"03";"***.527.519-**";"DIONEI ALBUQUERQUE";"-2";"NAO SE APLICA";"SAQUE CASH/ATM BB";"01/02/2021";"240,00"
"47000";"Ministério do Planejamento e Orçamento";"25205";"Fundação Instituto Brasileiro de Geografia e Estatística";"114624";"SUPERINTENDENCIA ESTADUAL IBGE SANTA CATARINA";"2021";"03";"***.086.097-**";"GABRIEL SOUSA DOS SANTOS";"05435073000120";"SUPERVIZA SUPERMERCADOS LTDA";"COMPRA A/V - R$ - APRES";"05/02/2021";"97,78"
"47000";"Ministério do Planejamento e Orçamento";"25205";"Fundação Instituto Brasileiro de Geografia e Estatística";"114624";"SUPERINTENDENCIA ESTADUAL IBGE SANTA CATARINA";"2021";"03";"***.034.119-**";"ADRIANA BANDEIRA SEIBERT";"-2";"NAO SE APLICA";"SAQUE CASH/ATM BB";"01/02/2021";"250,00"
"47000";"Ministério do Planejamento e Orçamento";"25205";"Fundação Instituto Brasileiro de Geografia e Estatística";"114624";"SUPERINTENDENCIA ESTADUAL IBGE SANTA CATARINA";"2021";"03";"***.364.819-**";"VILMAR LUIZ DREY";"-2";"NAO SE APLICA";"SAQUE CASH/ATM BB";"03/02/2021";"340,00"
"47000";"Ministério do Planejamento e Orçamento";"25205";"Fundação Instituto Brasileiro de Geografia e Estatística";"114624";"SUPERINTENDENCIA ESTADUAL IBGE SANTA CATARINA";"2021";"03";"***.733.249-**";"ROBERTO THUMS";"-2";"NAO SE APLICA";"SAQUE CASH/ATM BB";"03/02/2021";"330,00"
"47000";"Ministério do Planejamento e Orçamento";"25205";"Fundação Instituto Brasileiro de Geografia e Estatística";"114624";"SUPERINTENDENCIA ESTADUAL IBGE SANTA CATARINA";"2021";"03";"***.086.097-**";"GABRIEL SOUSA DOS SANTOS";"-2";"NAO SE APLICA";"SAQUE CASH/ATM BB";"05/02/2021";"350,00"
"47000";"Ministério do Planejamento e Orçamento";"25205";"Fundação Instituto Brasileiro de Geografia e Estatística";"114624";"SUPERINTENDENCIA ESTADUAL IBGE SANTA CATARINA";"2021";"03";"***.986.260-**";"MARCUS BRAGA KNAK";"-2";"NAO SE APLICA";"SAQUE CASH/ATM BB";"02/02/2021";"270,00"
"47000";"Ministério do Planejamento e Orçamento";"25205";"Fundação Instituto Brasileiro de Geografia e Estatística";"114624";"SUPERINTENDENCIA ESTADUAL IBGE SANTA CATARINA";"2021";"03";"***.351.609-**";"ODILON MAURICIO WALTER";"-2";"NAO SE APLICA";"SAQUE CASH/ATM BB";"03/02/2021";"500,00"
"47000";"Ministério do Planejamento e Orçamento";"25205";"Fundação Instituto Brasileiro de Geografia e Estatística";"114624";"SUPERINTENDENCIA ESTADUAL IBGE SANTA CATARINA";"2021";"03";"***.136.029-**";"AMILTON MARINHO MACHADO";"-2";"NAO SE APLICA";"SAQUE CASH/ATM BB";"01/02/2021";"300,00"
"47000";"Ministério do Planejamento e Orçamento";"25205";"Fundação Instituto Brasileiro de Geografia e Estatística";"114624";"SUPERINTENDENCIA ESTADUAL IBGE SANTA CATARINA";"2021";"03";"***.975.009-**";"EDMILSON BALDUINO MARINHO JUNIOR";"-2";"NAO SE APLICA";"SAQUE CASH/ATM BB";"01/02/2021";"250,00"
"47000";"Ministério do Planejamento e Orçamento";"25205";"Fundação Instituto Brasileiro de Geografia e Estatística";"114624";"SUPERINTENDENCIA ESTADUAL IBGE SANTA CATARINA";"2021";"03";"***.710.858-**";"EURICO SILVA CAMPOS";"-2";"NAO SE APLICA";"SAQUE CASH/ATM BB";"04/02/2021";"400,00"
"47000";"Ministério do Planejamento e Orçamento";"25205";"Fundação Instituto Brasileiro de Geografia e Estatística";"114624";"SUPERINTENDENCIA ESTADUAL IBGE SANTA CATARINA";"2021";"03";"***.056.429-**";"JECKESAN FERRAZ DE DEUS";"-2";"NAO SE APLICA";"SAQUE CASH/ATM BB";"04/02/2021";"310,00"
"47000";"Ministério do Planejamento e Orçamento";"25205";"Fundação Instituto Brasileiro de Geografia e Estatística";"114624";"SUPERINTENDENCIA ESTADUAL IBGE SANTA CATARINA";"2021";"03";"***.453.809-**";"FILIPE MARCEL BRITO DE SOUZA";"-2";"NAO SE APLICA";"SAQUE CASH/ATM BB";"03/02/2021";"450,00"
"47000";"Ministério do Planejamento e Orçamento";"25205";"Fundação Instituto Brasileiro de Geografia e Estatística";"114624";"SUPERINTENDENCIA ESTADUAL IBGE SANTA CATARINA";"2021";"03";"***.751.169-**";"AIRTON RIBEIRO DOS SANTOS";"-2";"NAO SE APLICA";"SAQUE CASH/ATM BB";"04/02/2021";"500,00"
"47000";"Ministério do Planejamento e Orçamento";"25205";"Fundação Instituto Brasileiro de Geografia e Estatística";"114624";"SUPERINTENDENCIA ESTADUAL IBGE SANTA CATARINA";"2021";"03";"***.439.869-**";"CLAUDIO HELIO RADTKE JUNIOR";"-2";"NAO SE APLICA";"SAQUE CASH/ATM BB";"02/02/2021";"400,00"
"47000";"Ministério do Planejamento e Orçamento";"25205";"Fundação Instituto Brasileiro de Geografia e Estatística";"114624";"SUPERINTENDENCIA ESTADUAL IBGE SANTA CATARINA";"2021";"03";"***.874.799-**";"MARCELO DAMAZIO";"-2";"NAO SE APLICA";"SAQUE CASH/ATM BB";"10/02/2021";"400,00"
"47000";"Ministério do Planejamento e Orçamento";"61201";"Instituto de Pesquisa Econômica Aplicada";"113602";"INSTITUTO DE PESQUISA ECONOMICA APLICADA";"2021";"03";"***.300.467-**";"GILENO BALBINO DOS SANTOS";"33040567000140";"AVG EMBALAGENS E ARTIGOS DE BAZAR LTDA";"COMPRA A/V - R$ - APRES";"10/02/2021";"169,10"
"47000";"Ministério do Planejamento e Orçamento";"61201";"Instituto de Pesquisa Econômica Aplicada";"113602";"INSTITUTO DE PESQUISA ECONOMICA APLICADA";"2021";"03";"***.300.467-**";"GILENO BALBINO DOS SANTOS";"-2";"NAO SE APLICA";"SAQUE CASH/ATM BB";"11/02/2021";"590,00"
"47000";"Ministério do Planejamento e Orçamento";"61201";"Instituto de Pesquisa Econômica Aplicada";"113602";"INSTITUTO DE PESQUISA ECONOMICA APLICADA";"2021";"03";"***.300.467-**";"GILENO BALBINO DOS SANTOS";"08097029000579";"TECIDOS E ARMARINHO 253 COMERCIO VAREJISTA DE TECIDOS E ARTIGOS DE AVIAMENTOS LTDA";"COMPRA A/V - R$ - APRES";"10/02/2021";"95,88"
"40000";"Ministério do Trabalho e Emprego";"38901";"Fundo de Amparo ao Trabalhador";"380936";"SUPERINTENDENCIA REGIONAL DO TRABALHO/ES";"2021";"03";"***.320.327-**";"GISELLI MARTINS UCELI MAXWELL";"31712375000108";"MAJOL MATERIAL DE CONSTRUCAO LTDA";"COMPRA A/V - R$ - APRES";"28/01/2021";"238,70"
"40000";"Ministério do Trabalho e Emprego";"38901";"Fundo de Amparo ao Trabalhador";"380936";"SUPERINTENDENCIA REGIONAL DO TRABALHO/ES";"2021";"03";"***.320.327-**";"GISELLI MARTINS UCELI MAXWELL";"10573521000191";"MERCADO PAGO INSTITUICAO DE PAGAMENTO LTDA";"COMPRA A/V - R$ - APRES";"19/02/2021";"870,00"
"40000";"Ministério do Trabalho e Emprego";"38901";"Fundo de Amparo ao Trabalhador";"380936";"SUPERINTENDENCIA REGIONAL DO TRABALHO/ES";"2021";"03";"***.320.327-**";"GISELLI MARTINS UCELI MAXWELL";"28416105000145";"ELETROMIL COMERCIAL LTDA";"COMPRA A/V - R$ - APRES";"04/02/2021";"620,00"
"40000";"Ministério do Trabalho e Emprego";"38901";"Fundo de Amparo ao Trabalhador";"380936";"SUPERINTENDENCIA REGIONAL DO TRABALHO/ES";"2021";"03";"***.320.327-**";"GISELLI MARTINS UCELI MAXWELL";"13000639713";"KELVYN PATRYCK ALMEIDA QUEIROZ";"COMPRA A/V - R$ - APRES";"28/01/2021";"970,00"
"40000";"Ministério do Trabalho e Emprego";"40000";"Ministério do Trabalho e Emprego - Unidades com vínculo direto";"170596";"SECRETARIA DO TRABALHO";"2021";"03";"***.954.861-**";"DALVO DOS SANTOS";"37821721000172";"E D M - COMERCIO DE COMBUSTIVEIS E TRANSPORTES LTDA EM RECUPERACAO JUDICIAL";"COMPRA A/V - R$ - APRES";"27/01/2021";"196,68"
"40000";"Ministério do Trabalho e Emprego";"40000";"Ministério do Trabalho e Emprego - Unidades com vínculo direto";"170596";"SECRETARIA DO TRABALHO";"2021";"03";"***.301.841-**";"ZELIO DONIZETE GOMES DOS PASSOS";"04045191000169";"POSTO TRIANGULO LTDA";"COMPRA A/V - R$ - APRES";"27/01/2021";"327,85"
"40000";"Ministério do Trabalho e Emprego";"40000";"Ministério do Trabalho e Emprego - Unidades com vínculo direto";"170596";"SECRETARIA DO TRABALHO";"2021";"03";"***.527.301-**";"ORLANDINO JOSE DA SILVA";"01096207000174";"POSTO DUDU LTDA";"COMPRA A/V - R$ - APRES";"08/02/2021";"227,79"
"40000";"Ministério do Trabalho e Emprego";"40000";"Ministério do Trabalho e Emprego - Unidades com vínculo direto";"170596";"SECRETARIA DO TRABALHO";"2021";"03";"***.301.841-**";"ZELIO DONIZETE GOMES DOS PASSOS";"07860097000151";"RODOMAX COMERCIO DE COMBUSTIVEIS LTDA";"COMPRA A/V - R$ - APRES";"28/01/2021";"219,26"
"40000";"Ministério do Trabalho e Emprego";"40000";"Ministério do Trabalho e Emprego - Unidades com vínculo direto";"170596";"SECRETARIA DO TRABALHO";"2021";"03";"***.546.111-**";"JOSE ROSA DA SILVA";"02336040000134";"POSTO QUATRO RODAS LTDA";"COMPRA A/V - R$ - APRES";"28/01/2021";"240,02"
"40000";"Ministério do Trabalho e Emprego";"40000";"Ministério do Trabalho e Emprego - Unidades com vínculo direto";"170596";"SECRETARIA DO TRABALHO";"2021";"03";"***.527.301-**";"ORLANDINO JOSE DA SILVA";"86434305000127";"POSTO VISTA DA SERRA LTDA";"COMPRA A/V - R$ - APRES";"11/02/2021";"134,42"
"40000";"Ministério do Trabalho e Emprego";"40000";"Ministério do Trabalho e Emprego - Unidades com vínculo direto";"170596";"SECRETARIA DO TRABALHO";"2021";"03";"***.527.301-**";"ORLANDINO JOSE DA SILVA";"86434305000127";"POSTO VISTA DA SERRA LTDA";"COMPRA A/V - R$ - APRES";"11/02/2021";"156,00"
"40000";"Ministério do Trabalho e Emprego";"40000";"Ministério do Trabalho e Emprego - Unidades com vínculo direto";"170596";"SECRETARIA DO TRABALHO";"2021";"03";"***.527.301-**";"ORLANDINO JOSE DA SILVA";"02927654000190";"CERRADO COMBUSTIVEIS LTDA";"COMPRA A/V - R$ - APRES";"19/02/2021";"209,10"
"40000";"Ministério do Trabalho e Emprego";"40000";"Ministério do Trabalho e Emprego - Unidades com vínculo direto";"170596";"SECRETARIA DO TRABALHO";"2021";"03";"***.527.301-**";"ORLANDINO JOSE DA SILVA";"02927654000190";"CERRADO COMBUSTIVEIS LTDA";"COMPRA A/V - R$ - APRES";"19/02/2021";"289,18"
"40000";"Ministério do Trabalho e Emprego";"40000";"Ministério do Trabalho e Emprego - Unidades com vínculo direto";"170596";"SECRETARIA DO TRABALHO";"2021";"03";"***.527.301-**";"ORLANDINO JOSE DA SILVA";"02927654000190";"CERRADO COMBUSTIVEIS LTDA";"COMPRA A/V - R$ - APRES";"19/02/2021";"226,01"
"40000";"Ministério do Trabalho e Emprego";"40000";"Ministério do Trabalho e Emprego - Unidades com vínculo direto";"170596";"SECRETARIA DO TRABALHO";"2021";"03";"***.301.841-**";"ZELIO DONIZETE GOMES DOS PASSOS";"02349554000124";"POSTO PANTANAL LTDA";"COMPRA A/V - R$ - APRES";"27/01/2021";"281,31"
"40000";"Ministério do Trabalho e Emprego";"40000";"Ministério do Trabalho e Emprego - Unidades com vínculo direto";"170596";"SECRETARIA DO TRABALHO";"2021";"03";"***.549.921-**";"JOSE ARI DE MORAIS";"12972844000183";"TOP COMERCIO DE COMBUSTIVEIS LTDA";"COMPRA A/V - R$ - APRES";"04/02/2021";"310,02"
"40000";"Ministério do Trabalho e Emprego";"40000";"Ministério do Trabalho e Emprego - Unidades com vínculo direto";"170596";"SECRETARIA DO TRABALHO";"2021";"03";"***.546.111-**";"JOSE ROSA DA SILVA";"41219429000151";"POSTO DE COMBUSTIVEIS PEDRA DO GALO LTDA";"COMPRA A/V - R$ - APRES";"27/01/2021";"238,00"
"40000";"Ministério do Trabalho e Emprego";"40000";"Ministério do Trabalho e Emprego - Unidades com vínculo direto";"170596";"SECRETARIA DO TRABALHO";"2021";"03";"***.527.301-**";"ORLANDINO JOSE DA SILVA";"07830113000163";"POSTO PARACATU LTDA";"COMPRA A/V - R$ - APRES";"12/02/2021";"210,04"
"40000";"Ministério do Trabalho e Emprego";"40000";"Ministério do Trabalho e Emprego - Unidades com vínculo direto";"170596";"SECRETARIA DO TRABALHO";"2021";"03";"***.375.573-**";"JOSE WEYNE NUNES MARCELINO";"04519713000389";"PERES MULLER LTDA.";"COMPRA A/V - R$ - APRES";"19/02/2021";"135,13"
"40000";"Ministério do Trabalho e Emprego";"40000";"Ministério do Trabalho e Emprego - Unidades com vínculo direto";"170596";"SECRETARIA DO TRABALHO";"2021";"03";"***.954.861-**";"DALVO DOS SANTOS";"05801633000112";"2W COMERCIO DE COMBUSTIVEIS LTDA";"COMPRA A/V - R$ - APRES";"28/01/2021";"162,00"
"40000";"Ministério do Trabalho e Emprego";"40000";"Ministério do Trabalho e Emprego - Unidades com vínculo direto";"170596";"SECRETARIA DO TRABALHO";"2021";"03";"***.527.301-**";"ORLANDINO JOSE DA SILVA";"10705438000129";"COMBUSTIVEIS CORINTO LTDA";"COMPRA A/V - R$ - APRES";"10/02/2021";"261,47"
"40000";"Ministério do Trabalho e Emprego";"40000";"Ministério do Trabalho e Emprego - Unidades com vínculo direto";"170596";"SECRETARIA DO TRABALHO";"2021";"03";"***.527.301-**";"ORLANDINO JOSE DA SILVA";"10456740000190";"ARAUJO COMERCIO DE COMBUSTIVEIS LTDA";"COMPRA A/V - R$ - APRES";"01/02/2021";"186,92"
"40000";"Ministério do Trabalho e Emprego";"40000";"Ministério do Trabalho e Emprego - Unidades com vínculo direto";"170596";"SECRETARIA DO TRABALHO";"2021";"03";"***.549.921-**";"JOSE ARI DE MORAIS";"10456740000190";"ARAUJO COMERCIO DE COMBUSTIVEIS LTDA";"COMPRA A/V - R$ - APRES";"03/02/2021";"237,60"
"40000";"Ministério do Trabalho e Emprego";"40000";"Ministério do Trabalho e Emprego - Unidades com vínculo direto";"170596";"SECRETARIA DO TRABALHO";"2021";"03";"***.549.921-**";"JOSE ARI DE MORAIS";"10456740000190";"ARAUJO COMERCIO DE COMBUSTIVEIS LTDA";"COMPRA A/V - R$ - APRES";"01/02/2021";"244,27"
"40000";"Ministério do Trabalho e Emprego";"40000";"Ministério do Trabalho e Emprego - Unidades com vínculo direto";"170596";"SECRETARIA DO TRABALHO";"2021";"03";"***.954.861-**";"DALVO DOS SANTOS";"22787652000150";"AUTO POSTO CARAVELAS LTDA";"COMPRA A/V - R$ - APRES";"23/02/2021";"117,08"
"40000";"Ministério do Trabalho e Emprego";"40000";"Ministério do Trabalho e Emprego - Unidades com vínculo direto";"170596";"SECRETARIA DO TRABALHO";"2021";"03";"***.954.861-**";"DALVO DOS SANTOS";"22787652000150";"AUTO POSTO CARAVELAS LTDA";"COMPRA A/V - R$ - APRES";"23/02/2021";"224,90"
"40000";"Ministério do Trabalho e Emprego";"40000";"Ministério do Trabalho e Emprego - Unidades com vínculo direto";"170596";"SECRETARIA DO TRABALHO";"2021";"03";"***.301.841-**";"ZELIO DONIZETE GOMES DOS PASSOS";"22787652000150";"AUTO POSTO CARAVELAS LTDA";"COMPRA A/V - R$ - APRES";"23/02/2021";"235,07"
"40000";"Ministério do Trabalho e Emprego";"40000";"Ministério do Trabalho e Emprego - Unidades com vínculo direto";"170596";"SECRETARIA DO TRABALHO";"2021";"03";"***.301.841-**";"ZELIO DONIZETE GOMES DOS PASSOS";"22787652000150";"AUTO POSTO CARAVELAS LTDA";"COMPRA A/V - R$ - APRES";"23/02/2021";"151,40"
"40000";"Ministério do Trabalho e Emprego";"40000";"Ministério do Trabalho e Emprego - Unidades com vínculo direto";"170596";"SECRETARIA DO TRABALHO";"2021";"03";"***.301.841-**";"ZELIO DONIZETE GOMES DOS PASSOS";"22787652000150";"AUTO POSTO CARAVELAS LTDA";"COMPRA A/V - R$ - APRES";"23/02/2021";"168,63"
"40000";"Ministério do Trabalho e Emprego";"40000";"Ministério do Trabalho e Emprego - Unidades com vínculo direto";"170596";"SECRETARIA DO TRABALHO";"2021";"03";"***.549.921-**";"JOSE ARI DE MORAIS";"06985134000195";"REDE DITO-COMERCIO DE COMBUSTIVEIS E DERIVADOS DE PETROLEO LTDA";"COMPRA A/V - R$ - APRES";"03/02/2021";"275,02"
"40000";"Ministério do Trabalho e Emprego";"40000";"Ministério do Trabalho e Emprego - Unidades com vínculo direto";"170596";"SECRETARIA DO TRABALHO";"2021";"03";"***.301.841-**";"ZELIO DONIZETE GOMES DOS PASSOS";"34703350000136";"AUTO POSTO CARINHOSO LTDA";"COMPRA A/V - R$ - APRES";"29/01/2021";"272,52"
"40000";"Ministério do Trabalho e Emprego";"40000";"Ministério do Trabalho e Emprego - Unidades com vínculo direto";"170596";"SECRETARIA DO TRABALHO";"2021";"03";"***.546.111-**";"JOSE ROSA DA SILVA";"15226699000694";"SA NACIONAL PATRIMONIAL LTDA";"COMPRA A/V - R$ - APRES";"28/01/2021";"300,00"
"40000";"Ministério do Trabalho e Emprego";"40000";"Ministério do Trabalho e Emprego - Unidades com vínculo direto";"170596";"SECRETARIA DO TRABALHO";"2021";"03";"***.527.301-**";"ORLANDINO JOSE DA SILVA";"04006471000168";"CRUZ & CRUZ COMERCIO DE COMBUSTIVEIS LTDA";"COMPRA A/V - R$ - APRES";"03/02/2021";"332,27"
"40000";"Ministério do Trabalho e Emprego";"40000";"Ministério do Trabalho e Emprego - Unidades com vínculo direto";"170596";"SECRETARIA DO TRABALHO";"2021";"03";"***.760.361-**";"JOAO TRAJANO PEBA NETO";"08297710000722";"ALPHA COMERCIAL DE COMBUSTIVEIS LTDA";"COMPRA A/V - R$ - APRES";"22/02/2021";"188,09"
"40000";"Ministério do Trabalho e Emprego";"40000";"Ministério do Trabalho e Emprego - Unidades com vínculo direto";"170596";"SECRETARIA DO TRABALHO";"2021";"03";"***.301.841-**";"ZELIO DONIZETE GOMES DOS PASSOS";"09467399000190";"RONAN PEREIRA ROSA";"COMPRA A/V - R$ - APRES";"23/02/2021";"90,00"
"40000";"Ministério do Trabalho e Emprego";"40000";"Ministério do Trabalho e Emprego - Unidades com vínculo direto";"170596";"SECRETARIA DO TRABALHO";"2021";"03";"***.546.111-**";"JOSE ROSA DA SILVA";"06050724000126";"POSTO MOREIRALTDA";"COMPRA A/V - R$ - APRES";"30/01/2021";"150,00"
"40000";"Ministério do Trabalho e Emprego";"40000";"Ministério do Trabalho e Emprego - Unidades com vínculo direto";"170596";"SECRETARIA DO TRABALHO";"2021";"03";"***.954.861-**";"DALVO DOS SANTOS";"10573521000191";"MERCADO PAGO INSTITUICAO DE PAGAMENTO LTDA";"COMPRA A/V - R$ - APRES";"27/01/2021";"50,00"
"40000";"Ministério do Trabalho e Emprego";"40000";"Ministério do Trabalho e Emprego - Unidades com vínculo direto";"170596";"SECRETARIA DO TRABALHO";"2021";"03";"***.301.841-**";"ZELIO DONIZETE GOMES DOS PASSOS";"25201006000158";"JOSE SEBASTIAO GOMES DA SILVA LTDA";"COMPRA A/V - R$ - APRES";"28/01/2021";"236,51"
"40000";"Ministério do Trabalho e Emprego";"40000";"Ministério do Trabalho e Emprego - Unidades com vínculo direto";"170596";"SECRETARIA DO TRABALHO";"2021";"03";"***.954.861-**";"DALVO DOS SANTOS";"05918919000182";"AUTO POSTO COMERCIAL GITIRANA LTDA";"COMPRA A/V - R$ - APRES";"30/01/2021";"270,00"
"40000";"Ministério do Trabalho e Emprego";"40000";"Ministério do Trabalho e Emprego - Unidades com vínculo direto";"170596";"SECRETARIA DO TRABALHO";"2021";"03";"***.760.361-**";"JOAO TRAJANO PEBA NETO";"13615307000149";"POSTO ROSARIO LTDA";"COMPRA A/V - R$ - APRES";"19/02/2021";"198,00"
"40000";"Ministério do Trabalho e Emprego";"40000";"Ministério do Trabalho e Emprego - Unidades com vínculo direto";"170596";"SECRETARIA DO TRABALHO";"2021";"03";"***.527.301-**";"ORLANDINO JOSE DA SILVA";"33650301000110";"ML SOLUCOES DE VAREJO S.A";"COMPRA A/V - R$ - APRES";"01/02/2021";"770,00"
"40000";"Ministério do Trabalho e Emprego";"40000";"Ministério do Trabalho e Emprego - Unidades com vínculo direto";"170596";"SECRETARIA DO TRABALHO";"2021";"03";"***.549.921-**";"JOSE ARI DE MORAIS";"33650301000110";"ML SOLUCOES DE VAREJO S.A";"COMPRA A/V - R$ - APRES";"02/02/2021";"770,00"
"40000";"Ministério do Trabalho e Emprego";"40000";"Ministério do Trabalho e Emprego - Unidades com vínculo direto";"170596";"SECRETARIA DO TRABALHO";"2021";"03";"***.527.301-**";"ORLANDINO JOSE DA SILVA";"19986561000130";"POSTO TREVO LTDA";"COMPRA A/V - R$ - APRES";"12/02/2021";"197,24"
"40000";"Ministério do Trabalho e Emprego";"40000";"Ministério do Trabalho e Emprego - Unidades com vínculo direto";"170596";"SECRETARIA DO TRABALHO";"2021";"03";"***.760.361-**";"JOAO TRAJANO PEBA NETO";"02512414000478";"POSTO SEABRA LTDA";"COMPRA A/V - R$ - APRES";"20/02/2021";"262,14"
"40000";"Ministério do Trabalho e Emprego";"40000";"Ministério do Trabalho e Emprego - Unidades com vínculo direto";"170596";"SECRETARIA DO TRABALHO";"2021";"03";"***.301.841-**";"ZELIO DONIZETE GOMES DOS PASSOS";"09074896000128";"POSTO VENEZIANO LTDA";"COMPRA A/V - R$ - APRES";"02/02/2021";"272,66"
"40000";"Ministério do Trabalho e Emprego";"40000";"Ministério do Trabalho e Emprego - Unidades com vínculo direto";"170596";"SECRETARIA DO TRABALHO";"2021";"03";"***.375.573-**";"JOSE WEYNE NUNES MARCELINO";"09630618000100";"G M DE SOUZA LTDA";"COMPRA A/V - R$ - APRES";"27/01/2021";"210,00"
"40000";"Ministério do Trabalho e Emprego";"40000";"Ministério do Trabalho e Emprego - Unidades com vínculo direto";"170596";"SECRETARIA DO TRABALHO";"2021";"03";"***.375.573-**";"JOSE WEYNE NUNES MARCELINO";"09630618000100";"G M DE SOUZA LTDA";"COMPRA A/V - R$ - APRES";"27/01/2021";"91,00"
"40000";"Ministério do Trabalho e Emprego";"40000";"Ministério do Trabalho e Emprego - Unidades com vínculo direto";"170596";"SECRETARIA DO TRABALHO";"2021";"03";"***.375.573-**";"JOSE WEYNE NUNES MARCELINO";"83157842000189";"DIRCEU FAGUNDES & CIA LTDA";"COMPRA A/V - R$ - APRES";"17/02/2021";"165,01"
"40000";"Ministério do Trabalho e Emprego";"40000";"Ministério do Trabalho e Emprego - Unidades com vínculo direto";"170596";"SECRETARIA DO TRABALHO";"2021";"03";"***.760.361-**";"JOAO TRAJANO PEBA NETO";"37324372000183";"NEWTON FEITOSA FROES JUNIOR";"COMPRA A/V - R$ - APRES";"23/02/2021";"198,00"
"40000";"Ministério do Trabalho e Emprego";"40000";"Ministério do Trabalho e Emprego - Unidades com vínculo direto";"170596";"SECRETARIA DO TRABALHO";"2021";"03";"***.375.573-**";"JOSE WEYNE NUNES MARCELINO";"14534253000150";"RESTAURANTE FOGAO A LENHA LTDA";"COMPRA A/V - R$ - APRES";"27/01/2021";"82,98"
"40000";"Ministério do Trabalho e Emprego";"40000";"Ministério do Trabalho e Emprego - Unidades com vínculo direto";"170596";"SECRETARIA DO TRABALHO";"2021";"03";"***.527.301-**";"ORLANDINO JOSE DA SILVA";"10653900000191";"POSTO VIA NORTE LTDA - NAO AUTORIZADO PELA ANP";"COMPRA A/V - R$ - APRES";"02/02/2021";"290,01"
"40000";"Ministério do Trabalho e Emprego";"40000";"Ministério do Trabalho e Emprego - Unidades com vínculo direto";"170596";"SECRETARIA DO TRABALHO";"2021";"03";"***.301.841-**";"ZELIO DONIZETE GOMES DOS PASSOS";"-2";"NAO SE APLICA";"SAQUE CASH/ATM BB";"22/02/2021";"400,00"
"40000";"Ministério do Trabalho e Emprego";"40000";"Ministério do Trabalho e Emprego - Unidades com vínculo direto";"170596";"SECRETARIA DO TRABALHO";"2021";"03";"***.527.301-**";"ORLANDINO JOSE DA SILVA";"07473735015880";"SIM REDE DE POSTOS LTDA";"COMPRA A/V - R$ - APRES";"21/02/2021";"292,01"
"40000";"Ministério do Trabalho e Emprego";"40000";"Ministério do Trabalho e Emprego - Unidades com vínculo direto";"170596";"SECRETARIA DO TRABALHO";"2021";"03";"***.527.301-**";"ORLANDINO JOSE DA SILVA";"07473735015880";"SIM REDE DE POSTOS LTDA";"COMPRA A/V - R$ - APRES";"21/02/2021";"248,80"
"40000";"Ministério do Trabalho e Emprego";"40000";"Ministério do Trabalho e Emprego - Unidades com vínculo direto";"170596";"SECRETARIA DO TRABALHO";"2021";"03";"***.527.301-**";"ORLANDINO JOSE DA SILVA";"07473735015880";"SIM REDE DE POSTOS LTDA";"COMPRA A/V - R$ - APRES";"21/02/2021";"258,65"
"40000";"Ministério do Trabalho e Emprego";"40000";"Ministério do Trabalho e Emprego - Unidades com vínculo direto";"170596";"SECRETARIA DO TRABALHO";"2021";"03";"***.375.573-**";"JOSE WEYNE NUNES MARCELINO";"07976147011790";"MOVIDA LOCACAO DE VEICULOS S.A.";"COMPRA A/V - R$ - APRES";"19/02/2021";"752,66"
"40000";"Ministério do Trabalho e Emprego";"40000";"Ministério do Trabalho e Emprego - Unidades com vínculo direto";"170596";"SECRETARIA DO TRABALHO";"2021";"03";"***.527.301-**";"ORLANDINO JOSE DA SILVA";"14108979000120";"TALISON ALVES OLIVEIRA DUARTE";"COMPRA A/V - R$ - APRES";"19/02/2021";"560,00"
"40000";"Ministério do Trabalho e Emprego";"40000";"Ministério do Trabalho e Emprego - Unidades com vínculo direto";"170596";"SECRETARIA DO TRABALHO";"2021";"03";"***.527.301-**";"ORLANDINO JOSE DA SILVA";"17495220000136";"AUTO POSTO CONEXAO LTDA";"COMPRA A/V - R$ - APRES";"20/02/2021";"271,39"
"40000";"Ministério do Trabalho e Emprego";"40000";"Ministério do Trabalho e Emprego - Unidades com vínculo direto";"170596";"SECRETARIA DO TRABALHO";"2021";"03";"***.527.301-**";"ORLANDINO JOSE DA SILVA";"17495220000136";"AUTO POSTO CONEXAO LTDA";"COMPRA A/V - R$ - APRES";"20/02/2021";"243,42"
"40000";"Ministério do Trabalho e Emprego";"40000";"Ministério do Trabalho e Emprego - Unidades com vínculo direto";"170596";"SECRETARIA DO TRABALHO";"2021";"03";"***.527.301-**";"ORLANDINO JOSE DA SILVA";"17495220000136";"AUTO POSTO CONEXAO LTDA";"COMPRA A/V - R$ - APRES";"20/02/2021";"267,33"
"40000";"Ministério do Trabalho e Emprego";"40000";"Ministério do Trabalho e Emprego - Unidades com vínculo direto";"170596";"SECRETARIA DO TRABALHO";"2021";"03";"***.954.861-**";"DALVO DOS SANTOS";"05895756000160";"COMERCIO E DERIVADO DE PETROLEO BELA VISTA LTDA";"COMPRA A/V - R$ - APRES";"29/01/2021";"117,26"
"40000";"Ministério do Trabalho e Emprego";"40000";"Ministério do Trabalho e Emprego - Unidades com vínculo direto";"170596";"SECRETARIA DO TRABALHO";"2021";"03";"***.527.301-**";"ORLANDINO JOSE DA SILVA";"-1";"SEM INFORMACAO";"COMPRA A/V - R$ - APRES";"27/01/2021";"60,00"
"40000";"Ministério do Trabalho e Emprego";"40000";"Ministério do Trabalho e Emprego - Unidades com vínculo direto";"170596";"SECRETARIA DO TRABALHO";"2021";"03";"***.549.921-**";"JOSE ARI DE MORAIS";"-1";"SEM INFORMACAO";"COMPRA A/V - R$ - APRES";"28/01/2021";"60,00"
"40000";"Ministério do Trabalho e Emprego";"40000";"Ministério do Trabalho e Emprego - Unidades com vínculo direto";"170596";"SECRETARIA DO TRABALHO";"2021";"03";"***.527.301-**";"ORLANDINO JOSE DA SILVA";"07564733000106";"MARABA IMPORT COMERCIO DE PECAS E SERVICOS LTDA";"COMPRA A/V - R$ - APRES";"01/02/2021";"80,00"
"40000";"Ministério do Trabalho e Emprego";"40000";"Ministério do Trabalho e Emprego - Unidades com vínculo direto";"170596";"SECRETARIA DO TRABALHO";"2021";"03";"***.527.301-**";"ORLANDINO JOSE DA SILVA";"07564733000106";"MARABA IMPORT COMERCIO DE PECAS E SERVICOS LTDA";"COMPRA A/V - R$ - APRES";"01/02/2021";"549,00"
"40000";"Ministério do Trabalho e Emprego";"40000";"Ministério do Trabalho e Emprego - Unidades com vínculo direto";"170596";"SECRETARIA DO TRABALHO";"2021";"03";"***.527.301-**";"ORLANDINO JOSE DA SILVA";"07564733000106";"MARABA IMPORT COMERCIO DE PECAS E SERVICOS LTDA";"COMPRA A/V - R$ - APRES";"01/02/2021";"671,00"
"40000";"Ministério do Trabalho e Emprego";"40000";"Ministério do Trabalho e Emprego - Unidades com vínculo direto";"170596";"SECRETARIA DO TRABALHO";"2021";"03";"***.527.301-**";"ORLANDINO JOSE DA SILVA";"07564733000106";"MARABA IMPORT COMERCIO DE PECAS E SERVICOS LTDA";"COMPRA A/V - R$ - APRES";"01/02/2021";"310,00"
"40000";"Ministério do Trabalho e Emprego";"40000";"Ministério do Trabalho e Emprego - Unidades com vínculo direto";"170596";"SECRETARIA DO TRABALHO";"2021";"03";"***.549.921-**";"JOSE ARI DE MORAIS";"07564733000106";"MARABA IMPORT COMERCIO DE PECAS E SERVICOS LTDA";"COMPRA A/V - R$ - APRES";"01/02/2021";"220,00"
"40000";"Ministério do Trabalho e Emprego";"40000";"Ministério do Trabalho e Emprego - Unidades com vínculo direto";"170596";"SECRETARIA DO TRABALHO";"2021";"03";"***.549.921-**";"JOSE ARI DE MORAIS";"07564733000106";"MARABA IMPORT COMERCIO DE PECAS E SERVICOS LTDA";"COMPRA A/V - R$ - APRES";"01/02/2021";"70,00"
"40000";"Ministério do Trabalho e Emprego";"40000";"Ministério do Trabalho e Emprego - Unidades com vínculo direto";"170596";"SECRETARIA DO TRABALHO";"2021";"03";"***.527.301-**";"ORLANDINO JOSE DA SILVA";"02076308000227";"POSTO TONIA LTDA";"COMPRA A/V - R$ - APRES";"21/02/2021";"110,89"
"40000";"Ministério do Trabalho e Emprego";"40000";"Ministério do Trabalho e Emprego - Unidades com vínculo direto";"170596";"SECRETARIA DO TRABALHO";"2021";"03";"***.527.301-**";"ORLANDINO JOSE DA SILVA";"02076308000227";"POSTO TONIA LTDA";"COMPRA A/V - R$ - APRES";"21/02/2021";"107,67"
"40000";"Ministério do Trabalho e Emprego";"40000";"Ministério do Trabalho e Emprego - Unidades com vínculo direto";"170596";"SECRETARIA DO TRABALHO";"2021";"03";"***.527.301-**";"ORLANDINO JOSE DA SILVA";"02076308000227";"POSTO TONIA LTDA";"COMPRA A/V - R$ - APRES";"21/02/2021";"106,54"
"40000";"Ministério do Trabalho e Emprego";"40000";"Ministério do Trabalho e Emprego - Unidades com vínculo direto";"170596";"SECRETARIA DO TRABALHO";"2021";"03";"***.760.361-**";"JOAO TRAJANO PEBA NETO";"18258324000190";"MACAUBENSE COMERCIO DE DERIVADOS DE PETROLEO LTDA";"COMPRA A/V - R$ - APRES";"20/02/2021";"249,38"
"40000";"Ministério do Trabalho e Emprego";"40000";"Ministério do Trabalho e Emprego - Unidades com vínculo direto";"170596";"SECRETARIA DO TRABALHO";"2021";"03";"***.546.111-**";"JOSE ROSA DA SILVA";"03169004000196";"POSTO VIP LTDA";"COMPRA A/V - R$ - APRES";"27/01/2021";"260,49"
"40000";"Ministério do Trabalho e Emprego";"40000";"Ministério do Trabalho e Emprego - Unidades com vínculo direto";"170596";"SECRETARIA DO TRABALHO";"2021";"03";"***.527.301-**";"ORLANDINO JOSE DA SILVA";"03673151000107";"VR COMBUSTIVEIS LTDA";"COMPRA A/V - R$ - APRES";"03/02/2021";"194,39"
"40000";"Ministério do Trabalho e Emprego";"40000";"Ministério do Trabalho e Emprego - Unidades com vínculo direto";"170596";"SECRETARIA DO TRABALHO";"2021";"03";"***.527.301-**";"ORLANDINO JOSE DA SILVA";"21552022000134";"SANTANA NEGOCIOS IMOBILIARIOS LTDA";"COMPRA A/V - R$ - APRES";"27/01/2021";"276,41"
"40000";"Ministério do Trabalho e Emprego";"40000";"Ministério do Trabalho e Emprego - Unidades com vínculo direto";"170596";"SECRETARIA DO TRABALHO";"2021";"03";"***.549.921-**";"JOSE ARI DE MORAIS";"21552022000134";"SANTANA NEGOCIOS IMOBILIARIOS LTDA";"COMPRA A/V - R$ - APRES";"27/01/2021";"243,01"
"40000";"Ministério do Trabalho e Emprego";"40000";"Ministério do Trabalho e Emprego - Unidades com vínculo direto";"170596";"SECRETARIA DO TRABALHO";"2021";"03";"***.954.861-**";"DALVO DOS SANTOS";"43950492000199";"AUTO POSTO PAU SECO LTDA";"COMPRA A/V - R$ - APRES";"28/01/2021";"166,03"
"40000";"Ministério do Trabalho e Emprego";"40000";"Ministério do Trabalho e Emprego - Unidades com vínculo direto";"170596";"SECRETARIA DO TRABALHO";"2021";"03";"***.527.301-**";"ORLANDINO JOSE DA SILVA";"08829736000260";"P.P.T COMERCIO DE COMBUSTIVEIS LTDA";"COMPRA A/V - R$ - APRES";"22/02/2021";"177,01"
"40000";"Ministério do Trabalho e Emprego";"40000";"Ministério do Trabalho e Emprego - Unidades com vínculo direto";"170596";"SECRETARIA DO TRABALHO";"2021";"03";"***.527.301-**";"ORLANDINO JOSE DA SILVA";"24364843000135";"AUTO POSTO HP LTDA";"COMPRA A/V - R$ - APRES";"08/02/2021";"154,23"
"40000";"Ministério do Trabalho e Emprego";"40000";"Ministério do Trabalho e Emprego - Unidades com vínculo direto";"170596";"SECRETARIA DO TRABALHO";"2021";"03";"***.527.301-**";"ORLANDINO JOSE DA SILVA";"05160767000100";"ORGANIZACOES DILMA LTDA";"COMPRA A/V - R$ - APRES";"29/01/2021";"170,02"
"40000";"Ministério do Trabalho e Emprego";"40000";"Ministério do Trabalho e Emprego - Unidades com vínculo direto";"170596";"SECRETARIA DO TRABALHO";"2021";"03";"***.549.921-**";"JOSE ARI DE MORAIS";"05160767000100";"ORGANIZACOES DILMA LTDA";"COMPRA A/V - R$ - APRES";"01/02/2021";"218,00"
"40000";"Ministério do Trabalho e Emprego";"40000";"Ministério do Trabalho e Emprego - Unidades com vínculo direto";"170596";"SECRETARIA DO TRABALHO";"2021";"03";"***.549.921-**";"JOSE ARI DE MORAIS";"05160767000100";"ORGANIZACOES DILMA LTDA";"COMPRA A/V - R$ - APRES";"29/01/2021";"145,10"
"40000";"Ministério do Trabalho e Emprego";"40000";"Ministério do Trabalho e Emprego - Unidades com vínculo direto";"170596";"SECRETARIA DO TRABALHO";"2021";"03";"***.301.841-**";"ZELIO DONIZETE GOMES DOS PASSOS";"14459666000117";"FAUSTO RICARDO BEN ZENEWICH LTDA";"COMPRA A/V - R$ - APRES";"28/01/2021";"273,98"
"38000";"Ministério do Trabalho e Emprego";"38000";"Ministério do Trabalho e Emprego - Unidades com vínculo direto";"380037";"SUPERINT REG DO TRAB E EMPREGO/GO";"2021";"03";"***.022.741-**";"ANTONIO DONIZETI IVO";"01128420000110";"H DUARTE & FILHO LTDA";"COMPRA A/V - R$ - APRES";"08/02/2021";"179,52"
"38000";"Ministério do Trabalho e Emprego";"38000";"Ministério do Trabalho e Emprego - Unidades com vínculo direto";"380037";"SUPERINT REG DO TRAB E EMPREGO/GO";"2021";"03";"***.629.031-**";"JOSIMAR GOMES DE OLIVEIRA";"11927071000150";"PARK CALDAS NOVAS ADMINISTRACAO DE IMOVEIS LTDA";"COMPRA A/V - R$ - APRES";"17/02/2021";"120,00"
"38000";"Ministério do Trabalho e Emprego";"38000";"Ministério do Trabalho e Emprego - Unidades com vínculo direto";"380037";"SUPERINT REG DO TRAB E EMPREGO/GO";"2021";"03";"***.660.141-**";"ARAMIS MARTINS DA SILVA FILHO";"10993611000131";"RAMOS E SILVA COMERCIO DE COMBUSTIVEIS LTDA";"COMPRA A/V - R$ - APRES";"03/02/2021";"270,01"
"38000";"Ministério do Trabalho e Emprego";"38000";"Ministério do Trabalho e Emprego - Unidades com vínculo direto";"380037";"SUPERINT REG DO TRAB E EMPREGO/GO";"2021";"03";"***.629.031-**";"JOSIMAR GOMES DE OLIVEIRA";"37314892000105";"AUTO POSTO MILLENIUM RIALMA LTDA";"COMPRA A/V - R$ - APRES";"10/02/2021";"150,00"
"38000";"Ministério do Trabalho e Emprego";"38000";"Ministério do Trabalho e Emprego - Unidades com vínculo direto";"380037";"SUPERINT REG DO TRAB E EMPREGO/GO";"2021";"03";"***.629.031-**";"JOSIMAR GOMES DE OLIVEIRA";"02279387000192";"AUTO POSTO DO TURISTA LTDA";"COMPRA A/V - R$ - APRES";"18/02/2021";"107,40"
"38000";"Ministério do Trabalho e Emprego";"38000";"Ministério do Trabalho e Emprego - Unidades com vínculo direto";"380037";"SUPERINT REG DO TRAB E EMPREGO/GO";"2021";"03";"***.022.741-**";"ANTONIO DONIZETI IVO";"19183101000173";"AUTO POSTO FORTES LTDA";"COMPRA A/V - R$ - APRES";"14/02/2021";"207,72"
"38000";"Ministério do Trabalho e Emprego";"38000";"Ministério do Trabalho e Emprego - Unidades com vínculo direto";"380037";"SUPERINT REG DO TRAB E EMPREGO/GO";"2021";"03";"***.629.031-**";"JOSIMAR GOMES DE OLIVEIRA";"09068583000167";"POSTO GLORIA LTDA";"COMPRA A/V - R$ - APRES";"04/02/2021";"60,00"
"38000";"Ministério do Trabalho e Emprego";"38000";"Ministério do Trabalho e Emprego - Unidades com vínculo direto";"380037";"SUPERINT REG DO TRAB E EMPREGO/GO";"2021";"03";"***.022.741-**";"ANTONIO DONIZETI IVO";"31997296000190";"CENTRO OESTE DISTRIBUIDORA DE DERIVADOS DE PETROLEO LTDA";"COMPRA A/V - R$ - APRES";"23/02/2021";"282,81"
"38000";"Ministério do Trabalho e Emprego";"38000";"Ministério do Trabalho e Emprego - Unidades com vínculo direto";"380037";"SUPERINT REG DO TRAB E EMPREGO/GO";"2021";"03";"***.660.141-**";"ARAMIS MARTINS DA SILVA FILHO";"37372802000132";"R C J COMBUSTIVEIS E DERIVADO DE PETROLEO LTDA";"COMPRA A/V - R$ - APRES";"08/02/2021";"317,58"
"38000";"Ministério do Trabalho e Emprego";"38000";"Ministério do Trabalho e Emprego - Unidades com vínculo direto";"380037";"SUPERINT REG DO TRAB E EMPREGO/GO";"2021";"03";"***.022.741-**";"ANTONIO DONIZETI IVO";"01128420000110";"H DUARTE & FILHO LTDA";"COMPRA A/V - R$ - APRES";"10/02/2021";"146,00"
"38000";"Ministério do Trabalho e Emprego";"38000";"Ministério do Trabalho e Emprego - Unidades com vínculo direto";"380037";"SUPERINT REG DO TRAB E EMPREGO/GO";"2021";"03";"***.629.031-**";"JOSIMAR GOMES DE OLIVEIRA";"05202886000170";"POSTO TERRA SANTA DE JUSSARA LTDA";"COMPRA A/V - R$ - APRES";"09/02/2021";"110,00"
"40000";"Ministério do Trabalho e Emprego";"40000";"Ministério do Trabalho e Emprego - Unidades com vínculo direto";"400066";"SUPERINTENDENCIA REGIONAL DO TRABALHO/ES";"2021";"03";"***.845.427-**";"CARLOS FERNANDO OLIVEIRA MORAES";"28761038000104";"AUTO POSTO PORTO LTDA";"COMPRA A/V - R$ - APRES";"12/02/2021";"170,04"
"40000";"Ministério do Trabalho e Emprego";"40000";"Ministério do Trabalho e Emprego - Unidades com vínculo direto";"400066";"SUPERINTENDENCIA REGIONAL DO TRABALHO/ES";"2021";"03";"***.845.427-**";"CARLOS FERNANDO OLIVEIRA MORAES";"28761038000104";"AUTO POSTO PORTO LTDA";"COMPRA A/V - R$ - APRES";"12/02/2021";"89,35"
"40000";"Ministério do Trabalho e Emprego";"40000";"Ministério do Trabalho e Emprego - Unidades com vínculo direto";"400066";"SUPERINTENDENCIA REGIONAL DO TRABALHO/ES";"2021";"03";"***.845.427-**";"CARLOS FERNANDO OLIVEIRA MORAES";"28761038000104";"AUTO POSTO PORTO LTDA";"COMPRA A/V - R$ - APRES";"12/02/2021";"186,67"
"40000";"Ministério do Trabalho e Emprego";"40000";"Ministério do Trabalho e Emprego - Unidades com vínculo direto";"400069";"SUPERINTENDENCIA REGIONAL DO TRABALHO/MA";"2021";"03";"***.636.142-**";"HILDERVAL MARQUES COSTA";"02368949000174";"FRANCISCO CAMPOS";"COMPRA A/V - R$ - APRES";"12/02/2021";"75,00"
"39000";"Ministério dos Transportes";"39250";"Agência Nacional de Transportes Terrestres";"393001";"AGENCIA NACIONAL DE TRANSPORTES TERRESTRES";"2021";"03";"***.860.994-**";"CLARISSA ZOBY CARNEIRO LEAO";"27547510000130";"STONE PAY MEIOS DE PAGAMENTO LTDA";"COMPRA A/V - R$ - APRES";"10/02/2021";"105,97"
"39000";"Ministério dos Transportes";"39250";"Agência Nacional de Transportes Terrestres";"393048";"UNIDADE REGIONAL DE MINAS GERAIS - ANTT";"2021";"03";"***.776.986-**";"MERCHED HANNA KHALIL DIB";"05389285000118";"RDD PRODUTOS MEDICOS E HOSPITALARES LTDA";"COMPRA A/V - R$ - APRES";"10/02/2021";"90,00"
"39000";"Ministério dos Transportes";"39250";"Agência Nacional de Transportes Terrestres";"393048";"UNIDADE REGIONAL DE MINAS GERAIS - ANTT";"2021";"03";"***.776.986-**";"MERCHED HANNA KHALIL DIB";"05389285000118";"RDD PRODUTOS MEDICOS E HOSPITALARES LTDA";"COMPRA A/V - R$ - APRES";"09/02/2021";"90,00"
"39000";"Ministério dos Transportes";"39250";"Agência Nacional de Transportes Terrestres";"393048";"UNIDADE REGIONAL DE MINAS GERAIS - ANTT";"2021";"03";"***.776.986-**";"MERCHED HANNA KHALIL DIB";"29500206000162";"MARTINS SUPERMERCADO LTDA";"COMPRA A/V - R$ - APRES";"09/02/2021";"6,99"
"39000";"Ministério dos Transportes";"39250";"Agência Nacional de Transportes Terrestres";"393048";"UNIDADE REGIONAL DE MINAS GERAIS - ANTT";"2021";"03";"***.917.236-**";"RAFAEL FERREIRA LOPES";"02093497000165";"ABASTECEDORA JABORANDI LTDA";"COMPRA A/V - R$ - APRES";"10/02/2021";"95,29"
"39000";"Ministério dos Transportes";"39250";"Agência Nacional de Transportes Terrestres";"393048";"UNIDADE REGIONAL DE MINAS GERAIS - ANTT";"2021";"03";"***.917.236-**";"RAFAEL FERREIRA LOPES";"02093497000165";"ABASTECEDORA JABORANDI LTDA";"COMPRA A/V - R$ - APRES";"08/02/2021";"51,77"
"39000";"Ministério dos Transportes";"39250";"Agência Nacional de Transportes Terrestres";"393047";"UNIDADE REGIONAL DE SAO PAULO-ANTT";"2021";"03";"***.702.818-**";"WILLIAM YAU HAN CHUANG";"21919726000100";"SOS DISTRIBUIDORA CALDAS PRODUTOS ALIMENTICIOS LTDA";"COMPRA A/V - R$ - APRES";"03/02/2021";"40,00"
"39000";"Ministério dos Transportes";"39250";"Agência Nacional de Transportes Terrestres";"393047";"UNIDADE REGIONAL DE SAO PAULO-ANTT";"2021";"03";"***.702.818-**";"WILLIAM YAU HAN CHUANG";"01438784006308";"LEROY MERLIN COMPANHIA BRASILEIRA DE BRICOLAGEM";"COMPRA A/V - R$ - APRES";"03/02/2021";"109,50"
"39000";"Ministério dos Transportes";"39250";"Agência Nacional de Transportes Terrestres";"393090";"UNIDADE REGIONAL DO CEARA - ANTT";"2021";"03";"***.001.103-**";"SERGIO CLAUDIO GOMES PEREIRA";"19055366000196";"ELETRONICA CIDADE LTDA";"COMPRA A/V - R$ - APRES";"12/02/2021";"260,00"
"39000";"Ministério dos Transportes";"39250";"Agência Nacional de Transportes Terrestres";"393090";"UNIDADE REGIONAL DO CEARA - ANTT";"2021";"03";"***.001.103-**";"SERGIO CLAUDIO GOMES PEREIRA";"07342785000804";"SODINE SOCIEDADE DISTRIBUIDORA DO NORDESTE LTDA";"COMPRA A/V - R$ - APRES";"12/02/2021";"15,36"
"39000";"Ministério dos Transportes";"39250";"Agência Nacional de Transportes Terrestres";"393090";"UNIDADE REGIONAL DO CEARA - ANTT";"2021";"03";"***.001.103-**";"SERGIO CLAUDIO GOMES PEREIRA";"07342785000804";"SODINE SOCIEDADE DISTRIBUIDORA DO NORDESTE LTDA";"COMPRA A/V - R$ - APRES";"12/02/2021";"300,00"
"39000";"Ministério dos Transportes";"39250";"Agência Nacional de Transportes Terrestres";"393090";"UNIDADE REGIONAL DO CEARA - ANTT";"2021";"03";"***.001.103-**";"SERGIO CLAUDIO GOMES PEREIRA";"18809782000170";"YPORA INDUSTRIA E COMERCIO DE AGUAS LTDA";"COMPRA A/V - R$ - APRES";"11/02/2021";"44,00"
"39000";"Ministério dos Transportes";"39250";"Agência Nacional de Transportes Terrestres";"393091";"UNIDADE REGIONAL DO MARANHAO - ANTT";"2021";"03";"***.174.113-**";"ROBERTO CUNHA TRINDADE";"03995515003930";"MATEUS SUPERMERCADOS S.A.";"COMPRA A/V - R$ - APRES";"01/02/2021";"51,87"
"39000";"Ministério dos Transportes";"39250";"Agência Nacional de Transportes Terrestres";"393092";"UNIDADE REGIONAL DO RIO GRANDE DO SUL - ANTT";"2021";"03";"***.566.769-**";"ANA CAROLINA MACEDO LUBCKE";"83240333002320";"LOJAS MILIUM LTDA";"COMPRA A/V - R$ - APRES";"02/02/2021";"66,80"
"39000";"Ministério dos Transportes";"39250";"Agência Nacional de Transportes Terrestres";"393092";"UNIDADE REGIONAL DO RIO GRANDE DO SUL - ANTT";"2021";"03";"***.566.769-**";"ANA CAROLINA MACEDO LUBCKE";"85281921000122";"CASA DAS CHAVES KOBRASOL LTDA";"COMPRA A/V - R$ - APRES";"02/02/2021";"42,00"
"39000";"Ministério dos Transportes";"39250";"Agência Nacional de Transportes Terrestres";"393092";"UNIDADE REGIONAL DO RIO GRANDE DO SUL - ANTT";"2021";"03";"***.566.769-**";"ANA CAROLINA MACEDO LUBCKE";"24132194000228";"AMF COMERCIO VAREJISTA DE BEBIDAS E PRODUTOS ALIMENTICIOS LTDA";"COMPRA A/V - R$ - APRES";"02/02/2021";"32,50"
"39000";"Ministério dos Transportes";"39252";"Departamento Nacional de Infraestrutura de Transportes";"393029";"SUPERINTENDENCIA REG. NO ESTADO PE - DNIT";"2021";"03";"***.174.204-**";"LUIS ALBERTO DA SILVA";"07272825004525";"TECNO INDUSTRIA E COMERCIO DE COMPUTADORES LTDA";"COMPRA A/V - R$ - APRES";"11/02/2021";"269,80"
"39000";"Ministério dos Transportes";"39252";"Departamento Nacional de Infraestrutura de Transportes";"393029";"SUPERINTENDENCIA REG. NO ESTADO PE - DNIT";"2021";"03";"***.174.204-**";"LUIS ALBERTO DA SILVA";"22100765000136";"L. S. FIGUEIREDO SERVICOS DE ENGENHARIA LTDA";"COMPRA A/V - R$ - APRES";"11/02/2021";"100,00"
"39000";"Ministério dos Transportes";"39252";"Departamento Nacional de Infraestrutura de Transportes";"393029";"SUPERINTENDENCIA REG. NO ESTADO PE - DNIT";"2021";"03";"***.174.204-**";"LUIS ALBERTO DA SILVA";"21196921000141";"S.R AUTO PECAS E SERVICOS LTDA";"COMPRA A/V - R$ - APRES";"09/02/2021";"600,00"
"39000";"Ministério dos Transportes";"39252";"Departamento Nacional de Infraestrutura de Transportes";"393029";"SUPERINTENDENCIA REG. NO ESTADO PE - DNIT";"2021";"03";"***.174.204-**";"LUIS ALBERTO DA SILVA";"21196921000141";"S.R AUTO PECAS E SERVICOS LTDA";"COMPRA A/V - R$ - APRES";"09/02/2021";"701,80"
"39000";"Ministério dos Transportes";"39252";"Departamento Nacional de Infraestrutura de Transportes";"393029";"SUPERINTENDENCIA REG. NO ESTADO PE - DNIT";"2021";"03";"***.181.734-**";"AUGUSTO CARLOS DINIZ COSTA FILHO";"05061290000105";"LOJA DO CONDOMINIO LTDA";"COMPRA A/V - R$ - APRES";"21/02/2021";"349,40"
"39000";"Ministério dos Transportes";"39252";"Departamento Nacional de Infraestrutura de Transportes";"393029";"SUPERINTENDENCIA REG. NO ESTADO PE - DNIT";"2021";"03";"***.181.734-**";"AUGUSTO CARLOS DINIZ COSTA FILHO";"14510953000104";"RIDLAV MELO SILVA 02887022474";"COMPRA A/V - R$ - APRES";"19/02/2021";"100,00"
"39000";"Ministério dos Transportes";"39252";"Departamento Nacional de Infraestrutura de Transportes";"393021";"SUPERINTENDENCIA REG. NO ESTADO RN - DNIT";"2021";"03";"***.028.564-**";"OSNY PEREIRA DA SILVA";"40760241000153";"SARALUX COMERCIO DE MATERIAL DE CONSTRUCAO LTDA";"COMPRA A/V - R$ - APRES";"08/02/2021";"115,00"
"39000";"Ministério dos Transportes";"39252";"Departamento Nacional de Infraestrutura de Transportes";"393021";"SUPERINTENDENCIA REG. NO ESTADO RN - DNIT";"2021";"03";"***.028.564-**";"OSNY PEREIRA DA SILVA";"09392341000205";"LAMPADINHA MATERIAIS ELETRICOS LTDA";"COMPRA A/V - R$ - APRES";"08/02/2021";"127,10"
"39000";"Ministério dos Transportes";"39252";"Departamento Nacional de Infraestrutura de Transportes";"393021";"SUPERINTENDENCIA REG. NO ESTADO RN - DNIT";"2021";"03";"***.028.564-**";"OSNY PEREIRA DA SILVA";"08713513000151";"CASA NORTE LTDA";"COMPRA A/V - R$ - APRES";"12/02/2021";"48,00"
"39000";"Ministério dos Transportes";"39252";"Departamento Nacional de Infraestrutura de Transportes";"393021";"SUPERINTENDENCIA REG. NO ESTADO RN - DNIT";"2021";"03";"***.028.564-**";"OSNY PEREIRA DA SILVA";"08713513000151";"CASA NORTE LTDA";"COMPRA A/V - R$ - APRES";"08/02/2021";"165,20"
"39000";"Ministério dos Transportes";"39252";"Departamento Nacional de Infraestrutura de Transportes";"393021";"SUPERINTENDENCIA REG. NO ESTADO RN - DNIT";"2021";"03";"***.028.564-**";"OSNY PEREIRA DA SILVA";"04642522000148";"A & S TECNOLOGIA LTDA";"COMPRA A/V - R$ - APRES";"08/02/2021";"50,00"
"39000";"Ministério dos Transportes";"39252";"Departamento Nacional de Infraestrutura de Transportes";"393021";"SUPERINTENDENCIA REG. NO ESTADO RN - DNIT";"2021";"03";"***.028.564-**";"OSNY PEREIRA DA SILVA";"04642522000148";"A & S TECNOLOGIA LTDA";"COMPRA A/V - R$ - APRES";"08/02/2021";"272,00"
"39000";"Ministério dos Transportes";"39252";"Departamento Nacional de Infraestrutura de Transportes";"393021";"SUPERINTENDENCIA REG. NO ESTADO RN - DNIT";"2021";"03";"***.028.564-**";"OSNY PEREIRA DA SILVA";"03253049000144";"J.B. COM. E SERV. DE PARAFUSOS E MAT. DE CONSTRUCAO LTDA";"COMPRA A/V - R$ - APRES";"19/02/2021";"62,80"
"39000";"Ministério dos Transportes";"39252";"Departamento Nacional de Infraestrutura de Transportes";"393021";"SUPERINTENDENCIA REG. NO ESTADO RN - DNIT";"2021";"03";"***.028.564-**";"OSNY PEREIRA DA SILVA";"08403578001253";"COMERCIAL JOSE LUCENA LTDA";"COMPRA A/V - R$ - APRES";"19/02/2021";"28,90"
"20000";"Presidência da República";"20415";"Empresa Brasil de Comunicação";"115406";"EMPRESA BRASIL DE COMUNICACAO S.A";"2021";"03";"***.131.268-**";"GEISA DANIELE LIMA BRAZ";"40298007000156";"A&R SERVICOS DE QUADROS LTDA";"COMPRA A/V - R$ - APRES";"27/01/2021";"560,00"
"20000";"Presidência da República";"60000";"Gabinete da Vice-Presidência da República";"110101";"GABINETE DA VICE-PRESIDENCIA DA REPUBLICA";"2021";"03";"";"Sigiloso";"-11";"Sigiloso";"Informações protegidas por sigilo";"";"446,22"
"20000";"Presidência da República";"60000";"Gabinete da Vice-Presidência da República";"110101";"GABINETE DA VICE-PRESIDENCIA DA REPUBLICA";"2021";"03";"";"Sigiloso";"-11";"Sigiloso";"Informações protegidas por sigilo";"";"121,07"
"20000";"Presidência da República";"60000";"Gabinete da Vice-Presidência da República";"110101";"GABINETE DA VICE-PRESIDENCIA DA REPUBLICA";"2021";"03";"";"Sigiloso";"-11";"Sigiloso";"Informações protegidas por sigilo";"";"534,07"
"20000";"Presidência da República";"60000";"Gabinete da Vice-Presidência da República";"110101";"GABINETE DA VICE-PRESIDENCIA DA REPUBLICA";"2021";"03";"";"Sigiloso";"-11";"Sigiloso";"Informações protegidas por sigilo";"";"922,41"
"20000";"Presidência da República";"60000";"Gabinete da Vice-Presidência da República";"110101";"GABINETE DA VICE-PRESIDENCIA DA REPUBLICA";"2021";"03";"";"Sigiloso";"-11";"Sigiloso";"Informações protegidas por sigilo";"";"287,53"
"20000";"Presidência da República";"60000";"Gabinete da Vice-Presidência da República";"110101";"GABINETE DA VICE-PRESIDENCIA DA REPUBLICA";"2021";"03";"";"Sigiloso";"-11";"Sigiloso";"Informações protegidas por sigilo";"";"89,49"
"20000";"Presidência da República";"60000";"Gabinete da Vice-Presidência da República";"110101";"GABINETE DA VICE-PRESIDENCIA DA REPUBLICA";"2021";"03";"";"Sigiloso";"-11";"Sigiloso";"Informações protegidas por sigilo";"";"968,16"
"20000";"Presidência da República";"60000";"Gabinete da Vice-Presidência da República";"110101";"GABINETE DA VICE-PRESIDENCIA DA REPUBLICA";"2021";"03";"";"Sigiloso";"-11";"Sigiloso";"Informações protegidas por sigilo";"";"52,19"
"20000";"Presidência da República";"60000";"Gabinete da Vice-Presidência da República";"110101";"GABINETE DA VICE-PRESIDENCIA DA REPUBLICA";"2021";"03";"";"Sigiloso";"-11";"Sigiloso";"Informações protegidas por sigilo";"";"1586,17"
"20000";"Presidência da República";"60000";"Gabinete da Vice-Presidência da República";"110101";"GABINETE DA VICE-PRESIDENCIA DA REPUBLICA";"2021";"03";"";"Sigiloso";"-11";"Sigiloso";"Informações protegidas por sigilo";"";"2736,00"
"20000";"Presidência da República";"60000";"Gabinete da Vice-Presidência da República";"110101";"GABINETE DA VICE-PRESIDENCIA DA REPUBLICA";"2021";"03";"";"Sigiloso";"-11";"Sigiloso";"Informações protegidas por sigilo";"";"1141,48"
"20000";"Presidência da República";"60000";"Gabinete da Vice-Presidência da República";"110101";"GABINETE DA VICE-PRESIDENCIA DA REPUBLICA";"2021";"03";"";"Sigiloso";"-11";"Sigiloso";"Informações protegidas por sigilo";"";"558,54"
"20000";"Presidência da República";"60000";"Gabinete da Vice-Presidência da República";"110101";"GABINETE DA VICE-PRESIDENCIA DA REPUBLICA";"2021";"03";"";"Sigiloso";"-11";"Sigiloso";"Informações protegidas por sigilo";"";"1142,52"
"20000";"Presidência da República";"60000";"Gabinete da Vice-Presidência da República";"110101";"GABINETE DA VICE-PRESIDENCIA DA REPUBLICA";"2021";"03";"";"Sigiloso";"-11";"Sigiloso";"Informações protegidas por sigilo";"";"497,54"
"20000";"Presidência da República";"60000";"Gabinete da Vice-Presidência da República";"110101";"GABINETE DA VICE-PRESIDENCIA DA REPUBLICA";"2021";"03";"";"Sigiloso";"-11";"Sigiloso";"Informações protegidas por sigilo";"";"475,01"
"20000";"Presidência da República";"60000";"Gabinete da Vice-Presidência da República";"110101";"GABINETE DA VICE-PRESIDENCIA DA REPUBLICA";"2021";"03";"";"Sigiloso";"-11";"Sigiloso";"Informações protegidas por sigilo";"";"542,83"
"20000";"Presidência da República";"60000";"Gabinete da Vice-Presidência da República";"110101";"GABINETE DA VICE-PRESIDENCIA DA REPUBLICA";"2021";"03";"";"Sigiloso";"-11";"Sigiloso";"Informações protegidas por sigilo";"";"24,50"
"20000";"Presidência da República";"60000";"Gabinete da Vice-Presidência da República";"110101";"GABINETE DA VICE-PRESIDENCIA DA REPUBLICA";"2021";"03";"";"Sigiloso";"-11";"Sigiloso";"Informações protegidas por sigilo";"";"151,35"
"20000";"Presidência da República";"60000";"Gabinete da Vice-Presidência da República";"110101";"GABINETE DA VICE-PRESIDENCIA DA REPUBLICA";"2021";"03";"";"Sigiloso";"-11";"Sigiloso";"Informações protegidas por sigilo";"";"6164,00"
"20000";"Presidência da República";"60000";"Gabinete da Vice-Presidência da República";"110101";"GABINETE DA VICE-PRESIDENCIA DA REPUBLICA";"2021";"03";"";"Sigiloso";"-11";"Sigiloso";"Informações protegidas por sigilo";"";"522,71"
"20000";"Presidência da República";"60000";"Gabinete da Vice-Presidência da República";"110101";"GABINETE DA VICE-PRESIDENCIA DA REPUBLICA";"2021";"03";"";"Sigiloso";"-11";"Sigiloso";"Informações protegidas por sigilo";"";"70,48"
"20000";"Presidência da República";"60000";"Gabinete da Vice-Presidência da República";"110101";"GABINETE DA VICE-PRESIDENCIA DA REPUBLICA";"2021";"03";"";"Sigiloso";"-11";"Sigiloso";"Informações protegidas por sigilo";"";"79,40"
"20000";"Presidência da República";"60000";"Gabinete da Vice-Presidência da República";"110101";"GABINETE DA VICE-PRESIDENCIA DA REPUBLICA";"2021";"03";"";"Sigiloso";"-11";"Sigiloso";"Informações protegidas por sigilo";"";"250,00"
"20000";"Presidência da República";"60000";"Gabinete da Vice-Presidência da República";"110101";"GABINETE DA VICE-PRESIDENCIA DA REPUBLICA";"2021";"03";"";"Sigiloso";"-11";"Sigiloso";"Informações protegidas por sigilo";"";"349,22"
"20000";"Presidência da República";"60000";"Gabinete da Vice-Presidência da República";"110101";"GABINETE DA VICE-PRESIDENCIA DA REPUBLICA";"2021";"03";"";"Sigiloso";"-11";"Sigiloso";"Informações protegidas por sigilo";"";"47,00"
"20000";"Presidência da República";"60000";"Gabinete da Vice-Presidência da República";"110101";"GABINETE DA VICE-PRESIDENCIA DA REPUBLICA";"2021";"03";"";"Sigiloso";"-11";"Sigiloso";"Informações protegidas por sigilo";"";"112,00"
"20000";"Presidência da República";"60000";"Gabinete da Vice-Presidência da República";"110101";"GABINETE DA VICE-PRESIDENCIA DA REPUBLICA";"2021";"03";"";"Sigiloso";"-11";"Sigiloso";"Informações protegidas por sigilo";"";"273,96"
"20000";"Presidência da República";"60000";"Gabinete da Vice-Presidência da República";"110101";"GABINETE DA VICE-PRESIDENCIA DA REPUBLICA";"2021";"03";"";"Sigiloso";"-11";"Sigiloso";"Informações protegidas por sigilo";"";"7800,00"
"20000";"Presidência da República";"60000";"Gabinete da Vice-Presidência da República";"110101";"GABINETE DA VICE-PRESIDENCIA DA REPUBLICA";"2021";"03";"";"Sigiloso";"-11";"Sigiloso";"Informações protegidas por sigilo";"";"340,00"
"20000";"Presidência da República";"60000";"Gabinete da Vice-Presidência da República";"110101";"GABINETE DA VICE-PRESIDENCIA DA REPUBLICA";"2021";"03";"";"Sigiloso";"-11";"Sigiloso";"Informações protegidas por sigilo";"";"148,69"
"20000";"Presidência da República";"60000";"Gabinete da Vice-Presidência da República";"110101";"GABINETE DA VICE-PRESIDENCIA DA REPUBLICA";"2021";"03";"";"Sigiloso";"-11";"Sigiloso";"Informações protegidas por sigilo";"";"1929,57"
"20000";"Presidência da República";"60000";"Gabinete da Vice-Presidência da República";"110101";"GABINETE DA VICE-PRESIDENCIA DA REPUBLICA";"2021";"03";"";"Sigiloso";"-11";"Sigiloso";"Informações protegidas por sigilo";"";"88,79"
"20000";"Presidência da República";"60000";"Gabinete da Vice-Presidência da República";"110101";"GABINETE DA VICE-PRESIDENCIA DA REPUBLICA";"2021";"03";"";"Sigiloso";"-11";"Sigiloso";"Informações protegidas por sigilo";"";"221,86"
"20000";"Presidência da República";"60000";"Gabinete da Vice-Presidência da República";"110101";"GABINETE DA VICE-PRESIDENCIA DA REPUBLICA";"2021";"03";"";"Sigiloso";"-11";"Sigiloso";"Informações protegidas por sigilo";"";"981,59"
"20000";"Presidência da República";"60000";"Gabinete da Vice-Presidência da República";"110101";"GABINETE DA VICE-PRESIDENCIA DA REPUBLICA";"2021";"03";"";"Sigiloso";"-11";"Sigiloso";"Informações protegidas por sigilo";"";"139,60"
"20000";"Presidência da República";"60000";"Gabinete da Vice-Presidência da República";"110101";"GABINETE DA VICE-PRESIDENCIA DA REPUBLICA";"2021";"03";"";"Sigiloso";"-11";"Sigiloso";"Informações protegidas por sigilo";"";"205,98"
"20000";"Presidência da República";"60000";"Gabinete da Vice-Presidência da República";"110101";"GABINETE DA VICE-PRESIDENCIA DA REPUBLICA";"2021";"03";"";"Sigiloso";"-11";"Sigiloso";"Informações protegidas por sigilo";"";"120,00"
"20000";"Presidência da República";"60000";"Gabinete da Vice-Presidência da República";"110101";"GABINETE DA VICE-PRESIDENCIA DA REPUBLICA";"2021";"03";"";"Sigiloso";"-11";"Sigiloso";"Informações protegidas por sigilo";"";"460,18"
"20000";"Presidência da República";"60000";"Gabinete da Vice-Presidência da República";"110101";"GABINETE DA VICE-PRESIDENCIA DA REPUBLICA";"2021";"03";"";"Sigiloso";"-11";"Sigiloso";"Informações protegidas por sigilo";"";"472,81"
"20000";"Presidência da República";"60000";"Gabinete da Vice-Presidência da República";"110101";"GABINETE DA VICE-PRESIDENCIA DA REPUBLICA";"2021";"03";"";"Sigiloso";"-11";"Sigiloso";"Informações protegidas por sigilo";"";"282,45"
"20000";"Presidência da República";"60000";"Gabinete da Vice-Presidência da República";"110101";"GABINETE DA VICE-PRESIDENCIA DA REPUBLICA";"2021";"03";"";"Sigiloso";"-11";"Sigiloso";"Informações protegidas por sigilo";"";"373,07"
"20000";"Presidência da República";"60000";"Gabinete da Vice-Presidência da República";"110101";"GABINETE DA VICE-PRESIDENCIA DA REPUBLICA";"2021";"03";"";"Sigiloso";"-11";"Sigiloso";"Informações protegidas por sigilo";"";"282,44"
"20000";"Presidência da República";"60000";"Gabinete da Vice-Presidência da República";"110101";"GABINETE DA VICE-PRESIDENCIA DA REPUBLICA";"2021";"03";"";"Sigiloso";"-11";"Sigiloso";"Informações protegidas por sigilo";"";"1026,16"
"20000";"Presidência da República";"60000";"Gabinete da Vice-Presidência da República";"110101";"GABINETE DA VICE-PRESIDENCIA DA REPUBLICA";"2021";"03";"";"Sigiloso";"-11";"Sigiloso";"Informações protegidas por sigilo";"";"1797,80"
"20000";"Presidência da República";"60000";"Gabinete da Vice-Presidência da República";"110101";"GABINETE DA VICE-PRESIDENCIA DA REPUBLICA";"2021";"03";"";"Sigiloso";"-11";"Sigiloso";"Informações protegidas por sigilo";"";"1571,46"
"20000";"Presidência da República";"60000";"Gabinete da Vice-Presidência da República";"110101";"GABINETE DA VICE-PRESIDENCIA DA REPUBLICA";"2021";"03";"";"Sigiloso";"-11";"Sigiloso";"Informações protegidas por sigilo";"";"1148,75"
"20000";"Presidência da República";"60000";"Gabinete da Vice-Presidência da República";"110101";"GABINETE DA VICE-PRESIDENCIA DA REPUBLICA";"2021";"03";"";"Sigiloso";"-11";"Sigiloso";"Informações protegidas por sigilo";"";"141,48"
"20000";"Presidência da República";"60000";"Gabinete da Vice-Presidência da República";"110101";"GABINETE DA VICE-PRESIDENCIA DA REPUBLICA";"2021";"03";"";"Sigiloso";"-11";"Sigiloso";"Informações protegidas por sigilo";"";"3075,16"
"20000";"Presidência da República";"60000";"Gabinete da Vice-Presidência da República";"110101";"GABINETE DA VICE-PRESIDENCIA DA REPUBLICA";"2021";"03";"";"Sigiloso";"-11";"Sigiloso";"Informações protegidas por sigilo";"";"178,00"
"20000";"Presidência da República";"60000";"Gabinete da Vice-Presidência da República";"110101";"GABINETE DA VICE-PRESIDENCIA DA REPUBLICA";"2021";"03";"";"Sigiloso";"-11";"Sigiloso";"Informações protegidas por sigilo";"";"489,35"
"20000";"Presidência da República";"60000";"Gabinete da Vice-Presidência da República";"110101";"GABINETE DA VICE-PRESIDENCIA DA REPUBLICA";"2021";"03";"";"Sigiloso";"-11";"Sigiloso";"Informações protegidas por sigilo";"";"548,28"
"20000";"Presidência da República";"60000";"Gabinete da Vice-Presidência da República";"110101";"GABINETE DA VICE-PRESIDENCIA DA REPUBLICA";"2021";"03";"***.209.161-**";"NILO DA LUZ GUTEMBERG";"01032275000331";"COMANDO AUTO PECAS LTDA";"COMPRA A/V - R$ - APRES";"09/02/2021";"138,00"
"20000";"Presidência da República";"60000";"Gabinete da Vice-Presidência da República";"110101";"GABINETE DA VICE-PRESIDENCIA DA REPUBLICA";"2021";"03";"***.209.161-**";"NILO DA LUZ GUTEMBERG";"38046874000152";"DKASA UTILIDADES E PRESENTES LTDA";"COMPRA A/V - R$ - APRES";"04/02/2021";"152,00"
"20000";"Presidência da República";"60000";"Gabinete da Vice-Presidência da República";"110101";"GABINETE DA VICE-PRESIDENCIA DA REPUBLICA";"2021";"03";"***.209.161-**";"NILO DA LUZ GUTEMBERG";"36232214000130";"URUTU ARTIGOS MILITARES LTDA";"COMPRA A/V - R$ - APRES";"23/02/2021";"565,00"
"20000";"Presidência da República";"60000";"Gabinete da Vice-Presidência da República";"110101";"GABINETE DA VICE-PRESIDENCIA DA REPUBLICA";"2021";"03";"***.209.161-**";"NILO DA LUZ GUTEMBERG";"03419549000103";"CASA FREITAS MATERIAIS DE CONSTRUCAO LTDA";"COMPRA A/V - R$ - APRES";"23/02/2021";"50,00"
"20000";"Presidência da República";"60000";"Gabinete da Vice-Presidência da República";"110101";"GABINETE DA VICE-PRESIDENCIA DA REPUBLICA";"2021";"03";"***.209.161-**";"NILO DA LUZ GUTEMBERG";"08314507000202";"LEITURA ALVORADA COMERCIO DE LIVROS LTDA";"COMPRA A/V - R$ - APRES";"05/02/2021";"99,60"
"20000";"Presidência da República";"60000";"Gabinete da Vice-Presidência da República";"110101";"GABINETE DA VICE-PRESIDENCIA DA REPUBLICA";"2021";"03";"***.209.161-**";"NILO DA LUZ GUTEMBERG";"00718528000281";"LABORATORIO SABIN DE ANALISES CLINICAS S.A.";"COMPRA A/V - R$ - APRES";"08/02/2021";"103,21"
"20000";"Presidência da República";"20101";"Presidência da República";"110538";"AGENCIA BRASILEIRA DE INTELIGENCIA";"2021";"03";"";"Sigiloso";"-11";"Sigiloso";"Informações protegidas por sigilo";"";"1000,00"
"20000";"Presidência da República";"20101";"Presidência da República";"110538";"AGENCIA BRASILEIRA DE INTELIGENCIA";"2021";"03";"";"Sigiloso";"-11";"Sigiloso";"Informações protegidas por sigilo";"";"1000,00"
"20000";"Presidência da República";"20101";"Presidência da República";"110538";"AGENCIA BRASILEIRA DE INTELIGENCIA";"2021";"03";"";"Sigiloso";"-11";"Sigiloso";"Informações protegidas por sigilo";"";"1000,00"
"20000";"Presidência da República";"20101";"Presidência da República";"110538";"AGENCIA BRASILEIRA DE INTELIGENCIA";"2021";"03";"";"Sigiloso";"-11";"Sigiloso";"Informações protegidas por sigilo";"";"1000,00"
"20000";"Presidência da República";"20101";"Presidência da República";"110538";"AGENCIA BRASILEIRA DE INTELIGENCIA";"2021";"03";"";"Sigiloso";"-11";"Sigiloso";"Informações protegidas por sigilo";"";"1000,00"
"20000";"Presidência da República";"20101";"Presidência da República";"110538";"AGENCIA BRASILEIRA DE INTELIGENCIA";"2021";"03";"";"Sigiloso";"-11";"Sigiloso";"Informações protegidas por sigilo";"";"1000,00"
"20000";"Presidência da República";"20101";"Presidência da República";"110538";"AGENCIA BRASILEIRA DE INTELIGENCIA";"2021";"03";"";"Sigiloso";"-11";"Sigiloso";"Informações protegidas por sigilo";"";"1000,00"
"20000";"Presidência da República";"20101";"Presidência da República";"110538";"AGENCIA BRASILEIRA DE INTELIGENCIA";"2021";"03";"";"Sigiloso";"-11";"Sigiloso";"Informações protegidas por sigilo";"";"1000,00"
"20000";"Presidência da República";"20101";"Presidência da República";"110538";"AGENCIA BRASILEIRA DE INTELIGENCIA";"2021";"03";"";"Sigiloso";"-11";"Sigiloso";"Informações protegidas por sigilo";"";"325,57"
"20000";"Presidência da República";"20101";"Presidência da República";"110538";"AGENCIA BRASILEIRA DE INTELIGENCIA";"2021";"03";"";"Sigiloso";"-11";"Sigiloso";"Informações protegidas por sigilo";"";"1000,00"
"20000";"Presidência da República";"20101";"Presidência da República";"110538";"AGENCIA BRASILEIRA DE INTELIGENCIA";"2021";"03";"";"Sigiloso";"-11";"Sigiloso";"Informações protegidas por sigilo";"";"1000,00"
"20000";"Presidência da República";"20101";"Presidência da República";"110538";"AGENCIA BRASILEIRA DE INTELIGENCIA";"2021";"03";"";"Sigiloso";"-11";"Sigiloso";"Informações protegidas por sigilo";"";"1000,00"
"20000";"Presidência da República";"20101";"Presidência da República";"110538";"AGENCIA BRASILEIRA DE INTELIGENCIA";"2021";"03";"";"Sigiloso";"-11";"Sigiloso";"Informações protegidas por sigilo";"";"200,00"
"20000";"Presidência da República";"20101";"Presidência da República";"110538";"AGENCIA BRASILEIRA DE INTELIGENCIA";"2021";"03";"";"Sigiloso";"-11";"Sigiloso";"Informações protegidas por sigilo";"";"1000,00"
"20000";"Presidência da República";"20101";"Presidência da República";"110538";"AGENCIA BRASILEIRA DE INTELIGENCIA";"2021";"03";"";"Sigiloso";"-11";"Sigiloso";"Informações protegidas por sigilo";"";"1000,00"
"20000";"Presidência da República";"20101";"Presidência da República";"110538";"AGENCIA BRASILEIRA DE INTELIGENCIA";"2021";"03";"";"Sigiloso";"-11";"Sigiloso";"Informações protegidas por sigilo";"";"1000,00"
"20000";"Presidência da República";"20101";"Presidência da República";"110538";"AGENCIA BRASILEIRA DE INTELIGENCIA";"2021";"03";"";"Sigiloso";"-11";"Sigiloso";"Informações protegidas por sigilo";"";"1000,00"
"20000";"Presidência da República";"20101";"Presidência da República";"110538";"AGENCIA BRASILEIRA DE INTELIGENCIA";"2021";"03";"";"Sigiloso";"-11";"Sigiloso";"Informações protegidas por sigilo";"";"833,59"
"20000";"Presidência da República";"20101";"Presidência da República";"110538";"AGENCIA BRASILEIRA DE INTELIGENCIA";"2021";"03";"";"Sigiloso";"-11";"Sigiloso";"Informações protegidas por sigilo";"";"1000,00"
"20000";"Presidência da República";"20101";"Presidência da República";"110538";"AGENCIA BRASILEIRA DE INTELIGENCIA";"2021";"03";"";"Sigiloso";"-11";"Sigiloso";"Informações protegidas por sigilo";"";"1000,00"
"20000";"Presidência da República";"20101";"Presidência da República";"110538";"AGENCIA BRASILEIRA DE INTELIGENCIA";"2021";"03";"";"Sigiloso";"-11";"Sigiloso";"Informações protegidas por sigilo";"";"1000,00"
"20000";"Presidência da República";"20101";"Presidência da República";"110538";"AGENCIA BRASILEIRA DE INTELIGENCIA";"2021";"03";"";"Sigiloso";"-11";"Sigiloso";"Informações protegidas por sigilo";"";"275,92"
"20000";"Presidência da República";"20101";"Presidência da República";"110538";"AGENCIA BRASILEIRA DE INTELIGENCIA";"2021";"03";"";"Sigiloso";"-11";"Sigiloso";"Informações protegidas por sigilo";"";"1000,00"
"20000";"Presidência da República";"20101";"Presidência da República";"110538";"AGENCIA BRASILEIRA DE INTELIGENCIA";"2021";"03";"";"Sigiloso";"-11";"Sigiloso";"Informações protegidas por sigilo";"";"1000,00"
"20000";"Presidência da República";"20101";"Presidência da República";"110538";"AGENCIA BRASILEIRA DE INTELIGENCIA";"2021";"03";"";"Sigiloso";"-11";"Sigiloso";"Informações protegidas por sigilo";"";"1000,00"
"20000";"Presidência da República";"20101";"Presidência da República";"110538";"AGENCIA BRASILEIRA DE INTELIGENCIA";"2021";"03";"";"Sigiloso";"-11";"Sigiloso";"Informações protegidas por sigilo";"";"20000,00"
"20000";"Presidência da República";"20101";"Presidência da República";"110538";"AGENCIA BRASILEIRA DE INTELIGENCIA";"2021";"03";"";"Sigiloso";"-11";"Sigiloso";"Informações protegidas por sigilo";"";"1000,00"
"20000";"Presidência da República";"20101";"Presidência da República";"110538";"AGENCIA BRASILEIRA DE INTELIGENCIA";"2021";"03";"";"Sigiloso";"-11";"Sigiloso";"Informações protegidas por sigilo";"";"1000,00"
"20000";"Presidência da República";"20101";"Presidência da República";"110538";"AGENCIA BRASILEIRA DE INTELIGENCIA";"2021";"03";"";"Sigiloso";"-11";"Sigiloso";"Informações protegidas por sigilo";"";"1000,00"
"20000";"Presidência da República";"20101";"Presidência da República";"110538";"AGENCIA BRASILEIRA DE INTELIGENCIA";"2021";"03";"";"Sigiloso";"-11";"Sigiloso";"Informações protegidas por sigilo";"";"1000,00"
"20000";"Presidência da República";"20101";"Presidência da República";"110538";"AGENCIA BRASILEIRA DE INTELIGENCIA";"2021";"03";"";"Sigiloso";"-11";"Sigiloso";"Informações protegidas por sigilo";"";"1000,00"
"20000";"Presidência da República";"20101";"Presidência da República";"110538";"AGENCIA BRASILEIRA DE INTELIGENCIA";"2021";"03";"";"Sigiloso";"-11";"Sigiloso";"Informações protegidas por sigilo";"";"1000,00"
"20000";"Presidência da República";"20101";"Presidência da República";"110538";"AGENCIA BRASILEIRA DE INTELIGENCIA";"2021";"03";"";"Sigiloso";"-11";"Sigiloso";"Informações protegidas por sigilo";"";"1000,00"
"20000";"Presidência da República";"20101";"Presidência da República";"110538";"AGENCIA BRASILEIRA DE INTELIGENCIA";"2021";"03";"";"Sigiloso";"-11";"Sigiloso";"Informações protegidas por sigilo";"";"397,31"
"20000";"Presidência da República";"20101";"Presidência da República";"110538";"AGENCIA BRASILEIRA DE INTELIGENCIA";"2021";"03";"";"Sigiloso";"-11";"Sigiloso";"Informações protegidas por sigilo";"";"20000,00"
"20000";"Presidência da República";"20101";"Presidência da República";"110538";"AGENCIA BRASILEIRA DE INTELIGENCIA";"2021";"03";"";"Sigiloso";"-11";"Sigiloso";"Informações protegidas por sigilo";"";"1000,00"
"20000";"Presidência da República";"20101";"Presidência da República";"110538";"AGENCIA BRASILEIRA DE INTELIGENCIA";"2021";"03";"";"Sigiloso";"-11";"Sigiloso";"Informações protegidas por sigilo";"";"1000,00"
"20000";"Presidência da República";"20101";"Presidência da República";"110538";"AGENCIA BRASILEIRA DE INTELIGENCIA";"2021";"03";"";"Sigiloso";"-11";"Sigiloso";"Informações protegidas por sigilo";"";"1000,00"
"20000";"Presidência da República";"20101";"Presidência da República";"110538";"AGENCIA BRASILEIRA DE INTELIGENCIA";"2021";"03";"";"Sigiloso";"-11";"Sigiloso";"Informações protegidas por sigilo";"";"1000,00"
"20000";"Presidência da República";"20101";"Presidência da República";"110538";"AGENCIA BRASILEIRA DE INTELIGENCIA";"2021";"03";"";"Sigiloso";"-11";"Sigiloso";"Informações protegidas por sigilo";"";"1000,00"
"20000";"Presidência da República";"20101";"Presidência da República";"110538";"AGENCIA BRASILEIRA DE INTELIGENCIA";"2021";"03";"";"Sigiloso";"-11";"Sigiloso";"Informações protegidas por sigilo";"";"958,55"
"20000";"Presidência da República";"20101";"Presidência da República";"110538";"AGENCIA BRASILEIRA DE INTELIGENCIA";"2021";"03";"";"Sigiloso";"-11";"Sigiloso";"Informações protegidas por sigilo";"";"390,64"
"20000";"Presidência da República";"20101";"Presidência da República";"110538";"AGENCIA BRASILEIRA DE INTELIGENCIA";"2021";"03";"";"Sigiloso";"-11";"Sigiloso";"Informações protegidas por sigilo";"";"1000,00"
"20000";"Presidência da República";"20101";"Presidência da República";"110538";"AGENCIA BRASILEIRA DE INTELIGENCIA";"2021";"03";"";"Sigiloso";"-11";"Sigiloso";"Informações protegidas por sigilo";"";"390,64"
"20000";"Presidência da República";"20101";"Presidência da República";"110538";"AGENCIA BRASILEIRA DE INTELIGENCIA";"2021";"03";"";"Sigiloso";"-11";"Sigiloso";"Informações protegidas por sigilo";"";"325,57"
"20000";"Presidência da República";"20101";"Presidência da República";"110538";"AGENCIA BRASILEIRA DE INTELIGENCIA";"2021";"03";"";"Sigiloso";"-11";"Sigiloso";"Informações protegidas por sigilo";"";"1000,00"
"20000";"Presidência da República";"20101";"Presidência da República";"110538";"AGENCIA BRASILEIRA DE INTELIGENCIA";"2021";"03";"";"Sigiloso";"-11";"Sigiloso";"Informações protegidas por sigilo";"";"1000,00"
"20000";"Presidência da República";"20101";"Presidência da República";"110538";"AGENCIA BRASILEIRA DE INTELIGENCIA";"2021";"03";"";"Sigiloso";"-11";"Sigiloso";"Informações protegidas por sigilo";"";"500,00"
"20000";"Presidência da República";"20101";"Presidência da República";"110538";"AGENCIA BRASILEIRA DE INTELIGENCIA";"2021";"03";"";"Sigiloso";"-11";"Sigiloso";"Informações protegidas por sigilo";"";"1000,00"
"20000";"Presidência da República";"20101";"Presidência da República";"110538";"AGENCIA BRASILEIRA DE INTELIGENCIA";"2021";"03";"";"Sigiloso";"-11";"Sigiloso";"Informações protegidas por sigilo";"";"1000,00"
"20000";"Presidência da República";"20101";"Presidência da República";"110538";"AGENCIA BRASILEIRA DE INTELIGENCIA";"2021";"03";"";"Sigiloso";"-11";"Sigiloso";"Informações protegidas por sigilo";"";"1000,00"
"20000";"Presidência da República";"20101";"Presidência da República";"110538";"AGENCIA BRASILEIRA DE INTELIGENCIA";"2021";"03";"";"Sigiloso";"-11";"Sigiloso";"Informações protegidas por sigilo";"";"1000,00"
"20000";"Presidência da República";"20101";"Presidência da República";"110538";"AGENCIA BRASILEIRA DE INTELIGENCIA";"2021";"03";"";"Sigiloso";"-11";"Sigiloso";"Informações protegidas por sigilo";"";"1000,00"
"20000";"Presidência da República";"20101";"Presidência da República";"110538";"AGENCIA BRASILEIRA DE INTELIGENCIA";"2021";"03";"";"Sigiloso";"-11";"Sigiloso";"Informações protegidas por sigilo";"";"1000,00"
"20000";"Presidência da República";"20101";"Presidência da República";"110538";"AGENCIA BRASILEIRA DE INTELIGENCIA";"2021";"03";"";"Sigiloso";"-11";"Sigiloso";"Informações protegidas por sigilo";"";"1000,00"
"20000";"Presidência da República";"20101";"Presidência da República";"110538";"AGENCIA BRASILEIRA DE INTELIGENCIA";"2021";"03";"";"Sigiloso";"-11";"Sigiloso";"Informações protegidas por sigilo";"";"1000,00"
"20000";"Presidência da República";"20101";"Presidência da República";"110538";"AGENCIA BRASILEIRA DE INTELIGENCIA";"2021";"03";"";"Sigiloso";"-11";"Sigiloso";"Informações protegidas por sigilo";"";"1000,00"
"20000";"Presidência da República";"20101";"Presidência da República";"110538";"AGENCIA BRASILEIRA DE INTELIGENCIA";"2021";"03";"";"Sigiloso";"-11";"Sigiloso";"Informações protegidas por sigilo";"";"800,00"
"20000";"Presidência da República";"20101";"Presidência da República";"110538";"AGENCIA BRASILEIRA DE INTELIGENCIA";"2021";"03";"";"Sigiloso";"-11";"Sigiloso";"Informações protegidas por sigilo";"";"1000,00"
"20000";"Presidência da República";"20101";"Presidência da República";"110538";"AGENCIA BRASILEIRA DE INTELIGENCIA";"2021";"03";"";"Sigiloso";"-11";"Sigiloso";"Informações protegidas por sigilo";"";"1000,00"
"20000";"Presidência da República";"20101";"Presidência da República";"110538";"AGENCIA BRASILEIRA DE INTELIGENCIA";"2021";"03";"";"Sigiloso";"-11";"Sigiloso";"Informações protegidas por sigilo";"";"1000,00"
"20000";"Presidência da República";"20101";"Presidência da República";"110538";"AGENCIA BRASILEIRA DE INTELIGENCIA";"2021";"03";"";"Sigiloso";"-11";"Sigiloso";"Informações protegidas por sigilo";"";"1000,00"
"20000";"Presidência da República";"20101";"Presidência da República";"110538";"AGENCIA BRASILEIRA DE INTELIGENCIA";"2021";"03";"";"Sigiloso";"-11";"Sigiloso";"Informações protegidas por sigilo";"";"1000,00"
"20000";"Presidência da República";"20101";"Presidência da República";"110538";"AGENCIA BRASILEIRA DE INTELIGENCIA";"2021";"03";"";"Sigiloso";"-11";"Sigiloso";"Informações protegidas por sigilo";"";"1000,00"
"20000";"Presidência da República";"20101";"Presidência da República";"110538";"AGENCIA BRASILEIRA DE INTELIGENCIA";"2021";"03";"";"Sigiloso";"-11";"Sigiloso";"Informações protegidas por sigilo";"";"700,00"
"20000";"Presidência da República";"20101";"Presidência da República";"110538";"AGENCIA BRASILEIRA DE INTELIGENCIA";"2021";"03";"";"Sigiloso";"-11";"Sigiloso";"Informações protegidas por sigilo";"";"800,00"
"20000";"Presidência da República";"20101";"Presidência da República";"110538";"AGENCIA BRASILEIRA DE INTELIGENCIA";"2021";"03";"";"Sigiloso";"-11";"Sigiloso";"Informações protegidas por sigilo";"";"1000,00"
"20000";"Presidência da República";"20101";"Presidência da República";"110538";"AGENCIA BRASILEIRA DE INTELIGENCIA";"2021";"03";"";"Sigiloso";"-11";"Sigiloso";"Informações protegidas por sigilo";"";"1000,00"
"20000";"Presidência da República";"20101";"Presidência da República";"110538";"AGENCIA BRASILEIRA DE INTELIGENCIA";"2021";"03";"";"Sigiloso";"-11";"Sigiloso";"Informações protegidas por sigilo";"";"1000,00"
"20000";"Presidência da República";"20101";"Presidência da República";"110538";"AGENCIA BRASILEIRA DE INTELIGENCIA";"2021";"03";"";"Sigiloso";"-11";"Sigiloso";"Informações protegidas por sigilo";"";"1000,00"
"20000";"Presidência da República";"20101";"Presidência da República";"110538";"AGENCIA BRASILEIRA DE INTELIGENCIA";"2021";"03";"";"Sigiloso";"-11";"Sigiloso";"Informações protegidas por sigilo";"";"1000,00"
"20000";"Presidência da República";"20101";"Presidência da República";"110538";"AGENCIA BRASILEIRA DE INTELIGENCIA";"2021";"03";"";"Sigiloso";"-11";"Sigiloso";"Informações protegidas por sigilo";"";"1000,00"
"20000";"Presidência da República";"20101";"Presidência da República";"110538";"AGENCIA BRASILEIRA DE INTELIGENCIA";"2021";"03";"";"Sigiloso";"-11";"Sigiloso";"Informações protegidas por sigilo";"";"1000,00"
"20000";"Presidência da República";"20101";"Presidência da República";"110538";"AGENCIA BRASILEIRA DE INTELIGENCIA";"2021";"03";"";"Sigiloso";"-11";"Sigiloso";"Informações protegidas por sigilo";"";"1000,00"
"20000";"Presidência da República";"20101";"Presidência da República";"110538";"AGENCIA BRASILEIRA DE INTELIGENCIA";"2021";"03";"";"Sigiloso";"-11";"Sigiloso";"Informações protegidas por sigilo";"";"1000,00"
"20000";"Presidência da República";"20101";"Presidência da República";"110538";"AGENCIA BRASILEIRA DE INTELIGENCIA";"2021";"03";"";"Sigiloso";"-11";"Sigiloso";"Informações protegidas por sigilo";"";"50,00"
"20000";"Presidência da República";"20101";"Presidência da República";"110538";"AGENCIA BRASILEIRA DE INTELIGENCIA";"2021";"03";"";"Sigiloso";"-11";"Sigiloso";"Informações protegidas por sigilo";"";"1000,00"
"20000";"Presidência da República";"20101";"Presidência da República";"110538";"AGENCIA BRASILEIRA DE INTELIGENCIA";"2021";"03";"";"Sigiloso";"-11";"Sigiloso";"Informações protegidas por sigilo";"";"1000,00"
"20000";"Presidência da República";"20101";"Presidência da República";"110538";"AGENCIA BRASILEIRA DE INTELIGENCIA";"2021";"03";"";"Sigiloso";"-11";"Sigiloso";"Informações protegidas por sigilo";"";"1000,00"
"20000";"Presidência da República";"20101";"Presidência da República";"110538";"AGENCIA BRASILEIRA DE INTELIGENCIA";"2021";"03";"";"Sigiloso";"-11";"Sigiloso";"Informações protegidas por sigilo";"";"1000,00"
"20000";"Presidência da República";"20101";"Presidência da República";"110538";"AGENCIA BRASILEIRA DE INTELIGENCIA";"2021";"03";"";"Sigiloso";"-11";"Sigiloso";"Informações protegidas por sigilo";"";"1000,00"
"20000";"Presidência da República";"20101";"Presidência da República";"110538";"AGENCIA BRASILEIRA DE INTELIGENCIA";"2021";"03";"";"Sigiloso";"-11";"Sigiloso";"Informações protegidas por sigilo";"";"20000,00"
"20000";"Presidência da República";"20101";"Presidência da República";"110538";"AGENCIA BRASILEIRA DE INTELIGENCIA";"2021";"03";"";"Sigiloso";"-11";"Sigiloso";"Informações protegidas por sigilo";"";"1000,00"
"20000";"Presidência da República";"20101";"Presidência da República";"110538";"AGENCIA BRASILEIRA DE INTELIGENCIA";"2021";"03";"";"Sigiloso";"-11";"Sigiloso";"Informações protegidas por sigilo";"";"1000,00"
"20000";"Presidência da República";"20101";"Presidência da República";"110538";"AGENCIA BRASILEIRA DE INTELIGENCIA";"2021";"03";"";"Sigiloso";"-11";"Sigiloso";"Informações protegidas por sigilo";"";"1000,00"
"20000";"Presidência da República";"20101";"Presidência da República";"110538";"AGENCIA BRASILEIRA DE INTELIGENCIA";"2021";"03";"";"Sigiloso";"-11";"Sigiloso";"Informações protegidas por sigilo";"";"1000,00"
"20000";"Presidência da República";"20101";"Presidência da República";"110538";"AGENCIA BRASILEIRA DE INTELIGENCIA";"2021";"03";"";"Sigiloso";"-11";"Sigiloso";"Informações protegidas por sigilo";"";"50,00"
"20000";"Presidência da República";"20101";"Presidência da República";"110538";"AGENCIA BRASILEIRA DE INTELIGENCIA";"2021";"03";"";"Sigiloso";"-11";"Sigiloso";"Informações protegidas por sigilo";"";"1000,00"
"20000";"Presidência da República";"20101";"Presidência da República";"110538";"AGENCIA BRASILEIRA DE INTELIGENCIA";"2021";"03";"";"Sigiloso";"-11";"Sigiloso";"Informações protegidas por sigilo";"";"1000,00"
"20000";"Presidência da República";"20101";"Presidência da República";"110538";"AGENCIA BRASILEIRA DE INTELIGENCIA";"2021";"03";"";"Sigiloso";"-11";"Sigiloso";"Informações protegidas por sigilo";"";"1000,00"
"20000";"Presidência da República";"20101";"Presidência da República";"110538";"AGENCIA BRASILEIRA DE INTELIGENCIA";"2021";"03";"";"Sigiloso";"-11";"Sigiloso";"Informações protegidas por sigilo";"";"1000,00"
"20000";"Presidência da República";"20101";"Presidência da República";"110538";"AGENCIA BRASILEIRA DE INTELIGENCIA";"2021";"03";"";"Sigiloso";"-11";"Sigiloso";"Informações protegidas por sigilo";"";"1000,00"
"20000";"Presidência da República";"20101";"Presidência da República";"110538";"AGENCIA BRASILEIRA DE INTELIGENCIA";"2021";"03";"";"Sigiloso";"-11";"Sigiloso";"Informações protegidas por sigilo";"";"1000,00"
"20000";"Presidência da República";"20101";"Presidência da República";"110538";"AGENCIA BRASILEIRA DE INTELIGENCIA";"2021";"03";"";"Sigiloso";"-11";"Sigiloso";"Informações protegidas por sigilo";"";"1000,00"
"20000";"Presidência da República";"20101";"Presidência da República";"110538";"AGENCIA BRASILEIRA DE INTELIGENCIA";"2021";"03";"";"Sigiloso";"-11";"Sigiloso";"Informações protegidas por sigilo";"";"1000,00"
"20000";"Presidência da República";"20101";"Presidência da República";"110538";"AGENCIA BRASILEIRA DE INTELIGENCIA";"2021";"03";"";"Sigiloso";"-11";"Sigiloso";"Informações protegidas por sigilo";"";"1000,00"
"20000";"Presidência da República";"20101";"Presidência da República";"110538";"AGENCIA BRASILEIRA DE INTELIGENCIA";"2021";"03";"";"Sigiloso";"-11";"Sigiloso";"Informações protegidas por sigilo";"";"1000,00"
"20000";"Presidência da República";"20101";"Presidência da República";"110538";"AGENCIA BRASILEIRA DE INTELIGENCIA";"2021";"03";"";"Sigiloso";"-11";"Sigiloso";"Informações protegidas por sigilo";"";"1000,00"
"20000";"Presidência da República";"20101";"Presidência da República";"110538";"AGENCIA BRASILEIRA DE INTELIGENCIA";"2021";"03";"";"Sigiloso";"-11";"Sigiloso";"Informações protegidas por sigilo";"";"1000,00"
"20000";"Presidência da República";"20101";"Presidência da República";"110538";"AGENCIA BRASILEIRA DE INTELIGENCIA";"2021";"03";"";"Sigiloso";"-11";"Sigiloso";"Informações protegidas por sigilo";"";"1000,00"
"20000";"Presidência da República";"20101";"Presidência da República";"110538";"AGENCIA BRASILEIRA DE INTELIGENCIA";"2021";"03";"";"Sigiloso";"-11";"Sigiloso";"Informações protegidas por sigilo";"";"1000,00"
"20000";"Presidência da República";"20101";"Presidência da República";"110538";"AGENCIA BRASILEIRA DE INTELIGENCIA";"2021";"03";"";"Sigiloso";"-11";"Sigiloso";"Informações protegidas por sigilo";"";"325,57"
"20000";"Presidência da República";"20101";"Presidência da República";"110538";"AGENCIA BRASILEIRA DE INTELIGENCIA";"2021";"03";"";"Sigiloso";"-11";"Sigiloso";"Informações protegidas por sigilo";"";"1000,00"
"20000";"Presidência da República";"20101";"Presidência da República";"110538";"AGENCIA BRASILEIRA DE INTELIGENCIA";"2021";"03";"";"Sigiloso";"-11";"Sigiloso";"Informações protegidas por sigilo";"";"1000,00"
"20000";"Presidência da República";"20101";"Presidência da República";"110538";"AGENCIA BRASILEIRA DE INTELIGENCIA";"2021";"03";"";"Sigiloso";"-11";"Sigiloso";"Informações protegidas por sigilo";"";"450,00"
"20000";"Presidência da República";"20101";"Presidência da República";"110538";"AGENCIA BRASILEIRA DE INTELIGENCIA";"2021";"03";"";"Sigiloso";"-11";"Sigiloso";"Informações protegidas por sigilo";"";"1000,00"
"20000";"Presidência da República";"20101";"Presidência da República";"110538";"AGENCIA BRASILEIRA DE INTELIGENCIA";"2021";"03";"";"Sigiloso";"-11";"Sigiloso";"Informações protegidas por sigilo";"";"1000,00"
"20000";"Presidência da República";"20101";"Presidência da República";"110538";"AGENCIA BRASILEIRA DE INTELIGENCIA";"2021";"03";"";"Sigiloso";"-11";"Sigiloso";"Informações protegidas por sigilo";"";"1000,00"
"20000";"Presidência da República";"20101";"Presidência da República";"110538";"AGENCIA BRASILEIRA DE INTELIGENCIA";"2021";"03";"";"Sigiloso";"-11";"Sigiloso";"Informações protegidas por sigilo";"";"1000,00"
"20000";"Presidência da República";"20101";"Presidência da República";"110538";"AGENCIA BRASILEIRA DE INTELIGENCIA";"2021";"03";"";"Sigiloso";"-11";"Sigiloso";"Informações protegidas por sigilo";"";"1000,00"
"20000";"Presidência da República";"20101";"Presidência da República";"110538";"AGENCIA BRASILEIRA DE INTELIGENCIA";"2021";"03";"";"Sigiloso";"-11";"Sigiloso";"Informações protegidas por sigilo";"";"1000,00"
"20000";"Presidência da República";"20101";"Presidência da República";"110538";"AGENCIA BRASILEIRA DE INTELIGENCIA";"2021";"03";"";"Sigiloso";"-11";"Sigiloso";"Informações protegidas por sigilo";"";"650,00"
"20000";"Presidência da República";"20101";"Presidência da República";"110538";"AGENCIA BRASILEIRA DE INTELIGENCIA";"2021";"03";"";"Sigiloso";"-11";"Sigiloso";"Informações protegidas por sigilo";"";"600,00"
"20000";"Presidência da República";"20101";"Presidência da República";"110538";"AGENCIA BRASILEIRA DE INTELIGENCIA";"2021";"03";"";"Sigiloso";"-11";"Sigiloso";"Informações protegidas por sigilo";"";"1000,00"
"20000";"Presidência da República";"20101";"Presidência da República";"110538";"AGENCIA BRASILEIRA DE INTELIGENCIA";"2021";"03";"";"Sigiloso";"-11";"Sigiloso";"Informações protegidas por sigilo";"";"1000,00"
"20000";"Presidência da República";"20101";"Presidência da República";"110538";"AGENCIA BRASILEIRA DE INTELIGENCIA";"2021";"03";"";"Sigiloso";"-11";"Sigiloso";"Informações protegidas por sigilo";"";"1000,00"
"20000";"Presidência da República";"20101";"Presidência da República";"110538";"AGENCIA BRASILEIRA DE INTELIGENCIA";"2021";"03";"";"Sigiloso";"-11";"Sigiloso";"Informações protegidas por sigilo";"";"1000,00"
"20000";"Presidência da República";"20101";"Presidência da República";"110538";"AGENCIA BRASILEIRA DE INTELIGENCIA";"2021";"03";"";"Sigiloso";"-11";"Sigiloso";"Informações protegidas por sigilo";"";"1000,00"
"20000";"Presidência da República";"20101";"Presidência da República";"110538";"AGENCIA BRASILEIRA DE INTELIGENCIA";"2021";"03";"";"Sigiloso";"-11";"Sigiloso";"Informações protegidas por sigilo";"";"1000,00"
"20000";"Presidência da República";"20101";"Presidência da República";"110538";"AGENCIA BRASILEIRA DE INTELIGENCIA";"2021";"03";"";"Sigiloso";"-11";"Sigiloso";"Informações protegidas por sigilo";"";"1000,00"
"20000";"Presidência da República";"20101";"Presidência da República";"110538";"AGENCIA BRASILEIRA DE INTELIGENCIA";"2021";"03";"";"Sigiloso";"-11";"Sigiloso";"Informações protegidas por sigilo";"";"626,13"
"20000";"Presidência da República";"20101";"Presidência da República";"110538";"AGENCIA BRASILEIRA DE INTELIGENCIA";"2021";"03";"";"Sigiloso";"-11";"Sigiloso";"Informações protegidas por sigilo";"";"1000,00"
"20000";"Presidência da República";"20101";"Presidência da República";"110538";"AGENCIA BRASILEIRA DE INTELIGENCIA";"2021";"03";"";"Sigiloso";"-11";"Sigiloso";"Informações protegidas por sigilo";"";"1000,00"
"20000";"Presidência da República";"20101";"Presidência da República";"110538";"AGENCIA BRASILEIRA DE INTELIGENCIA";"2021";"03";"";"Sigiloso";"-11";"Sigiloso";"Informações protegidas por sigilo";"";"1000,00"
"20000";"Presidência da República";"20101";"Presidência da República";"110538";"AGENCIA BRASILEIRA DE INTELIGENCIA";"2021";"03";"";"Sigiloso";"-11";"Sigiloso";"Informações protegidas por sigilo";"";"1000,00"
"20000";"Presidência da República";"20101";"Presidência da República";"110538";"AGENCIA BRASILEIRA DE INTELIGENCIA";"2021";"03";"";"Sigiloso";"-11";"Sigiloso";"Informações protegidas por sigilo";"";"1000,00"
"20000";"Presidência da República";"20101";"Presidência da República";"110538";"AGENCIA BRASILEIRA DE INTELIGENCIA";"2021";"03";"";"Sigiloso";"-11";"Sigiloso";"Informações protegidas por sigilo";"";"1000,00"
"20000";"Presidência da República";"20101";"Presidência da República";"110538";"AGENCIA BRASILEIRA DE INTELIGENCIA";"2021";"03";"";"Sigiloso";"-11";"Sigiloso";"Informações protegidas por sigilo";"";"1000,00"
"20000";"Presidência da República";"20101";"Presidência da República";"110538";"AGENCIA BRASILEIRA DE INTELIGENCIA";"2021";"03";"";"Sigiloso";"-11";"Sigiloso";"Informações protegidas por sigilo";"";"971,63"
"20000";"Presidência da República";"20101";"Presidência da República";"110538";"AGENCIA BRASILEIRA DE INTELIGENCIA";"2021";"03";"";"Sigiloso";"-11";"Sigiloso";"Informações protegidas por sigilo";"";"500,00"
"20000";"Presidência da República";"20101";"Presidência da República";"110538";"AGENCIA BRASILEIRA DE INTELIGENCIA";"2021";"03";"";"Sigiloso";"-11";"Sigiloso";"Informações protegidas por sigilo";"";"1000,00"
"20000";"Presidência da República";"20101";"Presidência da República";"110538";"AGENCIA BRASILEIRA DE INTELIGENCIA";"2021";"03";"";"Sigiloso";"-11";"Sigiloso";"Informações protegidas por sigilo";"";"1000,00"
"20000";"Presidência da República";"20101";"Presidência da República";"110538";"AGENCIA BRASILEIRA DE INTELIGENCIA";"2021";"03";"";"Sigiloso";"-11";"Sigiloso";"Informações protegidas por sigilo";"";"1000,00"
"20000";"Presidência da República";"20101";"Presidência da República";"110538";"AGENCIA BRASILEIRA DE INTELIGENCIA";"2021";"03";"";"Sigiloso";"-11";"Sigiloso";"Informações protegidas por sigilo";"";"1000,00"
"20000";"Presidência da República";"20101";"Presidência da República";"110538";"AGENCIA BRASILEIRA DE INTELIGENCIA";"2021";"03";"";"Sigiloso";"-11";"Sigiloso";"Informações protegidas por sigilo";"";"1000,00"
"20000";"Presidência da República";"20101";"Presidência da República";"110538";"AGENCIA BRASILEIRA DE INTELIGENCIA";"2021";"03";"";"Sigiloso";"-11";"Sigiloso";"Informações protegidas por sigilo";"";"397,31"
"20000";"Presidência da República";"20101";"Presidência da República";"110538";"AGENCIA BRASILEIRA DE INTELIGENCIA";"2021";"03";"";"Sigiloso";"-11";"Sigiloso";"Informações protegidas por sigilo";"";"600,00"
"20000";"Presidência da República";"20101";"Presidência da República";"110538";"AGENCIA BRASILEIRA DE INTELIGENCIA";"2021";"03";"";"Sigiloso";"-11";"Sigiloso";"Informações protegidas por sigilo";"";"1000,00"
"20000";"Presidência da República";"20101";"Presidência da República";"110538";"AGENCIA BRASILEIRA DE INTELIGENCIA";"2021";"03";"";"Sigiloso";"-11";"Sigiloso";"Informações protegidas por sigilo";"";"1000,00"
"20000";"Presidência da República";"20101";"Presidência da República";"110538";"AGENCIA BRASILEIRA DE INTELIGENCIA";"2021";"03";"";"Sigiloso";"-11";"Sigiloso";"Informações protegidas por sigilo";"";"1000,00"
"20000";"Presidência da República";"20101";"Presidência da República";"110538";"AGENCIA BRASILEIRA DE INTELIGENCIA";"2021";"03";"";"Sigiloso";"-11";"Sigiloso";"Informações protegidas por sigilo";"";"1000,00"
"20000";"Presidência da República";"20101";"Presidência da República";"110538";"AGENCIA BRASILEIRA DE INTELIGENCIA";"2021";"03";"";"Sigiloso";"-11";"Sigiloso";"Informações protegidas por sigilo";"";"1000,00"
"20000";"Presidência da República";"20101";"Presidência da República";"110538";"AGENCIA BRASILEIRA DE INTELIGENCIA";"2021";"03";"";"Sigiloso";"-11";"Sigiloso";"Informações protegidas por sigilo";"";"1000,00"
"20000";"Presidência da República";"20101";"Presidência da República";"110538";"AGENCIA BRASILEIRA DE INTELIGENCIA";"2021";"03";"";"Sigiloso";"-11";"Sigiloso";"Informações protegidas por sigilo";"";"300,00"
"20000";"Presidência da República";"20101";"Presidência da República";"110538";"AGENCIA BRASILEIRA DE INTELIGENCIA";"2021";"03";"";"Sigiloso";"-11";"Sigiloso";"Informações protegidas por sigilo";"";"1000,00"
"20000";"Presidência da República";"20101";"Presidência da República";"110538";"AGENCIA BRASILEIRA DE INTELIGENCIA";"2021";"03";"";"Sigiloso";"-11";"Sigiloso";"Informações protegidas por sigilo";"";"1000,00"
"20000";"Presidência da República";"20101";"Presidência da República";"110538";"AGENCIA BRASILEIRA DE INTELIGENCIA";"2021";"03";"";"Sigiloso";"-11";"Sigiloso";"Informações protegidas por sigilo";"";"1000,00"
"20000";"Presidência da República";"20101";"Presidência da República";"110538";"AGENCIA BRASILEIRA DE INTELIGENCIA";"2021";"03";"";"Sigiloso";"-11";"Sigiloso";"Informações protegidas por sigilo";"";"1000,00"
"20000";"Presidência da República";"20101";"Presidência da República";"110538";"AGENCIA BRASILEIRA DE INTELIGENCIA";"2021";"03";"";"Sigiloso";"-11";"Sigiloso";"Informações protegidas por sigilo";"";"965,62"
"20000";"Presidência da República";"20101";"Presidência da República";"110538";"AGENCIA BRASILEIRA DE INTELIGENCIA";"2021";"03";"";"Sigiloso";"-11";"Sigiloso";"Informações protegidas por sigilo";"";"938,43"
"20000";"Presidência da República";"20101";"Presidência da República";"110538";"AGENCIA BRASILEIRA DE INTELIGENCIA";"2021";"03";"";"Sigiloso";"-11";"Sigiloso";"Informações protegidas por sigilo";"";"1000,00"
"20000";"Presidência da República";"20101";"Presidência da República";"110538";"AGENCIA BRASILEIRA DE INTELIGENCIA";"2021";"03";"";"Sigiloso";"-11";"Sigiloso";"Informações protegidas por sigilo";"";"1000,00"
"20000";"Presidência da República";"20101";"Presidência da República";"110538";"AGENCIA BRASILEIRA DE INTELIGENCIA";"2021";"03";"";"Sigiloso";"-11";"Sigiloso";"Informações protegidas por sigilo";"";"1000,00"
"20000";"Presidência da República";"20101";"Presidência da República";"110538";"AGENCIA BRASILEIRA DE INTELIGENCIA";"2021";"03";"";"Sigiloso";"-11";"Sigiloso";"Informações protegidas por sigilo";"";"1000,00"
"20000";"Presidência da República";"20101";"Presidência da República";"110538";"AGENCIA BRASILEIRA DE INTELIGENCIA";"2021";"03";"";"Sigiloso";"-11";"Sigiloso";"Informações protegidas por sigilo";"";"1000,00"
"20000";"Presidência da República";"20101";"Presidência da República";"110538";"AGENCIA BRASILEIRA DE INTELIGENCIA";"2021";"03";"";"Sigiloso";"-11";"Sigiloso";"Informações protegidas por sigilo";"";"1000,00"
"20000";"Presidência da República";"20101";"Presidência da República";"110538";"AGENCIA BRASILEIRA DE INTELIGENCIA";"2021";"03";"";"Sigiloso";"-11";"Sigiloso";"Informações protegidas por sigilo";"";"1000,00"
"20000";"Presidência da República";"20101";"Presidência da República";"110538";"AGENCIA BRASILEIRA DE INTELIGENCIA";"2021";"03";"";"Sigiloso";"-11";"Sigiloso";"Informações protegidas por sigilo";"";"1000,00"
"20000";"Presidência da República";"20101";"Presidência da República";"110538";"AGENCIA BRASILEIRA DE INTELIGENCIA";"2021";"03";"";"Sigiloso";"-11";"Sigiloso";"Informações protegidas por sigilo";"";"1000,00"
"20000";"Presidência da República";"20101";"Presidência da República";"110538";"AGENCIA BRASILEIRA DE INTELIGENCIA";"2021";"03";"";"Sigiloso";"-11";"Sigiloso";"Informações protegidas por sigilo";"";"1000,00"
"20000";"Presidência da República";"20101";"Presidência da República";"110538";"AGENCIA BRASILEIRA DE INTELIGENCIA";"2021";"03";"";"Sigiloso";"-11";"Sigiloso";"Informações protegidas por sigilo";"";"1000,00"
"20000";"Presidência da República";"20101";"Presidência da República";"110538";"AGENCIA BRASILEIRA DE INTELIGENCIA";"2021";"03";"";"Sigiloso";"-11";"Sigiloso";"Informações protegidas por sigilo";"";"1000,00"
"20000";"Presidência da República";"20101";"Presidência da República";"110538";"AGENCIA BRASILEIRA DE INTELIGENCIA";"2021";"03";"";"Sigiloso";"-11";"Sigiloso";"Informações protegidas por sigilo";"";"1000,00"
"20000";"Presidência da República";"20101";"Presidência da República";"110538";"AGENCIA BRASILEIRA DE INTELIGENCIA";"2021";"03";"";"Sigiloso";"-11";"Sigiloso";"Informações protegidas por sigilo";"";"397,31"
"20000";"Presidência da República";"20101";"Presidência da República";"110538";"AGENCIA BRASILEIRA DE INTELIGENCIA";"2021";"03";"";"Sigiloso";"-11";"Sigiloso";"Informações protegidas por sigilo";"";"1000,00"
"20000";"Presidência da República";"20101";"Presidência da República";"110538";"AGENCIA BRASILEIRA DE INTELIGENCIA";"2021";"03";"";"Sigiloso";"-11";"Sigiloso";"Informações protegidas por sigilo";"";"1000,00"
"20000";"Presidência da República";"20101";"Presidência da República";"110538";"AGENCIA BRASILEIRA DE INTELIGENCIA";"2021";"03";"";"Sigiloso";"-11";"Sigiloso";"Informações protegidas por sigilo";"";"1000,00"
"20000";"Presidência da República";"20101";"Presidência da República";"110538";"AGENCIA BRASILEIRA DE INTELIGENCIA";"2021";"03";"";"Sigiloso";"-11";"Sigiloso";"Informações protegidas por sigilo";"";"1000,00"
"20000";"Presidência da República";"20101";"Presidência da República";"110538";"AGENCIA BRASILEIRA DE INTELIGENCIA";"2021";"03";"";"Sigiloso";"-11";"Sigiloso";"Informações protegidas por sigilo";"";"1000,00"
"20000";"Presidência da República";"20101";"Presidência da República";"110538";"AGENCIA BRASILEIRA DE INTELIGENCIA";"2021";"03";"";"Sigiloso";"-11";"Sigiloso";"Informações protegidas por sigilo";"";"1000,00"
"20000";"Presidência da República";"20101";"Presidência da República";"110538";"AGENCIA BRASILEIRA DE INTELIGENCIA";"2021";"03";"";"Sigiloso";"-11";"Sigiloso";"Informações protegidas por sigilo";"";"1000,00"
"20000";"Presidência da República";"20101";"Presidência da República";"110538";"AGENCIA BRASILEIRA DE INTELIGENCIA";"2021";"03";"";"Sigiloso";"-11";"Sigiloso";"Informações protegidas por sigilo";"";"1000,00"
"20000";"Presidência da República";"20101";"Presidência da República";"110538";"AGENCIA BRASILEIRA DE INTELIGENCIA";"2021";"03";"";"Sigiloso";"-11";"Sigiloso";"Informações protegidas por sigilo";"";"1000,00"
"20000";"Presidência da República";"20101";"Presidência da República";"110538";"AGENCIA BRASILEIRA DE INTELIGENCIA";"2021";"03";"";"Sigiloso";"-11";"Sigiloso";"Informações protegidas por sigilo";"";"1000,00"
"20000";"Presidência da República";"20101";"Presidência da República";"110538";"AGENCIA BRASILEIRA DE INTELIGENCIA";"2021";"03";"";"Sigiloso";"-11";"Sigiloso";"Informações protegidas por sigilo";"";"817,98"
"20000";"Presidência da República";"20101";"Presidência da República";"110538";"AGENCIA BRASILEIRA DE INTELIGENCIA";"2021";"03";"";"Sigiloso";"-11";"Sigiloso";"Informações protegidas por sigilo";"";"1000,00"
"20000";"Presidência da República";"20101";"Presidência da República";"110538";"AGENCIA BRASILEIRA DE INTELIGENCIA";"2021";"03";"";"Sigiloso";"-11";"Sigiloso";"Informações protegidas por sigilo";"";"1000,00"
"20000";"Presidência da República";"20101";"Presidência da República";"110538";"AGENCIA BRASILEIRA DE INTELIGENCIA";"2021";"03";"";"Sigiloso";"-11";"Sigiloso";"Informações protegidas por sigilo";"";"1000,00"
"20000";"Presidência da República";"20101";"Presidência da República";"110538";"AGENCIA BRASILEIRA DE INTELIGENCIA";"2021";"03";"";"Sigiloso";"-11";"Sigiloso";"Informações protegidas por sigilo";"";"1125,01"
"20000";"Presidência da República";"20101";"Presidência da República";"110538";"AGENCIA BRASILEIRA DE INTELIGENCIA";"2021";"03";"";"Sigiloso";"-11";"Sigiloso";"Informações protegidas por sigilo";"";"50,00"
"20000";"Presidência da República";"20101";"Presidência da República";"110538";"AGENCIA BRASILEIRA DE INTELIGENCIA";"2021";"03";"";"Sigiloso";"-11";"Sigiloso";"Informações protegidas por sigilo";"";"1000,00"
"20000";"Presidência da República";"20101";"Presidência da República";"110538";"AGENCIA BRASILEIRA DE INTELIGENCIA";"2021";"03";"";"Sigiloso";"-11";"Sigiloso";"Informações protegidas por sigilo";"";"1000,00"
"20000";"Presidência da República";"20101";"Presidência da República";"110538";"AGENCIA BRASILEIRA DE INTELIGENCIA";"2021";"03";"";"Sigiloso";"-11";"Sigiloso";"Informações protegidas por sigilo";"";"1000,00"
"20000";"Presidência da República";"20101";"Presidência da República";"110538";"AGENCIA BRASILEIRA DE INTELIGENCIA";"2021";"03";"";"Sigiloso";"-11";"Sigiloso";"Informações protegidas por sigilo";"";"1000,00"
"20000";"Presidência da República";"20101";"Presidência da República";"110538";"AGENCIA BRASILEIRA DE INTELIGENCIA";"2021";"03";"";"Sigiloso";"-11";"Sigiloso";"Informações protegidas por sigilo";"";"397,31"
"20000";"Presidência da República";"20101";"Presidência da República";"110538";"AGENCIA BRASILEIRA DE INTELIGENCIA";"2021";"03";"";"Sigiloso";"-11";"Sigiloso";"Informações protegidas por sigilo";"";"325,57"
"20000";"Presidência da República";"20101";"Presidência da República";"110538";"AGENCIA BRASILEIRA DE INTELIGENCIA";"2021";"03";"";"Sigiloso";"-11";"Sigiloso";"Informações protegidas por sigilo";"";"1000,00"
"20000";"Presidência da República";"20101";"Presidência da República";"110538";"AGENCIA BRASILEIRA DE INTELIGENCIA";"2021";"03";"";"Sigiloso";"-11";"Sigiloso";"Informações protegidas por sigilo";"";"1000,00"
"20000";"Presidência da República";"20101";"Presidência da República";"110538";"AGENCIA BRASILEIRA DE INTELIGENCIA";"2021";"03";"";"Sigiloso";"-11";"Sigiloso";"Informações protegidas por sigilo";"";"1000,00"
"20000";"Presidência da República";"20101";"Presidência da República";"110538";"AGENCIA BRASILEIRA DE INTELIGENCIA";"2021";"03";"";"Sigiloso";"-11";"Sigiloso";"Informações protegidas por sigilo";"";"1000,00"
"20000";"Presidência da República";"20101";"Presidência da República";"110538";"AGENCIA BRASILEIRA DE INTELIGENCIA";"2021";"03";"";"Sigiloso";"-11";"Sigiloso";"Informações protegidas por sigilo";"";"1000,00"
"20000";"Presidência da República";"20101";"Presidência da República";"110538";"AGENCIA BRASILEIRA DE INTELIGENCIA";"2021";"03";"";"Sigiloso";"-11";"Sigiloso";"Informações protegidas por sigilo";"";"1000,00"
"20000";"Presidência da República";"20101";"Presidência da República";"110538";"AGENCIA BRASILEIRA DE INTELIGENCIA";"2021";"03";"";"Sigiloso";"-11";"Sigiloso";"Informações protegidas por sigilo";"";"1000,00"
"20000";"Presidência da República";"20101";"Presidência da República";"110538";"AGENCIA BRASILEIRA DE INTELIGENCIA";"2021";"03";"";"Sigiloso";"-11";"Sigiloso";"Informações protegidas por sigilo";"";"1000,00"
"20000";"Presidência da República";"20101";"Presidência da República";"110538";"AGENCIA BRASILEIRA DE INTELIGENCIA";"2021";"03";"";"Sigiloso";"-11";"Sigiloso";"Informações protegidas por sigilo";"";"1000,00"
"20000";"Presidência da República";"20101";"Presidência da República";"110538";"AGENCIA BRASILEIRA DE INTELIGENCIA";"2021";"03";"";"Sigiloso";"-11";"Sigiloso";"Informações protegidas por sigilo";"";"1000,00"
"20000";"Presidência da República";"20101";"Presidência da República";"110538";"AGENCIA BRASILEIRA DE INTELIGENCIA";"2021";"03";"";"Sigiloso";"-11";"Sigiloso";"Informações protegidas por sigilo";"";"1000,00"
"20000";"Presidência da República";"20101";"Presidência da República";"110538";"AGENCIA BRASILEIRA DE INTELIGENCIA";"2021";"03";"";"Sigiloso";"-11";"Sigiloso";"Informações protegidas por sigilo";"";"1000,00"
"20000";"Presidência da República";"20101";"Presidência da República";"110538";"AGENCIA BRASILEIRA DE INTELIGENCIA";"2021";"03";"";"Sigiloso";"-11";"Sigiloso";"Informações protegidas por sigilo";"";"1000,00"
"20000";"Presidência da República";"20101";"Presidência da República";"110538";"AGENCIA BRASILEIRA DE INTELIGENCIA";"2021";"03";"";"Sigiloso";"-11";"Sigiloso";"Informações protegidas por sigilo";"";"1000,00"
"20000";"Presidência da República";"20101";"Presidência da República";"110538";"AGENCIA BRASILEIRA DE INTELIGENCIA";"2021";"03";"";"Sigiloso";"-11";"Sigiloso";"Informações protegidas por sigilo";"";"1000,00"
"20000";"Presidência da República";"20101";"Presidência da República";"110538";"AGENCIA BRASILEIRA DE INTELIGENCIA";"2021";"03";"";"Sigiloso";"-11";"Sigiloso";"Informações protegidas por sigilo";"";"1000,00"
"20000";"Presidência da República";"20101";"Presidência da República";"110538";"AGENCIA BRASILEIRA DE INTELIGENCIA";"2021";"03";"";"Sigiloso";"-11";"Sigiloso";"Informações protegidas por sigilo";"";"932,23"
"20000";"Presidência da República";"20101";"Presidência da República";"110538";"AGENCIA BRASILEIRA DE INTELIGENCIA";"2021";"03";"";"Sigiloso";"-11";"Sigiloso";"Informações protegidas por sigilo";"";"1000,00"
"20000";"Presidência da República";"20101";"Presidência da República";"110538";"AGENCIA BRASILEIRA DE INTELIGENCIA";"2021";"03";"";"Sigiloso";"-11";"Sigiloso";"Informações protegidas por sigilo";"";"1000,00"
"20000";"Presidência da República";"20101";"Presidência da República";"110538";"AGENCIA BRASILEIRA DE INTELIGENCIA";"2021";"03";"";"Sigiloso";"-11";"Sigiloso";"Informações protegidas por sigilo";"";"1000,00"
"20000";"Presidência da República";"20101";"Presidência da República";"110538";"AGENCIA BRASILEIRA DE INTELIGENCIA";"2021";"03";"";"Sigiloso";"-11";"Sigiloso";"Informações protegidas por sigilo";"";"1000,00"
"20000";"Presidência da República";"20101";"Presidência da República";"110538";"AGENCIA BRASILEIRA DE INTELIGENCIA";"2021";"03";"";"Sigiloso";"-11";"Sigiloso";"Informações protegidas por sigilo";"";"400,00"
"20000";"Presidência da República";"20101";"Presidência da República";"110538";"AGENCIA BRASILEIRA DE INTELIGENCIA";"2021";"03";"";"Sigiloso";"-11";"Sigiloso";"Informações protegidas por sigilo";"";"1000,00"
"20000";"Presidência da República";"20101";"Presidência da República";"110538";"AGENCIA BRASILEIRA DE INTELIGENCIA";"2021";"03";"";"Sigiloso";"-11";"Sigiloso";"Informações protegidas por sigilo";"";"397,31"
"20000";"Presidência da República";"20101";"Presidência da República";"110538";"AGENCIA BRASILEIRA DE INTELIGENCIA";"2021";"03";"";"Sigiloso";"-11";"Sigiloso";"Informações protegidas por sigilo";"";"1000,00"
"20000";"Presidência da República";"20101";"Presidência da República";"110538";"AGENCIA BRASILEIRA DE INTELIGENCIA";"2021";"03";"";"Sigiloso";"-11";"Sigiloso";"Informações protegidas por sigilo";"";"1000,00"
"20000";"Presidência da República";"20101";"Presidência da República";"110538";"AGENCIA BRASILEIRA DE INTELIGENCIA";"2021";"03";"";"Sigiloso";"-11";"Sigiloso";"Informações protegidas por sigilo";"";"1000,00"
"20000";"Presidência da República";"20101";"Presidência da República";"110538";"AGENCIA BRASILEIRA DE INTELIGENCIA";"2021";"03";"";"Sigiloso";"-11";"Sigiloso";"Informações protegidas por sigilo";"";"1000,00"
"20000";"Presidência da República";"20101";"Presidência da República";"110538";"AGENCIA BRASILEIRA DE INTELIGENCIA";"2021";"03";"";"Sigiloso";"-11";"Sigiloso";"Informações protegidas por sigilo";"";"1000,00"
"20000";"Presidência da República";"20101";"Presidência da República";"110538";"AGENCIA BRASILEIRA DE INTELIGENCIA";"2021";"03";"";"Sigiloso";"-11";"Sigiloso";"Informações protegidas por sigilo";"";"870,29"
"20000";"Presidência da República";"20101";"Presidência da República";"110538";"AGENCIA BRASILEIRA DE INTELIGENCIA";"2021";"03";"";"Sigiloso";"-11";"Sigiloso";"Informações protegidas por sigilo";"";"1000,00"
"20000";"Presidência da República";"20101";"Presidência da República";"110538";"AGENCIA BRASILEIRA DE INTELIGENCIA";"2021";"03";"";"Sigiloso";"-11";"Sigiloso";"Informações protegidas por sigilo";"";"1000,00"
"20000";"Presidência da República";"20101";"Presidência da República";"110538";"AGENCIA BRASILEIRA DE INTELIGENCIA";"2021";"03";"";"Sigiloso";"-11";"Sigiloso";"Informações protegidas por sigilo";"";"1000,00"
"20000";"Presidência da República";"20101";"Presidência da República";"110538";"AGENCIA BRASILEIRA DE INTELIGENCIA";"2021";"03";"";"Sigiloso";"-11";"Sigiloso";"Informações protegidas por sigilo";"";"1000,00"
"20000";"Presidência da República";"20101";"Presidência da República";"110538";"AGENCIA BRASILEIRA DE INTELIGENCIA";"2021";"03";"";"Sigiloso";"-11";"Sigiloso";"Informações protegidas por sigilo";"";"1000,00"
"20000";"Presidência da República";"20101";"Presidência da República";"110538";"AGENCIA BRASILEIRA DE INTELIGENCIA";"2021";"03";"";"Sigiloso";"-11";"Sigiloso";"Informações protegidas por sigilo";"";"870,29"
"20000";"Presidência da República";"20101";"Presidência da República";"110538";"AGENCIA BRASILEIRA DE INTELIGENCIA";"2021";"03";"";"Sigiloso";"-11";"Sigiloso";"Informações protegidas por sigilo";"";"1000,00"
"20000";"Presidência da República";"20101";"Presidência da República";"110538";"AGENCIA BRASILEIRA DE INTELIGENCIA";"2021";"03";"";"Sigiloso";"-11";"Sigiloso";"Informações protegidas por sigilo";"";"1000,00"
"20000";"Presidência da República";"20101";"Presidência da República";"110538";"AGENCIA BRASILEIRA DE INTELIGENCIA";"2021";"03";"";"Sigiloso";"-11";"Sigiloso";"Informações protegidas por sigilo";"";"1000,00"
"20000";"Presidência da República";"20101";"Presidência da República";"110538";"AGENCIA BRASILEIRA DE INTELIGENCIA";"2021";"03";"";"Sigiloso";"-11";"Sigiloso";"Informações protegidas por sigilo";"";"1000,00"
"20000";"Presidência da República";"20101";"Presidência da República";"110538";"AGENCIA BRASILEIRA DE INTELIGENCIA";"2021";"03";"";"Sigiloso";"-11";"Sigiloso";"Informações protegidas por sigilo";"";"1000,00"
"20000";"Presidência da República";"20101";"Presidência da República";"110538";"AGENCIA BRASILEIRA DE INTELIGENCIA";"2021";"03";"";"Sigiloso";"-11";"Sigiloso";"Informações protegidas por sigilo";"";"1000,00"
"20000";"Presidência da República";"20101";"Presidência da República";"110538";"AGENCIA BRASILEIRA DE INTELIGENCIA";"2021";"03";"";"Sigiloso";"-11";"Sigiloso";"Informações protegidas por sigilo";"";"1000,00"
"20000";"Presidência da República";"20101";"Presidência da República";"110538";"AGENCIA BRASILEIRA DE INTELIGENCIA";"2021";"03";"";"Sigiloso";"-11";"Sigiloso";"Informações protegidas por sigilo";"";"1000,00"
"20000";"Presidência da República";"20101";"Presidência da República";"110538";"AGENCIA BRASILEIRA DE INTELIGENCIA";"2021";"03";"";"Sigiloso";"-11";"Sigiloso";"Informações protegidas por sigilo";"";"1000,00"
"20000";"Presidência da República";"20101";"Presidência da República";"110538";"AGENCIA BRASILEIRA DE INTELIGENCIA";"2021";"03";"";"Sigiloso";"-11";"Sigiloso";"Informações protegidas por sigilo";"";"1000,00"
"20000";"Presidência da República";"20101";"Presidência da República";"110538";"AGENCIA BRASILEIRA DE INTELIGENCIA";"2021";"03";"";"Sigiloso";"-11";"Sigiloso";"Informações protegidas por sigilo";"";"1000,00"
"20000";"Presidência da República";"20101";"Presidência da República";"110538";"AGENCIA BRASILEIRA DE INTELIGENCIA";"2021";"03";"";"Sigiloso";"-11";"Sigiloso";"Informações protegidas por sigilo";"";"1000,00"
"20000";"Presidência da República";"20101";"Presidência da República";"110538";"AGENCIA BRASILEIRA DE INTELIGENCIA";"2021";"03";"";"Sigiloso";"-11";"Sigiloso";"Informações protegidas por sigilo";"";"20000,00"
"20000";"Presidência da República";"20101";"Presidência da República";"110538";"AGENCIA BRASILEIRA DE INTELIGENCIA";"2021";"03";"";"Sigiloso";"-11";"Sigiloso";"Informações protegidas por sigilo";"";"1000,00"
"20000";"Presidência da República";"20101";"Presidência da República";"110538";"AGENCIA BRASILEIRA DE INTELIGENCIA";"2021";"03";"";"Sigiloso";"-11";"Sigiloso";"Informações protegidas por sigilo";"";"1000,00"
"20000";"Presidência da República";"20101";"Presidência da República";"110538";"AGENCIA BRASILEIRA DE INTELIGENCIA";"2021";"03";"";"Sigiloso";"-11";"Sigiloso";"Informações protegidas por sigilo";"";"1000,00"
"20000";"Presidência da República";"20101";"Presidência da República";"110538";"AGENCIA BRASILEIRA DE INTELIGENCIA";"2021";"03";"";"Sigiloso";"-11";"Sigiloso";"Informações protegidas por sigilo";"";"1000,00"
"20000";"Presidência da República";"20101";"Presidência da República";"110538";"AGENCIA BRASILEIRA DE INTELIGENCIA";"2021";"03";"";"Sigiloso";"-11";"Sigiloso";"Informações protegidas por sigilo";"";"1000,00"
"20000";"Presidência da República";"20101";"Presidência da República";"110538";"AGENCIA BRASILEIRA DE INTELIGENCIA";"2021";"03";"";"Sigiloso";"-11";"Sigiloso";"Informações protegidas por sigilo";"";"1000,00"
"20000";"Presidência da República";"20101";"Presidência da República";"110538";"AGENCIA BRASILEIRA DE INTELIGENCIA";"2021";"03";"";"Sigiloso";"-11";"Sigiloso";"Informações protegidas por sigilo";"";"1000,00"
"20000";"Presidência da República";"20101";"Presidência da República";"110538";"AGENCIA BRASILEIRA DE INTELIGENCIA";"2021";"03";"";"Sigiloso";"-11";"Sigiloso";"Informações protegidas por sigilo";"";"1000,00"
"20000";"Presidência da República";"20101";"Presidência da República";"110538";"AGENCIA BRASILEIRA DE INTELIGENCIA";"2021";"03";"";"Sigiloso";"-11";"Sigiloso";"Informações protegidas por sigilo";"";"1000,00"
"20000";"Presidência da República";"20101";"Presidência da República";"110538";"AGENCIA BRASILEIRA DE INTELIGENCIA";"2021";"03";"";"Sigiloso";"-11";"Sigiloso";"Informações protegidas por sigilo";"";"1000,00"
"20000";"Presidência da República";"20101";"Presidência da República";"110538";"AGENCIA BRASILEIRA DE INTELIGENCIA";"2021";"03";"";"Sigiloso";"-11";"Sigiloso";"Informações protegidas por sigilo";"";"1000,00"
"20000";"Presidência da República";"20101";"Presidência da República";"110538";"AGENCIA BRASILEIRA DE INTELIGENCIA";"2021";"03";"";"Sigiloso";"-11";"Sigiloso";"Informações protegidas por sigilo";"";"1000,00"
"20000";"Presidência da República";"20101";"Presidência da República";"110538";"AGENCIA BRASILEIRA DE INTELIGENCIA";"2021";"03";"";"Sigiloso";"-11";"Sigiloso";"Informações protegidas por sigilo";"";"1000,00"
"20000";"Presidência da República";"20101";"Presidência da República";"110538";"AGENCIA BRASILEIRA DE INTELIGENCIA";"2021";"03";"";"Sigiloso";"-11";"Sigiloso";"Informações protegidas por sigilo";"";"1000,00"
"20000";"Presidência da República";"20101";"Presidência da República";"110538";"AGENCIA BRASILEIRA DE INTELIGENCIA";"2021";"03";"";"Sigiloso";"-11";"Sigiloso";"Informações protegidas por sigilo";"";"1000,00"
"20000";"Presidência da República";"20101";"Presidência da República";"110538";"AGENCIA BRASILEIRA DE INTELIGENCIA";"2021";"03";"";"Sigiloso";"-11";"Sigiloso";"Informações protegidas por sigilo";"";"20000,00"
"20000";"Presidência da República";"20101";"Presidência da República";"110538";"AGENCIA BRASILEIRA DE INTELIGENCIA";"2021";"03";"";"Sigiloso";"-11";"Sigiloso";"Informações protegidas por sigilo";"";"1000,00"
"20000";"Presidência da República";"20101";"Presidência da República";"110538";"AGENCIA BRASILEIRA DE INTELIGENCIA";"2021";"03";"";"Sigiloso";"-11";"Sigiloso";"Informações protegidas por sigilo";"";"1000,00"
"20000";"Presidência da República";"20101";"Presidência da República";"110538";"AGENCIA BRASILEIRA DE INTELIGENCIA";"2021";"03";"";"Sigiloso";"-11";"Sigiloso";"Informações protegidas por sigilo";"";"1000,00"
"20000";"Presidência da República";"20101";"Presidência da República";"110538";"AGENCIA BRASILEIRA DE INTELIGENCIA";"2021";"03";"";"Sigiloso";"-11";"Sigiloso";"Informações protegidas por sigilo";"";"200,00"
"20000";"Presidência da República";"20101";"Presidência da República";"110538";"AGENCIA BRASILEIRA DE INTELIGENCIA";"2021";"03";"";"Sigiloso";"-11";"Sigiloso";"Informações protegidas por sigilo";"";"1000,00"
"20000";"Presidência da República";"20101";"Presidência da República";"110538";"AGENCIA BRASILEIRA DE INTELIGENCIA";"2021";"03";"";"Sigiloso";"-11";"Sigiloso";"Informações protegidas por sigilo";"";"500,00"
"20000";"Presidência da República";"20101";"Presidência da República";"110538";"AGENCIA BRASILEIRA DE INTELIGENCIA";"2021";"03";"";"Sigiloso";"-11";"Sigiloso";"Informações protegidas por sigilo";"";"1000,00"
"20000";"Presidência da República";"20101";"Presidência da República";"110538";"AGENCIA BRASILEIRA DE INTELIGENCIA";"2021";"03";"";"Sigiloso";"-11";"Sigiloso";"Informações protegidas por sigilo";"";"1000,00"
"20000";"Presidência da República";"20101";"Presidência da República";"110538";"AGENCIA BRASILEIRA DE INTELIGENCIA";"2021";"03";"";"Sigiloso";"-11";"Sigiloso";"Informações protegidas por sigilo";"";"1000,00"
"20000";"Presidência da República";"20101";"Presidência da República";"110538";"AGENCIA BRASILEIRA DE INTELIGENCIA";"2021";"03";"";"Sigiloso";"-11";"Sigiloso";"Informações protegidas por sigilo";"";"1000,00"
"20000";"Presidência da República";"20101";"Presidência da República";"110538";"AGENCIA BRASILEIRA DE INTELIGENCIA";"2021";"03";"";"Sigiloso";"-11";"Sigiloso";"Informações protegidas por sigilo";"";"20000,00"
"20000";"Presidência da República";"20101";"Presidência da República";"110538";"AGENCIA BRASILEIRA DE INTELIGENCIA";"2021";"03";"";"Sigiloso";"-11";"Sigiloso";"Informações protegidas por sigilo";"";"1000,00"
"20000";"Presidência da República";"20101";"Presidência da República";"110538";"AGENCIA BRASILEIRA DE INTELIGENCIA";"2021";"03";"";"Sigiloso";"-11";"Sigiloso";"Informações protegidas por sigilo";"";"397,31"
"20000";"Presidência da República";"20101";"Presidência da República";"110538";"AGENCIA BRASILEIRA DE INTELIGENCIA";"2021";"03";"";"Sigiloso";"-11";"Sigiloso";"Informações protegidas por sigilo";"";"1000,00"
"20000";"Presidência da República";"20101";"Presidência da República";"110538";"AGENCIA BRASILEIRA DE INTELIGENCIA";"2021";"03";"";"Sigiloso";"-11";"Sigiloso";"Informações protegidas por sigilo";"";"1000,00"
"20000";"Presidência da República";"20101";"Presidência da República";"110538";"AGENCIA BRASILEIRA DE INTELIGENCIA";"2021";"03";"";"Sigiloso";"-11";"Sigiloso";"Informações protegidas por sigilo";"";"1000,00"
"20000";"Presidência da República";"20101";"Presidência da República";"110538";"AGENCIA BRASILEIRA DE INTELIGENCIA";"2021";"03";"";"Sigiloso";"-11";"Sigiloso";"Informações protegidas por sigilo";"";"1000,00"
"20000";"Presidência da República";"20101";"Presidência da República";"110538";"AGENCIA BRASILEIRA DE INTELIGENCIA";"2021";"03";"";"Sigiloso";"-11";"Sigiloso";"Informações protegidas por sigilo";"";"1000,00"
"20000";"Presidência da República";"20101";"Presidência da República";"110538";"AGENCIA BRASILEIRA DE INTELIGENCIA";"2021";"03";"";"Sigiloso";"-11";"Sigiloso";"Informações protegidas por sigilo";"";"1000,00"
"20000";"Presidência da República";"20101";"Presidência da República";"110538";"AGENCIA BRASILEIRA DE INTELIGENCIA";"2021";"03";"";"Sigiloso";"-11";"Sigiloso";"Informações protegidas por sigilo";"";"1000,00"
"20000";"Presidência da República";"20101";"Presidência da República";"110538";"AGENCIA BRASILEIRA DE INTELIGENCIA";"2021";"03";"";"Sigiloso";"-11";"Sigiloso";"Informações protegidas por sigilo";"";"1000,00"
"20000";"Presidência da República";"20101";"Presidência da República";"110538";"AGENCIA BRASILEIRA DE INTELIGENCIA";"2021";"03";"";"Sigiloso";"-11";"Sigiloso";"Informações protegidas por sigilo";"";"1000,00"
"20000";"Presidência da República";"20101";"Presidência da República";"110538";"AGENCIA BRASILEIRA DE INTELIGENCIA";"2021";"03";"";"Sigiloso";"-11";"Sigiloso";"Informações protegidas por sigilo";"";"1000,00"
"20000";"Presidência da República";"20101";"Presidência da República";"110538";"AGENCIA BRASILEIRA DE INTELIGENCIA";"2021";"03";"";"Sigiloso";"-11";"Sigiloso";"Informações protegidas por sigilo";"";"1000,00"
"20000";"Presidência da República";"20101";"Presidência da República";"110538";"AGENCIA BRASILEIRA DE INTELIGENCIA";"2021";"03";"";"Sigiloso";"-11";"Sigiloso";"Informações protegidas por sigilo";"";"1000,00"
"20000";"Presidência da República";"20101";"Presidência da República";"110538";"AGENCIA BRASILEIRA DE INTELIGENCIA";"2021";"03";"";"Sigiloso";"-11";"Sigiloso";"Informações protegidas por sigilo";"";"1000,00"
"20000";"Presidência da República";"20101";"Presidência da República";"110538";"AGENCIA BRASILEIRA DE INTELIGENCIA";"2021";"03";"";"Sigiloso";"-11";"Sigiloso";"Informações protegidas por sigilo";"";"1000,00"
"20000";"Presidência da República";"20101";"Presidência da República";"110538";"AGENCIA BRASILEIRA DE INTELIGENCIA";"2021";"03";"";"Sigiloso";"-11";"Sigiloso";"Informações protegidas por sigilo";"";"1000,00"
"20000";"Presidência da República";"20101";"Presidência da República";"110538";"AGENCIA BRASILEIRA DE INTELIGENCIA";"2021";"03";"";"Sigiloso";"-11";"Sigiloso";"Informações protegidas por sigilo";"";"1000,00"
"20000";"Presidência da República";"20101";"Presidência da República";"110538";"AGENCIA BRASILEIRA DE INTELIGENCIA";"2021";"03";"";"Sigiloso";"-11";"Sigiloso";"Informações protegidas por sigilo";"";"1000,00"
"20000";"Presidência da República";"20101";"Presidência da República";"110538";"AGENCIA BRASILEIRA DE INTELIGENCIA";"2021";"03";"";"Sigiloso";"-11";"Sigiloso";"Informações protegidas por sigilo";"";"1000,00"
"20000";"Presidência da República";"20101";"Presidência da República";"110538";"AGENCIA BRASILEIRA DE INTELIGENCIA";"2021";"03";"";"Sigiloso";"-11";"Sigiloso";"Informações protegidas por sigilo";"";"1000,00"
"20000";"Presidência da República";"20101";"Presidência da República";"110538";"AGENCIA BRASILEIRA DE INTELIGENCIA";"2021";"03";"";"Sigiloso";"-11";"Sigiloso";"Informações protegidas por sigilo";"";"1000,00"
"20000";"Presidência da República";"20101";"Presidência da República";"110538";"AGENCIA BRASILEIRA DE INTELIGENCIA";"2021";"03";"";"Sigiloso";"-11";"Sigiloso";"Informações protegidas por sigilo";"";"700,00"
"20000";"Presidência da República";"20101";"Presidência da República";"110538";"AGENCIA BRASILEIRA DE INTELIGENCIA";"2021";"03";"";"Sigiloso";"-11";"Sigiloso";"Informações protegidas por sigilo";"";"1000,00"
"20000";"Presidência da República";"20101";"Presidência da República";"110538";"AGENCIA BRASILEIRA DE INTELIGENCIA";"2021";"03";"";"Sigiloso";"-11";"Sigiloso";"Informações protegidas por sigilo";"";"1000,00"
"20000";"Presidência da República";"20101";"Presidência da República";"110538";"AGENCIA BRASILEIRA DE INTELIGENCIA";"2021";"03";"";"Sigiloso";"-11";"Sigiloso";"Informações protegidas por sigilo";"";"1000,00"
"20000";"Presidência da República";"20101";"Presidência da República";"110538";"AGENCIA BRASILEIRA DE INTELIGENCIA";"2021";"03";"";"Sigiloso";"-11";"Sigiloso";"Informações protegidas por sigilo";"";"1000,00"
"20000";"Presidência da República";"20101";"Presidência da República";"110538";"AGENCIA BRASILEIRA DE INTELIGENCIA";"2021";"03";"";"Sigiloso";"-11";"Sigiloso";"Informações protegidas por sigilo";"";"1000,00"
"20000";"Presidência da República";"20101";"Presidência da República";"110538";"AGENCIA BRASILEIRA DE INTELIGENCIA";"2021";"03";"";"Sigiloso";"-11";"Sigiloso";"Informações protegidas por sigilo";"";"1000,00"
"20000";"Presidência da República";"20101";"Presidência da República";"110538";"AGENCIA BRASILEIRA DE INTELIGENCIA";"2021";"03";"";"Sigiloso";"-11";"Sigiloso";"Informações protegidas por sigilo";"";"1000,00"
"20000";"Presidência da República";"20101";"Presidência da República";"110538";"AGENCIA BRASILEIRA DE INTELIGENCIA";"2021";"03";"";"Sigiloso";"-11";"Sigiloso";"Informações protegidas por sigilo";"";"1000,00"
"20000";"Presidência da República";"20101";"Presidência da República";"110538";"AGENCIA BRASILEIRA DE INTELIGENCIA";"2021";"03";"";"Sigiloso";"-11";"Sigiloso";"Informações protegidas por sigilo";"";"1000,00"
"20000";"Presidência da República";"20101";"Presidência da República";"110538";"AGENCIA BRASILEIRA DE INTELIGENCIA";"2021";"03";"";"Sigiloso";"-11";"Sigiloso";"Informações protegidas por sigilo";"";"900,00"
"20000";"Presidência da República";"20101";"Presidência da República";"110538";"AGENCIA BRASILEIRA DE INTELIGENCIA";"2021";"03";"";"Sigiloso";"-11";"Sigiloso";"Informações protegidas por sigilo";"";"1000,00"
"20000";"Presidência da República";"20101";"Presidência da República";"110538";"AGENCIA BRASILEIRA DE INTELIGENCIA";"2021";"03";"";"Sigiloso";"-11";"Sigiloso";"Informações protegidas por sigilo";"";"1000,00"
"20000";"Presidência da República";"20101";"Presidência da República";"110538";"AGENCIA BRASILEIRA DE INTELIGENCIA";"2021";"03";"";"Sigiloso";"-11";"Sigiloso";"Informações protegidas por sigilo";"";"1000,00"
"20000";"Presidência da República";"20101";"Presidência da República";"110538";"AGENCIA BRASILEIRA DE INTELIGENCIA";"2021";"03";"";"Sigiloso";"-11";"Sigiloso";"Informações protegidas por sigilo";"";"1000,00"
"20000";"Presidência da República";"20101";"Presidência da República";"110538";"AGENCIA BRASILEIRA DE INTELIGENCIA";"2021";"03";"";"Sigiloso";"-11";"Sigiloso";"Informações protegidas por sigilo";"";"1000,00"
"20000";"Presidência da República";"20101";"Presidência da República";"110538";"AGENCIA BRASILEIRA DE INTELIGENCIA";"2021";"03";"";"Sigiloso";"-11";"Sigiloso";"Informações protegidas por sigilo";"";"1000,00"
"20000";"Presidência da República";"20101";"Presidência da República";"110538";"AGENCIA BRASILEIRA DE INTELIGENCIA";"2021";"03";"";"Sigiloso";"-11";"Sigiloso";"Informações protegidas por sigilo";"";"1000,00"
"20000";"Presidência da República";"20101";"Presidência da República";"110538";"AGENCIA BRASILEIRA DE INTELIGENCIA";"2021";"03";"";"Sigiloso";"-11";"Sigiloso";"Informações protegidas por sigilo";"";"1000,00"
"20000";"Presidência da República";"20101";"Presidência da República";"110538";"AGENCIA BRASILEIRA DE INTELIGENCIA";"2021";"03";"";"Sigiloso";"-11";"Sigiloso";"Informações protegidas por sigilo";"";"1000,00"
"20000";"Presidência da República";"20101";"Presidência da República";"110538";"AGENCIA BRASILEIRA DE INTELIGENCIA";"2021";"03";"";"Sigiloso";"-11";"Sigiloso";"Informações protegidas por sigilo";"";"1000,00"
"20000";"Presidência da República";"20101";"Presidência da República";"110538";"AGENCIA BRASILEIRA DE INTELIGENCIA";"2021";"03";"";"Sigiloso";"-11";"Sigiloso";"Informações protegidas por sigilo";"";"20000,00"
"20000";"Presidência da República";"20101";"Presidência da República";"110538";"AGENCIA BRASILEIRA DE INTELIGENCIA";"2021";"03";"";"Sigiloso";"-11";"Sigiloso";"Informações protegidas por sigilo";"";"1000,00"
"20000";"Presidência da República";"20101";"Presidência da República";"110538";"AGENCIA BRASILEIRA DE INTELIGENCIA";"2021";"03";"";"Sigiloso";"-11";"Sigiloso";"Informações protegidas por sigilo";"";"397,31"
"20000";"Presidência da República";"20101";"Presidência da República";"110538";"AGENCIA BRASILEIRA DE INTELIGENCIA";"2021";"03";"";"Sigiloso";"-11";"Sigiloso";"Informações protegidas por sigilo";"";"1000,00"
"20000";"Presidência da República";"20101";"Presidência da República";"110538";"AGENCIA BRASILEIRA DE INTELIGENCIA";"2021";"03";"";"Sigiloso";"-11";"Sigiloso";"Informações protegidas por sigilo";"";"1000,00"
"20000";"Presidência da República";"20101";"Presidência da República";"110538";"AGENCIA BRASILEIRA DE INTELIGENCIA";"2021";"03";"";"Sigiloso";"-11";"Sigiloso";"Informações protegidas por sigilo";"";"20000,00"
"20000";"Presidência da República";"20101";"Presidência da República";"110538";"AGENCIA BRASILEIRA DE INTELIGENCIA";"2021";"03";"";"Sigiloso";"-11";"Sigiloso";"Informações protegidas por sigilo";"";"1000,00"
"20000";"Presidência da República";"20101";"Presidência da República";"110538";"AGENCIA BRASILEIRA DE INTELIGENCIA";"2021";"03";"";"Sigiloso";"-11";"Sigiloso";"Informações protegidas por sigilo";"";"1000,00"
"20000";"Presidência da República";"20101";"Presidência da República";"110538";"AGENCIA BRASILEIRA DE INTELIGENCIA";"2021";"03";"";"Sigiloso";"-11";"Sigiloso";"Informações protegidas por sigilo";"";"1000,00"
"20000";"Presidência da República";"20101";"Presidência da República";"110538";"AGENCIA BRASILEIRA DE INTELIGENCIA";"2021";"03";"";"Sigiloso";"-11";"Sigiloso";"Informações protegidas por sigilo";"";"1000,00"
"20000";"Presidência da República";"20101";"Presidência da República";"110538";"AGENCIA BRASILEIRA DE INTELIGENCIA";"2021";"03";"";"Sigiloso";"-11";"Sigiloso";"Informações protegidas por sigilo";"";"1000,00"
"20000";"Presidência da República";"20101";"Presidência da República";"110538";"AGENCIA BRASILEIRA DE INTELIGENCIA";"2021";"03";"";"Sigiloso";"-11";"Sigiloso";"Informações protegidas por sigilo";"";"500,00"
"20000";"Presidência da República";"20101";"Presidência da República";"110538";"AGENCIA BRASILEIRA DE INTELIGENCIA";"2021";"03";"";"Sigiloso";"-11";"Sigiloso";"Informações protegidas por sigilo";"";"1000,00"
"20000";"Presidência da República";"20101";"Presidência da República";"110538";"AGENCIA BRASILEIRA DE INTELIGENCIA";"2021";"03";"";"Sigiloso";"-11";"Sigiloso";"Informações protegidas por sigilo";"";"1000,00"
"20000";"Presidência da República";"20101";"Presidência da República";"110538";"AGENCIA BRASILEIRA DE INTELIGENCIA";"2021";"03";"";"Sigiloso";"-11";"Sigiloso";"Informações protegidas por sigilo";"";"1000,00"
"20000";"Presidência da República";"20101";"Presidência da República";"110538";"AGENCIA BRASILEIRA DE INTELIGENCIA";"2021";"03";"";"Sigiloso";"-11";"Sigiloso";"Informações protegidas por sigilo";"";"1000,00"
"20000";"Presidência da República";"20101";"Presidência da República";"110538";"AGENCIA BRASILEIRA DE INTELIGENCIA";"2021";"03";"";"Sigiloso";"-11";"Sigiloso";"Informações protegidas por sigilo";"";"1000,00"
"20000";"Presidência da República";"20101";"Presidência da República";"110538";"AGENCIA BRASILEIRA DE INTELIGENCIA";"2021";"03";"";"Sigiloso";"-11";"Sigiloso";"Informações protegidas por sigilo";"";"1000,00"
"20000";"Presidência da República";"20101";"Presidência da República";"110538";"AGENCIA BRASILEIRA DE INTELIGENCIA";"2021";"03";"";"Sigiloso";"-11";"Sigiloso";"Informações protegidas por sigilo";"";"1000,00"
"20000";"Presidência da República";"20101";"Presidência da República";"110538";"AGENCIA BRASILEIRA DE INTELIGENCIA";"2021";"03";"";"Sigiloso";"-11";"Sigiloso";"Informações protegidas por sigilo";"";"250,00"
"20000";"Presidência da República";"20101";"Presidência da República";"110538";"AGENCIA BRASILEIRA DE INTELIGENCIA";"2021";"03";"";"Sigiloso";"-11";"Sigiloso";"Informações protegidas por sigilo";"";"1000,00"
"20000";"Presidência da República";"20101";"Presidência da República";"110538";"AGENCIA BRASILEIRA DE INTELIGENCIA";"2021";"03";"";"Sigiloso";"-11";"Sigiloso";"Informações protegidas por sigilo";"";"1000,00"
"20000";"Presidência da República";"20101";"Presidência da República";"110538";"AGENCIA BRASILEIRA DE INTELIGENCIA";"2021";"03";"";"Sigiloso";"-11";"Sigiloso";"Informações protegidas por sigilo";"";"20000,00"
"20000";"Presidência da República";"20101";"Presidência da República";"110538";"AGENCIA BRASILEIRA DE INTELIGENCIA";"2021";"03";"";"Sigiloso";"-11";"Sigiloso";"Informações protegidas por sigilo";"";"1000,00"
"20000";"Presidência da República";"20101";"Presidência da República";"110538";"AGENCIA BRASILEIRA DE INTELIGENCIA";"2021";"03";"";"Sigiloso";"-11";"Sigiloso";"Informações protegidas por sigilo";"";"1000,00"
"20000";"Presidência da República";"20101";"Presidência da República";"110538";"AGENCIA BRASILEIRA DE INTELIGENCIA";"2021";"03";"";"Sigiloso";"-11";"Sigiloso";"Informações protegidas por sigilo";"";"1000,00"
"20000";"Presidência da República";"20101";"Presidência da República";"110538";"AGENCIA BRASILEIRA DE INTELIGENCIA";"2021";"03";"";"Sigiloso";"-11";"Sigiloso";"Informações protegidas por sigilo";"";"936,80"
"20000";"Presidência da República";"20101";"Presidência da República";"110538";"AGENCIA BRASILEIRA DE INTELIGENCIA";"2021";"03";"";"Sigiloso";"-11";"Sigiloso";"Informações protegidas por sigilo";"";"1000,00"
"20000";"Presidência da República";"20101";"Presidência da República";"110538";"AGENCIA BRASILEIRA DE INTELIGENCIA";"2021";"03";"";"Sigiloso";"-11";"Sigiloso";"Informações protegidas por sigilo";"";"1000,00"
"20000";"Presidência da República";"20101";"Presidência da República";"110538";"AGENCIA BRASILEIRA DE INTELIGENCIA";"2021";"03";"";"Sigiloso";"-11";"Sigiloso";"Informações protegidas por sigilo";"";"1000,00"
"20000";"Presidência da República";"20101";"Presidência da República";"110538";"AGENCIA BRASILEIRA DE INTELIGENCIA";"2021";"03";"";"Sigiloso";"-11";"Sigiloso";"Informações protegidas por sigilo";"";"1000,00"
"20000";"Presidência da República";"20101";"Presidência da República";"110538";"AGENCIA BRASILEIRA DE INTELIGENCIA";"2021";"03";"";"Sigiloso";"-11";"Sigiloso";"Informações protegidas por sigilo";"";"1000,00"
"20000";"Presidência da República";"20101";"Presidência da República";"110538";"AGENCIA BRASILEIRA DE INTELIGENCIA";"2021";"03";"";"Sigiloso";"-11";"Sigiloso";"Informações protegidas por sigilo";"";"1000,00"
"20000";"Presidência da República";"20101";"Presidência da República";"110538";"AGENCIA BRASILEIRA DE INTELIGENCIA";"2021";"03";"";"Sigiloso";"-11";"Sigiloso";"Informações protegidas por sigilo";"";"1000,00"
"20000";"Presidência da República";"20101";"Presidência da República";"110538";"AGENCIA BRASILEIRA DE INTELIGENCIA";"2021";"03";"";"Sigiloso";"-11";"Sigiloso";"Informações protegidas por sigilo";"";"500,00"
"20000";"Presidência da República";"20101";"Presidência da República";"110538";"AGENCIA BRASILEIRA DE INTELIGENCIA";"2021";"03";"";"Sigiloso";"-11";"Sigiloso";"Informações protegidas por sigilo";"";"1000,00"
"20000";"Presidência da República";"20101";"Presidência da República";"110538";"AGENCIA BRASILEIRA DE INTELIGENCIA";"2021";"03";"";"Sigiloso";"-11";"Sigiloso";"Informações protegidas por sigilo";"";"932,23"
"20000";"Presidência da República";"20101";"Presidência da República";"110538";"AGENCIA BRASILEIRA DE INTELIGENCIA";"2021";"03";"";"Sigiloso";"-11";"Sigiloso";"Informações protegidas por sigilo";"";"974,96"
"20000";"Presidência da República";"20101";"Presidência da República";"110538";"AGENCIA BRASILEIRA DE INTELIGENCIA";"2021";"03";"";"Sigiloso";"-11";"Sigiloso";"Informações protegidas por sigilo";"";"1000,00"
"20000";"Presidência da República";"20101";"Presidência da República";"110538";"AGENCIA BRASILEIRA DE INTELIGENCIA";"2021";"03";"";"Sigiloso";"-11";"Sigiloso";"Informações protegidas por sigilo";"";"1000,00"
"20000";"Presidência da República";"20101";"Presidência da República";"110538";"AGENCIA BRASILEIRA DE INTELIGENCIA";"2021";"03";"";"Sigiloso";"-11";"Sigiloso";"Informações protegidas por sigilo";"";"1000,00"
"20000";"Presidência da República";"20101";"Presidência da República";"110538";"AGENCIA BRASILEIRA DE INTELIGENCIA";"2021";"03";"";"Sigiloso";"-11";"Sigiloso";"Informações protegidas por sigilo";"";"397,31"
"20000";"Presidência da República";"20101";"Presidência da República";"110538";"AGENCIA BRASILEIRA DE INTELIGENCIA";"2021";"03";"";"Sigiloso";"-11";"Sigiloso";"Informações protegidas por sigilo";"";"450,00"
"20000";"Presidência da República";"20101";"Presidência da República";"110538";"AGENCIA BRASILEIRA DE INTELIGENCIA";"2021";"03";"";"Sigiloso";"-11";"Sigiloso";"Informações protegidas por sigilo";"";"500,00"
"20000";"Presidência da República";"20101";"Presidência da República";"110538";"AGENCIA BRASILEIRA DE INTELIGENCIA";"2021";"03";"";"Sigiloso";"-11";"Sigiloso";"Informações protegidas por sigilo";"";"1000,00"
"20000";"Presidência da República";"20101";"Presidência da República";"110538";"AGENCIA BRASILEIRA DE INTELIGENCIA";"2021";"03";"";"Sigiloso";"-11";"Sigiloso";"Informações protegidas por sigilo";"";"1000,00"
"20000";"Presidência da República";"20101";"Presidência da República";"110538";"AGENCIA BRASILEIRA DE INTELIGENCIA";"2021";"03";"";"Sigiloso";"-11";"Sigiloso";"Informações protegidas por sigilo";"";"1000,00"
"20000";"Presidência da República";"20101";"Presidência da República";"110538";"AGENCIA BRASILEIRA DE INTELIGENCIA";"2021";"03";"";"Sigiloso";"-11";"Sigiloso";"Informações protegidas por sigilo";"";"1000,00"
"20000";"Presidência da República";"20101";"Presidência da República";"110538";"AGENCIA BRASILEIRA DE INTELIGENCIA";"2021";"03";"";"Sigiloso";"-11";"Sigiloso";"Informações protegidas por sigilo";"";"1000,00"
"20000";"Presidência da República";"20101";"Presidência da República";"110538";"AGENCIA BRASILEIRA DE INTELIGENCIA";"2021";"03";"";"Sigiloso";"-11";"Sigiloso";"Informações protegidas por sigilo";"";"300,00"
"20000";"Presidência da República";"20101";"Presidência da República";"110538";"AGENCIA BRASILEIRA DE INTELIGENCIA";"2021";"03";"";"Sigiloso";"-11";"Sigiloso";"Informações protegidas por sigilo";"";"1000,00"
"20000";"Presidência da República";"20101";"Presidência da República";"110538";"AGENCIA BRASILEIRA DE INTELIGENCIA";"2021";"03";"";"Sigiloso";"-11";"Sigiloso";"Informações protegidas por sigilo";"";"958,55"
"20000";"Presidência da República";"20101";"Presidência da República";"110538";"AGENCIA BRASILEIRA DE INTELIGENCIA";"2021";"03";"";"Sigiloso";"-11";"Sigiloso";"Informações protegidas por sigilo";"";"1000,00"
"20000";"Presidência da República";"20101";"Presidência da República";"110538";"AGENCIA BRASILEIRA DE INTELIGENCIA";"2021";"03";"";"Sigiloso";"-11";"Sigiloso";"Informações protegidas por sigilo";"";"1000,00"
"20000";"Presidência da República";"20101";"Presidência da República";"110538";"AGENCIA BRASILEIRA DE INTELIGENCIA";"2021";"03";"";"Sigiloso";"-11";"Sigiloso";"Informações protegidas por sigilo";"";"940,95"
"20000";"Presidência da República";"20101";"Presidência da República";"110538";"AGENCIA BRASILEIRA DE INTELIGENCIA";"2021";"03";"";"Sigiloso";"-11";"Sigiloso";"Informações protegidas por sigilo";"";"1000,00"
"20000";"Presidência da República";"20101";"Presidência da República";"110538";"AGENCIA BRASILEIRA DE INTELIGENCIA";"2021";"03";"";"Sigiloso";"-11";"Sigiloso";"Informações protegidas por sigilo";"";"1000,00"
"20000";"Presidência da República";"20101";"Presidência da República";"110538";"AGENCIA BRASILEIRA DE INTELIGENCIA";"2021";"03";"";"Sigiloso";"-11";"Sigiloso";"Informações protegidas por sigilo";"";"1000,00"
"20000";"Presidência da República";"20101";"Presidência da República";"110538";"AGENCIA BRASILEIRA DE INTELIGENCIA";"2021";"03";"";"Sigiloso";"-11";"Sigiloso";"Informações protegidas por sigilo";"";"1000,00"
"20000";"Presidência da República";"20101";"Presidência da República";"110538";"AGENCIA BRASILEIRA DE INTELIGENCIA";"2021";"03";"";"Sigiloso";"-11";"Sigiloso";"Informações protegidas por sigilo";"";"1000,00"
"20000";"Presidência da República";"20101";"Presidência da República";"110538";"AGENCIA BRASILEIRA DE INTELIGENCIA";"2021";"03";"";"Sigiloso";"-11";"Sigiloso";"Informações protegidas por sigilo";"";"1000,00"
"20000";"Presidência da República";"20101";"Presidência da República";"110538";"AGENCIA BRASILEIRA DE INTELIGENCIA";"2021";"03";"";"Sigiloso";"-11";"Sigiloso";"Informações protegidas por sigilo";"";"1000,00"
"20000";"Presidência da República";"20101";"Presidência da República";"110538";"AGENCIA BRASILEIRA DE INTELIGENCIA";"2021";"03";"";"Sigiloso";"-11";"Sigiloso";"Informações protegidas por sigilo";"";"1000,00"
"20000";"Presidência da República";"20101";"Presidência da República";"110538";"AGENCIA BRASILEIRA DE INTELIGENCIA";"2021";"03";"";"Sigiloso";"-11";"Sigiloso";"Informações protegidas por sigilo";"";"200,00"
"20000";"Presidência da República";"20101";"Presidência da República";"110538";"AGENCIA BRASILEIRA DE INTELIGENCIA";"2021";"03";"";"Sigiloso";"-11";"Sigiloso";"Informações protegidas por sigilo";"";"1000,00"
"20000";"Presidência da República";"20101";"Presidência da República";"110538";"AGENCIA BRASILEIRA DE INTELIGENCIA";"2021";"03";"";"Sigiloso";"-11";"Sigiloso";"Informações protegidas por sigilo";"";"798,73"
"20000";"Presidência da República";"20101";"Presidência da República";"110538";"AGENCIA BRASILEIRA DE INTELIGENCIA";"2021";"03";"";"Sigiloso";"-11";"Sigiloso";"Informações protegidas por sigilo";"";"896,34"
"20000";"Presidência da República";"20101";"Presidência da República";"110538";"AGENCIA BRASILEIRA DE INTELIGENCIA";"2021";"03";"";"Sigiloso";"-11";"Sigiloso";"Informações protegidas por sigilo";"";"1000,00"
"20000";"Presidência da República";"20101";"Presidência da República";"110538";"AGENCIA BRASILEIRA DE INTELIGENCIA";"2021";"03";"";"Sigiloso";"-11";"Sigiloso";"Informações protegidas por sigilo";"";"1000,00"
"20000";"Presidência da República";"20101";"Presidência da República";"110538";"AGENCIA BRASILEIRA DE INTELIGENCIA";"2021";"03";"";"Sigiloso";"-11";"Sigiloso";"Informações protegidas por sigilo";"";"1000,00"
"20000";"Presidência da República";"20101";"Presidência da República";"110538";"AGENCIA BRASILEIRA DE INTELIGENCIA";"2021";"03";"";"Sigiloso";"-11";"Sigiloso";"Informações protegidas por sigilo";"";"1000,00"
"20000";"Presidência da República";"20101";"Presidência da República";"110538";"AGENCIA BRASILEIRA DE INTELIGENCIA";"2021";"03";"";"Sigiloso";"-11";"Sigiloso";"Informações protegidas por sigilo";"";"1000,00"
"20000";"Presidência da República";"20101";"Presidência da República";"110538";"AGENCIA BRASILEIRA DE INTELIGENCIA";"2021";"03";"";"Sigiloso";"-11";"Sigiloso";"Informações protegidas por sigilo";"";"1000,00"
"20000";"Presidência da República";"20101";"Presidência da República";"110538";"AGENCIA BRASILEIRA DE INTELIGENCIA";"2021";"03";"";"Sigiloso";"-11";"Sigiloso";"Informações protegidas por sigilo";"";"1000,00"
"20000";"Presidência da República";"20101";"Presidência da República";"110538";"AGENCIA BRASILEIRA DE INTELIGENCIA";"2021";"03";"";"Sigiloso";"-11";"Sigiloso";"Informações protegidas por sigilo";"";"1000,00"
"20000";"Presidência da República";"20101";"Presidência da República";"110538";"AGENCIA BRASILEIRA DE INTELIGENCIA";"2021";"03";"";"Sigiloso";"-11";"Sigiloso";"Informações protegidas por sigilo";"";"1000,00"
"20000";"Presidência da República";"20101";"Presidência da República";"110538";"AGENCIA BRASILEIRA DE INTELIGENCIA";"2021";"03";"";"Sigiloso";"-11";"Sigiloso";"Informações protegidas por sigilo";"";"1000,00"
"20000";"Presidência da República";"20101";"Presidência da República";"110538";"AGENCIA BRASILEIRA DE INTELIGENCIA";"2021";"03";"";"Sigiloso";"-11";"Sigiloso";"Informações protegidas por sigilo";"";"1000,00"
"20000";"Presidência da República";"20101";"Presidência da República";"110538";"AGENCIA BRASILEIRA DE INTELIGENCIA";"2021";"03";"";"Sigiloso";"-11";"Sigiloso";"Informações protegidas por sigilo";"";"1000,00"
"20000";"Presidência da República";"20101";"Presidência da República";"110538";"AGENCIA BRASILEIRA DE INTELIGENCIA";"2021";"03";"";"Sigiloso";"-11";"Sigiloso";"Informações protegidas por sigilo";"";"1000,00"
"20000";"Presidência da República";"20101";"Presidência da República";"110538";"AGENCIA BRASILEIRA DE INTELIGENCIA";"2021";"03";"";"Sigiloso";"-11";"Sigiloso";"Informações protegidas por sigilo";"";"1000,00"
"20000";"Presidência da República";"20101";"Presidência da República";"110538";"AGENCIA BRASILEIRA DE INTELIGENCIA";"2021";"03";"";"Sigiloso";"-11";"Sigiloso";"Informações protegidas por sigilo";"";"1000,00"
"20000";"Presidência da República";"20101";"Presidência da República";"110538";"AGENCIA BRASILEIRA DE INTELIGENCIA";"2021";"03";"";"Sigiloso";"-11";"Sigiloso";"Informações protegidas por sigilo";"";"938,43"
"20000";"Presidência da República";"20101";"Presidência da República";"110538";"AGENCIA BRASILEIRA DE INTELIGENCIA";"2021";"03";"";"Sigiloso";"-11";"Sigiloso";"Informações protegidas por sigilo";"";"1000,00"
"20000";"Presidência da República";"20101";"Presidência da República";"110538";"AGENCIA BRASILEIRA DE INTELIGENCIA";"2021";"03";"";"Sigiloso";"-11";"Sigiloso";"Informações protegidas por sigilo";"";"900,00"
"20000";"Presidência da República";"20101";"Presidência da República";"110538";"AGENCIA BRASILEIRA DE INTELIGENCIA";"2021";"03";"";"Sigiloso";"-11";"Sigiloso";"Informações protegidas por sigilo";"";"1000,00"
"20000";"Presidência da República";"20101";"Presidência da República";"110538";"AGENCIA BRASILEIRA DE INTELIGENCIA";"2021";"03";"";"Sigiloso";"-11";"Sigiloso";"Informações protegidas por sigilo";"";"1000,00"
"20000";"Presidência da República";"20101";"Presidência da República";"110538";"AGENCIA BRASILEIRA DE INTELIGENCIA";"2021";"03";"";"Sigiloso";"-11";"Sigiloso";"Informações protegidas por sigilo";"";"20000,00"
"20000";"Presidência da República";"20101";"Presidência da República";"110538";"AGENCIA BRASILEIRA DE INTELIGENCIA";"2021";"03";"";"Sigiloso";"-11";"Sigiloso";"Informações protegidas por sigilo";"";"1000,00"
"20000";"Presidência da República";"20101";"Presidência da República";"110538";"AGENCIA BRASILEIRA DE INTELIGENCIA";"2021";"03";"";"Sigiloso";"-11";"Sigiloso";"Informações protegidas por sigilo";"";"1000,00"
"20000";"Presidência da República";"20101";"Presidência da República";"110538";"AGENCIA BRASILEIRA DE INTELIGENCIA";"2021";"03";"";"Sigiloso";"-11";"Sigiloso";"Informações protegidas por sigilo";"";"896,34"
"20000";"Presidência da República";"20101";"Presidência da República";"110538";"AGENCIA BRASILEIRA DE INTELIGENCIA";"2021";"03";"";"Sigiloso";"-11";"Sigiloso";"Informações protegidas por sigilo";"";"1000,00"
"20000";"Presidência da República";"20101";"Presidência da República";"110538";"AGENCIA BRASILEIRA DE INTELIGENCIA";"2021";"03";"";"Sigiloso";"-11";"Sigiloso";"Informações protegidas por sigilo";"";"1000,00"
"20000";"Presidência da República";"20101";"Presidência da República";"110538";"AGENCIA BRASILEIRA DE INTELIGENCIA";"2021";"03";"";"Sigiloso";"-11";"Sigiloso";"Informações protegidas por sigilo";"";"1000,00"
"20000";"Presidência da República";"20101";"Presidência da República";"110538";"AGENCIA BRASILEIRA DE INTELIGENCIA";"2021";"03";"";"Sigiloso";"-11";"Sigiloso";"Informações protegidas por sigilo";"";"1000,00"
"20000";"Presidência da República";"20101";"Presidência da República";"110538";"AGENCIA BRASILEIRA DE INTELIGENCIA";"2021";"03";"";"Sigiloso";"-11";"Sigiloso";"Informações protegidas por sigilo";"";"800,00"
"20000";"Presidência da República";"20101";"Presidência da República";"110538";"AGENCIA BRASILEIRA DE INTELIGENCIA";"2021";"03";"";"Sigiloso";"-11";"Sigiloso";"Informações protegidas por sigilo";"";"20000,00"
"20000";"Presidência da República";"20101";"Presidência da República";"110538";"AGENCIA BRASILEIRA DE INTELIGENCIA";"2021";"03";"";"Sigiloso";"-11";"Sigiloso";"Informações protegidas por sigilo";"";"1000,00"
"20000";"Presidência da República";"20101";"Presidência da República";"110538";"AGENCIA BRASILEIRA DE INTELIGENCIA";"2021";"03";"";"Sigiloso";"-11";"Sigiloso";"Informações protegidas por sigilo";"";"450,00"
"20000";"Presidência da República";"20101";"Presidência da República";"110538";"AGENCIA BRASILEIRA DE INTELIGENCIA";"2021";"03";"";"Sigiloso";"-11";"Sigiloso";"Informações protegidas por sigilo";"";"1000,00"
"20000";"Presidência da República";"20101";"Presidência da República";"110538";"AGENCIA BRASILEIRA DE INTELIGENCIA";"2021";"03";"";"Sigiloso";"-11";"Sigiloso";"Informações protegidas por sigilo";"";"200,00"
"20000";"Presidência da República";"20101";"Presidência da República";"110538";"AGENCIA BRASILEIRA DE INTELIGENCIA";"2021";"03";"";"Sigiloso";"-11";"Sigiloso";"Informações protegidas por sigilo";"";"397,31"
"20000";"Presidência da República";"20101";"Presidência da República";"110538";"AGENCIA BRASILEIRA DE INTELIGENCIA";"2021";"03";"";"Sigiloso";"-11";"Sigiloso";"Informações protegidas por sigilo";"";"300,00"
"20000";"Presidência da República";"20101";"Presidência da República";"110538";"AGENCIA BRASILEIRA DE INTELIGENCIA";"2021";"03";"";"Sigiloso";"-11";"Sigiloso";"Informações protegidas por sigilo";"";"1000,00"
"20000";"Presidência da República";"20101";"Presidência da República";"110538";"AGENCIA BRASILEIRA DE INTELIGENCIA";"2021";"03";"";"Sigiloso";"-11";"Sigiloso";"Informações protegidas por sigilo";"";"1000,00"
"20000";"Presidência da República";"20101";"Presidência da República";"110538";"AGENCIA BRASILEIRA DE INTELIGENCIA";"2021";"03";"";"Sigiloso";"-11";"Sigiloso";"Informações protegidas por sigilo";"";"896,34"
"20000";"Presidência da República";"20101";"Presidência da República";"110538";"AGENCIA BRASILEIRA DE INTELIGENCIA";"2021";"03";"";"Sigiloso";"-11";"Sigiloso";"Informações protegidas por sigilo";"";"500,00"
"20000";"Presidência da República";"20101";"Presidência da República";"110538";"AGENCIA BRASILEIRA DE INTELIGENCIA";"2021";"03";"";"Sigiloso";"-11";"Sigiloso";"Informações protegidas por sigilo";"";"1000,00"
"20000";"Presidência da República";"20101";"Presidência da República";"110538";"AGENCIA BRASILEIRA DE INTELIGENCIA";"2021";"03";"";"Sigiloso";"-11";"Sigiloso";"Informações protegidas por sigilo";"";"1000,00"
"20000";"Presidência da República";"20101";"Presidência da República";"110538";"AGENCIA BRASILEIRA DE INTELIGENCIA";"2021";"03";"";"Sigiloso";"-11";"Sigiloso";"Informações protegidas por sigilo";"";"1000,00"
"20000";"Presidência da República";"20101";"Presidência da República";"110538";"AGENCIA BRASILEIRA DE INTELIGENCIA";"2021";"03";"";"Sigiloso";"-11";"Sigiloso";"Informações protegidas por sigilo";"";"10000,00"
"20000";"Presidência da República";"20101";"Presidência da República";"110538";"AGENCIA BRASILEIRA DE INTELIGENCIA";"2021";"03";"";"Sigiloso";"-11";"Sigiloso";"Informações protegidas por sigilo";"";"1000,00"
"20000";"Presidência da República";"20101";"Presidência da República";"110538";"AGENCIA BRASILEIRA DE INTELIGENCIA";"2021";"03";"";"Sigiloso";"-11";"Sigiloso";"Informações protegidas por sigilo";"";"1000,00"
"20000";"Presidência da República";"20101";"Presidência da República";"110538";"AGENCIA BRASILEIRA DE INTELIGENCIA";"2021";"03";"";"Sigiloso";"-11";"Sigiloso";"Informações protegidas por sigilo";"";"1000,00"
"20000";"Presidência da República";"20101";"Presidência da República";"110538";"AGENCIA BRASILEIRA DE INTELIGENCIA";"2021";"03";"";"Sigiloso";"-11";"Sigiloso";"Informações protegidas por sigilo";"";"1000,00"
"20000";"Presidência da República";"20101";"Presidência da República";"110538";"AGENCIA BRASILEIRA DE INTELIGENCIA";"2021";"03";"";"Sigiloso";"-11";"Sigiloso";"Informações protegidas por sigilo";"";"1000,00"
"20000";"Presidência da República";"20101";"Presidência da República";"110538";"AGENCIA BRASILEIRA DE INTELIGENCIA";"2021";"03";"";"Sigiloso";"-11";"Sigiloso";"Informações protegidas por sigilo";"";"500,00"
"20000";"Presidência da República";"20101";"Presidência da República";"110538";"AGENCIA BRASILEIRA DE INTELIGENCIA";"2021";"03";"";"Sigiloso";"-11";"Sigiloso";"Informações protegidas por sigilo";"";"1000,00"
"20000";"Presidência da República";"20101";"Presidência da República";"110538";"AGENCIA BRASILEIRA DE INTELIGENCIA";"2021";"03";"";"Sigiloso";"-11";"Sigiloso";"Informações protegidas por sigilo";"";"1000,00"
"20000";"Presidência da República";"20101";"Presidência da República";"110538";"AGENCIA BRASILEIRA DE INTELIGENCIA";"2021";"03";"";"Sigiloso";"-11";"Sigiloso";"Informações protegidas por sigilo";"";"1000,00"
"20000";"Presidência da República";"20101";"Presidência da República";"110538";"AGENCIA BRASILEIRA DE INTELIGENCIA";"2021";"03";"";"Sigiloso";"-11";"Sigiloso";"Informações protegidas por sigilo";"";"1000,00"
"20000";"Presidência da República";"20101";"Presidência da República";"110538";"AGENCIA BRASILEIRA DE INTELIGENCIA";"2021";"03";"";"Sigiloso";"-11";"Sigiloso";"Informações protegidas por sigilo";"";"1000,00"
"20000";"Presidência da República";"20101";"Presidência da República";"110538";"AGENCIA BRASILEIRA DE INTELIGENCIA";"2021";"03";"";"Sigiloso";"-11";"Sigiloso";"Informações protegidas por sigilo";"";"1000,00"
"20000";"Presidência da República";"20101";"Presidência da República";"110538";"AGENCIA BRASILEIRA DE INTELIGENCIA";"2021";"03";"";"Sigiloso";"-11";"Sigiloso";"Informações protegidas por sigilo";"";"1000,00"
"20000";"Presidência da República";"20101";"Presidência da República";"110538";"AGENCIA BRASILEIRA DE INTELIGENCIA";"2021";"03";"";"Sigiloso";"-11";"Sigiloso";"Informações protegidas por sigilo";"";"1000,00"
"20000";"Presidência da República";"20101";"Presidência da República";"110538";"AGENCIA BRASILEIRA DE INTELIGENCIA";"2021";"03";"";"Sigiloso";"-11";"Sigiloso";"Informações protegidas por sigilo";"";"1000,00"
"20000";"Presidência da República";"20101";"Presidência da República";"110538";"AGENCIA BRASILEIRA DE INTELIGENCIA";"2021";"03";"";"Sigiloso";"-11";"Sigiloso";"Informações protegidas por sigilo";"";"1000,00"
"20000";"Presidência da República";"20101";"Presidência da República";"110538";"AGENCIA BRASILEIRA DE INTELIGENCIA";"2021";"03";"";"Sigiloso";"-11";"Sigiloso";"Informações protegidas por sigilo";"";"1000,00"
"20000";"Presidência da República";"20101";"Presidência da República";"110538";"AGENCIA BRASILEIRA DE INTELIGENCIA";"2021";"03";"";"Sigiloso";"-11";"Sigiloso";"Informações protegidas por sigilo";"";"1000,00"
"20000";"Presidência da República";"20101";"Presidência da República";"110538";"AGENCIA BRASILEIRA DE INTELIGENCIA";"2021";"03";"";"Sigiloso";"-11";"Sigiloso";"Informações protegidas por sigilo";"";"1000,00"
"20000";"Presidência da República";"20101";"Presidência da República";"110538";"AGENCIA BRASILEIRA DE INTELIGENCIA";"2021";"03";"";"Sigiloso";"-11";"Sigiloso";"Informações protegidas por sigilo";"";"1000,00"
"20000";"Presidência da República";"20101";"Presidência da República";"110538";"AGENCIA BRASILEIRA DE INTELIGENCIA";"2021";"03";"";"Sigiloso";"-11";"Sigiloso";"Informações protegidas por sigilo";"";"1000,00"
"20000";"Presidência da República";"20101";"Presidência da República";"110538";"AGENCIA BRASILEIRA DE INTELIGENCIA";"2021";"03";"";"Sigiloso";"-11";"Sigiloso";"Informações protegidas por sigilo";"";"1000,00"
"20000";"Presidência da República";"20101";"Presidência da República";"110538";"AGENCIA BRASILEIRA DE INTELIGENCIA";"2021";"03";"";"Sigiloso";"-11";"Sigiloso";"Informações protegidas por sigilo";"";"20000,00"
"20000";"Presidência da República";"20101";"Presidência da República";"110538";"AGENCIA BRASILEIRA DE INTELIGENCIA";"2021";"03";"";"Sigiloso";"-11";"Sigiloso";"Informações protegidas por sigilo";"";"1000,00"
"20000";"Presidência da República";"20101";"Presidência da República";"110538";"AGENCIA BRASILEIRA DE INTELIGENCIA";"2021";"03";"";"Sigiloso";"-11";"Sigiloso";"Informações protegidas por sigilo";"";"1000,00"
"20000";"Presidência da República";"20101";"Presidência da República";"110538";"AGENCIA BRASILEIRA DE INTELIGENCIA";"2021";"03";"";"Sigiloso";"-11";"Sigiloso";"Informações protegidas por sigilo";"";"1000,00"
"20000";"Presidência da República";"20101";"Presidência da República";"110538";"AGENCIA BRASILEIRA DE INTELIGENCIA";"2021";"03";"";"Sigiloso";"-11";"Sigiloso";"Informações protegidas por sigilo";"";"1000,00"
"20000";"Presidência da República";"20101";"Presidência da República";"110538";"AGENCIA BRASILEIRA DE INTELIGENCIA";"2021";"03";"";"Sigiloso";"-11";"Sigiloso";"Informações protegidas por sigilo";"";"1000,00"
"20000";"Presidência da República";"20101";"Presidência da República";"110538";"AGENCIA BRASILEIRA DE INTELIGENCIA";"2021";"03";"";"Sigiloso";"-11";"Sigiloso";"Informações protegidas por sigilo";"";"200,00"
"20000";"Presidência da República";"20101";"Presidência da República";"110538";"AGENCIA BRASILEIRA DE INTELIGENCIA";"2021";"03";"";"Sigiloso";"-11";"Sigiloso";"Informações protegidas por sigilo";"";"1000,00"
"20000";"Presidência da República";"20101";"Presidência da República";"110538";"AGENCIA BRASILEIRA DE INTELIGENCIA";"2021";"03";"";"Sigiloso";"-11";"Sigiloso";"Informações protegidas por sigilo";"";"1000,00"
"20000";"Presidência da República";"20101";"Presidência da República";"110538";"AGENCIA BRASILEIRA DE INTELIGENCIA";"2021";"03";"";"Sigiloso";"-11";"Sigiloso";"Informações protegidas por sigilo";"";"800,00"
"20000";"Presidência da República";"20101";"Presidência da República";"110538";"AGENCIA BRASILEIRA DE INTELIGENCIA";"2021";"03";"";"Sigiloso";"-11";"Sigiloso";"Informações protegidas por sigilo";"";"325,57"
"20000";"Presidência da República";"20101";"Presidência da República";"110538";"AGENCIA BRASILEIRA DE INTELIGENCIA";"2021";"03";"";"Sigiloso";"-11";"Sigiloso";"Informações protegidas por sigilo";"";"550,00"
"20000";"Presidência da República";"20101";"Presidência da República";"110538";"AGENCIA BRASILEIRA DE INTELIGENCIA";"2021";"03";"";"Sigiloso";"-11";"Sigiloso";"Informações protegidas por sigilo";"";"1000,00"
"20000";"Presidência da República";"20101";"Presidência da República";"110538";"AGENCIA BRASILEIRA DE INTELIGENCIA";"2021";"03";"";"Sigiloso";"-11";"Sigiloso";"Informações protegidas por sigilo";"";"700,00"
"20000";"Presidência da República";"20101";"Presidência da República";"110538";"AGENCIA BRASILEIRA DE INTELIGENCIA";"2021";"03";"";"Sigiloso";"-11";"Sigiloso";"Informações protegidas por sigilo";"";"390,64"
"20000";"Presidência da República";"20101";"Presidência da República";"110538";"AGENCIA BRASILEIRA DE INTELIGENCIA";"2021";"03";"";"Sigiloso";"-11";"Sigiloso";"Informações protegidas por sigilo";"";"1000,00"
"20000";"Presidência da República";"20101";"Presidência da República";"110538";"AGENCIA BRASILEIRA DE INTELIGENCIA";"2021";"03";"";"Sigiloso";"-11";"Sigiloso";"Informações protegidas por sigilo";"";"1000,00"
"20000";"Presidência da República";"20101";"Presidência da República";"110538";"AGENCIA BRASILEIRA DE INTELIGENCIA";"2021";"03";"";"Sigiloso";"-11";"Sigiloso";"Informações protegidas por sigilo";"";"1000,00"
"20000";"Presidência da República";"20101";"Presidência da República";"110538";"AGENCIA BRASILEIRA DE INTELIGENCIA";"2021";"03";"";"Sigiloso";"-11";"Sigiloso";"Informações protegidas por sigilo";"";"1000,00"
"20000";"Presidência da República";"20101";"Presidência da República";"110538";"AGENCIA BRASILEIRA DE INTELIGENCIA";"2021";"03";"";"Sigiloso";"-11";"Sigiloso";"Informações protegidas por sigilo";"";"1000,00"
"20000";"Presidência da República";"20101";"Presidência da República";"110538";"AGENCIA BRASILEIRA DE INTELIGENCIA";"2021";"03";"";"Sigiloso";"-11";"Sigiloso";"Informações protegidas por sigilo";"";"1000,00"
"20000";"Presidência da República";"20101";"Presidência da República";"110538";"AGENCIA BRASILEIRA DE INTELIGENCIA";"2021";"03";"";"Sigiloso";"-11";"Sigiloso";"Informações protegidas por sigilo";"";"1000,00"
"20000";"Presidência da República";"20101";"Presidência da República";"110538";"AGENCIA BRASILEIRA DE INTELIGENCIA";"2021";"03";"";"Sigiloso";"-11";"Sigiloso";"Informações protegidas por sigilo";"";"1000,00"
"20000";"Presidência da República";"20101";"Presidência da República";"110538";"AGENCIA BRASILEIRA DE INTELIGENCIA";"2021";"03";"";"Sigiloso";"-11";"Sigiloso";"Informações protegidas por sigilo";"";"325,57"
"20000";"Presidência da República";"20101";"Presidência da República";"110538";"AGENCIA BRASILEIRA DE INTELIGENCIA";"2021";"03";"";"Sigiloso";"-11";"Sigiloso";"Informações protegidas por sigilo";"";"450,00"
"20000";"Presidência da República";"20101";"Presidência da República";"110538";"AGENCIA BRASILEIRA DE INTELIGENCIA";"2021";"03";"";"Sigiloso";"-11";"Sigiloso";"Informações protegidas por sigilo";"";"1000,00"
"20000";"Presidência da República";"20101";"Presidência da República";"110538";"AGENCIA BRASILEIRA DE INTELIGENCIA";"2021";"03";"";"Sigiloso";"-11";"Sigiloso";"Informações protegidas por sigilo";"";"1000,00"
"20000";"Presidência da República";"20101";"Presidência da República";"110538";"AGENCIA BRASILEIRA DE INTELIGENCIA";"2021";"03";"";"Sigiloso";"-11";"Sigiloso";"Informações protegidas por sigilo";"";"1000,00"
"20000";"Presidência da República";"20101";"Presidência da República";"110538";"AGENCIA BRASILEIRA DE INTELIGENCIA";"2021";"03";"";"Sigiloso";"-11";"Sigiloso";"Informações protegidas por sigilo";"";"1000,00"
"20000";"Presidência da República";"20101";"Presidência da República";"110538";"AGENCIA BRASILEIRA DE INTELIGENCIA";"2021";"03";"";"Sigiloso";"-11";"Sigiloso";"Informações protegidas por sigilo";"";"1000,00"
"20000";"Presidência da República";"20101";"Presidência da República";"110538";"AGENCIA BRASILEIRA DE INTELIGENCIA";"2021";"03";"";"Sigiloso";"-11";"Sigiloso";"Informações protegidas por sigilo";"";"940,95"
"20000";"Presidência da República";"20101";"Presidência da República";"110538";"AGENCIA BRASILEIRA DE INTELIGENCIA";"2021";"03";"";"Sigiloso";"-11";"Sigiloso";"Informações protegidas por sigilo";"";"20000,00"
"20000";"Presidência da República";"20101";"Presidência da República";"110538";"AGENCIA BRASILEIRA DE INTELIGENCIA";"2021";"03";"";"Sigiloso";"-11";"Sigiloso";"Informações protegidas por sigilo";"";"1000,00"
"20000";"Presidência da República";"20101";"Presidência da República";"110538";"AGENCIA BRASILEIRA DE INTELIGENCIA";"2021";"03";"";"Sigiloso";"-11";"Sigiloso";"Informações protegidas por sigilo";"";"1000,00"
"20000";"Presidência da República";"20101";"Presidência da República";"110538";"AGENCIA BRASILEIRA DE INTELIGENCIA";"2021";"03";"";"Sigiloso";"-11";"Sigiloso";"Informações protegidas por sigilo";"";"1000,00"
"20000";"Presidência da República";"20101";"Presidência da República";"110538";"AGENCIA BRASILEIRA DE INTELIGENCIA";"2021";"03";"";"Sigiloso";"-11";"Sigiloso";"Informações protegidas por sigilo";"";"1000,00"
"20000";"Presidência da República";"20101";"Presidência da República";"110538";"AGENCIA BRASILEIRA DE INTELIGENCIA";"2021";"03";"";"Sigiloso";"-11";"Sigiloso";"Informações protegidas por sigilo";"";"774,65"
"20000";"Presidência da República";"20101";"Presidência da República";"110538";"AGENCIA BRASILEIRA DE INTELIGENCIA";"2021";"03";"";"Sigiloso";"-11";"Sigiloso";"Informações protegidas por sigilo";"";"1000,00"
"20000";"Presidência da República";"20101";"Presidência da República";"110538";"AGENCIA BRASILEIRA DE INTELIGENCIA";"2021";"03";"";"Sigiloso";"-11";"Sigiloso";"Informações protegidas por sigilo";"";"1000,00"
"20000";"Presidência da República";"20101";"Presidência da República";"110538";"AGENCIA BRASILEIRA DE INTELIGENCIA";"2021";"03";"";"Sigiloso";"-11";"Sigiloso";"Informações protegidas por sigilo";"";"1000,00"
"20000";"Presidência da República";"20101";"Presidência da República";"110538";"AGENCIA BRASILEIRA DE INTELIGENCIA";"2021";"03";"";"Sigiloso";"-11";"Sigiloso";"Informações protegidas por sigilo";"";"1000,00"
"20000";"Presidência da República";"20101";"Presidência da República";"110538";"AGENCIA BRASILEIRA DE INTELIGENCIA";"2021";"03";"";"Sigiloso";"-11";"Sigiloso";"Informações protegidas por sigilo";"";"1000,00"
"20000";"Presidência da República";"20101";"Presidência da República";"110538";"AGENCIA BRASILEIRA DE INTELIGENCIA";"2021";"03";"";"Sigiloso";"-11";"Sigiloso";"Informações protegidas por sigilo";"";"1000,00"
"20000";"Presidência da República";"20101";"Presidência da República";"110538";"AGENCIA BRASILEIRA DE INTELIGENCIA";"2021";"03";"";"Sigiloso";"-11";"Sigiloso";"Informações protegidas por sigilo";"";"1000,00"
"20000";"Presidência da República";"20101";"Presidência da República";"110538";"AGENCIA BRASILEIRA DE INTELIGENCIA";"2021";"03";"";"Sigiloso";"-11";"Sigiloso";"Informações protegidas por sigilo";"";"1000,00"
"20000";"Presidência da República";"20101";"Presidência da República";"110538";"AGENCIA BRASILEIRA DE INTELIGENCIA";"2021";"03";"";"Sigiloso";"-11";"Sigiloso";"Informações protegidas por sigilo";"";"1000,00"
"20000";"Presidência da República";"20101";"Presidência da República";"110538";"AGENCIA BRASILEIRA DE INTELIGENCIA";"2021";"03";"";"Sigiloso";"-11";"Sigiloso";"Informações protegidas por sigilo";"";"1000,00"
"20000";"Presidência da República";"20101";"Presidência da República";"110538";"AGENCIA BRASILEIRA DE INTELIGENCIA";"2021";"03";"";"Sigiloso";"-11";"Sigiloso";"Informações protegidas por sigilo";"";"1000,00"
"20000";"Presidência da República";"20101";"Presidência da República";"110538";"AGENCIA BRASILEIRA DE INTELIGENCIA";"2021";"03";"";"Sigiloso";"-11";"Sigiloso";"Informações protegidas por sigilo";"";"1000,00"
"20000";"Presidência da República";"20101";"Presidência da República";"110538";"AGENCIA BRASILEIRA DE INTELIGENCIA";"2021";"03";"";"Sigiloso";"-11";"Sigiloso";"Informações protegidas por sigilo";"";"1000,00"
"20000";"Presidência da República";"20101";"Presidência da República";"110538";"AGENCIA BRASILEIRA DE INTELIGENCIA";"2021";"03";"";"Sigiloso";"-11";"Sigiloso";"Informações protegidas por sigilo";"";"1000,00"
"20000";"Presidência da República";"20101";"Presidência da República";"110538";"AGENCIA BRASILEIRA DE INTELIGENCIA";"2021";"03";"";"Sigiloso";"-11";"Sigiloso";"Informações protegidas por sigilo";"";"397,31"
"20000";"Presidência da República";"20101";"Presidência da República";"110538";"AGENCIA BRASILEIRA DE INTELIGENCIA";"2021";"03";"";"Sigiloso";"-11";"Sigiloso";"Informações protegidas por sigilo";"";"1000,00"
"20000";"Presidência da República";"20101";"Presidência da República";"110538";"AGENCIA BRASILEIRA DE INTELIGENCIA";"2021";"03";"";"Sigiloso";"-11";"Sigiloso";"Informações protegidas por sigilo";"";"1000,00"
"20000";"Presidência da República";"20101";"Presidência da República";"110538";"AGENCIA BRASILEIRA DE INTELIGENCIA";"2021";"03";"";"Sigiloso";"-11";"Sigiloso";"Informações protegidas por sigilo";"";"1000,00"
"20000";"Presidência da República";"20101";"Presidência da República";"110538";"AGENCIA BRASILEIRA DE INTELIGENCIA";"2021";"03";"";"Sigiloso";"-11";"Sigiloso";"Informações protegidas por sigilo";"";"325,57"
"20000";"Presidência da República";"20101";"Presidência da República";"110538";"AGENCIA BRASILEIRA DE INTELIGENCIA";"2021";"03";"";"Sigiloso";"-11";"Sigiloso";"Informações protegidas por sigilo";"";"20000,00"
"20000";"Presidência da República";"20101";"Presidência da República";"110538";"AGENCIA BRASILEIRA DE INTELIGENCIA";"2021";"03";"";"Sigiloso";"-11";"Sigiloso";"Informações protegidas por sigilo";"";"1000,00"
"20000";"Presidência da República";"20101";"Presidência da República";"110538";"AGENCIA BRASILEIRA DE INTELIGENCIA";"2021";"03";"";"Sigiloso";"-11";"Sigiloso";"Informações protegidas por sigilo";"";"1000,00"
"20000";"Presidência da República";"20101";"Presidência da República";"110538";"AGENCIA BRASILEIRA DE INTELIGENCIA";"2021";"03";"";"Sigiloso";"-11";"Sigiloso";"Informações protegidas por sigilo";"";"1000,00"
"20000";"Presidência da República";"20101";"Presidência da República";"110538";"AGENCIA BRASILEIRA DE INTELIGENCIA";"2021";"03";"";"Sigiloso";"-11";"Sigiloso";"Informações protegidas por sigilo";"";"1000,00"
"20000";"Presidência da República";"20101";"Presidência da República";"110538";"AGENCIA BRASILEIRA DE INTELIGENCIA";"2021";"03";"";"Sigiloso";"-11";"Sigiloso";"Informações protegidas por sigilo";"";"1000,00"
"20000";"Presidência da República";"20101";"Presidência da República";"110538";"AGENCIA BRASILEIRA DE INTELIGENCIA";"2021";"03";"";"Sigiloso";"-11";"Sigiloso";"Informações protegidas por sigilo";"";"1000,00"
"20000";"Presidência da República";"20101";"Presidência da República";"110538";"AGENCIA BRASILEIRA DE INTELIGENCIA";"2021";"03";"";"Sigiloso";"-11";"Sigiloso";"Informações protegidas por sigilo";"";"1000,00"
"20000";"Presidência da República";"20101";"Presidência da República";"110538";"AGENCIA BRASILEIRA DE INTELIGENCIA";"2021";"03";"";"Sigiloso";"-11";"Sigiloso";"Informações protegidas por sigilo";"";"397,31"
"20000";"Presidência da República";"20101";"Presidência da República";"110538";"AGENCIA BRASILEIRA DE INTELIGENCIA";"2021";"03";"";"Sigiloso";"-11";"Sigiloso";"Informações protegidas por sigilo";"";"1000,00"
"20000";"Presidência da República";"20101";"Presidência da República";"110538";"AGENCIA BRASILEIRA DE INTELIGENCIA";"2021";"03";"";"Sigiloso";"-11";"Sigiloso";"Informações protegidas por sigilo";"";"1000,00"
"20000";"Presidência da República";"20101";"Presidência da República";"110538";"AGENCIA BRASILEIRA DE INTELIGENCIA";"2021";"03";"";"Sigiloso";"-11";"Sigiloso";"Informações protegidas por sigilo";"";"1000,00"
"20000";"Presidência da República";"20101";"Presidência da República";"110538";"AGENCIA BRASILEIRA DE INTELIGENCIA";"2021";"03";"";"Sigiloso";"-11";"Sigiloso";"Informações protegidas por sigilo";"";"850,00"
"20000";"Presidência da República";"20101";"Presidência da República";"110538";"AGENCIA BRASILEIRA DE INTELIGENCIA";"2021";"03";"";"Sigiloso";"-11";"Sigiloso";"Informações protegidas por sigilo";"";"1000,00"
"20000";"Presidência da República";"20101";"Presidência da República";"110538";"AGENCIA BRASILEIRA DE INTELIGENCIA";"2021";"03";"";"Sigiloso";"-11";"Sigiloso";"Informações protegidas por sigilo";"";"1000,00"
"20000";"Presidência da República";"20101";"Presidência da República";"110538";"AGENCIA BRASILEIRA DE INTELIGENCIA";"2021";"03";"";"Sigiloso";"-11";"Sigiloso";"Informações protegidas por sigilo";"";"1000,00"
"20000";"Presidência da República";"20101";"Presidência da República";"110538";"AGENCIA BRASILEIRA DE INTELIGENCIA";"2021";"03";"";"Sigiloso";"-11";"Sigiloso";"Informações protegidas por sigilo";"";"1000,00"
"20000";"Presidência da República";"20101";"Presidência da República";"110538";"AGENCIA BRASILEIRA DE INTELIGENCIA";"2021";"03";"";"Sigiloso";"-11";"Sigiloso";"Informações protegidas por sigilo";"";"1000,00"
"20000";"Presidência da República";"20101";"Presidência da República";"110538";"AGENCIA BRASILEIRA DE INTELIGENCIA";"2021";"03";"";"Sigiloso";"-11";"Sigiloso";"Informações protegidas por sigilo";"";"20000,00"
"20000";"Presidência da República";"20101";"Presidência da República";"110538";"AGENCIA BRASILEIRA DE INTELIGENCIA";"2021";"03";"";"Sigiloso";"-11";"Sigiloso";"Informações protegidas por sigilo";"";"1000,00"
"20000";"Presidência da República";"20101";"Presidência da República";"110538";"AGENCIA BRASILEIRA DE INTELIGENCIA";"2021";"03";"";"Sigiloso";"-11";"Sigiloso";"Informações protegidas por sigilo";"";"1000,00"
"20000";"Presidência da República";"20101";"Presidência da República";"110538";"AGENCIA BRASILEIRA DE INTELIGENCIA";"2021";"03";"";"Sigiloso";"-11";"Sigiloso";"Informações protegidas por sigilo";"";"1000,00"
"20000";"Presidência da República";"20101";"Presidência da República";"110538";"AGENCIA BRASILEIRA DE INTELIGENCIA";"2021";"03";"";"Sigiloso";"-11";"Sigiloso";"Informações protegidas por sigilo";"";"1000,00"
"20000";"Presidência da República";"20101";"Presidência da República";"110538";"AGENCIA BRASILEIRA DE INTELIGENCIA";"2021";"03";"";"Sigiloso";"-11";"Sigiloso";"Informações protegidas por sigilo";"";"1000,00"
"20000";"Presidência da República";"20101";"Presidência da República";"110538";"AGENCIA BRASILEIRA DE INTELIGENCIA";"2021";"03";"";"Sigiloso";"-11";"Sigiloso";"Informações protegidas por sigilo";"";"1000,00"
"20000";"Presidência da República";"20101";"Presidência da República";"110538";"AGENCIA BRASILEIRA DE INTELIGENCIA";"2021";"03";"";"Sigiloso";"-11";"Sigiloso";"Informações protegidas por sigilo";"";"1000,00"
"20000";"Presidência da República";"20101";"Presidência da República";"110538";"AGENCIA BRASILEIRA DE INTELIGENCIA";"2021";"03";"";"Sigiloso";"-11";"Sigiloso";"Informações protegidas por sigilo";"";"1000,00"
"20000";"Presidência da República";"20101";"Presidência da República";"110538";"AGENCIA BRASILEIRA DE INTELIGENCIA";"2021";"03";"";"Sigiloso";"-11";"Sigiloso";"Informações protegidas por sigilo";"";"1000,00"
"20000";"Presidência da República";"20101";"Presidência da República";"110538";"AGENCIA BRASILEIRA DE INTELIGENCIA";"2021";"03";"";"Sigiloso";"-11";"Sigiloso";"Informações protegidas por sigilo";"";"1000,00"
"20000";"Presidência da República";"20101";"Presidência da República";"110538";"AGENCIA BRASILEIRA DE INTELIGENCIA";"2021";"03";"";"Sigiloso";"-11";"Sigiloso";"Informações protegidas por sigilo";"";"1000,00"
"20000";"Presidência da República";"20101";"Presidência da República";"110538";"AGENCIA BRASILEIRA DE INTELIGENCIA";"2021";"03";"";"Sigiloso";"-11";"Sigiloso";"Informações protegidas por sigilo";"";"1000,00"
"20000";"Presidência da República";"20101";"Presidência da República";"110538";"AGENCIA BRASILEIRA DE INTELIGENCIA";"2021";"03";"";"Sigiloso";"-11";"Sigiloso";"Informações protegidas por sigilo";"";"1000,00"
"20000";"Presidência da República";"20101";"Presidência da República";"110538";"AGENCIA BRASILEIRA DE INTELIGENCIA";"2021";"03";"";"Sigiloso";"-11";"Sigiloso";"Informações protegidas por sigilo";"";"1000,00"
"20000";"Presidência da República";"20101";"Presidência da República";"110538";"AGENCIA BRASILEIRA DE INTELIGENCIA";"2021";"03";"";"Sigiloso";"-11";"Sigiloso";"Informações protegidas por sigilo";"";"325,57"
"20000";"Presidência da República";"20101";"Presidência da República";"110538";"AGENCIA BRASILEIRA DE INTELIGENCIA";"2021";"03";"";"Sigiloso";"-11";"Sigiloso";"Informações protegidas por sigilo";"";"1000,00"
"20000";"Presidência da República";"20101";"Presidência da República";"110538";"AGENCIA BRASILEIRA DE INTELIGENCIA";"2021";"03";"";"Sigiloso";"-11";"Sigiloso";"Informações protegidas por sigilo";"";"1000,00"
"20000";"Presidência da República";"20101";"Presidência da República";"110538";"AGENCIA BRASILEIRA DE INTELIGENCIA";"2021";"03";"";"Sigiloso";"-11";"Sigiloso";"Informações protegidas por sigilo";"";"1000,00"
"20000";"Presidência da República";"20101";"Presidência da República";"110538";"AGENCIA BRASILEIRA DE INTELIGENCIA";"2021";"03";"";"Sigiloso";"-11";"Sigiloso";"Informações protegidas por sigilo";"";"1000,00"
"20000";"Presidência da República";"20101";"Presidência da República";"110538";"AGENCIA BRASILEIRA DE INTELIGENCIA";"2021";"03";"";"Sigiloso";"-11";"Sigiloso";"Informações protegidas por sigilo";"";"1000,00"
"20000";"Presidência da República";"20101";"Presidência da República";"110538";"AGENCIA BRASILEIRA DE INTELIGENCIA";"2021";"03";"";"Sigiloso";"-11";"Sigiloso";"Informações protegidas por sigilo";"";"1000,00"
"20000";"Presidência da República";"20101";"Presidência da República";"110538";"AGENCIA BRASILEIRA DE INTELIGENCIA";"2021";"03";"";"Sigiloso";"-11";"Sigiloso";"Informações protegidas por sigilo";"";"20000,00"
"20000";"Presidência da República";"20101";"Presidência da República";"110538";"AGENCIA BRASILEIRA DE INTELIGENCIA";"2021";"03";"";"Sigiloso";"-11";"Sigiloso";"Informações protegidas por sigilo";"";"1000,00"
"20000";"Presidência da República";"20101";"Presidência da República";"110538";"AGENCIA BRASILEIRA DE INTELIGENCIA";"2021";"03";"";"Sigiloso";"-11";"Sigiloso";"Informações protegidas por sigilo";"";"717,37"
"20000";"Presidência da República";"20101";"Presidência da República";"110538";"AGENCIA BRASILEIRA DE INTELIGENCIA";"2021";"03";"";"Sigiloso";"-11";"Sigiloso";"Informações protegidas por sigilo";"";"1000,00"
"20000";"Presidência da República";"20101";"Presidência da República";"110538";"AGENCIA BRASILEIRA DE INTELIGENCIA";"2021";"03";"";"Sigiloso";"-11";"Sigiloso";"Informações protegidas por sigilo";"";"1000,00"
"20000";"Presidência da República";"20101";"Presidência da República";"110538";"AGENCIA BRASILEIRA DE INTELIGENCIA";"2021";"03";"";"Sigiloso";"-11";"Sigiloso";"Informações protegidas por sigilo";"";"1000,00"
"20000";"Presidência da República";"20101";"Presidência da República";"110538";"AGENCIA BRASILEIRA DE INTELIGENCIA";"2021";"03";"";"Sigiloso";"-11";"Sigiloso";"Informações protegidas por sigilo";"";"1000,00"
"20000";"Presidência da República";"20101";"Presidência da República";"110538";"AGENCIA BRASILEIRA DE INTELIGENCIA";"2021";"03";"";"Sigiloso";"-11";"Sigiloso";"Informações protegidas por sigilo";"";"1000,00"
"20000";"Presidência da República";"20101";"Presidência da República";"110538";"AGENCIA BRASILEIRA DE INTELIGENCIA";"2021";"03";"";"Sigiloso";"-11";"Sigiloso";"Informações protegidas por sigilo";"";"1000,00"
"20000";"Presidência da República";"20101";"Presidência da República";"110538";"AGENCIA BRASILEIRA DE INTELIGENCIA";"2021";"03";"";"Sigiloso";"-11";"Sigiloso";"Informações protegidas por sigilo";"";"1000,00"
"20000";"Presidência da República";"20101";"Presidência da República";"110538";"AGENCIA BRASILEIRA DE INTELIGENCIA";"2021";"03";"";"Sigiloso";"-11";"Sigiloso";"Informações protegidas por sigilo";"";"1000,00"
"20000";"Presidência da República";"20101";"Presidência da República";"110538";"AGENCIA BRASILEIRA DE INTELIGENCIA";"2021";"03";"";"Sigiloso";"-11";"Sigiloso";"Informações protegidas por sigilo";"";"1000,00"
"20000";"Presidência da República";"20101";"Presidência da República";"110538";"AGENCIA BRASILEIRA DE INTELIGENCIA";"2021";"03";"";"Sigiloso";"-11";"Sigiloso";"Informações protegidas por sigilo";"";"1000,00"
"20000";"Presidência da República";"20101";"Presidência da República";"110538";"AGENCIA BRASILEIRA DE INTELIGENCIA";"2021";"03";"";"Sigiloso";"-11";"Sigiloso";"Informações protegidas por sigilo";"";"936,80"
"20000";"Presidência da República";"20101";"Presidência da República";"110538";"AGENCIA BRASILEIRA DE INTELIGENCIA";"2021";"03";"";"Sigiloso";"-11";"Sigiloso";"Informações protegidas por sigilo";"";"1000,00"
"20000";"Presidência da República";"20101";"Presidência da República";"110538";"AGENCIA BRASILEIRA DE INTELIGENCIA";"2021";"03";"";"Sigiloso";"-11";"Sigiloso";"Informações protegidas por sigilo";"";"1000,00"
"20000";"Presidência da República";"20101";"Presidência da República";"110538";"AGENCIA BRASILEIRA DE INTELIGENCIA";"2021";"03";"";"Sigiloso";"-11";"Sigiloso";"Informações protegidas por sigilo";"";"1000,00"
"20000";"Presidência da República";"20101";"Presidência da República";"110538";"AGENCIA BRASILEIRA DE INTELIGENCIA";"2021";"03";"";"Sigiloso";"-11";"Sigiloso";"Informações protegidas por sigilo";"";"870,29"
"20000";"Presidência da República";"20101";"Presidência da República";"110538";"AGENCIA BRASILEIRA DE INTELIGENCIA";"2021";"03";"";"Sigiloso";"-11";"Sigiloso";"Informações protegidas por sigilo";"";"1000,00"
"20000";"Presidência da República";"20101";"Presidência da República";"110538";"AGENCIA BRASILEIRA DE INTELIGENCIA";"2021";"03";"";"Sigiloso";"-11";"Sigiloso";"Informações protegidas por sigilo";"";"1000,00"
"20000";"Presidência da República";"20101";"Presidência da República";"110538";"AGENCIA BRASILEIRA DE INTELIGENCIA";"2021";"03";"";"Sigiloso";"-11";"Sigiloso";"Informações protegidas por sigilo";"";"1000,00"
"20000";"Presidência da República";"20101";"Presidência da República";"110538";"AGENCIA BRASILEIRA DE INTELIGENCIA";"2021";"03";"";"Sigiloso";"-11";"Sigiloso";"Informações protegidas por sigilo";"";"1000,00"
"20000";"Presidência da República";"20101";"Presidência da República";"110538";"AGENCIA BRASILEIRA DE INTELIGENCIA";"2021";"03";"";"Sigiloso";"-11";"Sigiloso";"Informações protegidas por sigilo";"";"650,00"
"20000";"Presidência da República";"20101";"Presidência da República";"110538";"AGENCIA BRASILEIRA DE INTELIGENCIA";"2021";"03";"";"Sigiloso";"-11";"Sigiloso";"Informações protegidas por sigilo";"";"1000,00"
"20000";"Presidência da República";"20101";"Presidência da República";"110538";"AGENCIA BRASILEIRA DE INTELIGENCIA";"2021";"03";"";"Sigiloso";"-11";"Sigiloso";"Informações protegidas por sigilo";"";"1000,00"
"20000";"Presidência da República";"20101";"Presidência da República";"110538";"AGENCIA BRASILEIRA DE INTELIGENCIA";"2021";"03";"";"Sigiloso";"-11";"Sigiloso";"Informações protegidas por sigilo";"";"1000,00"
"20000";"Presidência da República";"20101";"Presidência da República";"110538";"AGENCIA BRASILEIRA DE INTELIGENCIA";"2021";"03";"";"Sigiloso";"-11";"Sigiloso";"Informações protegidas por sigilo";"";"1000,00"
"20000";"Presidência da República";"20101";"Presidência da República";"110538";"AGENCIA BRASILEIRA DE INTELIGENCIA";"2021";"03";"";"Sigiloso";"-11";"Sigiloso";"Informações protegidas por sigilo";"";"1000,00"
"20000";"Presidência da República";"20101";"Presidência da República";"110538";"AGENCIA BRASILEIRA DE INTELIGENCIA";"2021";"03";"";"Sigiloso";"-11";"Sigiloso";"Informações protegidas por sigilo";"";"1000,00"
"20000";"Presidência da República";"20101";"Presidência da República";"110538";"AGENCIA BRASILEIRA DE INTELIGENCIA";"2021";"03";"";"Sigiloso";"-11";"Sigiloso";"Informações protegidas por sigilo";"";"1000,00"
"20000";"Presidência da República";"20101";"Presidência da República";"110538";"AGENCIA BRASILEIRA DE INTELIGENCIA";"2021";"03";"";"Sigiloso";"-11";"Sigiloso";"Informações protegidas por sigilo";"";"1000,00"
"20000";"Presidência da República";"20101";"Presidência da República";"110538";"AGENCIA BRASILEIRA DE INTELIGENCIA";"2021";"03";"";"Sigiloso";"-11";"Sigiloso";"Informações protegidas por sigilo";"";"1000,00"
"20000";"Presidência da República";"20101";"Presidência da República";"110538";"AGENCIA BRASILEIRA DE INTELIGENCIA";"2021";"03";"";"Sigiloso";"-11";"Sigiloso";"Informações protegidas por sigilo";"";"397,31"
"20000";"Presidência da República";"20101";"Presidência da República";"110538";"AGENCIA BRASILEIRA DE INTELIGENCIA";"2021";"03";"";"Sigiloso";"-11";"Sigiloso";"Informações protegidas por sigilo";"";"1000,00"
"20000";"Presidência da República";"20101";"Presidência da República";"110538";"AGENCIA BRASILEIRA DE INTELIGENCIA";"2021";"03";"";"Sigiloso";"-11";"Sigiloso";"Informações protegidas por sigilo";"";"1000,00"
"20000";"Presidência da República";"20101";"Presidência da República";"110538";"AGENCIA BRASILEIRA DE INTELIGENCIA";"2021";"03";"";"Sigiloso";"-11";"Sigiloso";"Informações protegidas por sigilo";"";"1000,00"
"20000";"Presidência da República";"20101";"Presidência da República";"110538";"AGENCIA BRASILEIRA DE INTELIGENCIA";"2021";"03";"";"Sigiloso";"-11";"Sigiloso";"Informações protegidas por sigilo";"";"1000,00"
"20000";"Presidência da República";"20101";"Presidência da República";"110538";"AGENCIA BRASILEIRA DE INTELIGENCIA";"2021";"03";"";"Sigiloso";"-11";"Sigiloso";"Informações protegidas por sigilo";"";"1000,00"
"20000";"Presidência da República";"20101";"Presidência da República";"110538";"AGENCIA BRASILEIRA DE INTELIGENCIA";"2021";"03";"";"Sigiloso";"-11";"Sigiloso";"Informações protegidas por sigilo";"";"1000,00"
"20000";"Presidência da República";"20101";"Presidência da República";"110538";"AGENCIA BRASILEIRA DE INTELIGENCIA";"2021";"03";"";"Sigiloso";"-11";"Sigiloso";"Informações protegidas por sigilo";"";"1000,00"
"20000";"Presidência da República";"20101";"Presidência da República";"110538";"AGENCIA BRASILEIRA DE INTELIGENCIA";"2021";"03";"";"Sigiloso";"-11";"Sigiloso";"Informações protegidas por sigilo";"";"1000,00"
"20000";"Presidência da República";"20101";"Presidência da República";"110538";"AGENCIA BRASILEIRA DE INTELIGENCIA";"2021";"03";"";"Sigiloso";"-11";"Sigiloso";"Informações protegidas por sigilo";"";"1000,00"
"20000";"Presidência da República";"20101";"Presidência da República";"110538";"AGENCIA BRASILEIRA DE INTELIGENCIA";"2021";"03";"";"Sigiloso";"-11";"Sigiloso";"Informações protegidas por sigilo";"";"1000,00"
"20000";"Presidência da República";"20101";"Presidência da República";"110538";"AGENCIA BRASILEIRA DE INTELIGENCIA";"2021";"03";"";"Sigiloso";"-11";"Sigiloso";"Informações protegidas por sigilo";"";"1000,00"
"20000";"Presidência da República";"20101";"Presidência da República";"110538";"AGENCIA BRASILEIRA DE INTELIGENCIA";"2021";"03";"";"Sigiloso";"-11";"Sigiloso";"Informações protegidas por sigilo";"";"1000,00"
"20000";"Presidência da República";"20101";"Presidência da República";"110538";"AGENCIA BRASILEIRA DE INTELIGENCIA";"2021";"03";"";"Sigiloso";"-11";"Sigiloso";"Informações protegidas por sigilo";"";"1000,00"
"20000";"Presidência da República";"20101";"Presidência da República";"110322";"GABINETE DE SEGURANCA INSTITUCIONAL/PR";"2021";"03";"";"Sigiloso";"-11";"Sigiloso";"Informações protegidas por sigilo";"";"208,61"
"20000";"Presidência da República";"20101";"Presidência da República";"110322";"GABINETE DE SEGURANCA INSTITUCIONAL/PR";"2021";"03";"";"Sigiloso";"-11";"Sigiloso";"Informações protegidas por sigilo";"";"164,98"
"20000";"Presidência da República";"20101";"Presidência da República";"110322";"GABINETE DE SEGURANCA INSTITUCIONAL/PR";"2021";"03";"";"Sigiloso";"-11";"Sigiloso";"Informações protegidas por sigilo";"";"11642,13"
"20000";"Presidência da República";"20101";"Presidência da República";"110322";"GABINETE DE SEGURANCA INSTITUCIONAL/PR";"2021";"03";"";"Sigiloso";"-11";"Sigiloso";"Informações protegidas por sigilo";"";"20,00"
"20000";"Presidência da República";"20101";"Presidência da República";"110322";"GABINETE DE SEGURANCA INSTITUCIONAL/PR";"2021";"03";"";"Sigiloso";"-11";"Sigiloso";"Informações protegidas por sigilo";"";"1760,00"
"20000";"Presidência da República";"20101";"Presidência da República";"110322";"GABINETE DE SEGURANCA INSTITUCIONAL/PR";"2021";"03";"";"Sigiloso";"-11";"Sigiloso";"Informações protegidas por sigilo";"";"20,00"
"20000";"Presidência da República";"20101";"Presidência da República";"110322";"GABINETE DE SEGURANCA INSTITUCIONAL/PR";"2021";"03";"";"Sigiloso";"-11";"Sigiloso";"Informações protegidas por sigilo";"";"660,00"
"20000";"Presidência da República";"20101";"Presidência da República";"110322";"GABINETE DE SEGURANCA INSTITUCIONAL/PR";"2021";"03";"";"Sigiloso";"-11";"Sigiloso";"Informações protegidas por sigilo";"";"1740,00"
"20000";"Presidência da República";"20101";"Presidência da República";"110322";"GABINETE DE SEGURANCA INSTITUCIONAL/PR";"2021";"03";"";"Sigiloso";"-11";"Sigiloso";"Informações protegidas por sigilo";"";"15,00"
"20000";"Presidência da República";"20101";"Presidência da República";"110322";"GABINETE DE SEGURANCA INSTITUCIONAL/PR";"2021";"03";"";"Sigiloso";"-11";"Sigiloso";"Informações protegidas por sigilo";"";"187,66"
"20000";"Presidência da República";"20101";"Presidência da República";"110322";"GABINETE DE SEGURANCA INSTITUCIONAL/PR";"2021";"03";"";"Sigiloso";"-11";"Sigiloso";"Informações protegidas por sigilo";"";"599,88"
"20000";"Presidência da República";"20101";"Presidência da República";"110322";"GABINETE DE SEGURANCA INSTITUCIONAL/PR";"2021";"03";"";"Sigiloso";"-11";"Sigiloso";"Informações protegidas por sigilo";"";"295,00"
"20000";"Presidência da República";"20101";"Presidência da República";"110322";"GABINETE DE SEGURANCA INSTITUCIONAL/PR";"2021";"03";"";"Sigiloso";"-11";"Sigiloso";"Informações protegidas por sigilo";"";"3700,00"
"20000";"Presidência da República";"20101";"Presidência da República";"110322";"GABINETE DE SEGURANCA INSTITUCIONAL/PR";"2021";"03";"";"Sigiloso";"-11";"Sigiloso";"Informações protegidas por sigilo";"";"360,00"
"20000";"Presidência da República";"20101";"Presidência da República";"110322";"GABINETE DE SEGURANCA INSTITUCIONAL/PR";"2021";"03";"";"Sigiloso";"-11";"Sigiloso";"Informações protegidas por sigilo";"";"100,00"
"20000";"Presidência da República";"20101";"Presidência da República";"110322";"GABINETE DE SEGURANCA INSTITUCIONAL/PR";"2021";"03";"";"Sigiloso";"-11";"Sigiloso";"Informações protegidas por sigilo";"";"142,86"
"20000";"Presidência da República";"20101";"Presidência da República";"110322";"GABINETE DE SEGURANCA INSTITUCIONAL/PR";"2021";"03";"";"Sigiloso";"-11";"Sigiloso";"Informações protegidas por sigilo";"";"40,00"
"20000";"Presidência da República";"20101";"Presidência da República";"110322";"GABINETE DE SEGURANCA INSTITUCIONAL/PR";"2021";"03";"";"Sigiloso";"-11";"Sigiloso";"Informações protegidas por sigilo";"";"189,68"
"20000";"Presidência da República";"20101";"Presidência da República";"110322";"GABINETE DE SEGURANCA INSTITUCIONAL/PR";"2021";"03";"";"Sigiloso";"-11";"Sigiloso";"Informações protegidas por sigilo";"";"1000,00"
"20000";"Presidência da República";"20101";"Presidência da República";"110322";"GABINETE DE SEGURANCA INSTITUCIONAL/PR";"2021";"03";"";"Sigiloso";"-11";"Sigiloso";"Informações protegidas por sigilo";"";"700,00"
"20000";"Presidência da República";"20101";"Presidência da República";"110322";"GABINETE DE SEGURANCA INSTITUCIONAL/PR";"2021";"03";"";"Sigiloso";"-11";"Sigiloso";"Informações protegidas por sigilo";"";"1904,70"
"20000";"Presidência da República";"20101";"Presidência da República";"110322";"GABINETE DE SEGURANCA INSTITUCIONAL/PR";"2021";"03";"";"Sigiloso";"-11";"Sigiloso";"Informações protegidas por sigilo";"";"6041,50"
"20000";"Presidência da República";"20101";"Presidência da República";"110322";"GABINETE DE SEGURANCA INSTITUCIONAL/PR";"2021";"03";"";"Sigiloso";"-11";"Sigiloso";"Informações protegidas por sigilo";"";"56,61"
"20000";"Presidência da República";"20101";"Presidência da República";"110322";"GABINETE DE SEGURANCA INSTITUCIONAL/PR";"2021";"03";"";"Sigiloso";"-11";"Sigiloso";"Informações protegidas por sigilo";"";"1835,00"
"20000";"Presidência da República";"20101";"Presidência da República";"110322";"GABINETE DE SEGURANCA INSTITUCIONAL/PR";"2021";"03";"";"Sigiloso";"-11";"Sigiloso";"Informações protegidas por sigilo";"";"15,00"
"20000";"Presidência da República";"20101";"Presidência da República";"110322";"GABINETE DE SEGURANCA INSTITUCIONAL/PR";"2021";"03";"";"Sigiloso";"-11";"Sigiloso";"Informações protegidas por sigilo";"";"860,00"
"20000";"Presidência da República";"20101";"Presidência da República";"110322";"GABINETE DE SEGURANCA INSTITUCIONAL/PR";"2021";"03";"";"Sigiloso";"-11";"Sigiloso";"Informações protegidas por sigilo";"";"55,63"
"20000";"Presidência da República";"20101";"Presidência da República";"110322";"GABINETE DE SEGURANCA INSTITUCIONAL/PR";"2021";"03";"";"Sigiloso";"-11";"Sigiloso";"Informações protegidas por sigilo";"";"192,51"
"20000";"Presidência da República";"20101";"Presidência da República";"110322";"GABINETE DE SEGURANCA INSTITUCIONAL/PR";"2021";"03";"";"Sigiloso";"-11";"Sigiloso";"Informações protegidas por sigilo";"";"76,81"
"20000";"Presidência da República";"20101";"Presidência da República";"110322";"GABINETE DE SEGURANCA INSTITUCIONAL/PR";"2021";"03";"";"Sigiloso";"-11";"Sigiloso";"Informações protegidas por sigilo";"";"78,25"
"20000";"Presidência da República";"20101";"Presidência da República";"110322";"GABINETE DE SEGURANCA INSTITUCIONAL/PR";"2021";"03";"";"Sigiloso";"-11";"Sigiloso";"Informações protegidas por sigilo";"";"673,72"
"20000";"Presidência da República";"20101";"Presidência da República";"110322";"GABINETE DE SEGURANCA INSTITUCIONAL/PR";"2021";"03";"";"Sigiloso";"-11";"Sigiloso";"Informações protegidas por sigilo";"";"87,92"
"20000";"Presidência da República";"20101";"Presidência da República";"110322";"GABINETE DE SEGURANCA INSTITUCIONAL/PR";"2021";"03";"";"Sigiloso";"-11";"Sigiloso";"Informações protegidas por sigilo";"";"1295,00"
"20000";"Presidência da República";"20101";"Presidência da República";"110322";"GABINETE DE SEGURANCA INSTITUCIONAL/PR";"2021";"03";"";"Sigiloso";"-11";"Sigiloso";"Informações protegidas por sigilo";"";"62,60"
"20000";"Presidência da República";"20101";"Presidência da República";"110322";"GABINETE DE SEGURANCA INSTITUCIONAL/PR";"2021";"03";"";"Sigiloso";"-11";"Sigiloso";"Informações protegidas por sigilo";"";"2018,00"
"20000";"Presidência da República";"20101";"Presidência da República";"110322";"GABINETE DE SEGURANCA INSTITUCIONAL/PR";"2021";"03";"";"Sigiloso";"-11";"Sigiloso";"Informações protegidas por sigilo";"";"110,00"
"20000";"Presidência da República";"20101";"Presidência da República";"110322";"GABINETE DE SEGURANCA INSTITUCIONAL/PR";"2021";"03";"";"Sigiloso";"-11";"Sigiloso";"Informações protegidas por sigilo";"";"1000,00"
"20000";"Presidência da República";"20101";"Presidência da República";"110322";"GABINETE DE SEGURANCA INSTITUCIONAL/PR";"2021";"03";"";"Sigiloso";"-11";"Sigiloso";"Informações protegidas por sigilo";"";"220,21"
"20000";"Presidência da República";"20101";"Presidência da República";"110322";"GABINETE DE SEGURANCA INSTITUCIONAL/PR";"2021";"03";"";"Sigiloso";"-11";"Sigiloso";"Informações protegidas por sigilo";"";"700,00"
"20000";"Presidência da República";"20101";"Presidência da República";"110322";"GABINETE DE SEGURANCA INSTITUCIONAL/PR";"2021";"03";"";"Sigiloso";"-11";"Sigiloso";"Informações protegidas por sigilo";"";"9000,00"
"20000";"Presidência da República";"20101";"Presidência da República";"110322";"GABINETE DE SEGURANCA INSTITUCIONAL/PR";"2021";"03";"";"Sigiloso";"-11";"Sigiloso";"Informações protegidas por sigilo";"";"3750,00"
"20000";"Presidência da República";"20101";"Presidência da República";"110322";"GABINETE DE SEGURANCA INSTITUCIONAL/PR";"2021";"03";"";"Sigiloso";"-11";"Sigiloso";"Informações protegidas por sigilo";"";"140,00"
"20000";"Presidência da República";"20101";"Presidência da República";"110322";"GABINETE DE SEGURANCA INSTITUCIONAL/PR";"2021";"03";"";"Sigiloso";"-11";"Sigiloso";"Informações protegidas por sigilo";"";"33,88"
"20000";"Presidência da República";"20101";"Presidência da República";"110322";"GABINETE DE SEGURANCA INSTITUCIONAL/PR";"2021";"03";"";"Sigiloso";"-11";"Sigiloso";"Informações protegidas por sigilo";"";"100,00"
"20000";"Presidência da República";"20101";"Presidência da República";"110322";"GABINETE DE SEGURANCA INSTITUCIONAL/PR";"2021";"03";"";"Sigiloso";"-11";"Sigiloso";"Informações protegidas por sigilo";"";"580,00"
"20000";"Presidência da República";"20101";"Presidência da República";"110322";"GABINETE DE SEGURANCA INSTITUCIONAL/PR";"2021";"03";"";"Sigiloso";"-11";"Sigiloso";"Informações protegidas por sigilo";"";"60,00"
"20000";"Presidência da República";"20101";"Presidência da República";"110322";"GABINETE DE SEGURANCA INSTITUCIONAL/PR";"2021";"03";"";"Sigiloso";"-11";"Sigiloso";"Informações protegidas por sigilo";"";"15504,00"
"20000";"Presidência da República";"20101";"Presidência da República";"110322";"GABINETE DE SEGURANCA INSTITUCIONAL/PR";"2021";"03";"";"Sigiloso";"-11";"Sigiloso";"Informações protegidas por sigilo";"";"552,34"
"20000";"Presidência da República";"20101";"Presidência da República";"110322";"GABINETE DE SEGURANCA INSTITUCIONAL/PR";"2021";"03";"";"Sigiloso";"-11";"Sigiloso";"Informações protegidas por sigilo";"";"526,47"
"20000";"Presidência da República";"20101";"Presidência da República";"110322";"GABINETE DE SEGURANCA INSTITUCIONAL/PR";"2021";"03";"";"Sigiloso";"-11";"Sigiloso";"Informações protegidas por sigilo";"";"81,80"
"20000";"Presidência da República";"20101";"Presidência da República";"110322";"GABINETE DE SEGURANCA INSTITUCIONAL/PR";"2021";"03";"";"Sigiloso";"-11";"Sigiloso";"Informações protegidas por sigilo";"";"13409,00"
"20000";"Presidência da República";"20101";"Presidência da República";"110322";"GABINETE DE SEGURANCA INSTITUCIONAL/PR";"2021";"03";"";"Sigiloso";"-11";"Sigiloso";"Informações protegidas por sigilo";"";"150,02"
"20000";"Presidência da República";"20101";"Presidência da República";"110001";"SECRETARIA DE ADMINISTRACAO/PR";"2021";"03";"";"Sigiloso";"-11";"Sigiloso";"Informações protegidas por sigilo";"";"97,50"
"20000";"Presidência da República";"20101";"Presidência da República";"110001";"SECRETARIA DE ADMINISTRACAO/PR";"2021";"03";"";"Sigiloso";"-11";"Sigiloso";"Informações protegidas por sigilo";"";"1297,98"
"20000";"Presidência da República";"20101";"Presidência da República";"110001";"SECRETARIA DE ADMINISTRACAO/PR";"2021";"03";"";"Sigiloso";"-11";"Sigiloso";"Informações protegidas por sigilo";"";"106,93"
"20000";"Presidência da República";"20101";"Presidência da República";"110001";"SECRETARIA DE ADMINISTRACAO/PR";"2021";"03";"";"Sigiloso";"-11";"Sigiloso";"Informações protegidas por sigilo";"";"12040,00"
"20000";"Presidência da República";"20101";"Presidência da República";"110001";"SECRETARIA DE ADMINISTRACAO/PR";"2021";"03";"";"Sigiloso";"-11";"Sigiloso";"Informações protegidas por sigilo";"";"268,90"
"20000";"Presidência da República";"20101";"Presidência da República";"110001";"SECRETARIA DE ADMINISTRACAO/PR";"2021";"03";"";"Sigiloso";"-11";"Sigiloso";"Informações protegidas por sigilo";"";"19,00"
"20000";"Presidência da República";"20101";"Presidência da República";"110001";"SECRETARIA DE ADMINISTRACAO/PR";"2021";"03";"";"Sigiloso";"-11";"Sigiloso";"Informações protegidas por sigilo";"";"88,06"
"20000";"Presidência da República";"20101";"Presidência da República";"110001";"SECRETARIA DE ADMINISTRACAO/PR";"2021";"03";"";"Sigiloso";"-11";"Sigiloso";"Informações protegidas por sigilo";"";"109,98"
"20000";"Presidência da República";"20101";"Presidência da República";"110001";"SECRETARIA DE ADMINISTRACAO/PR";"2021";"03";"";"Sigiloso";"-11";"Sigiloso";"Informações protegidas por sigilo";"";"230,30"
"20000";"Presidência da República";"20101";"Presidência da República";"110001";"SECRETARIA DE ADMINISTRACAO/PR";"2021";"03";"";"Sigiloso";"-11";"Sigiloso";"Informações protegidas por sigilo";"";"1000,00"
"20000";"Presidência da República";"20101";"Presidência da República";"110001";"SECRETARIA DE ADMINISTRACAO/PR";"2021";"03";"";"Sigiloso";"-11";"Sigiloso";"Informações protegidas por sigilo";"";"15,07"
"20000";"Presidência da República";"20101";"Presidência da República";"110001";"SECRETARIA DE ADMINISTRACAO/PR";"2021";"03";"";"Sigiloso";"-11";"Sigiloso";"Informações protegidas por sigilo";"";"4400,00"
"20000";"Presidência da República";"20101";"Presidência da República";"110001";"SECRETARIA DE ADMINISTRACAO/PR";"2021";"03";"";"Sigiloso";"-11";"Sigiloso";"Informações protegidas por sigilo";"";"1000,00"
"20000";"Presidência da República";"20101";"Presidência da República";"110001";"SECRETARIA DE ADMINISTRACAO/PR";"2021";"03";"";"Sigiloso";"-11";"Sigiloso";"Informações protegidas por sigilo";"";"700,63"
"20000";"Presidência da República";"20101";"Presidência da República";"110001";"SECRETARIA DE ADMINISTRACAO/PR";"2021";"03";"";"Sigiloso";"-11";"Sigiloso";"Informações protegidas por sigilo";"";"546,00"
"20000";"Presidência da República";"20101";"Presidência da República";"110001";"SECRETARIA DE ADMINISTRACAO/PR";"2021";"03";"";"Sigiloso";"-11";"Sigiloso";"Informações protegidas por sigilo";"";"590,00"
"20000";"Presidência da República";"20101";"Presidência da República";"110001";"SECRETARIA DE ADMINISTRACAO/PR";"2021";"03";"";"Sigiloso";"-11";"Sigiloso";"Informações protegidas por sigilo";"";"13146,00"
"20000";"Presidência da República";"20101";"Presidência da República";"110001";"SECRETARIA DE ADMINISTRACAO/PR";"2021";"03";"";"Sigiloso";"-11";"Sigiloso";"Informações protegidas por sigilo";"";"1424,49"
"20000";"Presidência da República";"20101";"Presidência da República";"110001";"SECRETARIA DE ADMINISTRACAO/PR";"2021";"03";"";"Sigiloso";"-11";"Sigiloso";"Informações protegidas por sigilo";"";"500,00"
"20000";"Presidência da República";"20101";"Presidência da República";"110001";"SECRETARIA DE ADMINISTRACAO/PR";"2021";"03";"";"Sigiloso";"-11";"Sigiloso";"Informações protegidas por sigilo";"";"25,72"
"20000";"Presidência da República";"20101";"Presidência da República";"110001";"SECRETARIA DE ADMINISTRACAO/PR";"2021";"03";"";"Sigiloso";"-11";"Sigiloso";"Informações protegidas por sigilo";"";"300,00"
"20000";"Presidência da República";"20101";"Presidência da República";"110001";"SECRETARIA DE ADMINISTRACAO/PR";"2021";"03";"";"Sigiloso";"-11";"Sigiloso";"Informações protegidas por sigilo";"";"698,90"
"20000";"Presidência da República";"20101";"Presidência da República";"110001";"SECRETARIA DE ADMINISTRACAO/PR";"2021";"03";"";"Sigiloso";"-11";"Sigiloso";"Informações protegidas por sigilo";"";"622,54"
"20000";"Presidência da República";"20101";"Presidência da República";"110001";"SECRETARIA DE ADMINISTRACAO/PR";"2021";"03";"";"Sigiloso";"-11";"Sigiloso";"Informações protegidas por sigilo";"";"94,22"
"20000";"Presidência da República";"20101";"Presidência da República";"110001";"SECRETARIA DE ADMINISTRACAO/PR";"2021";"03";"";"Sigiloso";"-11";"Sigiloso";"Informações protegidas por sigilo";"";"1000,00"
"20000";"Presidência da República";"20101";"Presidência da República";"110001";"SECRETARIA DE ADMINISTRACAO/PR";"2021";"03";"";"Sigiloso";"-11";"Sigiloso";"Informações protegidas por sigilo";"";"6,36"
"20000";"Presidência da República";"20101";"Presidência da República";"110001";"SECRETARIA DE ADMINISTRACAO/PR";"2021";"03";"";"Sigiloso";"-11";"Sigiloso";"Informações protegidas por sigilo";"";"1000,00"
"20000";"Presidência da República";"20101";"Presidência da República";"110001";"SECRETARIA DE ADMINISTRACAO/PR";"2021";"03";"";"Sigiloso";"-11";"Sigiloso";"Informações protegidas por sigilo";"";"54,50"
"20000";"Presidência da República";"20101";"Presidência da República";"110001";"SECRETARIA DE ADMINISTRACAO/PR";"2021";"03";"";"Sigiloso";"-11";"Sigiloso";"Informações protegidas por sigilo";"";"211,44"
"20000";"Presidência da República";"20101";"Presidência da República";"110001";"SECRETARIA DE ADMINISTRACAO/PR";"2021";"03";"";"Sigiloso";"-11";"Sigiloso";"Informações protegidas por sigilo";"";"34,93"
"20000";"Presidência da República";"20101";"Presidência da República";"110001";"SECRETARIA DE ADMINISTRACAO/PR";"2021";"03";"";"Sigiloso";"-11";"Sigiloso";"Informações protegidas por sigilo";"";"77,16"
"20000";"Presidência da República";"20101";"Presidência da República";"110001";"SECRETARIA DE ADMINISTRACAO/PR";"2021";"03";"";"Sigiloso";"-11";"Sigiloso";"Informações protegidas por sigilo";"";"1000,00"
"20000";"Presidência da República";"20101";"Presidência da República";"110001";"SECRETARIA DE ADMINISTRACAO/PR";"2021";"03";"";"Sigiloso";"-11";"Sigiloso";"Informações protegidas por sigilo";"";"18,00"
"20000";"Presidência da República";"20101";"Presidência da República";"110001";"SECRETARIA DE ADMINISTRACAO/PR";"2021";"03";"";"Sigiloso";"-11";"Sigiloso";"Informações protegidas por sigilo";"";"390,00"
"20000";"Presidência da República";"20101";"Presidência da República";"110001";"SECRETARIA DE ADMINISTRACAO/PR";"2021";"03";"";"Sigiloso";"-11";"Sigiloso";"Informações protegidas por sigilo";"";"466,56"
"20000";"Presidência da República";"20101";"Presidência da República";"110001";"SECRETARIA DE ADMINISTRACAO/PR";"2021";"03";"";"Sigiloso";"-11";"Sigiloso";"Informações protegidas por sigilo";"";"707,06"
"20000";"Presidência da República";"20101";"Presidência da República";"110001";"SECRETARIA DE ADMINISTRACAO/PR";"2021";"03";"";"Sigiloso";"-11";"Sigiloso";"Informações protegidas por sigilo";"";"9620,00"
"20000";"Presidência da República";"20101";"Presidência da República";"110001";"SECRETARIA DE ADMINISTRACAO/PR";"2021";"03";"";"Sigiloso";"-11";"Sigiloso";"Informações protegidas por sigilo";"";"278,02"
"20000";"Presidência da República";"20101";"Presidência da República";"110001";"SECRETARIA DE ADMINISTRACAO/PR";"2021";"03";"";"Sigiloso";"-11";"Sigiloso";"Informações protegidas por sigilo";"";"600,00"
"20000";"Presidência da República";"20101";"Presidência da República";"110001";"SECRETARIA DE ADMINISTRACAO/PR";"2021";"03";"";"Sigiloso";"-11";"Sigiloso";"Informações protegidas por sigilo";"";"136,50"
"20000";"Presidência da República";"20101";"Presidência da República";"110001";"SECRETARIA DE ADMINISTRACAO/PR";"2021";"03";"";"Sigiloso";"-11";"Sigiloso";"Informações protegidas por sigilo";"";"300,00"
"20000";"Presidência da República";"20101";"Presidência da República";"110001";"SECRETARIA DE ADMINISTRACAO/PR";"2021";"03";"";"Sigiloso";"-11";"Sigiloso";"Informações protegidas por sigilo";"";"19,98"
"20000";"Presidência da República";"20101";"Presidência da República";"110001";"SECRETARIA DE ADMINISTRACAO/PR";"2021";"03";"";"Sigiloso";"-11";"Sigiloso";"Informações protegidas por sigilo";"";"1923,35"
"20000";"Presidência da República";"20101";"Presidência da República";"110001";"SECRETARIA DE ADMINISTRACAO/PR";"2021";"03";"";"Sigiloso";"-11";"Sigiloso";"Informações protegidas por sigilo";"";"155,98"
"20000";"Presidência da República";"20101";"Presidência da República";"110001";"SECRETARIA DE ADMINISTRACAO/PR";"2021";"03";"";"Sigiloso";"-11";"Sigiloso";"Informações protegidas por sigilo";"";"1000,00"
"20000";"Presidência da República";"20101";"Presidência da República";"110001";"SECRETARIA DE ADMINISTRACAO/PR";"2021";"03";"";"Sigiloso";"-11";"Sigiloso";"Informações protegidas por sigilo";"";"618,21"
"20000";"Presidência da República";"20101";"Presidência da República";"110001";"SECRETARIA DE ADMINISTRACAO/PR";"2021";"03";"";"Sigiloso";"-11";"Sigiloso";"Informações protegidas por sigilo";"";"500,00"
"20000";"Presidência da República";"20101";"Presidência da República";"110001";"SECRETARIA DE ADMINISTRACAO/PR";"2021";"03";"";"Sigiloso";"-11";"Sigiloso";"Informações protegidas por sigilo";"";"139,60"
"20000";"Presidência da República";"20101";"Presidência da República";"110001";"SECRETARIA DE ADMINISTRACAO/PR";"2021";"03";"";"Sigiloso";"-11";"Sigiloso";"Informações protegidas por sigilo";"";"58410,00"
"20000";"Presidência da República";"20101";"Presidência da República";"110001";"SECRETARIA DE ADMINISTRACAO/PR";"2021";"03";"";"Sigiloso";"-11";"Sigiloso";"Informações protegidas por sigilo";"";"1000,00"
"20000";"Presidência da República";"20101";"Presidência da República";"110001";"SECRETARIA DE ADMINISTRACAO/PR";"2021";"03";"";"Sigiloso";"-11";"Sigiloso";"Informações protegidas por sigilo";"";"1000,00"
"20000";"Presidência da República";"20101";"Presidência da República";"110001";"SECRETARIA DE ADMINISTRACAO/PR";"2021";"03";"";"Sigiloso";"-11";"Sigiloso";"Informações protegidas por sigilo";"";"1000,00"
"20000";"Presidência da República";"20101";"Presidência da República";"110001";"SECRETARIA DE ADMINISTRACAO/PR";"2021";"03";"";"Sigiloso";"-11";"Sigiloso";"Informações protegidas por sigilo";"";"1000,00"
"20000";"Presidência da República";"20101";"Presidência da República";"110001";"SECRETARIA DE ADMINISTRACAO/PR";"2021";"03";"";"Sigiloso";"-11";"Sigiloso";"Informações protegidas por sigilo";"";"660,06"
"20000";"Presidência da República";"20101";"Presidência da República";"110001";"SECRETARIA DE ADMINISTRACAO/PR";"2021";"03";"";"Sigiloso";"-11";"Sigiloso";"Informações protegidas por sigilo";"";"1000,00"
"20000";"Presidência da República";"20101";"Presidência da República";"110001";"SECRETARIA DE ADMINISTRACAO/PR";"2021";"03";"";"Sigiloso";"-11";"Sigiloso";"Informações protegidas por sigilo";"";"910,00"
"20000";"Presidência da República";"20101";"Presidência da República";"110001";"SECRETARIA DE ADMINISTRACAO/PR";"2021";"03";"";"Sigiloso";"-11";"Sigiloso";"Informações protegidas por sigilo";"";"1000,00"
"20000";"Presidência da República";"20101";"Presidência da República";"110001";"SECRETARIA DE ADMINISTRACAO/PR";"2021";"03";"";"Sigiloso";"-11";"Sigiloso";"Informações protegidas por sigilo";"";"581,66"
"20000";"Presidência da República";"20101";"Presidência da República";"110001";"SECRETARIA DE ADMINISTRACAO/PR";"2021";"03";"";"Sigiloso";"-11";"Sigiloso";"Informações protegidas por sigilo";"";"4420,00"
"20000";"Presidência da República";"20101";"Presidência da República";"110001";"SECRETARIA DE ADMINISTRACAO/PR";"2021";"03";"";"Sigiloso";"-11";"Sigiloso";"Informações protegidas por sigilo";"";"5421,38"
"20000";"Presidência da República";"20101";"Presidência da República";"110001";"SECRETARIA DE ADMINISTRACAO/PR";"2021";"03";"";"Sigiloso";"-11";"Sigiloso";"Informações protegidas por sigilo";"";"830,81"
"20000";"Presidência da República";"20101";"Presidência da República";"110001";"SECRETARIA DE ADMINISTRACAO/PR";"2021";"03";"";"Sigiloso";"-11";"Sigiloso";"Informações protegidas por sigilo";"";"13120,00"
"20000";"Presidência da República";"20101";"Presidência da República";"110001";"SECRETARIA DE ADMINISTRACAO/PR";"2021";"03";"";"Sigiloso";"-11";"Sigiloso";"Informações protegidas por sigilo";"";"1361,92"
"20000";"Presidência da República";"20101";"Presidência da República";"110001";"SECRETARIA DE ADMINISTRACAO/PR";"2021";"03";"";"Sigiloso";"-11";"Sigiloso";"Informações protegidas por sigilo";"";"691,25"
"20000";"Presidência da República";"20101";"Presidência da República";"110001";"SECRETARIA DE ADMINISTRACAO/PR";"2021";"03";"";"Sigiloso";"-11";"Sigiloso";"Informações protegidas por sigilo";"";"4298,89"
"20000";"Presidência da República";"20101";"Presidência da República";"110001";"SECRETARIA DE ADMINISTRACAO/PR";"2021";"03";"";"Sigiloso";"-11";"Sigiloso";"Informações protegidas por sigilo";"";"505,81"
"20000";"Presidência da República";"20101";"Presidência da República";"110001";"SECRETARIA DE ADMINISTRACAO/PR";"2021";"03";"";"Sigiloso";"-11";"Sigiloso";"Informações protegidas por sigilo";"";"1368,65"
"20000";"Presidência da República";"20101";"Presidência da República";"110001";"SECRETARIA DE ADMINISTRACAO/PR";"2021";"03";"";"Sigiloso";"-11";"Sigiloso";"Informações protegidas por sigilo";"";"129,90"
"20000";"Presidência da República";"20101";"Presidência da República";"110001";"SECRETARIA DE ADMINISTRACAO/PR";"2021";"03";"";"Sigiloso";"-11";"Sigiloso";"Informações protegidas por sigilo";"";"403,06"
"20000";"Presidência da República";"20101";"Presidência da República";"110001";"SECRETARIA DE ADMINISTRACAO/PR";"2021";"03";"";"Sigiloso";"-11";"Sigiloso";"Informações protegidas por sigilo";"";"945,87"
"20000";"Presidência da República";"20101";"Presidência da República";"110001";"SECRETARIA DE ADMINISTRACAO/PR";"2021";"03";"";"Sigiloso";"-11";"Sigiloso";"Informações protegidas por sigilo";"";"722,40"
"20000";"Presidência da República";"20101";"Presidência da República";"110001";"SECRETARIA DE ADMINISTRACAO/PR";"2021";"03";"";"Sigiloso";"-11";"Sigiloso";"Informações protegidas por sigilo";"";"1000,00"
"20000";"Presidência da República";"20101";"Presidência da República";"110001";"SECRETARIA DE ADMINISTRACAO/PR";"2021";"03";"";"Sigiloso";"-11";"Sigiloso";"Informações protegidas por sigilo";"";"99,50"
"20000";"Presidência da República";"20101";"Presidência da República";"110001";"SECRETARIA DE ADMINISTRACAO/PR";"2021";"03";"";"Sigiloso";"-11";"Sigiloso";"Informações protegidas por sigilo";"";"1198,87"
"20000";"Presidência da República";"20101";"Presidência da República";"110001";"SECRETARIA DE ADMINISTRACAO/PR";"2021";"03";"";"Sigiloso";"-11";"Sigiloso";"Informações protegidas por sigilo";"";"92,29"
"20000";"Presidência da República";"20101";"Presidência da República";"110001";"SECRETARIA DE ADMINISTRACAO/PR";"2021";"03";"";"Sigiloso";"-11";"Sigiloso";"Informações protegidas por sigilo";"";"1000,00"
"20000";"Presidência da República";"20101";"Presidência da República";"110001";"SECRETARIA DE ADMINISTRACAO/PR";"2021";"03";"";"Sigiloso";"-11";"Sigiloso";"Informações protegidas por sigilo";"";"735,80"
"20000";"Presidência da República";"20101";"Presidência da República";"110001";"SECRETARIA DE ADMINISTRACAO/PR";"2021";"03";"";"Sigiloso";"-11";"Sigiloso";"Informações protegidas por sigilo";"";"403,76"
"20000";"Presidência da República";"20101";"Presidência da República";"110001";"SECRETARIA DE ADMINISTRACAO/PR";"2021";"03";"";"Sigiloso";"-11";"Sigiloso";"Informações protegidas por sigilo";"";"237,70"
"20000";"Presidência da República";"20101";"Presidência da República";"110001";"SECRETARIA DE ADMINISTRACAO/PR";"2021";"03";"";"Sigiloso";"-11";"Sigiloso";"Informações protegidas por sigilo";"";"499,00"
"20000";"Presidência da República";"20101";"Presidência da República";"110001";"SECRETARIA DE ADMINISTRACAO/PR";"2021";"03";"";"Sigiloso";"-11";"Sigiloso";"Informações protegidas por sigilo";"";"1499,33"
"20000";"Presidência da República";"20101";"Presidência da República";"110001";"SECRETARIA DE ADMINISTRACAO/PR";"2021";"03";"";"Sigiloso";"-11";"Sigiloso";"Informações protegidas por sigilo";"";"983,23"
"20000";"Presidência da República";"20101";"Presidência da República";"110001";"SECRETARIA DE ADMINISTRACAO/PR";"2021";"03";"";"Sigiloso";"-11";"Sigiloso";"Informações protegidas por sigilo";"";"732,68"
"20000";"Presidência da República";"20101";"Presidência da República";"110001";"SECRETARIA DE ADMINISTRACAO/PR";"2021";"03";"";"Sigiloso";"-11";"Sigiloso";"Informações protegidas por sigilo";"";"49,90"
"20000";"Presidência da República";"20101";"Presidência da República";"110001";"SECRETARIA DE ADMINISTRACAO/PR";"2021";"03";"";"Sigiloso";"-11";"Sigiloso";"Informações protegidas por sigilo";"";"98,70"
"20000";"Presidência da República";"20101";"Presidência da República";"110001";"SECRETARIA DE ADMINISTRACAO/PR";"2021";"03";"";"Sigiloso";"-11";"Sigiloso";"Informações protegidas por sigilo";"";"49,00"
"20000";"Presidência da República";"20101";"Presidência da República";"110001";"SECRETARIA DE ADMINISTRACAO/PR";"2021";"03";"";"Sigiloso";"-11";"Sigiloso";"Informações protegidas por sigilo";"";"71,00"
"20000";"Presidência da República";"20101";"Presidência da República";"110001";"SECRETARIA DE ADMINISTRACAO/PR";"2021";"03";"";"Sigiloso";"-11";"Sigiloso";"Informações protegidas por sigilo";"";"1000,00"
"20000";"Presidência da República";"20101";"Presidência da República";"110001";"SECRETARIA DE ADMINISTRACAO/PR";"2021";"03";"";"Sigiloso";"-11";"Sigiloso";"Informações protegidas por sigilo";"";"120,00"
"20000";"Presidência da República";"20101";"Presidência da República";"110001";"SECRETARIA DE ADMINISTRACAO/PR";"2021";"03";"";"Sigiloso";"-11";"Sigiloso";"Informações protegidas por sigilo";"";"112,51"
"20000";"Presidência da República";"20101";"Presidência da República";"110001";"SECRETARIA DE ADMINISTRACAO/PR";"2021";"03";"";"Sigiloso";"-11";"Sigiloso";"Informações protegidas por sigilo";"";"458,36"
"20000";"Presidência da República";"20101";"Presidência da República";"110001";"SECRETARIA DE ADMINISTRACAO/PR";"2021";"03";"";"Sigiloso";"-11";"Sigiloso";"Informações protegidas por sigilo";"";"207,33"
"20000";"Presidência da República";"20101";"Presidência da República";"110001";"SECRETARIA DE ADMINISTRACAO/PR";"2021";"03";"";"Sigiloso";"-11";"Sigiloso";"Informações protegidas por sigilo";"";"1000,00"
"20000";"Presidência da República";"20101";"Presidência da República";"110001";"SECRETARIA DE ADMINISTRACAO/PR";"2021";"03";"";"Sigiloso";"-11";"Sigiloso";"Informações protegidas por sigilo";"";"18,28"
"20000";"Presidência da República";"20101";"Presidência da República";"110001";"SECRETARIA DE ADMINISTRACAO/PR";"2021";"03";"";"Sigiloso";"-11";"Sigiloso";"Informações protegidas por sigilo";"";"732,19"
"20000";"Presidência da República";"20101";"Presidência da República";"110001";"SECRETARIA DE ADMINISTRACAO/PR";"2021";"03";"";"Sigiloso";"-11";"Sigiloso";"Informações protegidas por sigilo";"";"52,47"
"20000";"Presidência da República";"20101";"Presidência da República";"110001";"SECRETARIA DE ADMINISTRACAO/PR";"2021";"03";"";"Sigiloso";"-11";"Sigiloso";"Informações protegidas por sigilo";"";"281,73"
"20000";"Presidência da República";"20101";"Presidência da República";"110001";"SECRETARIA DE ADMINISTRACAO/PR";"2021";"03";"";"Sigiloso";"-11";"Sigiloso";"Informações protegidas por sigilo";"";"1001,04"
"20000";"Presidência da República";"20101";"Presidência da República";"110001";"SECRETARIA DE ADMINISTRACAO/PR";"2021";"03";"";"Sigiloso";"-11";"Sigiloso";"Informações protegidas por sigilo";"";"1000,00"
"20000";"Presidência da República";"20101";"Presidência da República";"110001";"SECRETARIA DE ADMINISTRACAO/PR";"2021";"03";"";"Sigiloso";"-11";"Sigiloso";"Informações protegidas por sigilo";"";"26,97"
"20000";"Presidência da República";"20101";"Presidência da República";"110001";"SECRETARIA DE ADMINISTRACAO/PR";"2021";"03";"";"Sigiloso";"-11";"Sigiloso";"Informações protegidas por sigilo";"";"47,80"
"20000";"Presidência da República";"20101";"Presidência da República";"110001";"SECRETARIA DE ADMINISTRACAO/PR";"2021";"03";"";"Sigiloso";"-11";"Sigiloso";"Informações protegidas por sigilo";"";"1000,00"
"20000";"Presidência da República";"20101";"Presidência da República";"110001";"SECRETARIA DE ADMINISTRACAO/PR";"2021";"03";"";"Sigiloso";"-11";"Sigiloso";"Informações protegidas por sigilo";"";"120,00"
"20000";"Presidência da República";"20101";"Presidência da República";"110001";"SECRETARIA DE ADMINISTRACAO/PR";"2021";"03";"";"Sigiloso";"-11";"Sigiloso";"Informações protegidas por sigilo";"";"1000,00"
"20000";"Presidência da República";"20101";"Presidência da República";"110001";"SECRETARIA DE ADMINISTRACAO/PR";"2021";"03";"";"Sigiloso";"-11";"Sigiloso";"Informações protegidas por sigilo";"";"966,00"
"20000";"Presidência da República";"20101";"Presidência da República";"110001";"SECRETARIA DE ADMINISTRACAO/PR";"2021";"03";"";"Sigiloso";"-11";"Sigiloso";"Informações protegidas por sigilo";"";"200,00"
"20000";"Presidência da República";"20101";"Presidência da República";"110001";"SECRETARIA DE ADMINISTRACAO/PR";"2021";"03";"";"Sigiloso";"-11";"Sigiloso";"Informações protegidas por sigilo";"";"14586,95"
"20000";"Presidência da República";"20101";"Presidência da República";"110001";"SECRETARIA DE ADMINISTRACAO/PR";"2021";"03";"";"Sigiloso";"-11";"Sigiloso";"Informações protegidas por sigilo";"";"40,00"
"20000";"Presidência da República";"20101";"Presidência da República";"110001";"SECRETARIA DE ADMINISTRACAO/PR";"2021";"03";"";"Sigiloso";"-11";"Sigiloso";"Informações protegidas por sigilo";"";"769,02"
"20000";"Presidência da República";"20101";"Presidência da República";"110001";"SECRETARIA DE ADMINISTRACAO/PR";"2021";"03";"";"Sigiloso";"-11";"Sigiloso";"Informações protegidas por sigilo";"";"22408,20"
"20000";"Presidência da República";"20101";"Presidência da República";"110001";"SECRETARIA DE ADMINISTRACAO/PR";"2021";"03";"";"Sigiloso";"-11";"Sigiloso";"Informações protegidas por sigilo";"";"700,00"
"20000";"Presidência da República";"20101";"Presidência da República";"110001";"SECRETARIA DE ADMINISTRACAO/PR";"2021";"03";"";"Sigiloso";"-11";"Sigiloso";"Informações protegidas por sigilo";"";"1000,00"
"20000";"Presidência da República";"20101";"Presidência da República";"110001";"SECRETARIA DE ADMINISTRACAO/PR";"2021";"03";"";"Sigiloso";"-11";"Sigiloso";"Informações protegidas por sigilo";"";"2275,00"
"20000";"Presidência da República";"20101";"Presidência da República";"110001";"SECRETARIA DE ADMINISTRACAO/PR";"2021";"03";"";"Sigiloso";"-11";"Sigiloso";"Informações protegidas por sigilo";"";"1000,00"
"20000";"Presidência da República";"20101";"Presidência da República";"110001";"SECRETARIA DE ADMINISTRACAO/PR";"2021";"03";"";"Sigiloso";"-11";"Sigiloso";"Informações protegidas por sigilo";"";"1285,03"
"20000";"Presidência da República";"20101";"Presidência da República";"110001";"SECRETARIA DE ADMINISTRACAO/PR";"2021";"03";"";"Sigiloso";"-11";"Sigiloso";"Informações protegidas por sigilo";"";"426,53"
"20000";"Presidência da República";"20101";"Presidência da República";"110001";"SECRETARIA DE ADMINISTRACAO/PR";"2021";"03";"";"Sigiloso";"-11";"Sigiloso";"Informações protegidas por sigilo";"";"81,45"
"20000";"Presidência da República";"20101";"Presidência da República";"110001";"SECRETARIA DE ADMINISTRACAO/PR";"2021";"03";"";"Sigiloso";"-11";"Sigiloso";"Informações protegidas por sigilo";"";"500,00"
"20000";"Presidência da República";"20101";"Presidência da República";"110001";"SECRETARIA DE ADMINISTRACAO/PR";"2021";"03";"";"Sigiloso";"-11";"Sigiloso";"Informações protegidas por sigilo";"";"653,56"
"20000";"Presidência da República";"20101";"Presidência da República";"110001";"SECRETARIA DE ADMINISTRACAO/PR";"2021";"03";"";"Sigiloso";"-11";"Sigiloso";"Informações protegidas por sigilo";"";"139,50"
"20000";"Presidência da República";"20101";"Presidência da República";"110001";"SECRETARIA DE ADMINISTRACAO/PR";"2021";"03";"";"Sigiloso";"-11";"Sigiloso";"Informações protegidas por sigilo";"";"29,96"
"20000";"Presidência da República";"20101";"Presidência da República";"110001";"SECRETARIA DE ADMINISTRACAO/PR";"2021";"03";"";"Sigiloso";"-11";"Sigiloso";"Informações protegidas por sigilo";"";"289,53"
"20000";"Presidência da República";"20101";"Presidência da República";"110001";"SECRETARIA DE ADMINISTRACAO/PR";"2021";"03";"";"Sigiloso";"-11";"Sigiloso";"Informações protegidas por sigilo";"";"142,78"
"20000";"Presidência da República";"20101";"Presidência da República";"110001";"SECRETARIA DE ADMINISTRACAO/PR";"2021";"03";"";"Sigiloso";"-11";"Sigiloso";"Informações protegidas por sigilo";"";"139,96"
"20000";"Presidência da República";"20101";"Presidência da República";"110001";"SECRETARIA DE ADMINISTRACAO/PR";"2021";"03";"";"Sigiloso";"-11";"Sigiloso";"Informações protegidas por sigilo";"";"453,15"
"20000";"Presidência da República";"20101";"Presidência da República";"110001";"SECRETARIA DE ADMINISTRACAO/PR";"2021";"03";"";"Sigiloso";"-11";"Sigiloso";"Informações protegidas por sigilo";"";"897,00"
"20000";"Presidência da República";"20101";"Presidência da República";"110001";"SECRETARIA DE ADMINISTRACAO/PR";"2021";"03";"";"Sigiloso";"-11";"Sigiloso";"Informações protegidas por sigilo";"";"1281,19"
"20000";"Presidência da República";"20101";"Presidência da República";"110001";"SECRETARIA DE ADMINISTRACAO/PR";"2021";"03";"";"Sigiloso";"-11";"Sigiloso";"Informações protegidas por sigilo";"";"45,37"
"20000";"Presidência da República";"20101";"Presidência da República";"110001";"SECRETARIA DE ADMINISTRACAO/PR";"2021";"03";"";"Sigiloso";"-11";"Sigiloso";"Informações protegidas por sigilo";"";"143,00"
"20000";"Presidência da República";"20101";"Presidência da República";"110001";"SECRETARIA DE ADMINISTRACAO/PR";"2021";"03";"";"Sigiloso";"-11";"Sigiloso";"Informações protegidas por sigilo";"";"7940,00"
"20000";"Presidência da República";"20101";"Presidência da República";"110001";"SECRETARIA DE ADMINISTRACAO/PR";"2021";"03";"";"Sigiloso";"-11";"Sigiloso";"Informações protegidas por sigilo";"";"1000,00"
"20000";"Presidência da República";"20101";"Presidência da República";"110001";"SECRETARIA DE ADMINISTRACAO/PR";"2021";"03";"";"Sigiloso";"-11";"Sigiloso";"Informações protegidas por sigilo";"";"177,25"
"20000";"Presidência da República";"20101";"Presidência da República";"110001";"SECRETARIA DE ADMINISTRACAO/PR";"2021";"03";"";"Sigiloso";"-11";"Sigiloso";"Informações protegidas por sigilo";"";"1000,00"
"20000";"Presidência da República";"20101";"Presidência da República";"110001";"SECRETARIA DE ADMINISTRACAO/PR";"2021";"03";"";"Sigiloso";"-11";"Sigiloso";"Informações protegidas por sigilo";"";"24674,79"
"20000";"Presidência da República";"20101";"Presidência da República";"110001";"SECRETARIA DE ADMINISTRACAO/PR";"2021";"03";"";"Sigiloso";"-11";"Sigiloso";"Informações protegidas por sigilo";"";"42,99"
"20000";"Presidência da República";"20101";"Presidência da República";"110001";"SECRETARIA DE ADMINISTRACAO/PR";"2021";"03";"";"Sigiloso";"-11";"Sigiloso";"Informações protegidas por sigilo";"";"823,40"
"20000";"Presidência da República";"20101";"Presidência da República";"110001";"SECRETARIA DE ADMINISTRACAO/PR";"2021";"03";"";"Sigiloso";"-11";"Sigiloso";"Informações protegidas por sigilo";"";"830,00"
"20000";"Presidência da República";"20101";"Presidência da República";"110001";"SECRETARIA DE ADMINISTRACAO/PR";"2021";"03";"";"Sigiloso";"-11";"Sigiloso";"Informações protegidas por sigilo";"";"3050,00"
"20000";"Presidência da República";"20101";"Presidência da República";"110001";"SECRETARIA DE ADMINISTRACAO/PR";"2021";"03";"";"Sigiloso";"-11";"Sigiloso";"Informações protegidas por sigilo";"";"285,00"
"20000";"Presidência da República";"20101";"Presidência da República";"110001";"SECRETARIA DE ADMINISTRACAO/PR";"2021";"03";"";"Sigiloso";"-11";"Sigiloso";"Informações protegidas por sigilo";"";"21700,00"
"20000";"Presidência da República";"20101";"Presidência da República";"110001";"SECRETARIA DE ADMINISTRACAO/PR";"2021";"03";"";"Sigiloso";"-11";"Sigiloso";"Informações protegidas por sigilo";"";"1000,00"
"20000";"Presidência da República";"20101";"Presidência da República";"110001";"SECRETARIA DE ADMINISTRACAO/PR";"2021";"03";"";"Sigiloso";"-11";"Sigiloso";"Informações protegidas por sigilo";"";"655,98"
"20000";"Presidência da República";"20101";"Presidência da República";"110001";"SECRETARIA DE ADMINISTRACAO/PR";"2021";"03";"";"Sigiloso";"-11";"Sigiloso";"Informações protegidas por sigilo";"";"427,14"
"20000";"Presidência da República";"20101";"Presidência da República";"110001";"SECRETARIA DE ADMINISTRACAO/PR";"2021";"03";"";"Sigiloso";"-11";"Sigiloso";"Informações protegidas por sigilo";"";"52,09"
"20000";"Presidência da República";"20101";"Presidência da República";"110001";"SECRETARIA DE ADMINISTRACAO/PR";"2021";"03";"";"Sigiloso";"-11";"Sigiloso";"Informações protegidas por sigilo";"";"184,00"
"20000";"Presidência da República";"20101";"Presidência da República";"110001";"SECRETARIA DE ADMINISTRACAO/PR";"2021";"03";"";"Sigiloso";"-11";"Sigiloso";"Informações protegidas por sigilo";"";"1302,70"
"20000";"Presidência da República";"20101";"Presidência da República";"110001";"SECRETARIA DE ADMINISTRACAO/PR";"2021";"03";"";"Sigiloso";"-11";"Sigiloso";"Informações protegidas por sigilo";"";"2000,00"
"20000";"Presidência da República";"20101";"Presidência da República";"110001";"SECRETARIA DE ADMINISTRACAO/PR";"2021";"03";"";"Sigiloso";"-11";"Sigiloso";"Informações protegidas por sigilo";"";"4756,00"
"20000";"Presidência da República";"20101";"Presidência da República";"110001";"SECRETARIA DE ADMINISTRACAO/PR";"2021";"03";"";"Sigiloso";"-11";"Sigiloso";"Informações protegidas por sigilo";"";"923,02"
"20000";"Presidência da República";"20101";"Presidência da República";"110001";"SECRETARIA DE ADMINISTRACAO/PR";"2021";"03";"";"Sigiloso";"-11";"Sigiloso";"Informações protegidas por sigilo";"";"1870,66"
"20000";"Presidência da República";"20101";"Presidência da República";"110001";"SECRETARIA DE ADMINISTRACAO/PR";"2021";"03";"";"Sigiloso";"-11";"Sigiloso";"Informações protegidas por sigilo";"";"203,97"
"20000";"Presidência da República";"20101";"Presidência da República";"110001";"SECRETARIA DE ADMINISTRACAO/PR";"2021";"03";"";"Sigiloso";"-11";"Sigiloso";"Informações protegidas por sigilo";"";"114,40"
"20000";"Presidência da República";"20101";"Presidência da República";"110001";"SECRETARIA DE ADMINISTRACAO/PR";"2021";"03";"";"Sigiloso";"-11";"Sigiloso";"Informações protegidas por sigilo";"";"95,68"
"20000";"Presidência da República";"20101";"Presidência da República";"110001";"SECRETARIA DE ADMINISTRACAO/PR";"2021";"03";"";"Sigiloso";"-11";"Sigiloso";"Informações protegidas por sigilo";"";"1000,00"
"20000";"Presidência da República";"20101";"Presidência da República";"110001";"SECRETARIA DE ADMINISTRACAO/PR";"2021";"03";"";"Sigiloso";"-11";"Sigiloso";"Informações protegidas por sigilo";"";"2698,20"
"20000";"Presidência da República";"20101";"Presidência da República";"110001";"SECRETARIA DE ADMINISTRACAO/PR";"2021";"03";"";"Sigiloso";"-11";"Sigiloso";"Informações protegidas por sigilo";"";"43,56"
"20000";"Presidência da República";"20101";"Presidência da República";"110001";"SECRETARIA DE ADMINISTRACAO/PR";"2021";"03";"";"Sigiloso";"-11";"Sigiloso";"Informações protegidas por sigilo";"";"26,28"
"20000";"Presidência da República";"20101";"Presidência da República";"110001";"SECRETARIA DE ADMINISTRACAO/PR";"2021";"03";"";"Sigiloso";"-11";"Sigiloso";"Informações protegidas por sigilo";"";"32,80"
"20000";"Presidência da República";"20101";"Presidência da República";"110001";"SECRETARIA DE ADMINISTRACAO/PR";"2021";"03";"";"Sigiloso";"-11";"Sigiloso";"Informações protegidas por sigilo";"";"1466,69"
"20000";"Presidência da República";"20101";"Presidência da República";"110001";"SECRETARIA DE ADMINISTRACAO/PR";"2021";"03";"";"Sigiloso";"-11";"Sigiloso";"Informações protegidas por sigilo";"";"400,00"
"20000";"Presidência da República";"20101";"Presidência da República";"110001";"SECRETARIA DE ADMINISTRACAO/PR";"2021";"03";"";"Sigiloso";"-11";"Sigiloso";"Informações protegidas por sigilo";"";"441,00"
"20000";"Presidência da República";"20101";"Presidência da República";"110001";"SECRETARIA DE ADMINISTRACAO/PR";"2021";"03";"";"Sigiloso";"-11";"Sigiloso";"Informações protegidas por sigilo";"";"214,23"
"20000";"Presidência da República";"20101";"Presidência da República";"110001";"SECRETARIA DE ADMINISTRACAO/PR";"2021";"03";"";"Sigiloso";"-11";"Sigiloso";"Informações protegidas por sigilo";"";"497,58"
"20000";"Presidência da República";"20101";"Presidência da República";"110001";"SECRETARIA DE ADMINISTRACAO/PR";"2021";"03";"";"Sigiloso";"-11";"Sigiloso";"Informações protegidas por sigilo";"";"1000,00"
"20000";"Presidência da República";"20101";"Presidência da República";"110001";"SECRETARIA DE ADMINISTRACAO/PR";"2021";"03";"";"Sigiloso";"-11";"Sigiloso";"Informações protegidas por sigilo";"";"15500,00"
"20000";"Presidência da República";"20101";"Presidência da República";"110001";"SECRETARIA DE ADMINISTRACAO/PR";"2021";"03";"";"Sigiloso";"-11";"Sigiloso";"Informações protegidas por sigilo";"";"84,35"
"20000";"Presidência da República";"20101";"Presidência da República";"110001";"SECRETARIA DE ADMINISTRACAO/PR";"2021";"03";"";"Sigiloso";"-11";"Sigiloso";"Informações protegidas por sigilo";"";"38,97"
"20000";"Presidência da República";"20101";"Presidência da República";"110001";"SECRETARIA DE ADMINISTRACAO/PR";"2021";"03";"";"Sigiloso";"-11";"Sigiloso";"Informações protegidas por sigilo";"";"58811,00"
"20000";"Presidência da República";"20101";"Presidência da República";"110001";"SECRETARIA DE ADMINISTRACAO/PR";"2021";"03";"";"Sigiloso";"-11";"Sigiloso";"Informações protegidas por sigilo";"";"230,00"
"20000";"Presidência da República";"20101";"Presidência da República";"110001";"SECRETARIA DE ADMINISTRACAO/PR";"2021";"03";"";"Sigiloso";"-11";"Sigiloso";"Informações protegidas por sigilo";"";"921,29"
"20000";"Presidência da República";"20101";"Presidência da República";"110001";"SECRETARIA DE ADMINISTRACAO/PR";"2021";"03";"";"Sigiloso";"-11";"Sigiloso";"Informações protegidas por sigilo";"";"55,98"
"20000";"Presidência da República";"20101";"Presidência da República";"110001";"SECRETARIA DE ADMINISTRACAO/PR";"2021";"03";"";"Sigiloso";"-11";"Sigiloso";"Informações protegidas por sigilo";"";"1021,75"
"20000";"Presidência da República";"20101";"Presidência da República";"110001";"SECRETARIA DE ADMINISTRACAO/PR";"2021";"03";"";"Sigiloso";"-11";"Sigiloso";"Informações protegidas por sigilo";"";"180,00"
"20000";"Presidência da República";"20101";"Presidência da República";"110001";"SECRETARIA DE ADMINISTRACAO/PR";"2021";"03";"";"Sigiloso";"-11";"Sigiloso";"Informações protegidas por sigilo";"";"282,54"
"20000";"Presidência da República";"20101";"Presidência da República";"110001";"SECRETARIA DE ADMINISTRACAO/PR";"2021";"03";"";"Sigiloso";"-11";"Sigiloso";"Informações protegidas por sigilo";"";"756,00"
"20000";"Presidência da República";"20101";"Presidência da República";"110001";"SECRETARIA DE ADMINISTRACAO/PR";"2021";"03";"";"Sigiloso";"-11";"Sigiloso";"Informações protegidas por sigilo";"";"55,71"
"20000";"Presidência da República";"20101";"Presidência da República";"110001";"SECRETARIA DE ADMINISTRACAO/PR";"2021";"03";"";"Sigiloso";"-11";"Sigiloso";"Informações protegidas por sigilo";"";"250,27"
"20000";"Presidência da República";"20101";"Presidência da República";"110001";"SECRETARIA DE ADMINISTRACAO/PR";"2021";"03";"";"Sigiloso";"-11";"Sigiloso";"Informações protegidas por sigilo";"";"1226,19"
"20000";"Presidência da República";"20101";"Presidência da República";"110001";"SECRETARIA DE ADMINISTRACAO/PR";"2021";"03";"";"Sigiloso";"-11";"Sigiloso";"Informações protegidas por sigilo";"";"307,81"
"20000";"Presidência da República";"20101";"Presidência da República";"110001";"SECRETARIA DE ADMINISTRACAO/PR";"2021";"03";"";"Sigiloso";"-11";"Sigiloso";"Informações protegidas por sigilo";"";"70000,00"
"20000";"Presidência da República";"20101";"Presidência da República";"110001";"SECRETARIA DE ADMINISTRACAO/PR";"2021";"03";"";"Sigiloso";"-11";"Sigiloso";"Informações protegidas por sigilo";"";"11708,00"
"20000";"Presidência da República";"20101";"Presidência da República";"110001";"SECRETARIA DE ADMINISTRACAO/PR";"2021";"03";"";"Sigiloso";"-11";"Sigiloso";"Informações protegidas por sigilo";"";"65,80"
"20000";"Presidência da República";"20101";"Presidência da República";"110001";"SECRETARIA DE ADMINISTRACAO/PR";"2021";"03";"";"Sigiloso";"-11";"Sigiloso";"Informações protegidas por sigilo";"";"800,86"
"20000";"Presidência da República";"20101";"Presidência da República";"110001";"SECRETARIA DE ADMINISTRACAO/PR";"2021";"03";"";"Sigiloso";"-11";"Sigiloso";"Informações protegidas por sigilo";"";"1000,00"
"20000";"Presidência da República";"20101";"Presidência da República";"110001";"SECRETARIA DE ADMINISTRACAO/PR";"2021";"03";"";"Sigiloso";"-11";"Sigiloso";"Informações protegidas por sigilo";"";"11,07"
"20000";"Presidência da República";"20101";"Presidência da República";"110001";"SECRETARIA DE ADMINISTRACAO/PR";"2021";"03";"";"Sigiloso";"-11";"Sigiloso";"Informações protegidas por sigilo";"";"1390,61"
"20000";"Presidência da República";"20101";"Presidência da República";"110001";"SECRETARIA DE ADMINISTRACAO/PR";"2021";"03";"";"Sigiloso";"-11";"Sigiloso";"Informações protegidas por sigilo";"";"17,43"
"20000";"Presidência da República";"20101";"Presidência da República";"110001";"SECRETARIA DE ADMINISTRACAO/PR";"2021";"03";"";"Sigiloso";"-11";"Sigiloso";"Informações protegidas por sigilo";"";"1000,00"
"20000";"Presidência da República";"20101";"Presidência da República";"110001";"SECRETARIA DE ADMINISTRACAO/PR";"2021";"03";"";"Sigiloso";"-11";"Sigiloso";"Informações protegidas por sigilo";"";"1950,00"
"20000";"Presidência da República";"20101";"Presidência da República";"110001";"SECRETARIA DE ADMINISTRACAO/PR";"2021";"03";"";"Sigiloso";"-11";"Sigiloso";"Informações protegidas por sigilo";"";"1060,80"
"20000";"Presidência da República";"20101";"Presidência da República";"110001";"SECRETARIA DE ADMINISTRACAO/PR";"2021";"03";"";"Sigiloso";"-11";"Sigiloso";"Informações protegidas por sigilo";"";"267,64"
"20000";"Presidência da República";"20101";"Presidência da República";"110001";"SECRETARIA DE ADMINISTRACAO/PR";"2021";"03";"";"Sigiloso";"-11";"Sigiloso";"Informações protegidas por sigilo";"";"1000,00"
"20000";"Presidência da República";"20101";"Presidência da República";"110001";"SECRETARIA DE ADMINISTRACAO/PR";"2021";"03";"";"Sigiloso";"-11";"Sigiloso";"Informações protegidas por sigilo";"";"1640,60"
"20000";"Presidência da República";"20101";"Presidência da República";"110001";"SECRETARIA DE ADMINISTRACAO/PR";"2021";"03";"";"Sigiloso";"-11";"Sigiloso";"Informações protegidas por sigilo";"";"20122,00"
"20000";"Presidência da República";"20101";"Presidência da República";"110001";"SECRETARIA DE ADMINISTRACAO/PR";"2021";"03";"";"Sigiloso";"-11";"Sigiloso";"Informações protegidas por sigilo";"";"6479,00"
"20000";"Presidência da República";"20101";"Presidência da República";"110001";"SECRETARIA DE ADMINISTRACAO/PR";"2021";"03";"";"Sigiloso";"-11";"Sigiloso";"Informações protegidas por sigilo";"";"88,85"
"20000";"Presidência da República";"20101";"Presidência da República";"110001";"SECRETARIA DE ADMINISTRACAO/PR";"2021";"03";"";"Sigiloso";"-11";"Sigiloso";"Informações protegidas por sigilo";"";"329,35"
"20000";"Presidência da República";"20101";"Presidência da República";"110001";"SECRETARIA DE ADMINISTRACAO/PR";"2021";"03";"";"Sigiloso";"-11";"Sigiloso";"Informações protegidas por sigilo";"";"76,92"
"20000";"Presidência da República";"20101";"Presidência da República";"110001";"SECRETARIA DE ADMINISTRACAO/PR";"2021";"03";"";"Sigiloso";"-11";"Sigiloso";"Informações protegidas por sigilo";"";"36621,20"
"20000";"Presidência da República";"20101";"Presidência da República";"110001";"SECRETARIA DE ADMINISTRACAO/PR";"2021";"03";"";"Sigiloso";"-11";"Sigiloso";"Informações protegidas por sigilo";"";"765,08"
"20000";"Presidência da República";"20101";"Presidência da República";"110001";"SECRETARIA DE ADMINISTRACAO/PR";"2021";"03";"";"Sigiloso";"-11";"Sigiloso";"Informações protegidas por sigilo";"";"347,00"
"20000";"Presidência da República";"20101";"Presidência da República";"110001";"SECRETARIA DE ADMINISTRACAO/PR";"2021";"03";"";"Sigiloso";"-11";"Sigiloso";"Informações protegidas por sigilo";"";"680,00"
"20000";"Presidência da República";"20101";"Presidência da República";"110001";"SECRETARIA DE ADMINISTRACAO/PR";"2021";"03";"";"Sigiloso";"-11";"Sigiloso";"Informações protegidas por sigilo";"";"127,04"
"20000";"Presidência da República";"20101";"Presidência da República";"110001";"SECRETARIA DE ADMINISTRACAO/PR";"2021";"03";"";"Sigiloso";"-11";"Sigiloso";"Informações protegidas por sigilo";"";"606,16"
"20000";"Presidência da República";"20101";"Presidência da República";"110001";"SECRETARIA DE ADMINISTRACAO/PR";"2021";"03";"";"Sigiloso";"-11";"Sigiloso";"Informações protegidas por sigilo";"";"301,92"
"20000";"Presidência da República";"20101";"Presidência da República";"110001";"SECRETARIA DE ADMINISTRACAO/PR";"2021";"03";"";"Sigiloso";"-11";"Sigiloso";"Informações protegidas por sigilo";"";"4651,48"
"20000";"Presidência da República";"20101";"Presidência da República";"110001";"SECRETARIA DE ADMINISTRACAO/PR";"2021";"03";"";"Sigiloso";"-11";"Sigiloso";"Informações protegidas por sigilo";"";"80,65"
"20000";"Presidência da República";"20101";"Presidência da República";"110001";"SECRETARIA DE ADMINISTRACAO/PR";"2021";"03";"";"Sigiloso";"-11";"Sigiloso";"Informações protegidas por sigilo";"";"11689,46"
"20000";"Presidência da República";"20101";"Presidência da República";"110001";"SECRETARIA DE ADMINISTRACAO/PR";"2021";"03";"";"Sigiloso";"-11";"Sigiloso";"Informações protegidas por sigilo";"";"624,00"
"20000";"Presidência da República";"20101";"Presidência da República";"110001";"SECRETARIA DE ADMINISTRACAO/PR";"2021";"03";"";"Sigiloso";"-11";"Sigiloso";"Informações protegidas por sigilo";"";"230,00"
"20000";"Presidência da República";"20101";"Presidência da República";"110001";"SECRETARIA DE ADMINISTRACAO/PR";"2021";"03";"";"Sigiloso";"-11";"Sigiloso";"Informações protegidas por sigilo";"";"6261,20"
"20000";"Presidência da República";"20101";"Presidência da República";"110001";"SECRETARIA DE ADMINISTRACAO/PR";"2021";"03";"";"Sigiloso";"-11";"Sigiloso";"Informações protegidas por sigilo";"";"182,50"
"20000";"Presidência da República";"20101";"Presidência da República";"110001";"SECRETARIA DE ADMINISTRACAO/PR";"2021";"03";"";"Sigiloso";"-11";"Sigiloso";"Informações protegidas por sigilo";"";"225,00"
"20000";"Presidência da República";"20101";"Presidência da República";"110001";"SECRETARIA DE ADMINISTRACAO/PR";"2021";"03";"";"Sigiloso";"-11";"Sigiloso";"Informações protegidas por sigilo";"";"472,12"
"20000";"Presidência da República";"20101";"Presidência da República";"110001";"SECRETARIA DE ADMINISTRACAO/PR";"2021";"03";"";"Sigiloso";"-11";"Sigiloso";"Informações protegidas por sigilo";"";"254,87"
"20000";"Presidência da República";"20101";"Presidência da República";"110001";"SECRETARIA DE ADMINISTRACAO/PR";"2021";"03";"";"Sigiloso";"-11";"Sigiloso";"Informações protegidas por sigilo";"";"55,02"
"20000";"Presidência da República";"20101";"Presidência da República";"110001";"SECRETARIA DE ADMINISTRACAO/PR";"2021";"03";"";"Sigiloso";"-11";"Sigiloso";"Informações protegidas por sigilo";"";"106,90"
"20000";"Presidência da República";"20101";"Presidência da República";"110001";"SECRETARIA DE ADMINISTRACAO/PR";"2021";"03";"";"Sigiloso";"-11";"Sigiloso";"Informações protegidas por sigilo";"";"1000,00"
"20000";"Presidência da República";"20101";"Presidência da República";"110001";"SECRETARIA DE ADMINISTRACAO/PR";"2021";"03";"";"Sigiloso";"-11";"Sigiloso";"Informações protegidas por sigilo";"";"52,34"
"20000";"Presidência da República";"20101";"Presidência da República";"110001";"SECRETARIA DE ADMINISTRACAO/PR";"2021";"03";"";"Sigiloso";"-11";"Sigiloso";"Informações protegidas por sigilo";"";"1000,00"
"20000";"Presidência da República";"20101";"Presidência da República";"110001";"SECRETARIA DE ADMINISTRACAO/PR";"2021";"03";"";"Sigiloso";"-11";"Sigiloso";"Informações protegidas por sigilo";"";"12460,00"
"20000";"Presidência da República";"20101";"Presidência da República";"110001";"SECRETARIA DE ADMINISTRACAO/PR";"2021";"03";"";"Sigiloso";"-11";"Sigiloso";"Informações protegidas por sigilo";"";"3,75"
"20000";"Presidência da República";"20101";"Presidência da República";"110001";"SECRETARIA DE ADMINISTRACAO/PR";"2021";"03";"";"Sigiloso";"-11";"Sigiloso";"Informações protegidas por sigilo";"";"150,00"
"20000";"Presidência da República";"20101";"Presidência da República";"110001";"SECRETARIA DE ADMINISTRACAO/PR";"2021";"03";"";"Sigiloso";"-11";"Sigiloso";"Informações protegidas por sigilo";"";"1000,00"
"20000";"Presidência da República";"20101";"Presidência da República";"110001";"SECRETARIA DE ADMINISTRACAO/PR";"2021";"03";"";"Sigiloso";"-11";"Sigiloso";"Informações protegidas por sigilo";"";"136,57"
"20000";"Presidência da República";"20101";"Presidência da República";"110001";"SECRETARIA DE ADMINISTRACAO/PR";"2021";"03";"";"Sigiloso";"-11";"Sigiloso";"Informações protegidas por sigilo";"";"74,50"
"20000";"Presidência da República";"20101";"Presidência da República";"110001";"SECRETARIA DE ADMINISTRACAO/PR";"2021";"03";"";"Sigiloso";"-11";"Sigiloso";"Informações protegidas por sigilo";"";"9,98"
"20000";"Presidência da República";"20101";"Presidência da República";"110001";"SECRETARIA DE ADMINISTRACAO/PR";"2021";"03";"";"Sigiloso";"-11";"Sigiloso";"Informações protegidas por sigilo";"";"25,80"
"20000";"Presidência da República";"20101";"Presidência da República";"110001";"SECRETARIA DE ADMINISTRACAO/PR";"2021";"03";"";"Sigiloso";"-11";"Sigiloso";"Informações protegidas por sigilo";"";"1485,71"
"20000";"Presidência da República";"20101";"Presidência da República";"110001";"SECRETARIA DE ADMINISTRACAO/PR";"2021";"03";"";"Sigiloso";"-11";"Sigiloso";"Informações protegidas por sigilo";"";"2360,08"
"20000";"Presidência da República";"20101";"Presidência da República";"110001";"SECRETARIA DE ADMINISTRACAO/PR";"2021";"03";"";"Sigiloso";"-11";"Sigiloso";"Informações protegidas por sigilo";"";"2413,87"
"20000";"Presidência da República";"20101";"Presidência da República";"110001";"SECRETARIA DE ADMINISTRACAO/PR";"2021";"03";"";"Sigiloso";"-11";"Sigiloso";"Informações protegidas por sigilo";"";"7692,00"
"20000";"Presidência da República";"20101";"Presidência da República";"110001";"SECRETARIA DE ADMINISTRACAO/PR";"2021";"03";"";"Sigiloso";"-11";"Sigiloso";"Informações protegidas por sigilo";"";"219,78"
"20000";"Presidência da República";"20101";"Presidência da República";"110001";"SECRETARIA DE ADMINISTRACAO/PR";"2021";"03";"";"Sigiloso";"-11";"Sigiloso";"Informações protegidas por sigilo";"";"1768,10"
"20000";"Presidência da República";"20101";"Presidência da República";"110001";"SECRETARIA DE ADMINISTRACAO/PR";"2021";"03";"";"Sigiloso";"-11";"Sigiloso";"Informações protegidas por sigilo";"";"51,96"
"20000";"Presidência da República";"20101";"Presidência da República";"110001";"SECRETARIA DE ADMINISTRACAO/PR";"2021";"03";"";"Sigiloso";"-11";"Sigiloso";"Informações protegidas por sigilo";"";"2268,00"
"20000";"Presidência da República";"20101";"Presidência da República";"110001";"SECRETARIA DE ADMINISTRACAO/PR";"2021";"03";"";"Sigiloso";"-11";"Sigiloso";"Informações protegidas por sigilo";"";"4420,00"
"20000";"Presidência da República";"20101";"Presidência da República";"110001";"SECRETARIA DE ADMINISTRACAO/PR";"2021";"03";"";"Sigiloso";"-11";"Sigiloso";"Informações protegidas por sigilo";"";"70,56"
"20000";"Presidência da República";"20101";"Presidência da República";"110001";"SECRETARIA DE ADMINISTRACAO/PR";"2021";"03";"";"Sigiloso";"-11";"Sigiloso";"Informações protegidas por sigilo";"";"444,99"
"20000";"Presidência da República";"20101";"Presidência da República";"110001";"SECRETARIA DE ADMINISTRACAO/PR";"2021";"03";"";"Sigiloso";"-11";"Sigiloso";"Informações protegidas por sigilo";"";"257,38"
"20000";"Presidência da República";"20101";"Presidência da República";"110001";"SECRETARIA DE ADMINISTRACAO/PR";"2021";"03";"";"Sigiloso";"-11";"Sigiloso";"Informações protegidas por sigilo";"";"2480,00"
"20000";"Presidência da República";"20101";"Presidência da República";"110001";"SECRETARIA DE ADMINISTRACAO/PR";"2021";"03";"";"Sigiloso";"-11";"Sigiloso";"Informações protegidas por sigilo";"";"100,80"
"20000";"Presidência da República";"20101";"Presidência da República";"110001";"SECRETARIA DE ADMINISTRACAO/PR";"2021";"03";"";"Sigiloso";"-11";"Sigiloso";"Informações protegidas por sigilo";"";"1000,00"
"20000";"Presidência da República";"20101";"Presidência da República";"110001";"SECRETARIA DE ADMINISTRACAO/PR";"2021";"03";"";"Sigiloso";"-11";"Sigiloso";"Informações protegidas por sigilo";"";"1047,77"
"20000";"Presidência da República";"20101";"Presidência da República";"110001";"SECRETARIA DE ADMINISTRACAO/PR";"2021";"03";"";"Sigiloso";"-11";"Sigiloso";"Informações protegidas por sigilo";"";"1000,00"
"20000";"Presidência da República";"20101";"Presidência da República";"110001";"SECRETARIA DE ADMINISTRACAO/PR";"2021";"03";"";"Sigiloso";"-11";"Sigiloso";"Informações protegidas por sigilo";"";"1824,70"
"20000";"Presidência da República";"20101";"Presidência da República";"110001";"SECRETARIA DE ADMINISTRACAO/PR";"2021";"03";"";"Sigiloso";"-11";"Sigiloso";"Informações protegidas por sigilo";"";"442,57"
"20000";"Presidência da República";"20101";"Presidência da República";"110001";"SECRETARIA DE ADMINISTRACAO/PR";"2021";"03";"";"Sigiloso";"-11";"Sigiloso";"Informações protegidas por sigilo";"";"3381,30"
"20000";"Presidência da República";"20101";"Presidência da República";"110001";"SECRETARIA DE ADMINISTRACAO/PR";"2021";"03";"";"Sigiloso";"-11";"Sigiloso";"Informações protegidas por sigilo";"";"4130,00"
"20000";"Presidência da República";"20101";"Presidência da República";"110001";"SECRETARIA DE ADMINISTRACAO/PR";"2021";"03";"";"Sigiloso";"-11";"Sigiloso";"Informações protegidas por sigilo";"";"34,90"
"20000";"Presidência da República";"20101";"Presidência da República";"110001";"SECRETARIA DE ADMINISTRACAO/PR";"2021";"03";"";"Sigiloso";"-11";"Sigiloso";"Informações protegidas por sigilo";"";"31194,00"
"20000";"Presidência da República";"20101";"Presidência da República";"110001";"SECRETARIA DE ADMINISTRACAO/PR";"2021";"03";"";"Sigiloso";"-11";"Sigiloso";"Informações protegidas por sigilo";"";"5780,00"
"20000";"Presidência da República";"20101";"Presidência da República";"110001";"SECRETARIA DE ADMINISTRACAO/PR";"2021";"03";"";"Sigiloso";"-11";"Sigiloso";"Informações protegidas por sigilo";"";"1000,00"
"20000";"Presidência da República";"20101";"Presidência da República";"110001";"SECRETARIA DE ADMINISTRACAO/PR";"2021";"03";"";"Sigiloso";"-11";"Sigiloso";"Informações protegidas por sigilo";"";"470,00"
"20000";"Presidência da República";"20101";"Presidência da República";"110001";"SECRETARIA DE ADMINISTRACAO/PR";"2021";"03";"";"Sigiloso";"-11";"Sigiloso";"Informações protegidas por sigilo";"";"788,06"
"20000";"Presidência da República";"20101";"Presidência da República";"110001";"SECRETARIA DE ADMINISTRACAO/PR";"2021";"03";"";"Sigiloso";"-11";"Sigiloso";"Informações protegidas por sigilo";"";"800,00"
"20000";"Presidência da República";"20101";"Presidência da República";"110001";"SECRETARIA DE ADMINISTRACAO/PR";"2021";"03";"";"Sigiloso";"-11";"Sigiloso";"Informações protegidas por sigilo";"";"46,47"
"20000";"Presidência da República";"20101";"Presidência da República";"110001";"SECRETARIA DE ADMINISTRACAO/PR";"2021";"03";"";"Sigiloso";"-11";"Sigiloso";"Informações protegidas por sigilo";"";"254,19"
"20000";"Presidência da República";"20101";"Presidência da República";"110001";"SECRETARIA DE ADMINISTRACAO/PR";"2021";"03";"";"Sigiloso";"-11";"Sigiloso";"Informações protegidas por sigilo";"";"322,98"
"20000";"Presidência da República";"20101";"Presidência da República";"110001";"SECRETARIA DE ADMINISTRACAO/PR";"2021";"03";"";"Sigiloso";"-11";"Sigiloso";"Informações protegidas por sigilo";"";"200,00"
"20000";"Presidência da República";"20101";"Presidência da República";"110001";"SECRETARIA DE ADMINISTRACAO/PR";"2021";"03";"";"Sigiloso";"-11";"Sigiloso";"Informações protegidas por sigilo";"";"25,72"
"20000";"Presidência da República";"20101";"Presidência da República";"110001";"SECRETARIA DE ADMINISTRACAO/PR";"2021";"03";"";"Sigiloso";"-11";"Sigiloso";"Informações protegidas por sigilo";"";"1090,27"
"20000";"Presidência da República";"20101";"Presidência da República";"110001";"SECRETARIA DE ADMINISTRACAO/PR";"2021";"03";"";"Sigiloso";"-11";"Sigiloso";"Informações protegidas por sigilo";"";"1000,00"
"20000";"Presidência da República";"20101";"Presidência da República";"110001";"SECRETARIA DE ADMINISTRACAO/PR";"2021";"03";"";"Sigiloso";"-11";"Sigiloso";"Informações protegidas por sigilo";"";"1000,00"
"20000";"Presidência da República";"20101";"Presidência da República";"110001";"SECRETARIA DE ADMINISTRACAO/PR";"2021";"03";"";"Sigiloso";"-11";"Sigiloso";"Informações protegidas por sigilo";"";"717,02"
"20000";"Presidência da República";"20101";"Presidência da República";"110001";"SECRETARIA DE ADMINISTRACAO/PR";"2021";"03";"";"Sigiloso";"-11";"Sigiloso";"Informações protegidas por sigilo";"";"195,54"
"20000";"Presidência da República";"20101";"Presidência da República";"110001";"SECRETARIA DE ADMINISTRACAO/PR";"2021";"03";"";"Sigiloso";"-11";"Sigiloso";"Informações protegidas por sigilo";"";"69,00"
"20000";"Presidência da República";"20101";"Presidência da República";"110001";"SECRETARIA DE ADMINISTRACAO/PR";"2021";"03";"";"Sigiloso";"-11";"Sigiloso";"Informações protegidas por sigilo";"";"569,79"
"20000";"Presidência da República";"20101";"Presidência da República";"110001";"SECRETARIA DE ADMINISTRACAO/PR";"2021";"03";"";"Sigiloso";"-11";"Sigiloso";"Informações protegidas por sigilo";"";"73,02"
"20000";"Presidência da República";"20101";"Presidência da República";"110001";"SECRETARIA DE ADMINISTRACAO/PR";"2021";"03";"";"Sigiloso";"-11";"Sigiloso";"Informações protegidas por sigilo";"";"1147,56"
"20000";"Presidência da República";"20101";"Presidência da República";"110001";"SECRETARIA DE ADMINISTRACAO/PR";"2021";"03";"";"Sigiloso";"-11";"Sigiloso";"Informações protegidas por sigilo";"";"1000,00"
"20000";"Presidência da República";"20101";"Presidência da República";"110001";"SECRETARIA DE ADMINISTRACAO/PR";"2021";"03";"";"Sigiloso";"-11";"Sigiloso";"Informações protegidas por sigilo";"";"52,96"
"20000";"Presidência da República";"20101";"Presidência da República";"110001";"SECRETARIA DE ADMINISTRACAO/PR";"2021";"03";"";"Sigiloso";"-11";"Sigiloso";"Informações protegidas por sigilo";"";"500,00"
"20000";"Presidência da República";"20101";"Presidência da República";"110001";"SECRETARIA DE ADMINISTRACAO/PR";"2021";"03";"";"Sigiloso";"-11";"Sigiloso";"Informações protegidas por sigilo";"";"113,92"
"20000";"Presidência da República";"20101";"Presidência da República";"110001";"SECRETARIA DE ADMINISTRACAO/PR";"2021";"03";"";"Sigiloso";"-11";"Sigiloso";"Informações protegidas por sigilo";"";"2400,00"
"20000";"Presidência da República";"20101";"Presidência da República";"110001";"SECRETARIA DE ADMINISTRACAO/PR";"2021";"03";"";"Sigiloso";"-11";"Sigiloso";"Informações protegidas por sigilo";"";"23885,53"
"20000";"Presidência da República";"20101";"Presidência da República";"110001";"SECRETARIA DE ADMINISTRACAO/PR";"2021";"03";"";"Sigiloso";"-11";"Sigiloso";"Informações protegidas por sigilo";"";"812,90"
"20000";"Presidência da República";"20101";"Presidência da República";"110001";"SECRETARIA DE ADMINISTRACAO/PR";"2021";"03";"";"Sigiloso";"-11";"Sigiloso";"Informações protegidas por sigilo";"";"412,80"
"20000";"Presidência da República";"20101";"Presidência da República";"110001";"SECRETARIA DE ADMINISTRACAO/PR";"2021";"03";"";"Sigiloso";"-11";"Sigiloso";"Informações protegidas por sigilo";"";"1000,00"
"20000";"Presidência da República";"20101";"Presidência da República";"110001";"SECRETARIA DE ADMINISTRACAO/PR";"2021";"03";"";"Sigiloso";"-11";"Sigiloso";"Informações protegidas por sigilo";"";"294,98"
"20000";"Presidência da República";"20101";"Presidência da República";"110001";"SECRETARIA DE ADMINISTRACAO/PR";"2021";"03";"";"Sigiloso";"-11";"Sigiloso";"Informações protegidas por sigilo";"";"1000,00"
"20000";"Presidência da República";"20101";"Presidência da República";"110001";"SECRETARIA DE ADMINISTRACAO/PR";"2021";"03";"";"Sigiloso";"-11";"Sigiloso";"Informações protegidas por sigilo";"";"666,90"
"20000";"Presidência da República";"20101";"Presidência da República";"110001";"SECRETARIA DE ADMINISTRACAO/PR";"2021";"03";"";"Sigiloso";"-11";"Sigiloso";"Informações protegidas por sigilo";"";"2000,00"
"20000";"Presidência da República";"20101";"Presidência da República";"110001";"SECRETARIA DE ADMINISTRACAO/PR";"2021";"03";"";"Sigiloso";"-11";"Sigiloso";"Informações protegidas por sigilo";"";"24,00"
"20000";"Presidência da República";"20101";"Presidência da República";"110001";"SECRETARIA DE ADMINISTRACAO/PR";"2021";"03";"";"Sigiloso";"-11";"Sigiloso";"Informações protegidas por sigilo";"";"4125,00"
"20000";"Presidência da República";"20101";"Presidência da República";"110001";"SECRETARIA DE ADMINISTRACAO/PR";"2021";"03";"";"Sigiloso";"-11";"Sigiloso";"Informações protegidas por sigilo";"";"1652,08"
"20000";"Presidência da República";"20101";"Presidência da República";"110001";"SECRETARIA DE ADMINISTRACAO/PR";"2021";"03";"";"Sigiloso";"-11";"Sigiloso";"Informações protegidas por sigilo";"";"43,82"
"20000";"Presidência da República";"20101";"Presidência da República";"110001";"SECRETARIA DE ADMINISTRACAO/PR";"2021";"03";"";"Sigiloso";"-11";"Sigiloso";"Informações protegidas por sigilo";"";"1000,00"
"20000";"Presidência da República";"20101";"Presidência da República";"110001";"SECRETARIA DE ADMINISTRACAO/PR";"2021";"03";"";"Sigiloso";"-11";"Sigiloso";"Informações protegidas por sigilo";"";"1000,00"
"20000";"Presidência da República";"20101";"Presidência da República";"110001";"SECRETARIA DE ADMINISTRACAO/PR";"2021";"03";"";"Sigiloso";"-11";"Sigiloso";"Informações protegidas por sigilo";"";"44,00"
"20000";"Presidência da República";"20101";"Presidência da República";"110001";"SECRETARIA DE ADMINISTRACAO/PR";"2021";"03";"";"Sigiloso";"-11";"Sigiloso";"Informações protegidas por sigilo";"";"12,98"
"20000";"Presidência da República";"20101";"Presidência da República";"110001";"SECRETARIA DE ADMINISTRACAO/PR";"2021";"03";"";"Sigiloso";"-11";"Sigiloso";"Informações protegidas por sigilo";"";"198,00"
"20000";"Presidência da República";"20101";"Presidência da República";"110001";"SECRETARIA DE ADMINISTRACAO/PR";"2021";"03";"";"Sigiloso";"-11";"Sigiloso";"Informações protegidas por sigilo";"";"474,75"
"20000";"Presidência da República";"20101";"Presidência da República";"110001";"SECRETARIA DE ADMINISTRACAO/PR";"2021";"03";"";"Sigiloso";"-11";"Sigiloso";"Informações protegidas por sigilo";"";"5184,05"
"20000";"Presidência da República";"20101";"Presidência da República";"110001";"SECRETARIA DE ADMINISTRACAO/PR";"2021";"03";"";"Sigiloso";"-11";"Sigiloso";"Informações protegidas por sigilo";"";"10100,00"
"20000";"Presidência da República";"20101";"Presidência da República";"110001";"SECRETARIA DE ADMINISTRACAO/PR";"2021";"03";"";"Sigiloso";"-11";"Sigiloso";"Informações protegidas por sigilo";"";"270,00"
"20000";"Presidência da República";"20101";"Presidência da República";"110001";"SECRETARIA DE ADMINISTRACAO/PR";"2021";"03";"";"Sigiloso";"-11";"Sigiloso";"Informações protegidas por sigilo";"";"380,00"
"20000";"Presidência da República";"20101";"Presidência da República";"110001";"SECRETARIA DE ADMINISTRACAO/PR";"2021";"03";"";"Sigiloso";"-11";"Sigiloso";"Informações protegidas por sigilo";"";"2200,00"
"20000";"Presidência da República";"20101";"Presidência da República";"110001";"SECRETARIA DE ADMINISTRACAO/PR";"2021";"03";"";"Sigiloso";"-11";"Sigiloso";"Informações protegidas por sigilo";"";"71,94"
"20000";"Presidência da República";"20101";"Presidência da República";"110001";"SECRETARIA DE ADMINISTRACAO/PR";"2021";"03";"";"Sigiloso";"-11";"Sigiloso";"Informações protegidas por sigilo";"";"1186,89"
"20000";"Presidência da República";"20101";"Presidência da República";"110001";"SECRETARIA DE ADMINISTRACAO/PR";"2021";"03";"";"Sigiloso";"-11";"Sigiloso";"Informações protegidas por sigilo";"";"79,90"
"20000";"Presidência da República";"20101";"Presidência da República";"110001";"SECRETARIA DE ADMINISTRACAO/PR";"2021";"03";"";"Sigiloso";"-11";"Sigiloso";"Informações protegidas por sigilo";"";"1000,00"
"20000";"Presidência da República";"20101";"Presidência da República";"110001";"SECRETARIA DE ADMINISTRACAO/PR";"2021";"03";"";"Sigiloso";"-11";"Sigiloso";"Informações protegidas por sigilo";"";"31,00"
"20000";"Presidência da República";"20101";"Presidência da República";"110001";"SECRETARIA DE ADMINISTRACAO/PR";"2021";"03";"";"Sigiloso";"-11";"Sigiloso";"Informações protegidas por sigilo";"";"37,99"
"20000";"Presidência da República";"20101";"Presidência da República";"110001";"SECRETARIA DE ADMINISTRACAO/PR";"2021";"03";"";"Sigiloso";"-11";"Sigiloso";"Informações protegidas por sigilo";"";"524,56"
"20000";"Presidência da República";"20101";"Presidência da República";"110001";"SECRETARIA DE ADMINISTRACAO/PR";"2021";"03";"";"Sigiloso";"-11";"Sigiloso";"Informações protegidas por sigilo";"";"780,00"
"20000";"Presidência da República";"20101";"Presidência da República";"110001";"SECRETARIA DE ADMINISTRACAO/PR";"2021";"03";"";"Sigiloso";"-11";"Sigiloso";"Informações protegidas por sigilo";"";"7130,00"
"20000";"Presidência da República";"20101";"Presidência da República";"110001";"SECRETARIA DE ADMINISTRACAO/PR";"2021";"03";"";"Sigiloso";"-11";"Sigiloso";"Informações protegidas por sigilo";"";"1000,00"
"20000";"Presidência da República";"20101";"Presidência da República";"110001";"SECRETARIA DE ADMINISTRACAO/PR";"2021";"03";"";"Sigiloso";"-11";"Sigiloso";"Informações protegidas por sigilo";"";"427,01"
"20000";"Presidência da República";"20101";"Presidência da República";"110001";"SECRETARIA DE ADMINISTRACAO/PR";"2021";"03";"";"Sigiloso";"-11";"Sigiloso";"Informações protegidas por sigilo";"";"444,92"
"20000";"Presidência da República";"20101";"Presidência da República";"110001";"SECRETARIA DE ADMINISTRACAO/PR";"2021";"03";"***.623.848-**";"MARIA LUCIA DE JESUS SILVA";"43283811017044";"KALUNGA SA";"COMPRA A/V - R$ - APRES";"23/02/2021";"25,60"
"20000";"Presidência da República";"20101";"Presidência da República";"110001";"SECRETARIA DE ADMINISTRACAO/PR";"2021";"03";"***.919.570-**";"LUIS CARLOS MACHADO DA SILVA";"14090034000129";"WENCESLAU - ABASTECEDORA DE COMBUSTIVEIS LTDA.";"COMPRA A/V - R$ - APRES";"21/02/2021";"164,71"
"20000";"Presidência da República";"20101";"Presidência da República";"110001";"SECRETARIA DE ADMINISTRACAO/PR";"2021";"03";"***.919.570-**";"LUIS CARLOS MACHADO DA SILVA";"14090034000129";"WENCESLAU - ABASTECEDORA DE COMBUSTIVEIS LTDA.";"COMPRA A/V - R$ - APRES";"05/02/2021";"122,73"
"20000";"Presidência da República";"20101";"Presidência da República";"110001";"SECRETARIA DE ADMINISTRACAO/PR";"2021";"03";"***.739.980-**";"LEANDRO AUGUSTO ANDERSON";"14090034000129";"WENCESLAU - ABASTECEDORA DE COMBUSTIVEIS LTDA.";"COMPRA A/V - R$ - APRES";"21/02/2021";"180,18"
"20000";"Presidência da República";"20101";"Presidência da República";"110001";"SECRETARIA DE ADMINISTRACAO/PR";"2021";"03";"***.739.980-**";"LEANDRO AUGUSTO ANDERSON";"14090034000129";"WENCESLAU - ABASTECEDORA DE COMBUSTIVEIS LTDA.";"COMPRA A/V - R$ - APRES";"14/02/2021";"150,82"
"20000";"Presidência da República";"20101";"Presidência da República";"110001";"SECRETARIA DE ADMINISTRACAO/PR";"2021";"03";"***.739.980-**";"LEANDRO AUGUSTO ANDERSON";"14090034000129";"WENCESLAU - ABASTECEDORA DE COMBUSTIVEIS LTDA.";"COMPRA A/V - R$ - APRES";"05/02/2021";"167,07"
"20000";"Presidência da República";"20101";"Presidência da República";"110001";"SECRETARIA DE ADMINISTRACAO/PR";"2021";"03";"***.739.980-**";"LEANDRO AUGUSTO ANDERSON";"14090034000129";"WENCESLAU - ABASTECEDORA DE COMBUSTIVEIS LTDA.";"COMPRA A/V - R$ - APRES";"30/01/2021";"167,71"
"20000";"Presidência da República";"20101";"Presidência da República";"110001";"SECRETARIA DE ADMINISTRACAO/PR";"2021";"03";"***.109.141-**";"VALMIR MORAES DA SILVA";"59148239000156";"AUTO POSTO ESTONIA 3 LTDA.";"COMPRA A/V - R$ - APRES";"21/02/2021";"191,31"
"20000";"Presidência da República";"20101";"Presidência da República";"110001";"SECRETARIA DE ADMINISTRACAO/PR";"2021";"03";"***.109.141-**";"VALMIR MORAES DA SILVA";"59148239000156";"AUTO POSTO ESTONIA 3 LTDA.";"COMPRA A/V - R$ - APRES";"18/02/2021";"213,03"
"20000";"Presidência da República";"20101";"Presidência da República";"110001";"SECRETARIA DE ADMINISTRACAO/PR";"2021";"03";"***.109.141-**";"VALMIR MORAES DA SILVA";"59148239000156";"AUTO POSTO ESTONIA 3 LTDA.";"COMPRA A/V - R$ - APRES";"11/02/2021";"195,66"
"20000";"Presidência da República";"20101";"Presidência da República";"110001";"SECRETARIA DE ADMINISTRACAO/PR";"2021";"03";"***.109.141-**";"VALMIR MORAES DA SILVA";"59148239000156";"AUTO POSTO ESTONIA 3 LTDA.";"COMPRA A/V - R$ - APRES";"09/02/2021";"167,01"
"20000";"Presidência da República";"20101";"Presidência da República";"110001";"SECRETARIA DE ADMINISTRACAO/PR";"2021";"03";"***.109.141-**";"VALMIR MORAES DA SILVA";"59148239000156";"AUTO POSTO ESTONIA 3 LTDA.";"COMPRA A/V - R$ - APRES";"07/02/2021";"156,00"
"20000";"Presidência da República";"20101";"Presidência da República";"110001";"SECRETARIA DE ADMINISTRACAO/PR";"2021";"03";"***.109.141-**";"VALMIR MORAES DA SILVA";"59148239000156";"AUTO POSTO ESTONIA 3 LTDA.";"COMPRA A/V - R$ - APRES";"03/02/2021";"190,67"
"20000";"Presidência da República";"20101";"Presidência da República";"110001";"SECRETARIA DE ADMINISTRACAO/PR";"2021";"03";"***.109.141-**";"VALMIR MORAES DA SILVA";"59148239000156";"AUTO POSTO ESTONIA 3 LTDA.";"COMPRA A/V - R$ - APRES";"31/01/2021";"129,97"
"20000";"Presidência da República";"20101";"Presidência da República";"110001";"SECRETARIA DE ADMINISTRACAO/PR";"2021";"03";"***.109.141-**";"VALMIR MORAES DA SILVA";"59148239000156";"AUTO POSTO ESTONIA 3 LTDA.";"COMPRA A/V - R$ - APRES";"30/01/2021";"149,05"
"20000";"Presidência da República";"20101";"Presidência da República";"110001";"SECRETARIA DE ADMINISTRACAO/PR";"2021";"03";"***.109.141-**";"VALMIR MORAES DA SILVA";"59148239000156";"AUTO POSTO ESTONIA 3 LTDA.";"COMPRA A/V - R$ - APRES";"27/01/2021";"189,57"
"20000";"Presidência da República";"20101";"Presidência da República";"110001";"SECRETARIA DE ADMINISTRACAO/PR";"2021";"03";"***.919.570-**";"LUIS CARLOS MACHADO DA SILVA";"09475059000100";"ABASTECEDORA DE COMBUSTIVEIS ROMADER LTDA";"COMPRA A/V - R$ - APRES";"11/02/2021";"164,52"
"20000";"Presidência da República";"20101";"Presidência da República";"110001";"SECRETARIA DE ADMINISTRACAO/PR";"2021";"03";"***.919.570-**";"LUIS CARLOS MACHADO DA SILVA";"09475059000100";"ABASTECEDORA DE COMBUSTIVEIS ROMADER LTDA";"COMPRA A/V - R$ - APRES";"08/02/2021";"103,15"
"20000";"Presidência da República";"20101";"Presidência da República";"110001";"SECRETARIA DE ADMINISTRACAO/PR";"2021";"03";"***.919.570-**";"LUIS CARLOS MACHADO DA SILVA";"09475059000100";"ABASTECEDORA DE COMBUSTIVEIS ROMADER LTDA";"COMPRA A/V - R$ - APRES";"30/01/2021";"91,33"
"20000";"Presidência da República";"20101";"Presidência da República";"110001";"SECRETARIA DE ADMINISTRACAO/PR";"2021";"03";"***.739.980-**";"LEANDRO AUGUSTO ANDERSON";"09475059000100";"ABASTECEDORA DE COMBUSTIVEIS ROMADER LTDA";"COMPRA A/V - R$ - APRES";"08/02/2021";"137,92"
"20000";"Presidência da República";"20101";"Presidência da República";"110001";"SECRETARIA DE ADMINISTRACAO/PR";"2021";"03";"***.623.848-**";"MARIA LUCIA DE JESUS SILVA";"-2";"NAO SE APLICA";"SAQUE CASH/ATM BB";"09/02/2021";"500,00"
"20000";"Presidência da República";"20101";"Presidência da República";"110001";"SECRETARIA DE ADMINISTRACAO/PR";"2021";"03";"***.623.848-**";"MARIA LUCIA DE JESUS SILVA";"43283811014614";"KALUNGA SA";"COMPRA A/V - R$ - APRES";"01/02/2021";"88,00"
"20000";"Presidência da República";"20101";"Presidência da República";"110001";"SECRETARIA DE ADMINISTRACAO/PR";"2021";"03";"***.077.598-**";"RONALDO DA SILVA FERNANDES";"54480496000177";"AUTO POSTO BANDEIRA PAULISTA LTDA";"COMPRA A/V - R$ - APRES";"16/02/2021";"250,05"
"20000";"Presidência da República";"20101";"Presidência da República";"110001";"SECRETARIA DE ADMINISTRACAO/PR";"2021";"03";"***.623.848-**";"MARIA LUCIA DE JESUS SILVA";"-1";"SEM INFORMACAO";"COMPRA A/V - INT$ - APRES";"03/02/2021";"1109,39"
"20000";"Presidência da República";"20101";"Presidência da República";"110001";"SECRETARIA DE ADMINISTRACAO/PR";"2021";"03";"";"Sigiloso";"-11";"Sigiloso";"Informações protegidas por sigilo";"";"1000,00"
"20000";"Presidência da República";"20101";"Presidência da República";"110001";"SECRETARIA DE ADMINISTRACAO/PR";"2021";"03";"***.623.848-**";"MARIA LUCIA DE JESUS SILVA";"34606284000186";"L. J. C. DE JESUS - COMERCIO DE CALCADOS";"COMPRA A/V - R$ - APRES";"09/02/2021";"200,00"
"20000";"Presidência da República";"20101";"Presidência da República";"110001";"SECRETARIA DE ADMINISTRACAO/PR";"2021";"03";"***.077.598-**";"RONALDO DA SILVA FERNANDES";"06239994000180";"AUTO POSTO PARQUE VILLA LOBOS LTDA.";"COMPRA A/V - R$ - APRES";"22/02/2021";"134,87"
"20000";"Presidência da República";"20101";"Presidência da República";"110001";"SECRETARIA DE ADMINISTRACAO/PR";"2021";"03";"***.077.598-**";"RONALDO DA SILVA FERNANDES";"06239994000180";"AUTO POSTO PARQUE VILLA LOBOS LTDA.";"COMPRA A/V - R$ - APRES";"15/02/2021";"104,89"
"20000";"Presidência da República";"20101";"Presidência da República";"110001";"SECRETARIA DE ADMINISTRACAO/PR";"2021";"03";"***.077.598-**";"RONALDO DA SILVA FERNANDES";"06239994000180";"AUTO POSTO PARQUE VILLA LOBOS LTDA.";"COMPRA A/V - R$ - APRES";"10/02/2021";"133,46"
"20000";"Presidência da República";"20101";"Presidência da República";"110001";"SECRETARIA DE ADMINISTRACAO/PR";"2021";"03";"";"Sigiloso";"-11";"Sigiloso";"Informações protegidas por sigilo";"";"1000,00"
"20000";"Presidência da República";"20101";"Presidência da República";"110001";"SECRETARIA DE ADMINISTRACAO/PR";"2021";"03";"***.077.598-**";"RONALDO DA SILVA FERNANDES";"06239994000180";"AUTO POSTO PARQUE VILLA LOBOS LTDA.";"COMPRA A/V - R$ - APRES";"08/02/2021";"178,38"
"20000";"Presidência da República";"20101";"Presidência da República";"110001";"SECRETARIA DE ADMINISTRACAO/PR";"2021";"03";"***.077.598-**";"RONALDO DA SILVA FERNANDES";"06239994000180";"AUTO POSTO PARQUE VILLA LOBOS LTDA.";"COMPRA A/V - R$ - APRES";"06/02/2021";"104,71"
"20000";"Presidência da República";"20101";"Presidência da República";"110001";"SECRETARIA DE ADMINISTRACAO/PR";"2021";"03";"***.077.598-**";"RONALDO DA SILVA FERNANDES";"06239994000180";"AUTO POSTO PARQUE VILLA LOBOS LTDA.";"COMPRA A/V - R$ - APRES";"03/02/2021";"176,22"
"20000";"Presidência da República";"20101";"Presidência da República";"110001";"SECRETARIA DE ADMINISTRACAO/PR";"2021";"03";"***.077.598-**";"RONALDO DA SILVA FERNANDES";"06239994000180";"AUTO POSTO PARQUE VILLA LOBOS LTDA.";"COMPRA A/V - R$ - APRES";"31/01/2021";"149,54"
"20000";"Presidência da República";"20101";"Presidência da República";"110001";"SECRETARIA DE ADMINISTRACAO/PR";"2021";"03";"***.077.598-**";"RONALDO DA SILVA FERNANDES";"06239994000180";"AUTO POSTO PARQUE VILLA LOBOS LTDA.";"COMPRA A/V - R$ - APRES";"31/01/2021";"121,03"
"20000";"Presidência da República";"20101";"Presidência da República";"110001";"SECRETARIA DE ADMINISTRACAO/PR";"2021";"03";"***.077.598-**";"RONALDO DA SILVA FERNANDES";"06239994000180";"AUTO POSTO PARQUE VILLA LOBOS LTDA.";"COMPRA A/V - R$ - APRES";"30/01/2021";"143,25"
"20000";"Presidência da República";"20101";"Presidência da República";"110001";"SECRETARIA DE ADMINISTRACAO/PR";"2021";"03";"***.077.598-**";"RONALDO DA SILVA FERNANDES";"06239994000180";"AUTO POSTO PARQUE VILLA LOBOS LTDA.";"COMPRA A/V - R$ - APRES";"29/01/2021";"154,36"
"20000";"Presidência da República";"20101";"Presidência da República";"110001";"SECRETARIA DE ADMINISTRACAO/PR";"2021";"03";"";"Sigiloso";"-11";"Sigiloso";"Informações protegidas por sigilo";"";"1000,00"
"20000";"Presidência da República";"20101";"Presidência da República";"110001";"SECRETARIA DE ADMINISTRACAO/PR";"2021";"03";"";"Sigiloso";"-11";"Sigiloso";"Informações protegidas por sigilo";"";"380,00"
"20000";"Presidência da República";"20101";"Presidência da República";"110001";"SECRETARIA DE ADMINISTRACAO/PR";"2021";"03";"";"Sigiloso";"-11";"Sigiloso";"Informações protegidas por sigilo";"";"2200,00"
"20000";"Presidência da República";"20101";"Presidência da República";"110001";"SECRETARIA DE ADMINISTRACAO/PR";"2021";"03";"";"Sigiloso";"-11";"Sigiloso";"Informações protegidas por sigilo";"";"1000,00"
"20000";"Presidência da República";"20101";"Presidência da República";"110001";"SECRETARIA DE ADMINISTRACAO/PR";"2021";"03";"";"Sigiloso";"-11";"Sigiloso";"Informações protegidas por sigilo";"";"399,37"
"20000";"Presidência da República";"20101";"Presidência da República";"110001";"SECRETARIA DE ADMINISTRACAO/PR";"2021";"03";"";"Sigiloso";"-11";"Sigiloso";"Informações protegidas por sigilo";"";"8825,00"
"20000";"Presidência da República";"20101";"Presidência da República";"110001";"SECRETARIA DE ADMINISTRACAO/PR";"2021";"03";"";"Sigiloso";"-11";"Sigiloso";"Informações protegidas por sigilo";"";"1000,00"
"20000";"Presidência da República";"20101";"Presidência da República";"110001";"SECRETARIA DE ADMINISTRACAO/PR";"2021";"03";"";"Sigiloso";"-11";"Sigiloso";"Informações protegidas por sigilo";"";"1000,00"
"20000";"Presidência da República";"20101";"Presidência da República";"110001";"SECRETARIA DE ADMINISTRACAO/PR";"2021";"03";"";"Sigiloso";"-11";"Sigiloso";"Informações protegidas por sigilo";"";"3147,42"
"20000";"Presidência da República";"20101";"Presidência da República";"110001";"SECRETARIA DE ADMINISTRACAO/PR";"2021";"03";"";"Sigiloso";"-11";"Sigiloso";"Informações protegidas por sigilo";"";"193,81"
"20000";"Presidência da República";"20101";"Presidência da República";"110001";"SECRETARIA DE ADMINISTRACAO/PR";"2021";"03";"";"Sigiloso";"-11";"Sigiloso";"Informações protegidas por sigilo";"";"11150,00"
"20000";"Presidência da República";"20101";"Presidência da República";"110001";"SECRETARIA DE ADMINISTRACAO/PR";"2021";"03";"";"Sigiloso";"-11";"Sigiloso";"Informações protegidas por sigilo";"";"23,92"
"20000";"Presidência da República";"20101";"Presidência da República";"110001";"SECRETARIA DE ADMINISTRACAO/PR";"2021";"03";"";"Sigiloso";"-11";"Sigiloso";"Informações protegidas por sigilo";"";"1000,00"
"20000";"Presidência da República";"20101";"Presidência da República";"110001";"SECRETARIA DE ADMINISTRACAO/PR";"2021";"03";"";"Sigiloso";"-11";"Sigiloso";"Informações protegidas por sigilo";"";"1099,45"
"20000";"Presidência da República";"20101";"Presidência da República";"110001";"SECRETARIA DE ADMINISTRACAO/PR";"2021";"03";"";"Sigiloso";"-11";"Sigiloso";"Informações protegidas por sigilo";"";"1311,57"
"20000";"Presidência da República";"20101";"Presidência da República";"110001";"SECRETARIA DE ADMINISTRACAO/PR";"2021";"03";"";"Sigiloso";"-11";"Sigiloso";"Informações protegidas por sigilo";"";"1000,00"
"20000";"Presidência da República";"20101";"Presidência da República";"110001";"SECRETARIA DE ADMINISTRACAO/PR";"2021";"03";"";"Sigiloso";"-11";"Sigiloso";"Informações protegidas por sigilo";"";"126,22"
"20000";"Presidência da República";"20101";"Presidência da República";"110001";"SECRETARIA DE ADMINISTRACAO/PR";"2021";"03";"";"Sigiloso";"-11";"Sigiloso";"Informações protegidas por sigilo";"";"107,40"
"20000";"Presidência da República";"20101";"Presidência da República";"110001";"SECRETARIA DE ADMINISTRACAO/PR";"2021";"03";"";"Sigiloso";"-11";"Sigiloso";"Informações protegidas por sigilo";"";"89,70"
"20000";"Presidência da República";"20101";"Presidência da República";"110001";"SECRETARIA DE ADMINISTRACAO/PR";"2021";"03";"";"Sigiloso";"-11";"Sigiloso";"Informações protegidas por sigilo";"";"252,09"
"20000";"Presidência da República";"20101";"Presidência da República";"110001";"SECRETARIA DE ADMINISTRACAO/PR";"2021";"03";"";"Sigiloso";"-11";"Sigiloso";"Informações protegidas por sigilo";"";"609,90"
"20000";"Presidência da República";"20101";"Presidência da República";"110001";"SECRETARIA DE ADMINISTRACAO/PR";"2021";"03";"";"Sigiloso";"-11";"Sigiloso";"Informações protegidas por sigilo";"";"139,98"
"20000";"Presidência da República";"20101";"Presidência da República";"110001";"SECRETARIA DE ADMINISTRACAO/PR";"2021";"03";"";"Sigiloso";"-11";"Sigiloso";"Informações protegidas por sigilo";"";"1000,00"
"20000";"Presidência da República";"20101";"Presidência da República";"110001";"SECRETARIA DE ADMINISTRACAO/PR";"2021";"03";"";"Sigiloso";"-11";"Sigiloso";"Informações protegidas por sigilo";"";"661,55"
"20000";"Presidência da República";"20101";"Presidência da República";"110001";"SECRETARIA DE ADMINISTRACAO/PR";"2021";"03";"";"Sigiloso";"-11";"Sigiloso";"Informações protegidas por sigilo";"";"71,76"
"20000";"Presidência da República";"20101";"Presidência da República";"110001";"SECRETARIA DE ADMINISTRACAO/PR";"2021";"03";"";"Sigiloso";"-11";"Sigiloso";"Informações protegidas por sigilo";"";"549,06"
"20000";"Presidência da República";"20101";"Presidência da República";"110001";"SECRETARIA DE ADMINISTRACAO/PR";"2021";"03";"***.077.598-**";"RONALDO DA SILVA FERNANDES";"06239994000180";"AUTO POSTO PARQUE VILLA LOBOS LTDA.";"COMPRA A/V - R$ - APRES";"29/01/2021";"154,17"
