"CÓDIGO ÓRGÃO SUPERIOR";"NOME ÓRGÃO SUPERIOR";"CÓDIGO ÓRGÃO";"NOME ÓRGÃO";"CÓDIGO UNIDADE GESTORA";"NOME UNIDADE GESTORA";"ANO EXTRATO";"MÊS EXTRATO";"CPF PORTADOR";"NOME PORTADOR";"CNPJ OU CPF FAVORECIDO";"NOME FAVORECIDO";"TRANSAÇÃO";"DATA TRANSAÇÃO";"VALOR TRANSAÇÃO"
"63000";"Advocacia-Geral da União";"63000";"Advocacia-Geral da União - Unidades com vínculo direto";"110161";"SUPERINTENDENCIA REG. DE ADMIN. DA 1ª REGIAO";"2021";"02";"***.126.971-**";"EDMILTON PEREIRA DOS SANTOS";"04724553000148";"DROGARIA GENERICA LTDA";"COMPRA A/V - R$ - APRES";"28/12/2020";"224,20"
"63000";"Advocacia-Geral da União";"63000";"Advocacia-Geral da União - Unidades com vínculo direto";"110161";"SUPERINTENDENCIA REG. DE ADMIN. DA 1ª REGIAO";"2021";"02";"***.903.253-**";"FRANCISCO PEREIRA TAVARES";"76487032004546";"ELECTROLUX DO BRASIL S/A";"COMPRA A/V - R$ - APRES";"28/12/2020";"250,00"
"63000";"Advocacia-Geral da União";"63000";"Advocacia-Geral da União - Unidades com vínculo direto";"110161";"SUPERINTENDENCIA REG. DE ADMIN. DA 1ª REGIAO";"2021";"02";"***.903.253-**";"FRANCISCO PEREIRA TAVARES";"-2";"NAO SE APLICA";"SAQUE CASH/ATM BB";"29/12/2020";"500,00"
"63000";"Advocacia-Geral da União";"63000";"Advocacia-Geral da União - Unidades com vínculo direto";"110161";"SUPERINTENDENCIA REG. DE ADMIN. DA 1ª REGIAO";"2021";"02";"***.274.381-**";"ELAINE CRISTINA BARRETO";"-2";"NAO SE APLICA";"SAQUE CASH/ATM BB";"28/12/2020";"120,00"
"63000";"Advocacia-Geral da União";"63000";"Advocacia-Geral da União - Unidades com vínculo direto";"110161";"SUPERINTENDENCIA REG. DE ADMIN. DA 1ª REGIAO";"2021";"02";"***.126.971-**";"EDMILTON PEREIRA DOS SANTOS";"26714378000140";"ESCRISAM PAPEIS ESPECIAIS LTDA";"COMPRA A/V - R$ - APRES";"28/12/2020";"125,00"
"63000";"Advocacia-Geral da União";"63000";"Advocacia-Geral da União - Unidades com vínculo direto";"110096";"SUPERINTENDENCIA REG. DE ADMIN. DA 5ª REGIAO";"2021";"02";"***.626.244-**";"LUCIANO RAMOS DE LUCENA";"-2";"NAO SE APLICA";"SAQUE CASH/ATM BB";"30/12/2020";"500,00"
"63000";"Advocacia-Geral da União";"63000";"Advocacia-Geral da União - Unidades com vínculo direto";"110096";"SUPERINTENDENCIA REG. DE ADMIN. DA 5ª REGIAO";"2021";"02";"***.626.244-**";"LUCIANO RAMOS DE LUCENA";"-2";"NAO SE APLICA";"SAQUE CASH/ATM BB";"29/12/2020";"1000,00"
"25201";"Banco Central do Brasil - Orçamento Fiscal e";"25201";"Banco Central do Brasil - Orçamento Fiscal e Seguridade Social - Unidades com vínculo direto";"173057";"BANCO CENTRAL DO BRASIL";"2021";"02";"***.021.021-**";"JASSON PIERRE FIRME";"26975136000100";"ELETRICA DINAMICA LTDA";"COMPRA A/V - R$ - APRES";"20/01/2021";"210,00"
"25201";"Banco Central do Brasil - Orçamento Fiscal e";"25201";"Banco Central do Brasil - Orçamento Fiscal e Seguridade Social - Unidades com vínculo direto";"173057";"BANCO CENTRAL DO BRASIL";"2021";"02";"***.021.021-**";"JASSON PIERRE FIRME";"05902751000117";"SIA PARAFUSOS E FERRAMENTAS LTDA";"COMPRA A/V - R$ - APRES";"22/01/2021";"675,00"
"25201";"Banco Central do Brasil - Orçamento Fiscal e";"25201";"Banco Central do Brasil - Orçamento Fiscal e Seguridade Social - Unidades com vínculo direto";"173057";"BANCO CENTRAL DO BRASIL";"2021";"02";"***.021.021-**";"JASSON PIERRE FIRME";"08605945000149";"FERRAGISTA CAPITAL LTDA";"COMPRA A/V - R$ - APRES";"21/01/2021";"1550,00"
"25201";"Banco Central do Brasil - Orçamento Fiscal e";"25201";"Banco Central do Brasil - Orçamento Fiscal e Seguridade Social - Unidades com vínculo direto";"173057";"BANCO CENTRAL DO BRASIL";"2021";"02";"***.521.991-**";"SIMIAO BATISTA PINHEIRO";"01676233000171";"SW TINTAS LTDA";"COMPRA A/V - R$ - APRES";"14/01/2021";"358,00"
"25201";"Banco Central do Brasil - Orçamento Fiscal e";"25201";"Banco Central do Brasil - Orçamento Fiscal e Seguridade Social - Unidades com vínculo direto";"173057";"BANCO CENTRAL DO BRASIL";"2021";"02";"***.021.021-**";"JASSON PIERRE FIRME";"24565127000116";"JC COMERCIO DE FERRAGENS E ELETRICA LTDA";"COMPRA A/V - R$ - APRES";"22/01/2021";"485,00"
"25201";"Banco Central do Brasil - Orçamento Fiscal e";"25201";"Banco Central do Brasil - Orçamento Fiscal e Seguridade Social - Unidades com vínculo direto";"173057";"BANCO CENTRAL DO BRASIL";"2021";"02";"***.021.021-**";"JASSON PIERRE FIRME";"05292574000102";"HREPAROS COMERCIAL INSTALADORA DE MATERIAIS HIDRAULICOS LTDA";"COMPRA A/V - R$ - APRES";"20/01/2021";"1759,00"
"25201";"Banco Central do Brasil - Orçamento Fiscal e";"25201";"Banco Central do Brasil - Orçamento Fiscal e Seguridade Social - Unidades com vínculo direto";"173045";"BANCO CENTRAL DO BRASIL - BELEM";"2021";"02";"***.041.822-**";"DANILO GOMES MENDES";"22982714000185";"BRASFONE COMERCIO DE TECNOLOGIA LTDA";"COMPRA A/V - R$ - APRES";"15/01/2021";"266,00"
"25201";"Banco Central do Brasil - Orçamento Fiscal e";"25201";"Banco Central do Brasil - Orçamento Fiscal e Seguridade Social - Unidades com vínculo direto";"173048";"BANCO CENTRAL DO BRASIL - FORTALEZA";"2021";"02";"***.275.143-**";"PAULO HENRIQUE GIRAO DUARTE";"10393312000166";"O JOAO REPAROS HIDRAULICOS LTDA";"COMPRA A/V - R$ - APRES";"25/01/2021";"25,00"
"25201";"Banco Central do Brasil - Orçamento Fiscal e";"25201";"Banco Central do Brasil - Orçamento Fiscal e Seguridade Social - Unidades com vínculo direto";"173048";"BANCO CENTRAL DO BRASIL - FORTALEZA";"2021";"02";"***.489.083-**";"FRANCISCO RUBENS LEMOS";"07993272000189";"EDMILSON ABREU BERNARDO";"COMPRA A/V - R$ - APRES";"26/01/2021";"25,00"
"25201";"Banco Central do Brasil - Orçamento Fiscal e";"25201";"Banco Central do Brasil - Orçamento Fiscal e Seguridade Social - Unidades com vínculo direto";"173048";"BANCO CENTRAL DO BRASIL - FORTALEZA";"2021";"02";"***.489.083-**";"FRANCISCO RUBENS LEMOS";"07993272000189";"EDMILSON ABREU BERNARDO";"COMPRA A/V - R$ - APRES";"26/01/2021";"40,00"
"25201";"Banco Central do Brasil - Orçamento Fiscal e";"25201";"Banco Central do Brasil - Orçamento Fiscal e Seguridade Social - Unidades com vínculo direto";"173048";"BANCO CENTRAL DO BRASIL - FORTALEZA";"2021";"02";"***.275.143-**";"PAULO HENRIQUE GIRAO DUARTE";"05588797000375";"STOCK COMERCIO DE EQUIPAMENTOS INDUSTRIAIS E DE SEGURANCA LTDA";"COMPRA A/V - R$ - APRES";"25/01/2021";"117,70"
"25201";"Banco Central do Brasil - Orçamento Fiscal e";"25201";"Banco Central do Brasil - Orçamento Fiscal e Seguridade Social - Unidades com vínculo direto";"173048";"BANCO CENTRAL DO BRASIL - FORTALEZA";"2021";"02";"***.275.143-**";"PAULO HENRIQUE GIRAO DUARTE";"07240450000109";"APIGUANA MAQUINAS E FERRAMENTAS LTDA";"COMPRA A/V - R$ - APRES";"25/01/2021";"259,23"
"25201";"Banco Central do Brasil - Orçamento Fiscal e";"25201";"Banco Central do Brasil - Orçamento Fiscal e Seguridade Social - Unidades com vínculo direto";"173048";"BANCO CENTRAL DO BRASIL - FORTALEZA";"2021";"02";"***.275.143-**";"PAULO HENRIQUE GIRAO DUARTE";"04934227000165";"MEGA LUX COMERCIO E SERVICOS DE MATERIAIS ELETRICOS E HIDRAULICOS LTDA";"COMPRA A/V - R$ - APRES";"25/01/2021";"27,52"
"25201";"Banco Central do Brasil - Orçamento Fiscal e";"25201";"Banco Central do Brasil - Orçamento Fiscal e Seguridade Social - Unidades com vínculo direto";"173048";"BANCO CENTRAL DO BRASIL - FORTALEZA";"2021";"02";"***.275.143-**";"PAULO HENRIQUE GIRAO DUARTE";"04934227000165";"MEGA LUX COMERCIO E SERVICOS DE MATERIAIS ELETRICOS E HIDRAULICOS LTDA";"COMPRA A/V - R$ - APRES";"25/01/2021";"59,36"
"25201";"Banco Central do Brasil - Orçamento Fiscal e";"25201";"Banco Central do Brasil - Orçamento Fiscal e Seguridade Social - Unidades com vínculo direto";"173048";"BANCO CENTRAL DO BRASIL - FORTALEZA";"2021";"02";"***.489.083-**";"FRANCISCO RUBENS LEMOS";"09048223000101";"JOAO PAULO F SANTOS LTDA";"COMPRA A/V - R$ - APRES";"22/01/2021";"300,00"
"25201";"Banco Central do Brasil - Orçamento Fiscal e";"25201";"Banco Central do Brasil - Orçamento Fiscal e Seguridade Social - Unidades com vínculo direto";"173048";"BANCO CENTRAL DO BRASIL - FORTALEZA";"2021";"02";"***.275.143-**";"PAULO HENRIQUE GIRAO DUARTE";"05353032000194";"MTL IMPORTADORA E DISTRIBUIDORA LTDA";"COMPRA A/V - R$ - APRES";"25/01/2021";"61,25"
"25201";"Banco Central do Brasil - Orçamento Fiscal e";"25201";"Banco Central do Brasil - Orçamento Fiscal e Seguridade Social - Unidades com vínculo direto";"173048";"BANCO CENTRAL DO BRASIL - FORTALEZA";"2021";"02";"***.275.143-**";"PAULO HENRIQUE GIRAO DUARTE";"35241363000101";"V R S COMERCIO E SERVICOS LTDA";"COMPRA A/V - R$ - APRES";"22/01/2021";"36,00"
"25201";"Banco Central do Brasil - Orçamento Fiscal e";"25201";"Banco Central do Brasil - Orçamento Fiscal e Seguridade Social - Unidades com vínculo direto";"173048";"BANCO CENTRAL DO BRASIL - FORTALEZA";"2021";"02";"***.275.143-**";"PAULO HENRIQUE GIRAO DUARTE";"07207491000195";"M. A. FROTA & CIA LTDA";"COMPRA A/V - R$ - APRES";"22/01/2021";"390,89"
"22000";"Ministério da Agricultura e Pecuária";"22000";"Ministério da Agricultura e Pecuária - Unidades com vínculo direto";"130068";"DISTRITO DE METEOROLOGIA DE SAO PAULO";"2021";"02";"***.299.758-**";"JOAO LUIZ DA COSTA";"-2";"NAO SE APLICA";"SAQUE CASH/ATM BB";"30/12/2020";"1000,00"
"22000";"Ministério da Agricultura e Pecuária";"22000";"Ministério da Agricultura e Pecuária - Unidades com vínculo direto";"130068";"DISTRITO DE METEOROLOGIA DE SAO PAULO";"2021";"02";"***.299.758-**";"JOAO LUIZ DA COSTA";"-2";"NAO SE APLICA";"SAQUE CASH/ATM BB";"29/12/2020";"1000,00"
"22000";"Ministério da Agricultura e Pecuária";"22000";"Ministério da Agricultura e Pecuária - Unidades com vínculo direto";"130068";"DISTRITO DE METEOROLOGIA DE SAO PAULO";"2021";"02";"***.299.758-**";"JOAO LUIZ DA COSTA";"-2";"NAO SE APLICA";"SAQUE CASH/ATM BB";"28/12/2020";"1000,00"
"22000";"Ministério da Agricultura e Pecuária";"22000";"Ministério da Agricultura e Pecuária - Unidades com vínculo direto";"130068";"DISTRITO DE METEOROLOGIA DE SAO PAULO";"2021";"02";"***.299.758-**";"JOAO LUIZ DA COSTA";"-2";"NAO SE APLICA";"SAQUE CASH/ATM BB";"27/12/2020";"1000,00"
"22000";"Ministério da Agricultura e Pecuária";"22000";"Ministério da Agricultura e Pecuária - Unidades com vínculo direto";"130068";"DISTRITO DE METEOROLOGIA DE SAO PAULO";"2021";"02";"***.299.758-**";"JOAO LUIZ DA COSTA";"-2";"NAO SE APLICA";"SAQUE CASH/ATM BB";"26/12/2020";"1000,00"
"22000";"Ministério da Agricultura e Pecuária";"22000";"Ministério da Agricultura e Pecuária - Unidades com vínculo direto";"130068";"DISTRITO DE METEOROLOGIA DE SAO PAULO";"2021";"02";"***.299.758-**";"JOAO LUIZ DA COSTA";"-2";"NAO SE APLICA";"SAQUE CASH/ATM BB";"25/12/2020";"1000,00"
"22000";"Ministério da Agricultura e Pecuária";"22000";"Ministério da Agricultura e Pecuária - Unidades com vínculo direto";"130068";"DISTRITO DE METEOROLOGIA DE SAO PAULO";"2021";"02";"***.299.758-**";"JOAO LUIZ DA COSTA";"-2";"NAO SE APLICA";"SAQUE CASH/ATM BB";"24/12/2020";"1000,00"
"22000";"Ministério da Agricultura e Pecuária";"22000";"Ministério da Agricultura e Pecuária - Unidades com vínculo direto";"130103";"LABORATORIO FEDERAL DE DEFESA AGROPECUARIA/RS";"2021";"02";"***.859.660-**";"NILTON LUIS ROSA DOS SANTOS";"-2";"NAO SE APLICA";"SAQUE CASH/ATM BB";"24/12/2020";"380,00"
"22000";"Ministério da Agricultura e Pecuária";"22000";"Ministério da Agricultura e Pecuária - Unidades com vínculo direto";"130022";"SUPERINT.DE AGRICULTURA E PECUARIA - SFA/CE";"2021";"02";"***.819.813-**";"LUIZ CLAUDIO DA ROCHA EVANGELISTA";"-2";"NAO SE APLICA";"SAQUE CASH/ATM BB";"30/12/2020";"230,00"
"22000";"Ministério da Agricultura e Pecuária";"22000";"Ministério da Agricultura e Pecuária - Unidades com vínculo direto";"130094";"SUPERINT.DE AGRICULTURA E PECUARIA - SFA/PA";"2021";"02";"***.743.112-**";"RAIMUNDO AZEVEDO AROUCHE";"-2";"NAO SE APLICA";"SAQUE CASH/ATM BB";"31/12/2020";"700,00"
"22000";"Ministério da Agricultura e Pecuária";"22000";"Ministério da Agricultura e Pecuária - Unidades com vínculo direto";"130094";"SUPERINT.DE AGRICULTURA E PECUARIA - SFA/PA";"2021";"02";"***.743.112-**";"RAIMUNDO AZEVEDO AROUCHE";"-2";"NAO SE APLICA";"SAQUE CASH/ATM BB";"30/12/2020";"1000,00"
"22000";"Ministério da Agricultura e Pecuária";"22000";"Ministério da Agricultura e Pecuária - Unidades com vínculo direto";"130122";"SUPERINT.REG.DE DESENV.DA LAV.CACAUEIRA/BA";"2021";"02";"***.083.485-**";"JOAO DE OLIVEIRA RAMOS";"34241380000178";"J ANGELICA & CIA LTDA";"COMPRA A/V - R$ - APRES";"29/12/2020";"20,00"
"22000";"Ministério da Agricultura e Pecuária";"22000";"Ministério da Agricultura e Pecuária - Unidades com vínculo direto";"130122";"SUPERINT.REG.DE DESENV.DA LAV.CACAUEIRA/BA";"2021";"02";"***.083.485-**";"JOAO DE OLIVEIRA RAMOS";"12024737000123";"JOMAX REBOBINAGEM DE MOTORES ELETRICOS LTDA";"COMPRA A/V - R$ - APRES";"29/12/2020";"205,00"
"22000";"Ministério da Agricultura e Pecuária";"22000";"Ministério da Agricultura e Pecuária - Unidades com vínculo direto";"130122";"SUPERINT.REG.DE DESENV.DA LAV.CACAUEIRA/BA";"2021";"02";"***.083.485-**";"JOAO DE OLIVEIRA RAMOS";"03150608000190";"INFORLASER COMERCIO E SERVICOS LTDA";"COMPRA A/V - R$ - APRES";"28/12/2020";"549,00"
"24000";"Ministério da Ciência, Tecnologia e Inovaç";"24000";"Ministério da Ciência, Tecnologia e Inovação - Unidades com vínculo direto";"240128";"LABORATORIO NACIONAL DE ASTROFISICA";"2021";"02";"***.331.086-**";"CARLOS BRAGA";"21313739000123";"LOPES MATERIAIS DE CONSTRUCAO LTDA";"COMPRA A/V - R$ - APRES";"20/01/2021";"399,55"
"24000";"Ministério da Ciência, Tecnologia e Inovaç";"24000";"Ministério da Ciência, Tecnologia e Inovação - Unidades com vínculo direto";"240128";"LABORATORIO NACIONAL DE ASTROFISICA";"2021";"02";"***.331.086-**";"CARLOS BRAGA";"00853691000176";"DUMONT MATERIAIS DE CONSTRUCAO LTDA";"COMPRA A/V - R$ - APRES";"20/01/2021";"37,50"
"52000";"Ministério da Defesa";"52121";"Comando do Exército";"160120";"4º DEPOSITO DE SUPRIMENTO";"2021";"02";"***.791.386-**";"MARCO ANTONIO MENDES";"18960914000160";"ORGANIZACAO COMERCIAL ROSELANCHE LTDA";"COMPRA A/V - R$ - APRES";"23/01/2021";"51,20"
"52000";"Ministério da Defesa";"52121";"Comando do Exército";"160120";"4º DEPOSITO DE SUPRIMENTO";"2021";"02";"***.791.386-**";"MARCO ANTONIO MENDES";"03528360000159";"INDUSTRIA E COMERCIO DE PAO DE QUEIJO GOMES LTDA";"COMPRA A/V - R$ - APRES";"23/01/2021";"16,00"
"52000";"Ministério da Defesa";"52121";"Comando do Exército";"160120";"4º DEPOSITO DE SUPRIMENTO";"2021";"02";"***.791.386-**";"MARCO ANTONIO MENDES";"01808624000100";"RESTAURANTE E LANCHONETE SANTANA MARQUES LTDA";"COMPRA A/V - R$ - APRES";"23/01/2021";"141,44"
"52000";"Ministério da Defesa";"52121";"Comando do Exército";"160120";"4º DEPOSITO DE SUPRIMENTO";"2021";"02";"***.791.386-**";"MARCO ANTONIO MENDES";"09296295001301";"AZUL LINHAS AEREAS BRASILEIRAS S.A.";"COMPRA A/V - R$ - APRES";"23/01/2021";"724,55"
"52000";"Ministério da Defesa";"52121";"Comando do Exército";"160165";"8º BATALHAO DE SUPRIMENTO DE SELVA";"2021";"02";"***.920.202-**";"ANDERSON BATISTA MIRANDA";"12097762000137";"SERVI-PORTO (SERVICOS PORTUARIOS) LTDA.";"COMPRA A/V - R$ - APRES";"24/01/2021";"815,00"
"52000";"Ministério da Defesa";"52121";"Comando do Exército";"160165";"8º BATALHAO DE SUPRIMENTO DE SELVA";"2021";"02";"***.920.202-**";"ANDERSON BATISTA MIRANDA";"12539110000105";"INTERNACIONAL MARITIMA LTDA";"COMPRA A/V - R$ - APRES";"21/01/2021";"305,00"
"52000";"Ministério da Defesa";"52904";"Fundo do Exército";"167068";"DEPARTAMENTO DE EDUCACAO E CULTURA DO EXERCIT";"2021";"02";"***.324.597-**";"ALVARO LUIZ DOS SANTOS ALVES";"16670085000155";"LOCALIZA RENT A CAR SA";"COMPRA A/V - R$ - APRES";"01/01/2021";"187,42"
"52000";"Ministério da Defesa";"52221";"Indústria de Material Bélico do Brasil";"168005";"INDUSTRIA DE MATERIAL BELICO DO BRASIL/FI";"2021";"02";"***.105.186-**";"AILSON FLORENCIO LUZ";"65280604000184";"3E INDUSTRIA E COMERCIO LTDA";"COMPRA A/V - R$ - APRES";"25/01/2021";"65,00"
"52000";"Ministério da Defesa";"52221";"Indústria de Material Bélico do Brasil";"168005";"INDUSTRIA DE MATERIAL BELICO DO BRASIL/FI";"2021";"02";"***.105.186-**";"AILSON FLORENCIO LUZ";"26081406000300";"CORPORACOES CELINHO AUTOPECAS LTDA";"COMPRA A/V - R$ - APRES";"25/01/2021";"60,55"
"52000";"Ministério da Defesa";"52221";"Indústria de Material Bélico do Brasil";"168005";"INDUSTRIA DE MATERIAL BELICO DO BRASIL/FI";"2021";"02";"***.792.126-**";"JULIO CESAR MODENA";"20414066000640";"SISTEL SISTEMAS ELETRICOS LTDA";"COMPRA A/V - R$ - APRES";"26/01/2021";"328,50"
"52000";"Ministério da Defesa";"52221";"Indústria de Material Bélico do Brasil";"168004";"INDUSTRIA DE MATERIAL BELICO DO BRASIL/FPV";"2021";"02";"***.863.058-**";"CELSO BENEDITO MOREIRA";"62198692000181";"GUARA MANGUEIRAS E CONEXOES LTDA";"COMPRA A/V - R$ - APRES";"20/01/2021";"570,00"
"52000";"Ministério da Defesa";"52221";"Indústria de Material Bélico do Brasil";"168004";"INDUSTRIA DE MATERIAL BELICO DO BRASIL/FPV";"2021";"02";"***.863.058-**";"CELSO BENEDITO MOREIRA";"60066065000161";"VALECAP RECAUCHUTAGEM E COMERCIO DE PNEUS LTDA";"COMPRA A/V - R$ - APRES";"22/01/2021";"520,00"
"52000";"Ministério da Defesa";"52221";"Indústria de Material Bélico do Brasil";"168004";"INDUSTRIA DE MATERIAL BELICO DO BRASIL/FPV";"2021";"02";"***.695.488-**";"DANIEL DE PAIVA LEMES";"00253687000177";"RAYMUNDO & DIONIZIO LTDA";"COMPRA A/V - R$ - APRES";"21/01/2021";"427,00"
"52000";"Ministério da Defesa";"52221";"Indústria de Material Bélico do Brasil";"168004";"INDUSTRIA DE MATERIAL BELICO DO BRASIL/FPV";"2021";"02";"***.863.058-**";"CELSO BENEDITO MOREIRA";"08001150000121";"HERMANO M. PERRONI";"COMPRA A/V - R$ - APRES";"20/01/2021";"51,07"
"52000";"Ministério da Defesa";"52221";"Indústria de Material Bélico do Brasil";"168004";"INDUSTRIA DE MATERIAL BELICO DO BRASIL/FPV";"2021";"02";"***.863.058-**";"CELSO BENEDITO MOREIRA";"08001150000121";"HERMANO M. PERRONI";"COMPRA A/V - R$ - APRES";"20/01/2021";"48,17"
"52000";"Ministério da Defesa";"52221";"Indústria de Material Bélico do Brasil";"168004";"INDUSTRIA DE MATERIAL BELICO DO BRASIL/FPV";"2021";"02";"***.863.058-**";"CELSO BENEDITO MOREIRA";"02694676000158";"WILSON RIBEIRO DA SILVA & CIA.LTDA.";"COMPRA A/V - R$ - APRES";"20/01/2021";"43,86"
"52000";"Ministério da Defesa";"52221";"Indústria de Material Bélico do Brasil";"168004";"INDUSTRIA DE MATERIAL BELICO DO BRASIL/FPV";"2021";"02";"***.863.058-**";"CELSO BENEDITO MOREIRA";"47508411111063";"COMPANHIA BRASILEIRA DE DISTRIBUICAO";"COMPRA A/V - R$ - APRES";"20/01/2021";"52,96"
"52000";"Ministério da Defesa";"52221";"Indústria de Material Bélico do Brasil";"168004";"INDUSTRIA DE MATERIAL BELICO DO BRASIL/FPV";"2021";"02";"***.695.488-**";"DANIEL DE PAIVA LEMES";"00999705000164";"SERBET - SISTEMA DE ESTACIONAMENTO VEICULAR DO BRASIL S.A";"COMPRA A/V - R$ - APRES";"21/01/2021";"1,50"
"52000";"Ministério da Defesa";"52221";"Indústria de Material Bélico do Brasil";"168004";"INDUSTRIA DE MATERIAL BELICO DO BRASIL/FPV";"2021";"02";"***.695.488-**";"DANIEL DE PAIVA LEMES";"-2";"NAO SE APLICA";"SAQUE CASH/ATM BB";"25/01/2021";"100,00"
"52000";"Ministério da Defesa";"52221";"Indústria de Material Bélico do Brasil";"168004";"INDUSTRIA DE MATERIAL BELICO DO BRASIL/FPV";"2021";"02";"***.695.488-**";"DANIEL DE PAIVA LEMES";"53929089000131";"ANTONIO CARLOS MINEIRO";"COMPRA A/V - R$ - APRES";"20/01/2021";"350,00"
"52000";"Ministério da Defesa";"52221";"Indústria de Material Bélico do Brasil";"168004";"INDUSTRIA DE MATERIAL BELICO DO BRASIL/FPV";"2021";"02";"***.863.058-**";"CELSO BENEDITO MOREIRA";"65014169000146";"HIMASA MATERIAIS DE CONSTRUCAO LTDA";"COMPRA A/V - R$ - APRES";"20/01/2021";"30,00"
"52000";"Ministério da Defesa";"52221";"Indústria de Material Bélico do Brasil";"168004";"INDUSTRIA DE MATERIAL BELICO DO BRASIL/FPV";"2021";"02";"***.863.058-**";"CELSO BENEDITO MOREIRA";"05868200000184";"LUIZ GUSTAVO DE LIMA GOMES & CIA. LTDA.";"COMPRA A/V - R$ - APRES";"22/01/2021";"304,00"
"52000";"Ministério da Defesa";"52221";"Indústria de Material Bélico do Brasil";"168004";"INDUSTRIA DE MATERIAL BELICO DO BRASIL/FPV";"2021";"02";"***.695.488-**";"DANIEL DE PAIVA LEMES";"05333717000179";"RODOPOSTO OLIVEIRA LTDA";"COMPRA A/V - R$ - APRES";"26/01/2021";"232,39"
"52000";"Ministério da Defesa";"52000";"Ministério da Defesa - Unidades com vínculo direto";"110404";"DEPARTAMENTO DE ADMINISTRACAO E DE PESSOAL";"2021";"02";"***.599.670-**";"SAMOEL SIMAO BRESOLIN";"25158934000187";"POSTO LUIZA LTDA";"COMPRA A/V - R$ - APRES";"18/01/2021";"30,00"
"52000";"Ministério da Defesa";"52000";"Ministério da Defesa - Unidades com vínculo direto";"112408";"HOSPITAL DAS FORCAS ARMADAS";"2021";"02";"***.771.067-**";"GIANCARLO LUCIANO GOMES";"61585865033912";"RAIA DROGASIL S/A";"COMPRA A/V - R$ - APRES";"26/01/2021";"98,48"
"26000";"Ministério da Educação";"26443";"Empresa Brasileira de Serviços Hospitalares";"155914";"HOSPITAL UNIVERSITARIO ALCIDES CARNEIRO";"2021";"02";"***.957.174-**";"MARIA DO SOCORRO CAMPOS ARAUJO";"02627806000130";"PHORMULART COM.E PROD. FARM. LTDA";"COMPRA A/V - R$ - APRES";"25/01/2021";"25,90"
"26000";"Ministério da Educação";"26443";"Empresa Brasileira de Serviços Hospitalares";"155914";"HOSPITAL UNIVERSITARIO ALCIDES CARNEIRO";"2021";"02";"***.957.174-**";"MARIA DO SOCORRO CAMPOS ARAUJO";"41210568000386";"CENTRO DIAGNOSTICO DE ANALISE CLINICA LTDA";"COMPRA A/V - R$ - APRES";"31/12/2020";"210,00"
"26000";"Ministério da Educação";"26443";"Empresa Brasileira de Serviços Hospitalares";"155903";"HOSPITAL UNIVERSITARIO DA UFJF";"2021";"02";"***.851.826-**";"ALAN DE PAIVA LOURES";"19540550000121";"ASAAS GESTAO FINANCEIRA INSTITUICAO DE PAGAMENTO S.A.";"COMPRA A/V - R$ - APRES";"18/01/2021";"628,00"
"26000";"Ministério da Educação";"26443";"Empresa Brasileira de Serviços Hospitalares";"155903";"HOSPITAL UNIVERSITARIO DA UFJF";"2021";"02";"***.851.826-**";"ALAN DE PAIVA LOURES";"01940597000117";"LABNEWS INDUSTRIAL LTDA";"COMPRA A/V - R$ - APRES";"15/01/2021";"1568,00"
"26000";"Ministério da Educação";"26443";"Empresa Brasileira de Serviços Hospitalares";"155903";"HOSPITAL UNIVERSITARIO DA UFJF";"2021";"02";"***.851.826-**";"ALAN DE PAIVA LOURES";"10893333000140";"CIRURGICA EQUILIBRIO LTDA";"COMPRA A/V - R$ - APRES";"18/01/2021";"1673,00"
"26000";"Ministério da Educação";"26443";"Empresa Brasileira de Serviços Hospitalares";"155903";"HOSPITAL UNIVERSITARIO DA UFJF";"2021";"02";"***.552.716-**";"LIVIA FRANCO PEREIRA DOS SANTOS";"-2";"NAO SE APLICA";"SAQUE CASH/ATM BB";"24/12/2020";"280,00"
"26000";"Ministério da Educação";"26443";"Empresa Brasileira de Serviços Hospitalares";"155903";"HOSPITAL UNIVERSITARIO DA UFJF";"2021";"02";"***.851.826-**";"ALAN DE PAIVA LOURES";"-2";"NAO SE APLICA";"SAQUE CASH/ATM BB";"24/12/2020";"150,00"
"26000";"Ministério da Educação";"26443";"Empresa Brasileira de Serviços Hospitalares";"155903";"HOSPITAL UNIVERSITARIO DA UFJF";"2021";"02";"***.851.826-**";"ALAN DE PAIVA LOURES";"26143396000110";"LEMOS LABORATORIO DE ANALISES CLINICAS S/S LTDA";"COMPRA A/V - R$ - APRES";"21/01/2021";"1680,00"
"26000";"Ministério da Educação";"26443";"Empresa Brasileira de Serviços Hospitalares";"155903";"HOSPITAL UNIVERSITARIO DA UFJF";"2021";"02";"***.851.826-**";"ALAN DE PAIVA LOURES";"04109169000135";"FLAIRE INDUSTRIA E COMERCIO LTDA";"COMPRA A/V - R$ - APRES";"19/01/2021";"761,55"
"26000";"Ministério da Educação";"26443";"Empresa Brasileira de Serviços Hospitalares";"155010";"HOSPITAL UNIVERSITARIO DA UFMA";"2021";"02";"***.326.183-**";"RAFAEL DOS SANTOS LOPES";"05017443000109";"K A MENDES PRODUTOS DE LIMPEZA E DESCARTAVEIS LTDA";"COMPRA A/V - R$ - APRES";"15/01/2021";"740,60"
"26000";"Ministério da Educação";"26443";"Empresa Brasileira de Serviços Hospitalares";"155010";"HOSPITAL UNIVERSITARIO DA UFMA";"2021";"02";"***.326.183-**";"RAFAEL DOS SANTOS LOPES";"01703806000109";"M R MED HOSPITALAR LTDA";"COMPRA A/V - R$ - APRES";"05/01/2021";"1400,00"
"26000";"Ministério da Educação";"26443";"Empresa Brasileira de Serviços Hospitalares";"155010";"HOSPITAL UNIVERSITARIO DA UFMA";"2021";"02";"***.326.183-**";"RAFAEL DOS SANTOS LOPES";"00992657000182";"EMBRAMEDICA PRODUTOS DE LABORATORIOS LTDA";"COMPRA A/V - R$ - APRES";"15/01/2021";"452,00"
"26000";"Ministério da Educação";"26443";"Empresa Brasileira de Serviços Hospitalares";"155010";"HOSPITAL UNIVERSITARIO DA UFMA";"2021";"02";"***.326.183-**";"RAFAEL DOS SANTOS LOPES";"63425185000104";"FARMACIAS ALQUIMIA LTDA";"COMPRA A/V - R$ - APRES";"06/01/2021";"375,00"
"26000";"Ministério da Educação";"26443";"Empresa Brasileira de Serviços Hospitalares";"155010";"HOSPITAL UNIVERSITARIO DA UFMA";"2021";"02";"***.326.183-**";"RAFAEL DOS SANTOS LOPES";"63568984000121";"RECOPREL COMERCIAL LTDA";"COMPRA A/V - R$ - APRES";"26/01/2021";"1555,00"
"26000";"Ministério da Educação";"26443";"Empresa Brasileira de Serviços Hospitalares";"155010";"HOSPITAL UNIVERSITARIO DA UFMA";"2021";"02";"***.326.183-**";"RAFAEL DOS SANTOS LOPES";"63568984000121";"RECOPREL COMERCIAL LTDA";"COMPRA A/V - R$ - APRES";"25/01/2021";"1050,00"
"26000";"Ministério da Educação";"26443";"Empresa Brasileira de Serviços Hospitalares";"155010";"HOSPITAL UNIVERSITARIO DA UFMA";"2021";"02";"***.326.183-**";"RAFAEL DOS SANTOS LOPES";"63568984000121";"RECOPREL COMERCIAL LTDA";"COMPRA A/V - R$ - APRES";"14/01/2021";"1591,00"
"26000";"Ministério da Educação";"26443";"Empresa Brasileira de Serviços Hospitalares";"155010";"HOSPITAL UNIVERSITARIO DA UFMA";"2021";"02";"***.326.183-**";"RAFAEL DOS SANTOS LOPES";"03995515015946";"MATEUS SUPERMERCADOS S.A.";"COMPRA A/V - R$ - APRES";"14/01/2021";"290,70"
"26000";"Ministério da Educação";"26443";"Empresa Brasileira de Serviços Hospitalares";"155010";"HOSPITAL UNIVERSITARIO DA UFMA";"2021";"02";"***.326.183-**";"RAFAEL DOS SANTOS LOPES";"06046371000190";"ZILFARMA PRODUTOS FARMACEUTICOS E IMPORTACAO LTDA";"COMPRA A/V - R$ - APRES";"20/01/2021";"209,50"
"26000";"Ministério da Educação";"26443";"Empresa Brasileira de Serviços Hospitalares";"155010";"HOSPITAL UNIVERSITARIO DA UFMA";"2021";"02";"***.326.183-**";"RAFAEL DOS SANTOS LOPES";"63424121000180";"BENTES SOUSA & CIA LTDA";"COMPRA A/V - R$ - APRES";"20/01/2021";"134,07"
"26000";"Ministério da Educação";"26443";"Empresa Brasileira de Serviços Hospitalares";"155010";"HOSPITAL UNIVERSITARIO DA UFMA";"2021";"02";"***.326.183-**";"RAFAEL DOS SANTOS LOPES";"63424121000180";"BENTES SOUSA & CIA LTDA";"COMPRA A/V - R$ - APRES";"20/01/2021";"1584,00"
"26000";"Ministério da Educação";"26443";"Empresa Brasileira de Serviços Hospitalares";"155010";"HOSPITAL UNIVERSITARIO DA UFMA";"2021";"02";"***.326.183-**";"RAFAEL DOS SANTOS LOPES";"01740627002004";"PFM COMERCIAL LTDA.";"COMPRA A/V - R$ - APRES";"15/01/2021";"1234,60"
"26000";"Ministério da Educação";"26443";"Empresa Brasileira de Serviços Hospitalares";"155010";"HOSPITAL UNIVERSITARIO DA UFMA";"2021";"02";"***.326.183-**";"RAFAEL DOS SANTOS LOPES";"10760402000148";"BELLAPHARMA MANIPULACAO E PRODUTOS NATURAIS LTDA";"COMPRA A/V - R$ - APRES";"06/01/2021";"145,00"
"26000";"Ministério da Educação";"26443";"Empresa Brasileira de Serviços Hospitalares";"155010";"HOSPITAL UNIVERSITARIO DA UFMA";"2021";"02";"***.326.183-**";"RAFAEL DOS SANTOS LOPES";"16668076000200";"SUMUP INSTITUICAO DE PAGAMENTO BRASIL LTDA";"COMPRA A/V - R$ - APRES";"06/01/2021";"420,00"
"26000";"Ministério da Educação";"26443";"Empresa Brasileira de Serviços Hospitalares";"155010";"HOSPITAL UNIVERSITARIO DA UFMA";"2021";"02";"***.326.183-**";"RAFAEL DOS SANTOS LOPES";"12103222000119";"CASTRO COMERCIO E REPRESENTACOES LTDA";"COMPRA A/V - R$ - APRES";"20/01/2021";"266,00"
"26000";"Ministério da Educação";"26443";"Empresa Brasileira de Serviços Hospitalares";"155010";"HOSPITAL UNIVERSITARIO DA UFMA";"2021";"02";"***.326.183-**";"RAFAEL DOS SANTOS LOPES";"12103222000119";"CASTRO COMERCIO E REPRESENTACOES LTDA";"COMPRA A/V - R$ - APRES";"20/01/2021";"240,80"
"26000";"Ministério da Educação";"26443";"Empresa Brasileira de Serviços Hospitalares";"155010";"HOSPITAL UNIVERSITARIO DA UFMA";"2021";"02";"***.326.183-**";"RAFAEL DOS SANTOS LOPES";"61585865175890";"RAIA DROGASIL S/A";"COMPRA A/V - R$ - APRES";"08/01/2021";"77,67"
"26000";"Ministério da Educação";"26443";"Empresa Brasileira de Serviços Hospitalares";"155913";"HOSPITAL UNIVERSITARIO DA UFSC";"2021";"02";"***.043.489-**";"DANIELA QUADROS";"20919547000100";"EDER DA SILVA REPRESENTACOES E COMERCIO";"COMPRA A/V - R$ - APRES";"25/01/2021";"580,76"
"26000";"Ministério da Educação";"26443";"Empresa Brasileira de Serviços Hospitalares";"155913";"HOSPITAL UNIVERSITARIO DA UFSC";"2021";"02";"***.043.489-**";"DANIELA QUADROS";"00718661000580";"COMPENSADOS FERNANDES S.A.";"COMPRA A/V - R$ - APRES";"26/01/2021";"49,55"
"26000";"Ministério da Educação";"26443";"Empresa Brasileira de Serviços Hospitalares";"155913";"HOSPITAL UNIVERSITARIO DA UFSC";"2021";"02";"***.043.489-**";"DANIELA QUADROS";"77892347000110";"VELOZ COMERCIO DE FILTROS LTDA";"COMPRA A/V - R$ - APRES";"25/01/2021";"10,00"
"26000";"Ministério da Educação";"26443";"Empresa Brasileira de Serviços Hospitalares";"155913";"HOSPITAL UNIVERSITARIO DA UFSC";"2021";"02";"***.043.489-**";"DANIELA QUADROS";"12821926000208";"ENERGILUZ COMERCIO DE MATERIAIS ELETRICOS LTDA";"COMPRA A/V - R$ - APRES";"22/01/2021";"35,20"
"26000";"Ministério da Educação";"26443";"Empresa Brasileira de Serviços Hospitalares";"155913";"HOSPITAL UNIVERSITARIO DA UFSC";"2021";"02";"***.692.670-**";"LEO FABRICIO PEREIRA";"06978858000101";"ASTEL LTDA";"COMPRA A/V - R$ - APRES";"26/01/2021";"152,42"
"26000";"Ministério da Educação";"26443";"Empresa Brasileira de Serviços Hospitalares";"155913";"HOSPITAL UNIVERSITARIO DA UFSC";"2021";"02";"***.692.670-**";"LEO FABRICIO PEREIRA";"06978858000101";"ASTEL LTDA";"COMPRA A/V - R$ - APRES";"25/01/2021";"200,87"
"26000";"Ministério da Educação";"26443";"Empresa Brasileira de Serviços Hospitalares";"155913";"HOSPITAL UNIVERSITARIO DA UFSC";"2021";"02";"***.043.489-**";"DANIELA QUADROS";"75893826000126";"CASAS DO CANO LTDA";"COMPRA A/V - R$ - APRES";"25/01/2021";"154,10"
"26000";"Ministério da Educação";"26443";"Empresa Brasileira de Serviços Hospitalares";"155913";"HOSPITAL UNIVERSITARIO DA UFSC";"2021";"02";"***.043.489-**";"DANIELA QUADROS";"83560409000190";"REBOLFER PARTICIPACOES SOCIETARIAS LTDA";"COMPRA A/V - R$ - APRES";"26/01/2021";"116,80"
"26000";"Ministério da Educação";"26443";"Empresa Brasileira de Serviços Hospitalares";"155900";"HOSPITAL UNIVERSITARIO DA UFSCAR";"2021";"02";"***.473.728-**";"ALEXANDRE FAVARO SANCHES";"02204960000107";"DECALTECH COMUNICACAO VISUAL LTDA";"COMPRA A/V - R$ - APRES";"25/01/2021";"200,00"
"26000";"Ministério da Educação";"26443";"Empresa Brasileira de Serviços Hospitalares";"155900";"HOSPITAL UNIVERSITARIO DA UFSCAR";"2021";"02";"***.473.728-**";"ALEXANDRE FAVARO SANCHES";"67949974000197";"AUTO POSTO FLANBOYANT LTDA";"COMPRA A/V - R$ - APRES";"19/01/2021";"633,54"
"26000";"Ministério da Educação";"26443";"Empresa Brasileira de Serviços Hospitalares";"155900";"HOSPITAL UNIVERSITARIO DA UFSCAR";"2021";"02";"***.473.728-**";"ALEXANDRE FAVARO SANCHES";"67949974000197";"AUTO POSTO FLANBOYANT LTDA";"COMPRA A/V - R$ - APRES";"19/01/2021";"574,30"
"26000";"Ministério da Educação";"26443";"Empresa Brasileira de Serviços Hospitalares";"155023";"HOSPITAL UNIVERSITARIO LAURO WANDERLEY";"2021";"02";"***.955.174-**";"ADRIANO AUGUSTO DA SILVA";"19664596000152";"19.664.596 ANTONIO CELSO ROCHA CAMARGO";"COMPRA A/V - R$ - APRES";"24/01/2021";"1760,00"
"26000";"Ministério da Educação";"26443";"Empresa Brasileira de Serviços Hospitalares";"155023";"HOSPITAL UNIVERSITARIO LAURO WANDERLEY";"2021";"02";"***.955.174-**";"ADRIANO AUGUSTO DA SILVA";"02723354000190";"CASA E CONSTRUCAO LTDA";"COMPRA A/V - R$ - APRES";"22/01/2021";"435,00"
"26000";"Ministério da Educação";"26443";"Empresa Brasileira de Serviços Hospitalares";"155023";"HOSPITAL UNIVERSITARIO LAURO WANDERLEY";"2021";"02";"***.955.174-**";"ADRIANO AUGUSTO DA SILVA";"02723354000190";"CASA E CONSTRUCAO LTDA";"COMPRA A/V - R$ - APRES";"22/01/2021";"1669,50"
"26000";"Ministério da Educação";"26443";"Empresa Brasileira de Serviços Hospitalares";"155023";"HOSPITAL UNIVERSITARIO LAURO WANDERLEY";"2021";"02";"***.224.634-**";"CHARBEL SHOITI SALVADOR UCHIDA";"09352477000372";"MUNDO DAS TINTAS LTDA";"COMPRA A/V - R$ - APRES";"30/12/2020";"1760,00"
"26000";"Ministério da Educação";"26443";"Empresa Brasileira de Serviços Hospitalares";"155023";"HOSPITAL UNIVERSITARIO LAURO WANDERLEY";"2021";"02";"***.955.174-**";"ADRIANO AUGUSTO DA SILVA";"04312853000110";"DILECTA FARMACIA DE MANIPULACAO LTDA";"COMPRA A/V - R$ - APRES";"22/01/2021";"43,00"
"26000";"Ministério da Educação";"26443";"Empresa Brasileira de Serviços Hospitalares";"155023";"HOSPITAL UNIVERSITARIO LAURO WANDERLEY";"2021";"02";"***.224.634-**";"CHARBEL SHOITI SALVADOR UCHIDA";"04312853000110";"DILECTA FARMACIA DE MANIPULACAO LTDA";"COMPRA A/V - R$ - APRES";"30/12/2020";"40,00"
"26000";"Ministério da Educação";"26443";"Empresa Brasileira de Serviços Hospitalares";"155015";"MATERNIDADE ESCOLA JANUARIO CICCO";"2021";"02";"***.528.274-**";"JOSE EDIVAN DA SILVA ABREU";"09392341000205";"LAMPADINHA MATERIAIS ELETRICOS LTDA";"COMPRA A/V - R$ - APRES";"21/01/2021";"101,70"
"26000";"Ministério da Educação";"26443";"Empresa Brasileira de Serviços Hospitalares";"155015";"MATERNIDADE ESCOLA JANUARIO CICCO";"2021";"02";"***.528.274-**";"JOSE EDIVAN DA SILVA ABREU";"10346016000104";"NATAL LAB - DIAGNOSTICOS LTDA";"COMPRA A/V - R$ - APRES";"21/01/2021";"28,50"
"26000";"Ministério da Educação";"26443";"Empresa Brasileira de Serviços Hospitalares";"155015";"MATERNIDADE ESCOLA JANUARIO CICCO";"2021";"02";"***.528.274-**";"JOSE EDIVAN DA SILVA ABREU";"70316179000176";"COMERCIAL DISTRIBUIDORA NATAL LTDA";"COMPRA A/V - R$ - APRES";"21/01/2021";"169,85"
"26000";"Ministério da Educação";"26443";"Empresa Brasileira de Serviços Hospitalares";"155015";"MATERNIDADE ESCOLA JANUARIO CICCO";"2021";"02";"***.528.274-**";"JOSE EDIVAN DA SILVA ABREU";"03097097000190";"CM MAQUINAS E EQUIPAMENTOS LTDA";"COMPRA A/V - R$ - APRES";"21/01/2021";"44,00"
"26000";"Ministério da Educação";"26443";"Empresa Brasileira de Serviços Hospitalares";"155015";"MATERNIDADE ESCOLA JANUARIO CICCO";"2021";"02";"***.058.014-**";"WILSON CRUZ E SILVA FILHO";"01274126000117";"D OXXI NORDESTE LTDA";"COMPRA A/V - R$ - APRES";"19/01/2021";"72,03"
"26000";"Ministério da Educação";"26443";"Empresa Brasileira de Serviços Hospitalares";"155015";"MATERNIDADE ESCOLA JANUARIO CICCO";"2021";"02";"***.058.014-**";"WILSON CRUZ E SILVA FILHO";"01438784005409";"LEROY MERLIN COMPANHIA BRASILEIRA DE BRICOLAGEM";"COMPRA A/V - R$ - APRES";"19/01/2021";"679,60"
"26000";"Ministério da Educação";"26443";"Empresa Brasileira de Serviços Hospitalares";"155015";"MATERNIDADE ESCOLA JANUARIO CICCO";"2021";"02";"***.528.274-**";"JOSE EDIVAN DA SILVA ABREU";"24538753000113";"REI DAS VALVULAS MATERIAL DE CONSTRUCAO EM GERAL LTDA";"COMPRA A/V - R$ - APRES";"19/01/2021";"543,20"
"26000";"Ministério da Educação";"26285";"Fundação Universidade Federal de São João Del-Rei";"154069";"FUNDACAO UNIVERSIDADE FEDERAL DE S.J.DEL-REI";"2021";"02";"***.750.716-**";"VANESSA CASSIA SILVA FONSECA";"16668076000200";"SUMUP INSTITUICAO DE PAGAMENTO BRASIL LTDA";"COMPRA A/V - R$ - APRES";"25/01/2021";"102,00"
"26000";"Ministério da Educação";"26294";"Hospital de Clínicas de Porto Alegre";"155001";"HOSPITAL DE CLINICAS DE PORTO ALEGRE";"2021";"02";"***.392.760-**";"ISABEL CRISTINA ROSSATO";"08044007000117";"JS WONG COMERCIO DE ARTIGOS DE BAZAR LTDA";"COMPRA A/V - R$ - APRES";"19/01/2021";"112,00"
"26000";"Ministério da Educação";"26294";"Hospital de Clínicas de Porto Alegre";"155001";"HOSPITAL DE CLINICAS DE PORTO ALEGRE";"2021";"02";"***.474.720-**";"SERGIO MACHADO SOARES";"15425015000179";"ITUNING COMERCIO E IMPORTACAO LTDA";"COMPRA A/V - R$ - APRES";"20/01/2021";"749,50"
"26000";"Ministério da Educação";"26294";"Hospital de Clínicas de Porto Alegre";"155001";"HOSPITAL DE CLINICAS DE PORTO ALEGRE";"2021";"02";"***.895.730-**";"JOEL MACHADO DOS SANTOS";"09623150000126";"MANGFLEX - MANGUEIRAS E CORREIAS LTDA";"COMPRA A/V - R$ - APRES";"14/01/2021";"186,00"
"26000";"Ministério da Educação";"26294";"Hospital de Clínicas de Porto Alegre";"155001";"HOSPITAL DE CLINICAS DE PORTO ALEGRE";"2021";"02";"***.115.480-**";"FELIPE DALBOSCO SILVEIRA";"03245195000128";"SUL ROL COMERCIAL E DISTRIBUIDORA LTDA";"COMPRA A/V - R$ - APRES";"12/01/2021";"222,00"
"26000";"Ministério da Educação";"26294";"Hospital de Clínicas de Porto Alegre";"155001";"HOSPITAL DE CLINICAS DE PORTO ALEGRE";"2021";"02";"***.895.730-**";"JOEL MACHADO DOS SANTOS";"03245195000128";"SUL ROL COMERCIAL E DISTRIBUIDORA LTDA";"COMPRA A/V - R$ - APRES";"14/01/2021";"350,00"
"26000";"Ministério da Educação";"26294";"Hospital de Clínicas de Porto Alegre";"155001";"HOSPITAL DE CLINICAS DE PORTO ALEGRE";"2021";"02";"***.008.130-**";"MARCOS VINICIUS ZINN HUBNER";"01298634000135";"ALTEC COMERCIAL ELETRICA LTDA";"COMPRA A/V - R$ - APRES";"08/01/2021";"799,79"
"26000";"Ministério da Educação";"26294";"Hospital de Clínicas de Porto Alegre";"155001";"HOSPITAL DE CLINICAS DE PORTO ALEGRE";"2021";"02";"***.783.990-**";"BRENDA SOUSA FERREIRA";"92706357000108";"FERRAGEM BENFER COMERCIO LTDA";"COMPRA A/V - R$ - APRES";"22/01/2021";"800,00"
"26000";"Ministério da Educação";"26294";"Hospital de Clínicas de Porto Alegre";"155001";"HOSPITAL DE CLINICAS DE PORTO ALEGRE";"2021";"02";"***.520.330-**";"JOAO ALVES RIBEIRO FILHO";"92706357000108";"FERRAGEM BENFER COMERCIO LTDA";"COMPRA A/V - R$ - APRES";"08/01/2021";"275,33"
"26000";"Ministério da Educação";"26294";"Hospital de Clínicas de Porto Alegre";"155001";"HOSPITAL DE CLINICAS DE PORTO ALEGRE";"2021";"02";"***.491.170-**";"SIMONE NASCIMENTO SILVA";"02630604000147";"DISTRIBUIDORA DE TECIDOS DGP LTDA";"COMPRA A/V - R$ - APRES";"14/01/2021";"59,40"
"26000";"Ministério da Educação";"26294";"Hospital de Clínicas de Porto Alegre";"155001";"HOSPITAL DE CLINICAS DE PORTO ALEGRE";"2021";"02";"***.008.130-**";"MARCOS VINICIUS ZINN HUBNER";"92660406000119";"FRIGELAR COMERCIO E INDUSTRIA LTDA";"COMPRA A/V - R$ - APRES";"08/01/2021";"596,77"
"26000";"Ministério da Educação";"26294";"Hospital de Clínicas de Porto Alegre";"155001";"HOSPITAL DE CLINICAS DE PORTO ALEGRE";"2021";"02";"***.474.720-**";"SERGIO MACHADO SOARES";"31547036000113";"POSTO DE COMBUSTIVEIS SANTANA LTDA";"COMPRA A/V - R$ - APRES";"22/01/2021";"240,00"
"26000";"Ministério da Educação";"26294";"Hospital de Clínicas de Porto Alegre";"155001";"HOSPITAL DE CLINICAS DE PORTO ALEGRE";"2021";"02";"***.895.730-**";"JOEL MACHADO DOS SANTOS";"72199540000157";"CERTA ELETRONICOS E MATERIAIS ELETRICOS LTDA.";"COMPRA A/V - R$ - APRES";"14/01/2021";"325,00"
"26000";"Ministério da Educação";"26294";"Hospital de Clínicas de Porto Alegre";"155001";"HOSPITAL DE CLINICAS DE PORTO ALEGRE";"2021";"02";"***.474.720-**";"SERGIO MACHADO SOARES";"13741196000117";"DROGARIA SUEIRO LTDA";"COMPRA A/V - R$ - APRES";"14/01/2021";"742,50"
"26000";"Ministério da Educação";"26294";"Hospital de Clínicas de Porto Alegre";"155001";"HOSPITAL DE CLINICAS DE PORTO ALEGRE";"2021";"02";"***.895.730-**";"JOEL MACHADO DOS SANTOS";"87104030000126";"COMERCIAL TV TUBOLANDIA LTDA";"COMPRA A/V - R$ - APRES";"13/01/2021";"357,30"
"26000";"Ministério da Educação";"26294";"Hospital de Clínicas de Porto Alegre";"155001";"HOSPITAL DE CLINICAS DE PORTO ALEGRE";"2021";"02";"***.392.760-**";"ISABEL CRISTINA ROSSATO";"24550168000139";"DINOVE ARTE E FESTA LTDA";"COMPRA A/V - R$ - APRES";"18/01/2021";"23,20"
"26000";"Ministério da Educação";"26294";"Hospital de Clínicas de Porto Alegre";"155001";"HOSPITAL DE CLINICAS DE PORTO ALEGRE";"2021";"02";"***.008.130-**";"MARCOS VINICIUS ZINN HUBNER";"91526467000125";"CENTRAL DE PARAFUSOS SA";"COMPRA A/V - R$ - APRES";"08/01/2021";"40,00"
"26000";"Ministério da Educação";"26294";"Hospital de Clínicas de Porto Alegre";"155001";"HOSPITAL DE CLINICAS DE PORTO ALEGRE";"2021";"02";"***.115.480-**";"FELIPE DALBOSCO SILVEIRA";"92783927000163";"ZAMPIERON E DALACORTE COMERCIO DE ELETROELETRONICOS LTDA";"COMPRA A/V - R$ - APRES";"13/01/2021";"398,80"
"26000";"Ministério da Educação";"26294";"Hospital de Clínicas de Porto Alegre";"155001";"HOSPITAL DE CLINICAS DE PORTO ALEGRE";"2021";"02";"***.084.830-**";"LUIZ HENRIQUE STEIN";"36058665000101";"PUXAFER COMERCIO DE MATERIAIS PARA MOVEIS LTDA";"COMPRA A/V - R$ - APRES";"15/01/2021";"378,13"
"26000";"Ministério da Educação";"26294";"Hospital de Clínicas de Porto Alegre";"155001";"HOSPITAL DE CLINICAS DE PORTO ALEGRE";"2021";"02";"***.346.580-**";"CARLA CRISTINE COSTA";"05918619002813";"COMERCIAL SAO JOAO DE UTILIDADES DOMESTICAS LTDA";"COMPRA A/V - R$ - APRES";"12/01/2021";"58,60"
"26000";"Ministério da Educação";"26294";"Hospital de Clínicas de Porto Alegre";"155001";"HOSPITAL DE CLINICAS DE PORTO ALEGRE";"2021";"02";"***.008.130-**";"MARCOS VINICIUS ZINN HUBNER";"02325233000190";"G D DE VARGAS MACHADO & CIA LTDA";"COMPRA A/V - R$ - APRES";"08/01/2021";"347,00"
"26000";"Ministério da Educação";"26294";"Hospital de Clínicas de Porto Alegre";"155001";"HOSPITAL DE CLINICAS DE PORTO ALEGRE";"2021";"02";"***.008.130-**";"MARCOS VINICIUS ZINN HUBNER";"02325233000190";"G D DE VARGAS MACHADO & CIA LTDA";"COMPRA A/V - R$ - APRES";"08/01/2021";"144,00"
"26000";"Ministério da Educação";"26294";"Hospital de Clínicas de Porto Alegre";"155001";"HOSPITAL DE CLINICAS DE PORTO ALEGRE";"2021";"02";"***.783.990-**";"BRENDA SOUSA FERREIRA";"01438784002060";"LEROY MERLIN COMPANHIA BRASILEIRA DE BRICOLAGEM";"COMPRA A/V - R$ - APRES";"22/01/2021";"471,20"
"26000";"Ministério da Educação";"26294";"Hospital de Clínicas de Porto Alegre";"155001";"HOSPITAL DE CLINICAS DE PORTO ALEGRE";"2021";"02";"***.474.720-**";"SERGIO MACHADO SOARES";"21550593000130";"ABG - COMERCIO DE MATERIAL HIDRAULICO LTDA";"COMPRA A/V - R$ - APRES";"15/01/2021";"490,00"
"26000";"Ministério da Educação";"26294";"Hospital de Clínicas de Porto Alegre";"155001";"HOSPITAL DE CLINICAS DE PORTO ALEGRE";"2021";"02";"***.783.990-**";"BRENDA SOUSA FERREIRA";"02613098000188";"FERRAGEM MARANGONI LTDA";"COMPRA A/V - R$ - APRES";"22/01/2021";"359,30"
"26000";"Ministério da Educação";"26294";"Hospital de Clínicas de Porto Alegre";"155001";"HOSPITAL DE CLINICAS DE PORTO ALEGRE";"2021";"02";"***.008.130-**";"MARCOS VINICIUS ZINN HUBNER";"02613098000188";"FERRAGEM MARANGONI LTDA";"COMPRA A/V - R$ - APRES";"08/01/2021";"589,30"
"26000";"Ministério da Educação";"26294";"Hospital de Clínicas de Porto Alegre";"155001";"HOSPITAL DE CLINICAS DE PORTO ALEGRE";"2021";"02";"***.346.580-**";"CARLA CRISTINE COSTA";"93015006000547";"COMPANHIA ZAFFARI COMERCIO E INDUSTRIA";"COMPRA A/V - R$ - APRES";"12/01/2021";"112,20"
"26000";"Ministério da Educação";"26294";"Hospital de Clínicas de Porto Alegre";"155001";"HOSPITAL DE CLINICAS DE PORTO ALEGRE";"2021";"02";"***.392.760-**";"ISABEL CRISTINA ROSSATO";"01150578000197";"DISTRIBUIDORA DE PAPEIS SENHOR DOS PASSOS LTDA";"COMPRA A/V - R$ - APRES";"18/01/2021";"105,10"
"26000";"Ministério da Educação";"26294";"Hospital de Clínicas de Porto Alegre";"155001";"HOSPITAL DE CLINICAS DE PORTO ALEGRE";"2021";"02";"***.520.330-**";"JOAO ALVES RIBEIRO FILHO";"02279038000170";"TINTAS BARUFFALDI LTDA";"COMPRA A/V - R$ - APRES";"14/01/2021";"377,70"
"26000";"Ministério da Educação";"26294";"Hospital de Clínicas de Porto Alegre";"155001";"HOSPITAL DE CLINICAS DE PORTO ALEGRE";"2021";"02";"***.520.330-**";"JOAO ALVES RIBEIRO FILHO";"02279038000170";"TINTAS BARUFFALDI LTDA";"COMPRA A/V - R$ - APRES";"13/01/2021";"367,60"
"26000";"Ministério da Educação";"26294";"Hospital de Clínicas de Porto Alegre";"155001";"HOSPITAL DE CLINICAS DE PORTO ALEGRE";"2021";"02";"***.115.480-**";"FELIPE DALBOSCO SILVEIRA";"93219673000118";"COMERCIAL ELETRONICA SYSTEM LTDA";"COMPRA A/V - R$ - APRES";"13/01/2021";"293,97"
"26000";"Ministério da Educação";"26294";"Hospital de Clínicas de Porto Alegre";"155001";"HOSPITAL DE CLINICAS DE PORTO ALEGRE";"2021";"02";"***.491.170-**";"SIMONE NASCIMENTO SILVA";"93056646000171";"GELLER TECIDOS LTDA";"COMPRA A/V - R$ - APRES";"14/01/2021";"162,00"
"26000";"Ministério da Educação";"26294";"Hospital de Clínicas de Porto Alegre";"155001";"HOSPITAL DE CLINICAS DE PORTO ALEGRE";"2021";"02";"***.084.830-**";"LUIZ HENRIQUE STEIN";"02519370000165";"TURMINA & WAGNER LTDA";"COMPRA A/V - R$ - APRES";"15/01/2021";"226,00"
"26000";"Ministério da Educação";"26294";"Hospital de Clínicas de Porto Alegre";"155001";"HOSPITAL DE CLINICAS DE PORTO ALEGRE";"2021";"02";"***.084.830-**";"LUIZ HENRIQUE STEIN";"02519370000165";"TURMINA & WAGNER LTDA";"COMPRA A/V - R$ - APRES";"14/01/2021";"389,18"
"26000";"Ministério da Educação";"26294";"Hospital de Clínicas de Porto Alegre";"155001";"HOSPITAL DE CLINICAS DE PORTO ALEGRE";"2021";"02";"***.895.730-**";"JOEL MACHADO DOS SANTOS";"92690106000182";"FASTENER COMERCIAL DE FERRAGENS E FERRAMENTAS LTDA FALIDO";"COMPRA A/V - R$ - APRES";"14/01/2021";"321,05"
"26000";"Ministério da Educação";"26294";"Hospital de Clínicas de Porto Alegre";"155001";"HOSPITAL DE CLINICAS DE PORTO ALEGRE";"2021";"02";"***.520.330-**";"JOAO ALVES RIBEIRO FILHO";"08056133000191";"COLOR CAR COMERCIO DE TINTAS AUTOMOTIVAS LTDA";"COMPRA A/V - R$ - APRES";"13/01/2021";"400,00"
"26000";"Ministério da Educação";"26294";"Hospital de Clínicas de Porto Alegre";"155001";"HOSPITAL DE CLINICAS DE PORTO ALEGRE";"2021";"02";"***.895.730-**";"JOEL MACHADO DOS SANTOS";"92913383000107";"ZANIRATTI AUDIOVISUAIS LTDA";"COMPRA A/V - R$ - APRES";"13/01/2021";"347,00"
"26000";"Ministério da Educação";"26294";"Hospital de Clínicas de Porto Alegre";"155001";"HOSPITAL DE CLINICAS DE PORTO ALEGRE";"2021";"02";"***.474.720-**";"SERGIO MACHADO SOARES";"00944510000117";"PHARMAPLUS FARMACIA LTDA";"COMPRA A/V - R$ - APRES";"14/01/2021";"76,50"
"26000";"Ministério da Educação";"26294";"Hospital de Clínicas de Porto Alegre";"155001";"HOSPITAL DE CLINICAS DE PORTO ALEGRE";"2021";"02";"***.773.990-**";"ELISANDRO MOURA DA SILVA";"07482743000194";"SAO PEDRO PNEUS LTDA";"COMPRA A/V - R$ - APRES";"13/01/2021";"430,00"
"26000";"Ministério da Educação";"26294";"Hospital de Clínicas de Porto Alegre";"155001";"HOSPITAL DE CLINICAS DE PORTO ALEGRE";"2021";"02";"***.008.130-**";"MARCOS VINICIUS ZINN HUBNER";"01754239000110";"REFRIGERACAO DUFRIO COMERCIO E IMPORTACAO S.A.";"COMPRA A/V - R$ - APRES";"08/01/2021";"284,89"
"26000";"Ministério da Educação";"26294";"Hospital de Clínicas de Porto Alegre";"155001";"HOSPITAL DE CLINICAS DE PORTO ALEGRE";"2021";"02";"***.008.130-**";"MARCOS VINICIUS ZINN HUBNER";"02033557000154";"VERTICE COMERCIO DE EQUIPAMENTOS HIDRO PNEUMATICOS LTDA.";"COMPRA A/V - R$ - APRES";"08/01/2021";"356,00"
"26000";"Ministério da Educação";"26294";"Hospital de Clínicas de Porto Alegre";"155001";"HOSPITAL DE CLINICAS DE PORTO ALEGRE";"2021";"02";"***.950.390-**";"MIGUELINA TROISI BONFRISCO";"-2";"NAO SE APLICA";"SAQUE CASH/ATM BB";"19/01/2021";"100,00"
"26000";"Ministério da Educação";"26294";"Hospital de Clínicas de Porto Alegre";"155001";"HOSPITAL DE CLINICAS DE PORTO ALEGRE";"2021";"02";"***.783.990-**";"BRENDA SOUSA FERREIRA";"92671775000107";"REI DAS TORNEIRAS COMERCIO DE METAIS LTDA";"COMPRA A/V - R$ - APRES";"22/01/2021";"187,00"
"26000";"Ministério da Educação";"26294";"Hospital de Clínicas de Porto Alegre";"155001";"HOSPITAL DE CLINICAS DE PORTO ALEGRE";"2021";"02";"***.008.130-**";"MARCOS VINICIUS ZINN HUBNER";"94927316000177";"BELT CORREIAS ESPECIAIS LTDA";"COMPRA A/V - R$ - APRES";"08/01/2021";"166,00"
"26000";"Ministério da Educação";"26294";"Hospital de Clínicas de Porto Alegre";"155001";"HOSPITAL DE CLINICAS DE PORTO ALEGRE";"2021";"02";"***.392.760-**";"ISABEL CRISTINA ROSSATO";"00460986000697";"CENTRAL IMPORTADORA TEXTIL LTDA";"COMPRA A/V - R$ - APRES";"18/01/2021";"61,41"
"26000";"Ministério da Educação";"26294";"Hospital de Clínicas de Porto Alegre";"155001";"HOSPITAL DE CLINICAS DE PORTO ALEGRE";"2021";"02";"***.491.170-**";"SIMONE NASCIMENTO SILVA";"00460986000697";"CENTRAL IMPORTADORA TEXTIL LTDA";"COMPRA A/V - R$ - APRES";"14/01/2021";"96,34"
"26000";"Ministério da Educação";"26294";"Hospital de Clínicas de Porto Alegre";"155001";"HOSPITAL DE CLINICAS DE PORTO ALEGRE";"2021";"02";"***.084.830-**";"LUIZ HENRIQUE STEIN";"92224062000103";"R J DIEHL COMERCIO DE MATERIAIS PARA MOVEIS LTDA";"COMPRA A/V - R$ - APRES";"15/01/2021";"398,90"
"26000";"Ministério da Educação";"26294";"Hospital de Clínicas de Porto Alegre";"155001";"HOSPITAL DE CLINICAS DE PORTO ALEGRE";"2021";"02";"***.392.760-**";"ISABEL CRISTINA ROSSATO";"14505642000157";"BAZAR OSVALDO LTDA";"COMPRA A/V - R$ - APRES";"19/01/2021";"189,81"
"26000";"Ministério da Educação";"26294";"Hospital de Clínicas de Porto Alegre";"155001";"HOSPITAL DE CLINICAS DE PORTO ALEGRE";"2021";"02";"***.346.580-**";"CARLA CRISTINE COSTA";"14505642000157";"BAZAR OSVALDO LTDA";"COMPRA A/V - R$ - APRES";"12/01/2021";"123,93"
"26000";"Ministério da Educação";"26294";"Hospital de Clínicas de Porto Alegre";"155001";"HOSPITAL DE CLINICAS DE PORTO ALEGRE";"2021";"02";"***.474.720-**";"SERGIO MACHADO SOARES";"32196645000138";"MIGUEL DE FREITAS PINTO";"COMPRA A/V - R$ - APRES";"07/01/2021";"225,00"
"26000";"Ministério da Educação";"26294";"Hospital de Clínicas de Porto Alegre";"155001";"HOSPITAL DE CLINICAS DE PORTO ALEGRE";"2021";"02";"***.773.990-**";"ELISANDRO MOURA DA SILVA";"32196645000138";"MIGUEL DE FREITAS PINTO";"COMPRA A/V - R$ - APRES";"15/01/2021";"580,00"
"26000";"Ministério da Educação";"26294";"Hospital de Clínicas de Porto Alegre";"155001";"HOSPITAL DE CLINICAS DE PORTO ALEGRE";"2021";"02";"***.084.830-**";"LUIZ HENRIQUE STEIN";"92692102000133";"COFEL COMERCIAL DE FERRAGENS E LAMINADOS LTDA";"COMPRA A/V - R$ - APRES";"14/01/2021";"399,20"
"26000";"Ministério da Educação";"26294";"Hospital de Clínicas de Porto Alegre";"155001";"HOSPITAL DE CLINICAS DE PORTO ALEGRE";"2021";"02";"***.115.480-**";"FELIPE DALBOSCO SILVEIRA";"89263669000180";"VALTEC COMERCIO E INDUSTRIA DE ACESSORIOS INDUSTRIAIS LTDA";"COMPRA A/V - R$ - APRES";"12/01/2021";"52,00"
"26000";"Ministério da Educação";"26294";"Hospital de Clínicas de Porto Alegre";"155001";"HOSPITAL DE CLINICAS DE PORTO ALEGRE";"2021";"02";"***.008.130-**";"MARCOS VINICIUS ZINN HUBNER";"89263669000180";"VALTEC COMERCIO E INDUSTRIA DE ACESSORIOS INDUSTRIAIS LTDA";"COMPRA A/V - R$ - APRES";"08/01/2021";"160,00"
"26000";"Ministério da Educação";"26294";"Hospital de Clínicas de Porto Alegre";"155001";"HOSPITAL DE CLINICAS DE PORTO ALEGRE";"2021";"02";"***.474.720-**";"SERGIO MACHADO SOARES";"92665611024866";"DIMED S/A - DISTRIBUIDORA DE MEDICAMENTOS";"COMPRA A/V - R$ - APRES";"22/01/2021";"167,16"
"26000";"Ministério da Educação";"26294";"Hospital de Clínicas de Porto Alegre";"155001";"HOSPITAL DE CLINICAS DE PORTO ALEGRE";"2021";"02";"***.115.480-**";"FELIPE DALBOSCO SILVEIRA";"87045589000122";"HIDROGAS ASSISTENCIA HIDRAULICA LTDA";"COMPRA A/V - R$ - APRES";"12/01/2021";"74,13"
"26000";"Ministério da Educação";"26294";"Hospital de Clínicas de Porto Alegre";"155001";"HOSPITAL DE CLINICAS DE PORTO ALEGRE";"2021";"02";"***.783.990-**";"BRENDA SOUSA FERREIRA";"87045589000122";"HIDROGAS ASSISTENCIA HIDRAULICA LTDA";"COMPRA A/V - R$ - APRES";"22/01/2021";"381,92"
"26000";"Ministério da Educação";"26294";"Hospital de Clínicas de Porto Alegre";"155001";"HOSPITAL DE CLINICAS DE PORTO ALEGRE";"2021";"02";"***.115.480-**";"FELIPE DALBOSCO SILVEIRA";"92664028000141";"FERRAMENTAS GERAIS COMERCIO E IMPORTACAO DE FERRAMENTAS E MAQUINAS LTDA";"COMPRA A/V - R$ - APRES";"12/01/2021";"354,81"
"26000";"Ministério da Educação";"26294";"Hospital de Clínicas de Porto Alegre";"155001";"HOSPITAL DE CLINICAS DE PORTO ALEGRE";"2021";"02";"***.520.330-**";"JOAO ALVES RIBEIRO FILHO";"92664028000141";"FERRAMENTAS GERAIS COMERCIO E IMPORTACAO DE FERRAMENTAS E MAQUINAS LTDA";"COMPRA A/V - R$ - APRES";"14/01/2021";"353,27"
"26000";"Ministério da Educação";"26294";"Hospital de Clínicas de Porto Alegre";"155001";"HOSPITAL DE CLINICAS DE PORTO ALEGRE";"2021";"02";"***.474.720-**";"SERGIO MACHADO SOARES";"26395383000138";"LUCIANO SILVEIRA DA SILVA COPIAS";"COMPRA A/V - R$ - APRES";"21/01/2021";"38,00"
"26000";"Ministério da Educação";"26294";"Hospital de Clínicas de Porto Alegre";"155001";"HOSPITAL DE CLINICAS DE PORTO ALEGRE";"2021";"02";"***.474.720-**";"SERGIO MACHADO SOARES";"26395383000138";"LUCIANO SILVEIRA DA SILVA COPIAS";"COMPRA A/V - R$ - APRES";"20/01/2021";"32,00"
"26000";"Ministério da Educação";"26294";"Hospital de Clínicas de Porto Alegre";"155001";"HOSPITAL DE CLINICAS DE PORTO ALEGRE";"2021";"02";"***.115.480-**";"FELIPE DALBOSCO SILVEIRA";"32661368000197";"RICARDO ABADIE GOULART DA SILVA 00105816000";"COMPRA A/V - R$ - APRES";"20/01/2021";"396,00"
"26000";"Ministério da Educação";"26422";"Instituto Federal de Educação, Ciência e Tecnologia Catarinense";"152663";"IF CATARINENSE - CAMPUS LUZERNA";"2021";"02";"***.226.739-**";"SIMONE MARTINS DE JESUS NISSOLA";"11743603000108";"BELEGANTE E CARNIEL MATERIAIS DE CONSTRUCAO LTDA";"COMPRA A/V - R$ - APRES";"26/01/2021";"23,80"
"26000";"Ministério da Educação";"26422";"Instituto Federal de Educação, Ciência e Tecnologia Catarinense";"158125";"INSTITUTO FEDERAL CATARINENSE - REITORIA";"2021";"02";"***.896.739-**";"RODRIGO REIGOZA";"80963598000153";"ELETRICA ZATA LTDA";"COMPRA A/V - R$ - APRES";"14/01/2021";"569,80"
"26000";"Ministério da Educação";"26409";"Instituto Federal de Educação, Ciência e Tecnologia de Minas Gerais";"158275";"INST.FED.MINAS GERAIS/CAMPUS BAMBUI";"2021";"02";"***.889.836-**";"RODRIGO VIEIRA DE MELO";"02457204000181";"CASA ELETRICA BAMBUI LTDA";"COMPRA A/V - R$ - APRES";"26/01/2021";"1294,00"
"26000";"Ministério da Educação";"26409";"Instituto Federal de Educação, Ciência e Tecnologia de Minas Gerais";"158275";"INST.FED.MINAS GERAIS/CAMPUS BAMBUI";"2021";"02";"***.889.836-**";"RODRIGO VIEIRA DE MELO";"41738931000179";"UTIL & FUTIL PAPELARIA LTDA";"COMPRA A/V - R$ - APRES";"26/01/2021";"125,12"
"26000";"Ministério da Educação";"26408";"Instituto Federal de Educação, Ciência e Tecnologia do Maranhão";"154859";"IFMA/CAMPUS SJ DE RIBAMAR";"2021";"02";"***.238.053-**";"CARLOS EDUARDO DOS SANTOS MACEDO";"06256879000466";"VIEIRA BRASIL DISTRIBUIDORA S.A.";"COMPRA A/V - R$ - APRES";"26/01/2021";"86,40"
"26000";"Ministério da Educação";"26408";"Instituto Federal de Educação, Ciência e Tecnologia do Maranhão";"158128";"INST. FED. DO MARANHAO";"2021";"02";"***.076.003-**";"LEONARDO DE ARAUJO SOUZA";"04143362000192";"EVOLUTIVA LIVRARIA E PAPELARIA LTDA";"COMPRA A/V - R$ - APRES";"26/01/2021";"87,57"
"26000";"Ministério da Educação";"26408";"Instituto Federal de Educação, Ciência e Tecnologia do Maranhão";"158128";"INST. FED. DO MARANHAO";"2021";"02";"***.076.003-**";"LEONARDO DE ARAUJO SOUZA";"07049976000289";"J GONCALVES DOS SANTOS FILHO & CIA LTDA";"COMPRA A/V - R$ - APRES";"26/01/2021";"226,15"
"26000";"Ministério da Educação";"26408";"Instituto Federal de Educação, Ciência e Tecnologia do Maranhão";"158128";"INST. FED. DO MARANHAO";"2021";"02";"***.076.003-**";"LEONARDO DE ARAUJO SOUZA";"03995515008222";"MATEUS SUPERMERCADOS S.A.";"COMPRA A/V - R$ - APRES";"26/01/2021";"118,25"
"26000";"Ministério da Educação";"26414";"Instituto Federal de Educação, Ciência e Tecnologia do Mato Grosso";"158335";"INST.FED.MATO GROSSO/CAMPUS SAO VICENTE";"2021";"02";"***.249.180-**";"IVANOR ANTONIO KAYSER";"29544576000100";"VALDECIR FRANCISCO PINTO JUNIOR 01202342116";"COMPRA A/V - R$ - APRES";"25/01/2021";"992,00"
"26000";"Ministério da Educação";"26414";"Instituto Federal de Educação, Ciência e Tecnologia do Mato Grosso";"158335";"INST.FED.MATO GROSSO/CAMPUS SAO VICENTE";"2021";"02";"***.249.180-**";"IVANOR ANTONIO KAYSER";"29544576000100";"VALDECIR FRANCISCO PINTO JUNIOR 01202342116";"COMPRA A/V - R$ - APRES";"25/01/2021";"1646,00"
"26000";"Ministério da Educação";"26414";"Instituto Federal de Educação, Ciência e Tecnologia do Mato Grosso";"158335";"INST.FED.MATO GROSSO/CAMPUS SAO VICENTE";"2021";"02";"***.249.180-**";"IVANOR ANTONIO KAYSER";"08645895000123";"VET-INOVA SAUDE E NUTRICAO ANIMAL LTDA";"COMPRA A/V - R$ - APRES";"25/01/2021";"1620,00"
"26000";"Ministério da Educação";"26414";"Instituto Federal de Educação, Ciência e Tecnologia do Mato Grosso";"158335";"INST.FED.MATO GROSSO/CAMPUS SAO VICENTE";"2021";"02";"***.249.180-**";"IVANOR ANTONIO KAYSER";"08645895000123";"VET-INOVA SAUDE E NUTRICAO ANIMAL LTDA";"COMPRA A/V - R$ - APRES";"25/01/2021";"1621,00"
"26000";"Ministério da Educação";"26414";"Instituto Federal de Educação, Ciência e Tecnologia do Mato Grosso";"158335";"INST.FED.MATO GROSSO/CAMPUS SAO VICENTE";"2021";"02";"***.249.180-**";"IVANOR ANTONIO KAYSER";"08645895000123";"VET-INOVA SAUDE E NUTRICAO ANIMAL LTDA";"COMPRA A/V - R$ - APRES";"25/01/2021";"1730,00"
"26000";"Ministério da Educação";"26414";"Instituto Federal de Educação, Ciência e Tecnologia do Mato Grosso";"158971";"INST.FED.MATO GROSSO/CAMPUS VARZEA GRANDE";"2021";"02";"***.465.741-**";"WASHINGTON FABRICIO MARTINS";"08863077000105";"TOP TONER COMERCIO DE INSUMOS PARA INFORMATICA LTDA";"COMPRA A/V - R$ - APRES";"21/01/2021";"457,00"
"26000";"Ministério da Educação";"26414";"Instituto Federal de Educação, Ciência e Tecnologia do Mato Grosso";"158971";"INST.FED.MATO GROSSO/CAMPUS VARZEA GRANDE";"2021";"02";"***.465.741-**";"WASHINGTON FABRICIO MARTINS";"33687450000153";"MARCENAL MADEIRAS E COMPENSADOS LTDA";"COMPRA A/V - R$ - APRES";"13/01/2021";"270,62"
"26000";"Ministério da Educação";"26414";"Instituto Federal de Educação, Ciência e Tecnologia do Mato Grosso";"158971";"INST.FED.MATO GROSSO/CAMPUS VARZEA GRANDE";"2021";"02";"***.465.741-**";"WASHINGTON FABRICIO MARTINS";"10717170000730";"INDUSTRIA QUIMICA CMT LTDA";"COMPRA A/V - R$ - APRES";"20/01/2021";"249,57"
"26000";"Ministério da Educação";"26414";"Instituto Federal de Educação, Ciência e Tecnologia do Mato Grosso";"158971";"INST.FED.MATO GROSSO/CAMPUS VARZEA GRANDE";"2021";"02";"***.465.741-**";"WASHINGTON FABRICIO MARTINS";"05543885000199";"DRAGA SANTA LUZIA LTDA";"COMPRA A/V - R$ - APRES";"18/01/2021";"500,00"
"26000";"Ministério da Educação";"26414";"Instituto Federal de Educação, Ciência e Tecnologia do Mato Grosso";"158971";"INST.FED.MATO GROSSO/CAMPUS VARZEA GRANDE";"2021";"02";"***.465.741-**";"WASHINGTON FABRICIO MARTINS";"05543885000199";"DRAGA SANTA LUZIA LTDA";"COMPRA A/V - R$ - APRES";"12/01/2021";"140,00"
"26000";"Ministério da Educação";"26414";"Instituto Federal de Educação, Ciência e Tecnologia do Mato Grosso";"158971";"INST.FED.MATO GROSSO/CAMPUS VARZEA GRANDE";"2021";"02";"***.465.741-**";"WASHINGTON FABRICIO MARTINS";"08139615000296";"PARANA COMERCIO DE MATERIAIS ELETRICOS E SERVICOS LTDA";"COMPRA A/V - R$ - APRES";"26/01/2021";"238,65"
"26000";"Ministério da Educação";"26414";"Instituto Federal de Educação, Ciência e Tecnologia do Mato Grosso";"158971";"INST.FED.MATO GROSSO/CAMPUS VARZEA GRANDE";"2021";"02";"***.465.741-**";"WASHINGTON FABRICIO MARTINS";"08139615000296";"PARANA COMERCIO DE MATERIAIS ELETRICOS E SERVICOS LTDA";"COMPRA A/V - R$ - APRES";"20/01/2021";"42,00"
"26000";"Ministério da Educação";"26414";"Instituto Federal de Educação, Ciência e Tecnologia do Mato Grosso";"158971";"INST.FED.MATO GROSSO/CAMPUS VARZEA GRANDE";"2021";"02";"***.465.741-**";"WASHINGTON FABRICIO MARTINS";"22635241000140";"MARCONI E CASTANHO LTDA";"COMPRA A/V - R$ - APRES";"06/01/2021";"295,00"
"26000";"Ministério da Educação";"26414";"Instituto Federal de Educação, Ciência e Tecnologia do Mato Grosso";"158971";"INST.FED.MATO GROSSO/CAMPUS VARZEA GRANDE";"2021";"02";"***.465.741-**";"WASHINGTON FABRICIO MARTINS";"02623245000109";"MONTE CASTELO MATERIAIS PARA CONSTRUCAO LTDA";"COMPRA A/V - R$ - APRES";"19/01/2021";"339,40"
"26000";"Ministério da Educação";"26414";"Instituto Federal de Educação, Ciência e Tecnologia do Mato Grosso";"158971";"INST.FED.MATO GROSSO/CAMPUS VARZEA GRANDE";"2021";"02";"***.465.741-**";"WASHINGTON FABRICIO MARTINS";"02623245000109";"MONTE CASTELO MATERIAIS PARA CONSTRUCAO LTDA";"COMPRA A/V - R$ - APRES";"15/01/2021";"259,50"
"26000";"Ministério da Educação";"26414";"Instituto Federal de Educação, Ciência e Tecnologia do Mato Grosso";"158971";"INST.FED.MATO GROSSO/CAMPUS VARZEA GRANDE";"2021";"02";"***.465.741-**";"WASHINGTON FABRICIO MARTINS";"02623245000109";"MONTE CASTELO MATERIAIS PARA CONSTRUCAO LTDA";"COMPRA A/V - R$ - APRES";"15/01/2021";"167,00"
"26000";"Ministério da Educação";"26414";"Instituto Federal de Educação, Ciência e Tecnologia do Mato Grosso";"158971";"INST.FED.MATO GROSSO/CAMPUS VARZEA GRANDE";"2021";"02";"***.465.741-**";"WASHINGTON FABRICIO MARTINS";"02623245000109";"MONTE CASTELO MATERIAIS PARA CONSTRUCAO LTDA";"COMPRA A/V - R$ - APRES";"14/01/2021";"800,00"
"26000";"Ministério da Educação";"26414";"Instituto Federal de Educação, Ciência e Tecnologia do Mato Grosso";"158971";"INST.FED.MATO GROSSO/CAMPUS VARZEA GRANDE";"2021";"02";"***.465.741-**";"WASHINGTON FABRICIO MARTINS";"14689405000193";"MERCADAO DA LIMPEZA COMERCIO E IMPORTACAO DE PRODUTOS DE LIMPEZA LTDA";"COMPRA A/V - R$ - APRES";"18/01/2021";"290,00"
"26000";"Ministério da Educação";"26414";"Instituto Federal de Educação, Ciência e Tecnologia do Mato Grosso";"158971";"INST.FED.MATO GROSSO/CAMPUS VARZEA GRANDE";"2021";"02";"***.465.741-**";"WASHINGTON FABRICIO MARTINS";"19468242000132";"IFOOD PAGO INSTITUICAO DE PAGAMENTO S.A.";"COMPRA A/V - R$ - APRES";"26/01/2021";"279,50"
"26000";"Ministério da Educação";"26414";"Instituto Federal de Educação, Ciência e Tecnologia do Mato Grosso";"158971";"INST.FED.MATO GROSSO/CAMPUS VARZEA GRANDE";"2021";"02";"***.465.741-**";"WASHINGTON FABRICIO MARTINS";"07920623000121";"PROCRIA COMERCIO DE PRODUTOS AGROPECUARIOS LTDA";"COMPRA A/V - R$ - APRES";"08/01/2021";"274,90"
"26000";"Ministério da Educação";"26414";"Instituto Federal de Educação, Ciência e Tecnologia do Mato Grosso";"158971";"INST.FED.MATO GROSSO/CAMPUS VARZEA GRANDE";"2021";"02";"***.465.741-**";"WASHINGTON FABRICIO MARTINS";"30222540000180";"CONSTRUROCHA MATERIAIS PARA CONSTRUCAO LTDA";"COMPRA A/V - R$ - APRES";"20/01/2021";"88,16"
"26000";"Ministério da Educação";"26414";"Instituto Federal de Educação, Ciência e Tecnologia do Mato Grosso";"158971";"INST.FED.MATO GROSSO/CAMPUS VARZEA GRANDE";"2021";"02";"***.465.741-**";"WASHINGTON FABRICIO MARTINS";"30222540000180";"CONSTRUROCHA MATERIAIS PARA CONSTRUCAO LTDA";"COMPRA A/V - R$ - APRES";"20/01/2021";"216,96"
"26000";"Ministério da Educação";"26414";"Instituto Federal de Educação, Ciência e Tecnologia do Mato Grosso";"158971";"INST.FED.MATO GROSSO/CAMPUS VARZEA GRANDE";"2021";"02";"***.465.741-**";"WASHINGTON FABRICIO MARTINS";"30222540000180";"CONSTRUROCHA MATERIAIS PARA CONSTRUCAO LTDA";"COMPRA A/V - R$ - APRES";"11/01/2021";"20,85"
"26000";"Ministério da Educação";"26414";"Instituto Federal de Educação, Ciência e Tecnologia do Mato Grosso";"158971";"INST.FED.MATO GROSSO/CAMPUS VARZEA GRANDE";"2021";"02";"***.465.741-**";"WASHINGTON FABRICIO MARTINS";"30222540000180";"CONSTRUROCHA MATERIAIS PARA CONSTRUCAO LTDA";"COMPRA A/V - R$ - APRES";"06/01/2021";"215,89"
"26000";"Ministério da Educação";"26414";"Instituto Federal de Educação, Ciência e Tecnologia do Mato Grosso";"158971";"INST.FED.MATO GROSSO/CAMPUS VARZEA GRANDE";"2021";"02";"***.465.741-**";"WASHINGTON FABRICIO MARTINS";"06110817000441";"ATIVA MATERIAIS ELETRICOS LTDA";"COMPRA A/V - R$ - APRES";"25/01/2021";"445,91"
"26000";"Ministério da Educação";"26414";"Instituto Federal de Educação, Ciência e Tecnologia do Mato Grosso";"158971";"INST.FED.MATO GROSSO/CAMPUS VARZEA GRANDE";"2021";"02";"***.465.741-**";"WASHINGTON FABRICIO MARTINS";"06110817000441";"ATIVA MATERIAIS ELETRICOS LTDA";"COMPRA A/V - R$ - APRES";"23/01/2021";"433,05"
"26000";"Ministério da Educação";"26414";"Instituto Federal de Educação, Ciência e Tecnologia do Mato Grosso";"158971";"INST.FED.MATO GROSSO/CAMPUS VARZEA GRANDE";"2021";"02";"***.465.741-**";"WASHINGTON FABRICIO MARTINS";"08863077000105";"TOP TONER COMERCIO DE INSUMOS PARA INFORMATICA LTDA";"COMPRA A/V - R$ - APRES";"22/01/2021";"500,00"
"26000";"Ministério da Educação";"26435";"Instituto Federal de Educação, Ciência e Tecnologia do Rio Grande do Norte";"158370";"INST.FED. DO RN/CAMPUS CAICO";"2021";"02";"***.204.306-**";"ADAIR DIVINO SILVA BADARO";"07271540000159";"MANOEL FERNANDES DINIZ JUNIOR";"COMPRA A/V - R$ - APRES";"22/01/2021";"43,50"
"26000";"Ministério da Educação";"26435";"Instituto Federal de Educação, Ciência e Tecnologia do Rio Grande do Norte";"158370";"INST.FED. DO RN/CAMPUS CAICO";"2021";"02";"***.204.306-**";"ADAIR DIVINO SILVA BADARO";"40757098000140";"INALDA MEDEIROS DE SOUZA";"COMPRA A/V - R$ - APRES";"22/01/2021";"49,50"
"26000";"Ministério da Educação";"26419";"Instituto Federal de Educação, Ciência e Tecnologia do Rio Grande do Sul";"158676";"INST.FED.DO RS/CAMPUS FELIZ";"2021";"02";"***.305.130-**";"LUIZ ALFREDO FERNANDES LOTTERMANN";"36542235000152";"BELA KASA COMERCIO DE MATERIAIS DE CONSTRUCAO LTDA";"COMPRA A/V - R$ - APRES";"19/01/2021";"129,80"
"26000";"Ministério da Educação";"26419";"Instituto Federal de Educação, Ciência e Tecnologia do Rio Grande do Sul";"158327";"INST.FED.DO RS/CAMPUS OSORIO";"2021";"02";"***.355.310-**";"ADRIANO TEIXEIRA LOPES";"07215449000116";"MEXICAN PROJETOS INSTALACOES E COMERCIO DE EQUIPAMENTOS CONTRA INCENDIO LTDA";"COMPRA A/V - R$ - APRES";"22/01/2021";"475,00"
"26000";"Ministério da Educação";"26419";"Instituto Federal de Educação, Ciência e Tecnologia do Rio Grande do Sul";"158327";"INST.FED.DO RS/CAMPUS OSORIO";"2021";"02";"***.355.310-**";"ADRIANO TEIXEIRA LOPES";"19462641000196";"ROGERIO COELHO DA SILVEIRA & CIA LTDA";"COMPRA A/V - R$ - APRES";"22/01/2021";"56,72"
"26000";"Ministério da Educação";"26254";"Universidade Federal do Triângulo Mineiro";"153035";"UNIVERSIDADE FEDERAL DO TRIANGULO MINEIRO";"2021";"02";"***.820.876-**";"JOSE LAZARO DE OLIVEIRA";"03046416000139";"JUNIFER FERRAGENS E FERRAMENTAS LTDA";"COMPRA A/V - R$ - APRES";"28/12/2020";"787,00"
"26000";"Ministério da Educação";"26264";"Universidade Federal Rural do Semi-Árido";"153033";"UNIVERSIDADE FEDERAL RURAL DO SEMI-ARIDO - RN";"2021";"02";"***.849.343-**";"FRANCYELLE GURGEL DE CASTRO ALVES";"03708046000158";"CROP AGRICOLA LTDA";"COMPRA A/V - R$ - APRES";"21/01/2021";"238,00"
"25000";"Ministério da Fazenda";"25915";"Fundo Constitucional do Distrito Federal";"170395";"FCDF±SSP ± POLICIA CIVIL DO DF";"2021";"02";"***.843.461-**";"BRAZ FELIZARDO DA SILVEIRA";"18428558000219";"FERRAMENTAS PROFISSIONAIS E EQUIPAMENTOS DE SEGURANCA LTDA EM RECUPERACAO JUDICIAL";"COMPRA A/V - R$ - APRES";"18/01/2021";"400,00"
"25000";"Ministério da Fazenda";"25915";"Fundo Constitucional do Distrito Federal";"170395";"FCDF±SSP ± POLICIA CIVIL DO DF";"2021";"02";"***.528.216-**";"RAFAEL BORELA VALENTE";"18428558000219";"FERRAMENTAS PROFISSIONAIS E EQUIPAMENTOS DE SEGURANCA LTDA EM RECUPERACAO JUDICIAL";"COMPRA A/V - R$ - APRES";"20/01/2021";"731,70"
"25000";"Ministério da Fazenda";"25915";"Fundo Constitucional do Distrito Federal";"170395";"FCDF±SSP ± POLICIA CIVIL DO DF";"2021";"02";"***.665.301-**";"SANLAC MACHADO DA CUNHA";"32864218000180";"CENTRO CLINICO VETERINARIO ODONTOZOO LTDA";"COMPRA A/V - R$ - APRES";"25/01/2021";"1700,00"
"25000";"Ministério da Fazenda";"25915";"Fundo Constitucional do Distrito Federal";"170395";"FCDF±SSP ± POLICIA CIVIL DO DF";"2021";"02";"";"Sigiloso";"-11";"Sigiloso";"Informações protegidas por sigilo";"";"800,00"
"25000";"Ministério da Fazenda";"25915";"Fundo Constitucional do Distrito Federal";"170395";"FCDF±SSP ± POLICIA CIVIL DO DF";"2021";"02";"";"Sigiloso";"-11";"Sigiloso";"Informações protegidas por sigilo";"";"800,00"
"25000";"Ministério da Fazenda";"25915";"Fundo Constitucional do Distrito Federal";"170395";"FCDF±SSP ± POLICIA CIVIL DO DF";"2021";"02";"***.504.211-**";"MARCIO SERRA ARAGAO";"59476598000132";"AKAD TECNOLOGIA COMERCIO, IMPORTACAO E EXPORTACAO LTDA.";"COMPRA A/V - R$ - APRES";"26/01/2021";"572,83"
"25000";"Ministério da Fazenda";"25915";"Fundo Constitucional do Distrito Federal";"170395";"FCDF±SSP ± POLICIA CIVIL DO DF";"2021";"02";"***.665.301-**";"SANLAC MACHADO DA CUNHA";"21185535000154";"BANHO E TOSA DO ARMAZEM LTDA";"COMPRA A/V - R$ - APRES";"19/01/2021";"125,00"
"25000";"Ministério da Fazenda";"25915";"Fundo Constitucional do Distrito Federal";"170395";"FCDF±SSP ± POLICIA CIVIL DO DF";"2021";"02";"***.665.301-**";"SANLAC MACHADO DA CUNHA";"00653494000103";"MICROMEDICAL - MATERIAL MEDICO HOSPITALAR LTDA";"COMPRA A/V - R$ - APRES";"20/01/2021";"175,50"
"25000";"Ministério da Fazenda";"25915";"Fundo Constitucional do Distrito Federal";"170395";"FCDF±SSP ± POLICIA CIVIL DO DF";"2021";"02";"***.655.021-**";"FILIPE RIBEIRO DE OLIVEIRA";"-1";"SEM INFORMACAO";"COMPRA A/V - INT$ - APRES";"15/01/2021";"1641,66"
"25000";"Ministério da Fazenda";"25915";"Fundo Constitucional do Distrito Federal";"170395";"FCDF±SSP ± POLICIA CIVIL DO DF";"2021";"02";"***.665.301-**";"SANLAC MACHADO DA CUNHA";"-2";"NAO SE APLICA";"SAQUE CASH/ATM BB";"22/01/2021";"290,00"
"25000";"Ministério da Fazenda";"25000";"Ministério da Fazenda - Unidades com vínculo direto";"170008";"PROCURADORIA GERAL DA FAZENDA NACIONAL";"2021";"02";"***.993.091-**";"ELISANGELA MARIA PEREIRA";"01669892000180";"PILOTO CARIMBOS COMERCIO E INDUSTRIA LTDA";"COMPRA A/V - R$ - APRES";"22/01/2021";"40,00"
"25000";"Ministério da Fazenda";"25801";"Receita Federal do Brasil";"170339";"COORDENACAO-GERAL DE PESQ.INVESTIGACAO DA RFB";"2021";"02";"";"Sigiloso";"-11";"Sigiloso";"Informações protegidas por sigilo";"";"1000,00"
"25000";"Ministério da Fazenda";"25801";"Receita Federal do Brasil";"170339";"COORDENACAO-GERAL DE PESQ.INVESTIGACAO DA RFB";"2021";"02";"";"Sigiloso";"-11";"Sigiloso";"Informações protegidas por sigilo";"";"1000,00"
"25000";"Ministério da Fazenda";"25801";"Receita Federal do Brasil";"170339";"COORDENACAO-GERAL DE PESQ.INVESTIGACAO DA RFB";"2021";"02";"";"Sigiloso";"-11";"Sigiloso";"Informações protegidas por sigilo";"";"1000,00"
"25000";"Ministério da Fazenda";"25801";"Receita Federal do Brasil";"170339";"COORDENACAO-GERAL DE PESQ.INVESTIGACAO DA RFB";"2021";"02";"";"Sigiloso";"-11";"Sigiloso";"Informações protegidas por sigilo";"";"1000,00"
"25000";"Ministério da Fazenda";"25801";"Receita Federal do Brasil";"170183";"DELEGACIA DA RFB EM SANTA MARIA";"2021";"02";"***.065.570-**";"AIRTON DE OLIVEIRA TIELLET";"15292574000158";"SIMOES EPI LTDA";"COMPRA A/V - R$ - APRES";"22/01/2021";"400,00"
"25000";"Ministério da Fazenda";"25801";"Receita Federal do Brasil";"170183";"DELEGACIA DA RFB EM SANTA MARIA";"2021";"02";"***.065.570-**";"AIRTON DE OLIVEIRA TIELLET";"15292574000158";"SIMOES EPI LTDA";"COMPRA A/V - R$ - APRES";"22/01/2021";"146,55"
"25000";"Ministério da Fazenda";"25801";"Receita Federal do Brasil";"170183";"DELEGACIA DA RFB EM SANTA MARIA";"2021";"02";"***.065.570-**";"AIRTON DE OLIVEIRA TIELLET";"27390604000148";"SERGIO AUGUSTO GRENDENE CARNIELUTTI LTDA";"COMPRA A/V - R$ - APRES";"22/01/2021";"160,00"
"25000";"Ministério da Fazenda";"25801";"Receita Federal do Brasil";"170010";"SECRET. ESPECIAL DA RECEITA FEDERAL DO BRASIL";"2021";"02";"***.367.736-**";"MICHELL BORGES CASTANHEIRA DE CARVALHO";"37132933000142";"SOLUCAO PARABRISAS TAGUATINGA LTDA";"COMPRA A/V - R$ - APRES";"19/01/2021";"1920,00"
"46000";"Ministério da Gestão e da Inovação em Ser";"46000";"Ministério da Gestão e da Inovação em Serviços Públicos - Unidades com vínculo direto";"201062";"DIVISAO DE PESSOAL EX-TERRITORIO DE RONDONIA";"2021";"02";"***.281.242-**";"MIGUEL MAURICIO KURILO";"10573521000191";"MERCADO PAGO INSTITUICAO DE PAGAMENTO LTDA";"COMPRA A/V - R$ - APRES";"15/01/2021";"150,00"
"46000";"Ministério da Gestão e da Inovação em Ser";"46000";"Ministério da Gestão e da Inovação em Serviços Públicos - Unidades com vínculo direto";"201062";"DIVISAO DE PESSOAL EX-TERRITORIO DE RONDONIA";"2021";"02";"***.281.242-**";"MIGUEL MAURICIO KURILO";"07913781000154";"PRIMA TECH COMERCIO E SERVICOS LTDA";"COMPRA A/V - R$ - APRES";"13/01/2021";"120,00"
"46000";"Ministério da Gestão e da Inovação em Ser";"46000";"Ministério da Gestão e da Inovação em Serviços Públicos - Unidades com vínculo direto";"201062";"DIVISAO DE PESSOAL EX-TERRITORIO DE RONDONIA";"2021";"02";"***.754.292-**";"EDMAR BRANDAO DE SOUZA";"42189365287";"MONICA REGINA RUFINO UCHOA";"COMPRA A/V - R$ - APRES";"26/01/2021";"500,00"
"46000";"Ministério da Gestão e da Inovação em Ser";"46000";"Ministério da Gestão e da Inovação em Serviços Públicos - Unidades com vínculo direto";"201062";"DIVISAO DE PESSOAL EX-TERRITORIO DE RONDONIA";"2021";"02";"***.281.242-**";"MIGUEL MAURICIO KURILO";"02672212000221";"BIG UTILIDADES E PRESENTES LTDA";"COMPRA A/V - R$ - APRES";"12/01/2021";"63,69"
"46000";"Ministério da Gestão e da Inovação em Ser";"46000";"Ministério da Gestão e da Inovação em Serviços Públicos - Unidades com vínculo direto";"170075";"SUPERINTENDENCIA REG. ADM. DO MGI - BAHIA";"2021";"02";"***.590.445-**";"ANTONIO LAZARO SOARES DO AMPARO";"-2";"NAO SE APLICA";"SAQUE CASH/ATM BB";"29/12/2020";"90,00"
"46000";"Ministério da Gestão e da Inovação em Ser";"46000";"Ministério da Gestão e da Inovação em Serviços Públicos - Unidades com vínculo direto";"170075";"SUPERINTENDENCIA REG. ADM. DO MGI - BAHIA";"2021";"02";"***.590.445-**";"ANTONIO LAZARO SOARES DO AMPARO";"-2";"NAO SE APLICA";"SAQUE CASH/ATM BB";"24/12/2020";"400,00"
"46000";"Ministério da Gestão e da Inovação em Ser";"46000";"Ministério da Gestão e da Inovação em Serviços Públicos - Unidades com vínculo direto";"170347";"SUPERINTENDENCIA REG. ADM. DO MGI - RORAIMA";"2021";"02";"***.652.572-**";"EDIVALDO MARTINS NOBRE";"-2";"NAO SE APLICA";"SAQUE CASH/ATM BB";"29/12/2020";"600,00"
"46000";"Ministério da Gestão e da Inovação em Ser";"46000";"Ministério da Gestão e da Inovação em Serviços Públicos - Unidades com vínculo direto";"170347";"SUPERINTENDENCIA REG. ADM. DO MGI - RORAIMA";"2021";"02";"***.652.572-**";"EDIVALDO MARTINS NOBRE";"-2";"NAO SE APLICA";"SAQUE CASH/ATM BB";"28/12/2020";"800,00"
"46000";"Ministério da Gestão e da Inovação em Ser";"46000";"Ministério da Gestão e da Inovação em Serviços Públicos - Unidades com vínculo direto";"170131";"SUPERINTENDENCIA REG. ADM. DO MGI - SAO PAULO";"2021";"02";"***.285.058-**";"DEBORA KRUGER PADRAO BARBOZA";"-2";"NAO SE APLICA";"SAQUE CASH/ATM BB";"25/01/2021";"90,00"
"53000";"Ministério da Integração e do Desenvolvime";"44205";"Agência Nacional de Águas e Saneamento Básico";"443001";"AGENCIA NACIONAL DE AGUAS E SANEAMENTO BASICO";"2021";"02";"***.504.848-**";"IGOR LUIS PEREIRA MARTINS";"03621083000124";"ULTRASOM ELETRONICA LTDA";"COMPRA A/V - R$ - APRES";"22/01/2021";"190,00"
"53000";"Ministério da Integração e do Desenvolvime";"44205";"Agência Nacional de Águas e Saneamento Básico";"443001";"AGENCIA NACIONAL DE AGUAS E SANEAMENTO BASICO";"2021";"02";"***.504.848-**";"IGOR LUIS PEREIRA MARTINS";"08219775000164";"PRIMO'S COMERCIO DE PRODUTOS DE INFORMATICA LTDA";"COMPRA A/V - R$ - APRES";"22/01/2021";"1040,00"
"53000";"Ministério da Integração e do Desenvolvime";"44205";"Agência Nacional de Águas e Saneamento Básico";"443001";"AGENCIA NACIONAL DE AGUAS E SANEAMENTO BASICO";"2021";"02";"***.504.848-**";"IGOR LUIS PEREIRA MARTINS";"10444161000390";"TOTAL FRIO REFRIGERACAO E AR CONDICIONADO LTDA";"COMPRA A/V - R$ - APRES";"22/01/2021";"1490,00"
"53000";"Ministério da Integração e do Desenvolvime";"44205";"Agência Nacional de Águas e Saneamento Básico";"443001";"AGENCIA NACIONAL DE AGUAS E SANEAMENTO BASICO";"2021";"02";"***.504.848-**";"IGOR LUIS PEREIRA MARTINS";"02457490000185";"DISTRIBUIDORA MURALHA COMERCIO, CONSTRUCAO CIVIL, SERVICOS GERAIS E REFORMAS LTDA";"COMPRA A/V - R$ - APRES";"25/01/2021";"740,00"
"53000";"Ministério da Integração e do Desenvolvime";"53000";"Ministério da Integração e do Desenvolvimento Regional - Unidades com vínculo direto";"530001";"MIDR/ADMINISTRACAO GERAL";"2021";"02";"***.796.211-**";"MARCELO RODRIGUES DE OLIVEIRA";"10573521000191";"MERCADO PAGO INSTITUICAO DE PAGAMENTO LTDA";"COMPRA A/V - R$ - APRES";"30/12/2020";"750,00"
"53000";"Ministério da Integração e do Desenvolvime";"53000";"Ministério da Integração e do Desenvolvimento Regional - Unidades com vínculo direto";"530001";"MIDR/ADMINISTRACAO GERAL";"2021";"02";"***.796.211-**";"MARCELO RODRIGUES DE OLIVEIRA";"43283811005976";"KALUNGA SA";"COMPRA A/V - R$ - APRES";"04/01/2021";"79,00"
"30000";"Ministério da Justiça e Segurança Pública";"30211";"Conselho Administrativo de Defesa Econômica";"303001";"CONSELHO ADMINISTRATIVO DE DEFESA ECONOMICA";"2021";"02";"***.327.831-**";"ANA CAROLINA DE OLIVEIRA PASSOS";"72649361000174";"HBL CARIMBOS E PLACAS INDUSTRIA E COMERCIO LTDA";"COMPRA A/V - R$ - APRES";"22/01/2021";"99,00"
"30000";"Ministério da Justiça e Segurança Pública";"30907";"Fundo Penitenciário Nacional";"200600";"PENITENCIARIA FEDERAL DE CAMPO GRANDE - MS";"2021";"02";"***.333.241-**";"CARLOS ALBERTO VIEIRA CORREA";"05913187000138";"GRAFICA PEX LTDA";"COMPRA A/V - R$ - APRES";"26/01/2021";"526,78"
"30000";"Ministério da Justiça e Segurança Pública";"30907";"Fundo Penitenciário Nacional";"200600";"PENITENCIARIA FEDERAL DE CAMPO GRANDE - MS";"2021";"02";"***.333.241-**";"CARLOS ALBERTO VIEIRA CORREA";"06057223030321";"SENDAS DISTRIBUIDORA S/A";"COMPRA A/V - R$ - APRES";"19/01/2021";"208,08"
"30000";"Ministério da Justiça e Segurança Pública";"30907";"Fundo Penitenciário Nacional";"200600";"PENITENCIARIA FEDERAL DE CAMPO GRANDE - MS";"2021";"02";"***.333.241-**";"CARLOS ALBERTO VIEIRA CORREA";"15569643000128";"SUPRIMAQ EQUIPAMENTOS PARA ESCRITORIO EM RECUPERACAO JUDICIAL LTDA";"COMPRA A/V - R$ - APRES";"26/01/2021";"202,35"
"30000";"Ministério da Justiça e Segurança Pública";"30108";"Polícia Federal";"200334";"COORDENACAO GERAL DE ADMINISTRACAO CGAD/DLOG/";"2021";"02";"";"Sigiloso";"-11";"Sigiloso";"Informações protegidas por sigilo";"";"1000,00"
"30000";"Ministério da Justiça e Segurança Pública";"30108";"Polícia Federal";"200334";"COORDENACAO GERAL DE ADMINISTRACAO CGAD/DLOG/";"2021";"02";"";"Sigiloso";"-11";"Sigiloso";"Informações protegidas por sigilo";"";"1000,00"
"30000";"Ministério da Justiça e Segurança Pública";"30108";"Polícia Federal";"200334";"COORDENACAO GERAL DE ADMINISTRACAO CGAD/DLOG/";"2021";"02";"";"Sigiloso";"-11";"Sigiloso";"Informações protegidas por sigilo";"";"1000,00"
"30000";"Ministério da Justiça e Segurança Pública";"30108";"Polícia Federal";"200334";"COORDENACAO GERAL DE ADMINISTRACAO CGAD/DLOG/";"2021";"02";"";"Sigiloso";"-11";"Sigiloso";"Informações protegidas por sigilo";"";"1000,00"
"30000";"Ministério da Justiça e Segurança Pública";"30108";"Polícia Federal";"200334";"COORDENACAO GERAL DE ADMINISTRACAO CGAD/DLOG/";"2021";"02";"";"Sigiloso";"-11";"Sigiloso";"Informações protegidas por sigilo";"";"1000,00"
"30000";"Ministério da Justiça e Segurança Pública";"30108";"Polícia Federal";"200334";"COORDENACAO GERAL DE ADMINISTRACAO CGAD/DLOG/";"2021";"02";"";"Sigiloso";"-11";"Sigiloso";"Informações protegidas por sigilo";"";"1000,00"
"30000";"Ministério da Justiça e Segurança Pública";"30108";"Polícia Federal";"200334";"COORDENACAO GERAL DE ADMINISTRACAO CGAD/DLOG/";"2021";"02";"";"Sigiloso";"-11";"Sigiloso";"Informações protegidas por sigilo";"";"1000,00"
"30000";"Ministério da Justiça e Segurança Pública";"30108";"Polícia Federal";"200334";"COORDENACAO GERAL DE ADMINISTRACAO CGAD/DLOG/";"2021";"02";"";"Sigiloso";"-11";"Sigiloso";"Informações protegidas por sigilo";"";"1000,00"
"30000";"Ministério da Justiça e Segurança Pública";"30108";"Polícia Federal";"200334";"COORDENACAO GERAL DE ADMINISTRACAO CGAD/DLOG/";"2021";"02";"";"Sigiloso";"-11";"Sigiloso";"Informações protegidas por sigilo";"";"1000,00"
"30000";"Ministério da Justiça e Segurança Pública";"30108";"Polícia Federal";"200334";"COORDENACAO GERAL DE ADMINISTRACAO CGAD/DLOG/";"2021";"02";"";"Sigiloso";"-11";"Sigiloso";"Informações protegidas por sigilo";"";"1000,00"
"30000";"Ministério da Justiça e Segurança Pública";"30108";"Polícia Federal";"200334";"COORDENACAO GERAL DE ADMINISTRACAO CGAD/DLOG/";"2021";"02";"";"Sigiloso";"-11";"Sigiloso";"Informações protegidas por sigilo";"";"1000,00"
"30000";"Ministério da Justiça e Segurança Pública";"30108";"Polícia Federal";"200334";"COORDENACAO GERAL DE ADMINISTRACAO CGAD/DLOG/";"2021";"02";"";"Sigiloso";"-11";"Sigiloso";"Informações protegidas por sigilo";"";"1000,00"
"30000";"Ministério da Justiça e Segurança Pública";"30108";"Polícia Federal";"200334";"COORDENACAO GERAL DE ADMINISTRACAO CGAD/DLOG/";"2021";"02";"";"Sigiloso";"-11";"Sigiloso";"Informações protegidas por sigilo";"";"1000,00"
"30000";"Ministério da Justiça e Segurança Pública";"30108";"Polícia Federal";"200334";"COORDENACAO GERAL DE ADMINISTRACAO CGAD/DLOG/";"2021";"02";"";"Sigiloso";"-11";"Sigiloso";"Informações protegidas por sigilo";"";"1000,00"
"30000";"Ministério da Justiça e Segurança Pública";"30108";"Polícia Federal";"200334";"COORDENACAO GERAL DE ADMINISTRACAO CGAD/DLOG/";"2021";"02";"";"Sigiloso";"-11";"Sigiloso";"Informações protegidas por sigilo";"";"1000,00"
"30000";"Ministério da Justiça e Segurança Pública";"30108";"Polícia Federal";"200334";"COORDENACAO GERAL DE ADMINISTRACAO CGAD/DLOG/";"2021";"02";"";"Sigiloso";"-11";"Sigiloso";"Informações protegidas por sigilo";"";"1000,00"
"30000";"Ministério da Justiça e Segurança Pública";"30108";"Polícia Federal";"200334";"COORDENACAO GERAL DE ADMINISTRACAO CGAD/DLOG/";"2021";"02";"";"Sigiloso";"-11";"Sigiloso";"Informações protegidas por sigilo";"";"1000,00"
"30000";"Ministério da Justiça e Segurança Pública";"30108";"Polícia Federal";"200334";"COORDENACAO GERAL DE ADMINISTRACAO CGAD/DLOG/";"2021";"02";"";"Sigiloso";"-11";"Sigiloso";"Informações protegidas por sigilo";"";"1000,00"
"30000";"Ministério da Justiça e Segurança Pública";"30108";"Polícia Federal";"200334";"COORDENACAO GERAL DE ADMINISTRACAO CGAD/DLOG/";"2021";"02";"";"Sigiloso";"-11";"Sigiloso";"Informações protegidas por sigilo";"";"1000,00"
"30000";"Ministério da Justiça e Segurança Pública";"30108";"Polícia Federal";"200334";"COORDENACAO GERAL DE ADMINISTRACAO CGAD/DLOG/";"2021";"02";"";"Sigiloso";"-11";"Sigiloso";"Informações protegidas por sigilo";"";"1000,00"
"30000";"Ministério da Justiça e Segurança Pública";"30108";"Polícia Federal";"200334";"COORDENACAO GERAL DE ADMINISTRACAO CGAD/DLOG/";"2021";"02";"";"Sigiloso";"-11";"Sigiloso";"Informações protegidas por sigilo";"";"1000,00"
"30000";"Ministério da Justiça e Segurança Pública";"30108";"Polícia Federal";"200334";"COORDENACAO GERAL DE ADMINISTRACAO CGAD/DLOG/";"2021";"02";"";"Sigiloso";"-11";"Sigiloso";"Informações protegidas por sigilo";"";"1000,00"
"30000";"Ministério da Justiça e Segurança Pública";"30108";"Polícia Federal";"200334";"COORDENACAO GERAL DE ADMINISTRACAO CGAD/DLOG/";"2021";"02";"";"Sigiloso";"-11";"Sigiloso";"Informações protegidas por sigilo";"";"1000,00"
"30000";"Ministério da Justiça e Segurança Pública";"30108";"Polícia Federal";"200334";"COORDENACAO GERAL DE ADMINISTRACAO CGAD/DLOG/";"2021";"02";"";"Sigiloso";"-11";"Sigiloso";"Informações protegidas por sigilo";"";"1000,00"
"30000";"Ministério da Justiça e Segurança Pública";"30108";"Polícia Federal";"200334";"COORDENACAO GERAL DE ADMINISTRACAO CGAD/DLOG/";"2021";"02";"";"Sigiloso";"-11";"Sigiloso";"Informações protegidas por sigilo";"";"1000,00"
"30000";"Ministério da Justiça e Segurança Pública";"30108";"Polícia Federal";"200334";"COORDENACAO GERAL DE ADMINISTRACAO CGAD/DLOG/";"2021";"02";"***.642.821-**";"ALISSON RODRIGO DE MEDEIROS";"-2";"NAO SE APLICA";"SAQUE - INT$ - APRES";"25/01/2021";"1402,68"
"30000";"Ministério da Justiça e Segurança Pública";"30108";"Polícia Federal";"200334";"COORDENACAO GERAL DE ADMINISTRACAO CGAD/DLOG/";"2021";"02";"***.642.821-**";"ALISSON RODRIGO DE MEDEIROS";"-2";"NAO SE APLICA";"SAQUE - INT$ - APRES";"25/01/2021";"1402,68"
"30000";"Ministério da Justiça e Segurança Pública";"30108";"Polícia Federal";"200334";"COORDENACAO GERAL DE ADMINISTRACAO CGAD/DLOG/";"2021";"02";"***.133.748-**";"RENATO CASARINI MUZY";"-2";"NAO SE APLICA";"SAQUE - INT$ - APRES";"25/01/2021";"330,88"
"30000";"Ministério da Justiça e Segurança Pública";"30108";"Polícia Federal";"200334";"COORDENACAO GERAL DE ADMINISTRACAO CGAD/DLOG/";"2021";"02";"***.133.748-**";"RENATO CASARINI MUZY";"-2";"NAO SE APLICA";"SAQUE - INT$ - APRES";"25/01/2021";"330,88"
"30000";"Ministério da Justiça e Segurança Pública";"30108";"Polícia Federal";"200334";"COORDENACAO GERAL DE ADMINISTRACAO CGAD/DLOG/";"2021";"02";"***.133.748-**";"RENATO CASARINI MUZY";"-2";"NAO SE APLICA";"SAQUE - INT$ - APRES";"25/01/2021";"397,01"
"30000";"Ministério da Justiça e Segurança Pública";"30108";"Polícia Federal";"200334";"COORDENACAO GERAL DE ADMINISTRACAO CGAD/DLOG/";"2021";"02";"";"Sigiloso";"-11";"Sigiloso";"Informações protegidas por sigilo";"";"1000,00"
"30000";"Ministério da Justiça e Segurança Pública";"30108";"Polícia Federal";"200334";"COORDENACAO GERAL DE ADMINISTRACAO CGAD/DLOG/";"2021";"02";"";"Sigiloso";"-11";"Sigiloso";"Informações protegidas por sigilo";"";"1000,00"
"30000";"Ministério da Justiça e Segurança Pública";"30108";"Polícia Federal";"200334";"COORDENACAO GERAL DE ADMINISTRACAO CGAD/DLOG/";"2021";"02";"";"Sigiloso";"-11";"Sigiloso";"Informações protegidas por sigilo";"";"1000,00"
"30000";"Ministério da Justiça e Segurança Pública";"30108";"Polícia Federal";"200334";"COORDENACAO GERAL DE ADMINISTRACAO CGAD/DLOG/";"2021";"02";"";"Sigiloso";"-11";"Sigiloso";"Informações protegidas por sigilo";"";"1000,00"
"30000";"Ministério da Justiça e Segurança Pública";"30108";"Polícia Federal";"200338";"SUPERINTENDENCIA REGIONAL NO DISTRITO FEDERAL";"2021";"02";"";"Sigiloso";"-11";"Sigiloso";"Informações protegidas por sigilo";"";"1000,00"
"30000";"Ministério da Justiça e Segurança Pública";"30108";"Polícia Federal";"200338";"SUPERINTENDENCIA REGIONAL NO DISTRITO FEDERAL";"2021";"02";"";"Sigiloso";"-11";"Sigiloso";"Informações protegidas por sigilo";"";"1000,00"
"30000";"Ministério da Justiça e Segurança Pública";"30108";"Polícia Federal";"200388";"SUPERINTENDENCIA REGIONAL NO ESTADO DO MA";"2021";"02";"";"Sigiloso";"-11";"Sigiloso";"Informações protegidas por sigilo";"";"272,00"
"30000";"Ministério da Justiça e Segurança Pública";"30802";"Polícia Rodoviária Federal";"200141";"SUPERINTENDENCIA DA PRF NO DISTRITO FEDERAL";"2021";"02";"***.735.051-**";"EDUARDO HENRIQUE LEMOS";"21015853000177";"MASTERCRED COBRANCA EMPRESARIAL E JURIDICA LTDA";"COMPRA A/V - R$ - APRES";"26/01/2021";"390,00"
"36000";"Ministério da Saúde";"36213";"Agência Nacional de Saúde Suplementar";"253003";"AGENCIA NACIONAL DE SAUDE SUPLEMENTAR";"2021";"02";"***.039.810-**";"MARCIA WERLANG LUNKES";"00775029068";"ODONE BURTET GHISLENI";"COMPRA A/V - R$ - APRES";"25/01/2021";"162,49"
"36000";"Ministério da Saúde";"36211";"Fundação Nacional de Saúde";"255008";"FUNDACAO NACIONAL DE SAUDE - ES";"2021";"02";"***.561.507-**";"SIDNER KAFLER";"21020117000107";"JOAQUIM JOSE FURTADO FILHO";"COMPRA A/V - R$ - APRES";"22/01/2021";"60,39"
"36000";"Ministério da Saúde";"36211";"Fundação Nacional de Saúde";"255008";"FUNDACAO NACIONAL DE SAUDE - ES";"2021";"02";"***.561.507-**";"SIDNER KAFLER";"28410074000115";"ATACADO SAO PAULO LTDA";"COMPRA A/V - R$ - APRES";"22/01/2021";"435,18"
"36000";"Ministério da Saúde";"36211";"Fundação Nacional de Saúde";"255016";"FUNDACAO NACIONAL DE SAUDE - PR";"2021";"02";"***.339.509-**";"RENATA PICHEK";"14421482000168";"AGUA VIVA COMERCIO DE PURIFICADORES LTDA";"COMPRA A/V - R$ - APRES";"20/01/2021";"630,00"
"36000";"Ministério da Saúde";"36211";"Fundação Nacional de Saúde";"255016";"FUNDACAO NACIONAL DE SAUDE - PR";"2021";"02";"***.339.509-**";"RENATA PICHEK";"02566063000135";"L. L. ZARDO LTDA";"COMPRA A/V - R$ - APRES";"18/01/2021";"123,50"
"36000";"Ministério da Saúde";"36211";"Fundação Nacional de Saúde";"255016";"FUNDACAO NACIONAL DE SAUDE - PR";"2021";"02";"***.339.509-**";"RENATA PICHEK";"79761672000170";"LEONIR JOAO PECHER";"COMPRA A/V - R$ - APRES";"19/01/2021";"259,00"
"36000";"Ministério da Saúde";"36211";"Fundação Nacional de Saúde";"255013";"UNDACAO NACIONAL DE SAUDE - MG";"2021";"02";"***.628.826-**";"LINDOLFO OLIVEIRA DE JESUS";"05130255000192";"ANALUX ANAVAN LTDA";"COMPRA A/V - R$ - APRES";"25/01/2021";"24,50"
"36000";"Ministério da Saúde";"36211";"Fundação Nacional de Saúde";"255013";"UNDACAO NACIONAL DE SAUDE - MG";"2021";"02";"***.628.826-**";"LINDOLFO OLIVEIRA DE JESUS";"33440197000139";"COMERCIAL CHOP STIX LTDA";"COMPRA A/V - R$ - APRES";"15/01/2021";"69,98"
"36000";"Ministério da Saúde";"36211";"Fundação Nacional de Saúde";"255013";"UNDACAO NACIONAL DE SAUDE - MG";"2021";"02";"***.628.826-**";"LINDOLFO OLIVEIRA DE JESUS";"14168981000195";"SALOME TRANSPORTES LTDA";"COMPRA A/V - R$ - APRES";"20/01/2021";"450,75"
"36000";"Ministério da Saúde";"36211";"Fundação Nacional de Saúde";"255013";"UNDACAO NACIONAL DE SAUDE - MG";"2021";"02";"***.628.826-**";"LINDOLFO OLIVEIRA DE JESUS";"01495413000157";"APORTICO ASSISTENCIA TECNICA LTDA";"COMPRA A/V - R$ - APRES";"26/01/2021";"350,00"
"36000";"Ministério da Saúde";"36210";"Hospital Nossa Senhora da Conceição S.A.";"366003";"GRUPO HOSPITALAR CONCEICAO S.A";"2021";"02";"***.112.970-**";"ALEXANDRE TOCCHETTO";"91026922000123";"STAMPGRAF SERIGRAFIA TECNICA E ARTES GRAFICAS LTDA";"COMPRA A/V - R$ - APRES";"08/01/2021";"758,20"
"36000";"Ministério da Saúde";"36210";"Hospital Nossa Senhora da Conceição S.A.";"366003";"GRUPO HOSPITALAR CONCEICAO S.A";"2021";"02";"***.112.970-**";"ALEXANDRE TOCCHETTO";"91845735000503";"LF COMERCIAL DE BENS LTDA";"COMPRA A/V - R$ - APRES";"08/01/2021";"189,70"
"36000";"Ministério da Saúde";"36210";"Hospital Nossa Senhora da Conceição S.A.";"366003";"GRUPO HOSPITALAR CONCEICAO S.A";"2021";"02";"***.027.980-**";"CELSO TULIO DA ROSA MACHADO";"90550427000156";"COMERCIO DE FERRAGENS LAMPIAO LTDA";"COMPRA A/V - R$ - APRES";"20/01/2021";"34,80"
"36000";"Ministério da Saúde";"36210";"Hospital Nossa Senhora da Conceição S.A.";"366003";"GRUPO HOSPITALAR CONCEICAO S.A";"2021";"02";"***.486.610-**";"JOAO ADOIR DE FRAGA";"90550427000156";"COMERCIO DE FERRAGENS LAMPIAO LTDA";"COMPRA A/V - R$ - APRES";"12/01/2021";"622,60"
"36000";"Ministério da Saúde";"36210";"Hospital Nossa Senhora da Conceição S.A.";"366003";"GRUPO HOSPITALAR CONCEICAO S.A";"2021";"02";"***.486.610-**";"JOAO ADOIR DE FRAGA";"90550427000156";"COMERCIO DE FERRAGENS LAMPIAO LTDA";"COMPRA A/V - R$ - APRES";"12/01/2021";"755,82"
"36000";"Ministério da Saúde";"36210";"Hospital Nossa Senhora da Conceição S.A.";"366003";"GRUPO HOSPITALAR CONCEICAO S.A";"2021";"02";"***.251.970-**";"ALDERI DA CRUZ";"90550427000156";"COMERCIO DE FERRAGENS LAMPIAO LTDA";"COMPRA A/V - R$ - APRES";"08/01/2021";"57,60"
"36000";"Ministério da Saúde";"36210";"Hospital Nossa Senhora da Conceição S.A.";"366003";"GRUPO HOSPITALAR CONCEICAO S.A";"2021";"02";"***.580.000-**";"MARIA MONTEIRO DE ALMEIDA";"05671436000126";"FERRAGEM PARATI CONCEICAO LTDA";"COMPRA A/V - R$ - APRES";"25/01/2021";"624,65"
"36000";"Ministério da Saúde";"36210";"Hospital Nossa Senhora da Conceição S.A.";"366003";"GRUPO HOSPITALAR CONCEICAO S.A";"2021";"02";"***.580.000-**";"MARIA MONTEIRO DE ALMEIDA";"05671436000126";"FERRAGEM PARATI CONCEICAO LTDA";"COMPRA A/V - R$ - APRES";"21/01/2021";"1691,80"
"36000";"Ministério da Saúde";"36210";"Hospital Nossa Senhora da Conceição S.A.";"366003";"GRUPO HOSPITALAR CONCEICAO S.A";"2021";"02";"***.580.000-**";"MARIA MONTEIRO DE ALMEIDA";"05671436000126";"FERRAGEM PARATI CONCEICAO LTDA";"COMPRA A/V - R$ - APRES";"19/01/2021";"1695,15"
"36000";"Ministério da Saúde";"36210";"Hospital Nossa Senhora da Conceição S.A.";"366003";"GRUPO HOSPITALAR CONCEICAO S.A";"2021";"02";"***.454.100-**";"ADIEL COELHO DA CUNHA";"05671436000126";"FERRAGEM PARATI CONCEICAO LTDA";"COMPRA A/V - R$ - APRES";"25/01/2021";"247,50"
"36000";"Ministério da Saúde";"36210";"Hospital Nossa Senhora da Conceição S.A.";"366003";"GRUPO HOSPITALAR CONCEICAO S.A";"2021";"02";"***.454.100-**";"ADIEL COELHO DA CUNHA";"05671436000126";"FERRAGEM PARATI CONCEICAO LTDA";"COMPRA A/V - R$ - APRES";"18/01/2021";"647,20"
"36000";"Ministério da Saúde";"36210";"Hospital Nossa Senhora da Conceição S.A.";"366003";"GRUPO HOSPITALAR CONCEICAO S.A";"2021";"02";"***.454.100-**";"ADIEL COELHO DA CUNHA";"05671436000126";"FERRAGEM PARATI CONCEICAO LTDA";"COMPRA A/V - R$ - APRES";"14/01/2021";"871,85"
"36000";"Ministério da Saúde";"36210";"Hospital Nossa Senhora da Conceição S.A.";"366003";"GRUPO HOSPITALAR CONCEICAO S.A";"2021";"02";"***.454.100-**";"ADIEL COELHO DA CUNHA";"05671436000126";"FERRAGEM PARATI CONCEICAO LTDA";"COMPRA A/V - R$ - APRES";"08/01/2021";"1096,85"
"36000";"Ministério da Saúde";"36210";"Hospital Nossa Senhora da Conceição S.A.";"366003";"GRUPO HOSPITALAR CONCEICAO S.A";"2021";"02";"***.559.000-**";"DALQUI APARECIDA GIL COELHO";"05671436000126";"FERRAGEM PARATI CONCEICAO LTDA";"COMPRA A/V - R$ - APRES";"22/01/2021";"158,10"
"36000";"Ministério da Saúde";"36210";"Hospital Nossa Senhora da Conceição S.A.";"366003";"GRUPO HOSPITALAR CONCEICAO S.A";"2021";"02";"***.559.000-**";"DALQUI APARECIDA GIL COELHO";"05671436000126";"FERRAGEM PARATI CONCEICAO LTDA";"COMPRA A/V - R$ - APRES";"22/01/2021";"34,00"
"36000";"Ministério da Saúde";"36210";"Hospital Nossa Senhora da Conceição S.A.";"366003";"GRUPO HOSPITALAR CONCEICAO S.A";"2021";"02";"***.559.000-**";"DALQUI APARECIDA GIL COELHO";"05671436000126";"FERRAGEM PARATI CONCEICAO LTDA";"COMPRA A/V - R$ - APRES";"22/01/2021";"49,90"
"36000";"Ministério da Saúde";"36210";"Hospital Nossa Senhora da Conceição S.A.";"366003";"GRUPO HOSPITALAR CONCEICAO S.A";"2021";"02";"***.559.000-**";"DALQUI APARECIDA GIL COELHO";"05671436000126";"FERRAGEM PARATI CONCEICAO LTDA";"COMPRA A/V - R$ - APRES";"11/01/2021";"34,80"
"36000";"Ministério da Saúde";"36210";"Hospital Nossa Senhora da Conceição S.A.";"366003";"GRUPO HOSPITALAR CONCEICAO S.A";"2021";"02";"***.559.000-**";"DALQUI APARECIDA GIL COELHO";"05671436000126";"FERRAGEM PARATI CONCEICAO LTDA";"COMPRA A/V - R$ - APRES";"11/01/2021";"291,00"
"36000";"Ministério da Saúde";"36210";"Hospital Nossa Senhora da Conceição S.A.";"366003";"GRUPO HOSPITALAR CONCEICAO S.A";"2021";"02";"***.559.000-**";"DALQUI APARECIDA GIL COELHO";"05671436000126";"FERRAGEM PARATI CONCEICAO LTDA";"COMPRA A/V - R$ - APRES";"11/01/2021";"108,30"
"36000";"Ministério da Saúde";"36210";"Hospital Nossa Senhora da Conceição S.A.";"366003";"GRUPO HOSPITALAR CONCEICAO S.A";"2021";"02";"***.559.000-**";"DALQUI APARECIDA GIL COELHO";"05671436000126";"FERRAGEM PARATI CONCEICAO LTDA";"COMPRA A/V - R$ - APRES";"11/01/2021";"19,80"
"36000";"Ministério da Saúde";"36210";"Hospital Nossa Senhora da Conceição S.A.";"366003";"GRUPO HOSPITALAR CONCEICAO S.A";"2021";"02";"***.559.000-**";"DALQUI APARECIDA GIL COELHO";"05671436000126";"FERRAGEM PARATI CONCEICAO LTDA";"COMPRA A/V - R$ - APRES";"11/01/2021";"150,00"
"36000";"Ministério da Saúde";"36210";"Hospital Nossa Senhora da Conceição S.A.";"366003";"GRUPO HOSPITALAR CONCEICAO S.A";"2021";"02";"***.486.610-**";"JOAO ADOIR DE FRAGA";"05671436000126";"FERRAGEM PARATI CONCEICAO LTDA";"COMPRA A/V - R$ - APRES";"11/01/2021";"1645,65"
"36000";"Ministério da Saúde";"36210";"Hospital Nossa Senhora da Conceição S.A.";"366003";"GRUPO HOSPITALAR CONCEICAO S.A";"2021";"02";"***.486.610-**";"JOAO ADOIR DE FRAGA";"05671436000126";"FERRAGEM PARATI CONCEICAO LTDA";"COMPRA A/V - R$ - APRES";"08/01/2021";"1693,30"
"36000";"Ministério da Saúde";"36210";"Hospital Nossa Senhora da Conceição S.A.";"366003";"GRUPO HOSPITALAR CONCEICAO S.A";"2021";"02";"***.112.970-**";"ALEXANDRE TOCCHETTO";"05671436000126";"FERRAGEM PARATI CONCEICAO LTDA";"COMPRA A/V - R$ - APRES";"08/01/2021";"254,85"
"36000";"Ministério da Saúde";"36210";"Hospital Nossa Senhora da Conceição S.A.";"366003";"GRUPO HOSPITALAR CONCEICAO S.A";"2021";"02";"***.572.170-**";"RODRIGO GARCIA";"10461807000185";"PHARMEDICE MANIPULACOES ESPECIALIZADAS LTDA";"COMPRA A/V - R$ - APRES";"21/01/2021";"810,00"
"36000";"Ministério da Saúde";"36210";"Hospital Nossa Senhora da Conceição S.A.";"366003";"GRUPO HOSPITALAR CONCEICAO S.A";"2021";"02";"***.559.000-**";"DALQUI APARECIDA GIL COELHO";"10509823000109";"CRISLEY DROSDOWSKI DA ROSA LTDA";"COMPRA A/V - R$ - APRES";"21/01/2021";"1100,00"
"36000";"Ministério da Saúde";"36210";"Hospital Nossa Senhora da Conceição S.A.";"366003";"GRUPO HOSPITALAR CONCEICAO S.A";"2021";"02";"***.027.980-**";"CELSO TULIO DA ROSA MACHADO";"05957973000137";"ACQUA FLUX COMERCIO DE MATERIAIS DE CONSTRUCAO LTDA";"COMPRA A/V - R$ - APRES";"25/01/2021";"58,00"
"36000";"Ministério da Saúde";"36210";"Hospital Nossa Senhora da Conceição S.A.";"366003";"GRUPO HOSPITALAR CONCEICAO S.A";"2021";"02";"***.572.170-**";"RODRIGO GARCIA";"02578293000114";"SHOPPING DAS PADARIAS LTDA";"COMPRA A/V - R$ - APRES";"13/01/2021";"143,70"
"36000";"Ministério da Saúde";"36210";"Hospital Nossa Senhora da Conceição S.A.";"366003";"GRUPO HOSPITALAR CONCEICAO S.A";"2021";"02";"***.572.170-**";"RODRIGO GARCIA";"91744508000150";"SERVICO DE INVESTIGACAO DIAGNOSTICA SIDI LTDA";"COMPRA A/V - R$ - APRES";"14/01/2021";"2450,00"
"36000";"Ministério da Saúde";"36210";"Hospital Nossa Senhora da Conceição S.A.";"366003";"GRUPO HOSPITALAR CONCEICAO S.A";"2021";"02";"***.251.970-**";"ALDERI DA CRUZ";"72313828000100";"PLENOBRAS DISTRIBUIDORA ELETRICA E HIDRAULICA LTDA";"COMPRA A/V - R$ - APRES";"15/01/2021";"1411,05"
"36000";"Ministério da Saúde";"36210";"Hospital Nossa Senhora da Conceição S.A.";"366003";"GRUPO HOSPITALAR CONCEICAO S.A";"2021";"02";"***.454.100-**";"ADIEL COELHO DA CUNHA";"16528255000161";"MERCADAO DA INFORMATICA LTDA";"COMPRA A/V - R$ - APRES";"19/01/2021";"132,00"
"36000";"Ministério da Saúde";"36210";"Hospital Nossa Senhora da Conceição S.A.";"366003";"GRUPO HOSPITALAR CONCEICAO S.A";"2021";"02";"***.580.000-**";"MARIA MONTEIRO DE ALMEIDA";"91227728000106";"VOLTAGEM COMERCIAL LTDA";"COMPRA A/V - R$ - APRES";"22/01/2021";"661,40"
"36000";"Ministério da Saúde";"36210";"Hospital Nossa Senhora da Conceição S.A.";"366003";"GRUPO HOSPITALAR CONCEICAO S.A";"2021";"02";"***.580.000-**";"MARIA MONTEIRO DE ALMEIDA";"91227728000106";"VOLTAGEM COMERCIAL LTDA";"COMPRA A/V - R$ - APRES";"19/01/2021";"1739,80"
"36000";"Ministério da Saúde";"36210";"Hospital Nossa Senhora da Conceição S.A.";"366003";"GRUPO HOSPITALAR CONCEICAO S.A";"2021";"02";"***.572.170-**";"RODRIGO GARCIA";"88153119001621";"DIGIMER COMERCIO DE PRODUTOS DE INFORMATICA LTDA FALIDO";"COMPRA A/V - R$ - APRES";"08/01/2021";"1194,00"
"36000";"Ministério da Saúde";"36210";"Hospital Nossa Senhora da Conceição S.A.";"366003";"GRUPO HOSPITALAR CONCEICAO S.A";"2021";"02";"***.580.000-**";"MARIA MONTEIRO DE ALMEIDA";"92660406000119";"FRIGELAR COMERCIO E INDUSTRIA LTDA";"COMPRA A/V - R$ - APRES";"25/01/2021";"410,99"
"36000";"Ministério da Saúde";"36210";"Hospital Nossa Senhora da Conceição S.A.";"366003";"GRUPO HOSPITALAR CONCEICAO S.A";"2021";"02";"***.112.970-**";"ALEXANDRE TOCCHETTO";"92660406000119";"FRIGELAR COMERCIO E INDUSTRIA LTDA";"COMPRA A/V - R$ - APRES";"08/01/2021";"1492,70"
"36000";"Ministério da Saúde";"36210";"Hospital Nossa Senhora da Conceição S.A.";"366003";"GRUPO HOSPITALAR CONCEICAO S.A";"2021";"02";"***.112.970-**";"ALEXANDRE TOCCHETTO";"92660406000119";"FRIGELAR COMERCIO E INDUSTRIA LTDA";"COMPRA A/V - R$ - APRES";"07/01/2021";"1599,91"
"36000";"Ministério da Saúde";"36210";"Hospital Nossa Senhora da Conceição S.A.";"366003";"GRUPO HOSPITALAR CONCEICAO S.A";"2021";"02";"***.251.970-**";"ALDERI DA CRUZ";"92660406000119";"FRIGELAR COMERCIO E INDUSTRIA LTDA";"COMPRA A/V - R$ - APRES";"15/01/2021";"30,00"
"36000";"Ministério da Saúde";"36210";"Hospital Nossa Senhora da Conceição S.A.";"366003";"GRUPO HOSPITALAR CONCEICAO S.A";"2021";"02";"***.251.970-**";"ALDERI DA CRUZ";"92660406000119";"FRIGELAR COMERCIO E INDUSTRIA LTDA";"COMPRA A/V - R$ - APRES";"11/01/2021";"705,20"
"36000";"Ministério da Saúde";"36210";"Hospital Nossa Senhora da Conceição S.A.";"366003";"GRUPO HOSPITALAR CONCEICAO S.A";"2021";"02";"***.572.170-**";"RODRIGO GARCIA";"07752236000123";"MEDILAR IMPORTACAO E DISTRIBUICAO DE PRODUTOS MEDICO HOSPITALARES S/A";"COMPRA A/V - R$ - APRES";"22/01/2021";"650,00"
"36000";"Ministério da Saúde";"36210";"Hospital Nossa Senhora da Conceição S.A.";"366003";"GRUPO HOSPITALAR CONCEICAO S.A";"2021";"02";"***.572.170-**";"RODRIGO GARCIA";"91247379000194";"R R COMERCIAL DE ACOS LTDA";"COMPRA A/V - R$ - APRES";"08/01/2021";"5263,07"
"36000";"Ministério da Saúde";"36210";"Hospital Nossa Senhora da Conceição S.A.";"366003";"GRUPO HOSPITALAR CONCEICAO S.A";"2021";"02";"***.112.970-**";"ALEXANDRE TOCCHETTO";"10862039000171";"FRAIBERG COMERCIO DE PECAS E ACESSORIOS PARA VEICULOS E MAQUINAS, IMPORTACAO E EXPORTACAO LTDA.";"COMPRA A/V - R$ - APRES";"08/01/2021";"54,50"
"36000";"Ministério da Saúde";"36210";"Hospital Nossa Senhora da Conceição S.A.";"366003";"GRUPO HOSPITALAR CONCEICAO S.A";"2021";"02";"***.572.170-**";"RODRIGO GARCIA";"82873068000140";"GENESIO A MENDES & CIA LTDA";"COMPRA A/V - R$ - APRES";"25/01/2021";"286,14"
"36000";"Ministério da Saúde";"36210";"Hospital Nossa Senhora da Conceição S.A.";"366003";"GRUPO HOSPITALAR CONCEICAO S.A";"2021";"02";"***.572.170-**";"RODRIGO GARCIA";"82873068000140";"GENESIO A MENDES & CIA LTDA";"COMPRA A/V - R$ - APRES";"14/01/2021";"447,53"
"36000";"Ministério da Saúde";"36210";"Hospital Nossa Senhora da Conceição S.A.";"366003";"GRUPO HOSPITALAR CONCEICAO S.A";"2021";"02";"***.572.170-**";"RODRIGO GARCIA";"82873068000140";"GENESIO A MENDES & CIA LTDA";"COMPRA A/V - R$ - APRES";"14/01/2021";"472,31"
"36000";"Ministério da Saúde";"36210";"Hospital Nossa Senhora da Conceição S.A.";"366003";"GRUPO HOSPITALAR CONCEICAO S.A";"2021";"02";"***.572.170-**";"RODRIGO GARCIA";"82873068000140";"GENESIO A MENDES & CIA LTDA";"COMPRA A/V - R$ - APRES";"12/01/2021";"182,15"
"36000";"Ministério da Saúde";"36210";"Hospital Nossa Senhora da Conceição S.A.";"366003";"GRUPO HOSPITALAR CONCEICAO S.A";"2021";"02";"***.454.100-**";"ADIEL COELHO DA CUNHA";"02834899000173";"MARLI CASAGRANDE PEREIRA CHAVES";"COMPRA A/V - R$ - APRES";"12/01/2021";"21,00"
"36000";"Ministério da Saúde";"36210";"Hospital Nossa Senhora da Conceição S.A.";"366003";"GRUPO HOSPITALAR CONCEICAO S.A";"2021";"02";"***.454.100-**";"ADIEL COELHO DA CUNHA";"02834899000173";"MARLI CASAGRANDE PEREIRA CHAVES";"COMPRA A/V - R$ - APRES";"12/01/2021";"42,00"
"36000";"Ministério da Saúde";"36210";"Hospital Nossa Senhora da Conceição S.A.";"366003";"GRUPO HOSPITALAR CONCEICAO S.A";"2021";"02";"***.251.970-**";"ALDERI DA CRUZ";"13703882000101";"ROSA, BRENDLER & MICHELI LTDA";"COMPRA A/V - R$ - APRES";"07/01/2021";"28,00"
"36000";"Ministério da Saúde";"36210";"Hospital Nossa Senhora da Conceição S.A.";"366003";"GRUPO HOSPITALAR CONCEICAO S.A";"2021";"02";"***.251.970-**";"ALDERI DA CRUZ";"88934724000153";"CGL CASA DAS GAXETAS INDUSTRIA E COMERCIO LTDA";"COMPRA A/V - R$ - APRES";"15/01/2021";"645,75"
"36000";"Ministério da Saúde";"36210";"Hospital Nossa Senhora da Conceição S.A.";"366003";"GRUPO HOSPITALAR CONCEICAO S.A";"2021";"02";"***.027.980-**";"CELSO TULIO DA ROSA MACHADO";"13057503000145";"ADRIANO SILVA DE ARAUJO";"COMPRA A/V - R$ - APRES";"15/01/2021";"1500,00"
"36000";"Ministério da Saúde";"36210";"Hospital Nossa Senhora da Conceição S.A.";"366003";"GRUPO HOSPITALAR CONCEICAO S.A";"2021";"02";"***.027.980-**";"CELSO TULIO DA ROSA MACHADO";"13057503000145";"ADRIANO SILVA DE ARAUJO";"COMPRA A/V - R$ - APRES";"11/01/2021";"1500,00"
"36000";"Ministério da Saúde";"36210";"Hospital Nossa Senhora da Conceição S.A.";"366003";"GRUPO HOSPITALAR CONCEICAO S.A";"2021";"02";"***.112.970-**";"ALEXANDRE TOCCHETTO";"13057503000145";"ADRIANO SILVA DE ARAUJO";"COMPRA A/V - R$ - APRES";"08/01/2021";"480,00"
"36000";"Ministério da Saúde";"36210";"Hospital Nossa Senhora da Conceição S.A.";"366003";"GRUPO HOSPITALAR CONCEICAO S.A";"2021";"02";"***.580.000-**";"MARIA MONTEIRO DE ALMEIDA";"02325233000190";"G D DE VARGAS MACHADO & CIA LTDA";"COMPRA A/V - R$ - APRES";"25/01/2021";"209,00"
"36000";"Ministério da Saúde";"36210";"Hospital Nossa Senhora da Conceição S.A.";"366003";"GRUPO HOSPITALAR CONCEICAO S.A";"2021";"02";"***.112.970-**";"ALEXANDRE TOCCHETTO";"02325233000190";"G D DE VARGAS MACHADO & CIA LTDA";"COMPRA A/V - R$ - APRES";"07/01/2021";"125,00"
"36000";"Ministério da Saúde";"36210";"Hospital Nossa Senhora da Conceição S.A.";"366003";"GRUPO HOSPITALAR CONCEICAO S.A";"2021";"02";"***.251.970-**";"ALDERI DA CRUZ";"02325233000190";"G D DE VARGAS MACHADO & CIA LTDA";"COMPRA A/V - R$ - APRES";"08/01/2021";"114,00"
"36000";"Ministério da Saúde";"36210";"Hospital Nossa Senhora da Conceição S.A.";"366003";"GRUPO HOSPITALAR CONCEICAO S.A";"2021";"02";"***.454.100-**";"ADIEL COELHO DA CUNHA";"01438784002060";"LEROY MERLIN COMPANHIA BRASILEIRA DE BRICOLAGEM";"COMPRA A/V - R$ - APRES";"21/01/2021";"599,80"
"36000";"Ministério da Saúde";"36210";"Hospital Nossa Senhora da Conceição S.A.";"366003";"GRUPO HOSPITALAR CONCEICAO S.A";"2021";"02";"***.454.100-**";"ADIEL COELHO DA CUNHA";"01438784002060";"LEROY MERLIN COMPANHIA BRASILEIRA DE BRICOLAGEM";"COMPRA A/V - R$ - APRES";"18/01/2021";"678,20"
"36000";"Ministério da Saúde";"36210";"Hospital Nossa Senhora da Conceição S.A.";"366003";"GRUPO HOSPITALAR CONCEICAO S.A";"2021";"02";"***.454.100-**";"ADIEL COELHO DA CUNHA";"01438784002060";"LEROY MERLIN COMPANHIA BRASILEIRA DE BRICOLAGEM";"COMPRA A/V - R$ - APRES";"08/01/2021";"379,80"
"36000";"Ministério da Saúde";"36210";"Hospital Nossa Senhora da Conceição S.A.";"366003";"GRUPO HOSPITALAR CONCEICAO S.A";"2021";"02";"***.454.100-**";"ADIEL COELHO DA CUNHA";"01438784002060";"LEROY MERLIN COMPANHIA BRASILEIRA DE BRICOLAGEM";"COMPRA A/V - R$ - APRES";"08/01/2021";"379,80"
"36000";"Ministério da Saúde";"36210";"Hospital Nossa Senhora da Conceição S.A.";"366003";"GRUPO HOSPITALAR CONCEICAO S.A";"2021";"02";"***.454.100-**";"ADIEL COELHO DA CUNHA";"01438784002060";"LEROY MERLIN COMPANHIA BRASILEIRA DE BRICOLAGEM";"COMPRA A/V - R$ - APRES";"08/01/2021";"189,90"
"36000";"Ministério da Saúde";"36210";"Hospital Nossa Senhora da Conceição S.A.";"366003";"GRUPO HOSPITALAR CONCEICAO S.A";"2021";"02";"***.454.100-**";"ADIEL COELHO DA CUNHA";"01438784002060";"LEROY MERLIN COMPANHIA BRASILEIRA DE BRICOLAGEM";"COMPRA A/V - R$ - APRES";"08/01/2021";"387,90"
"36000";"Ministério da Saúde";"36210";"Hospital Nossa Senhora da Conceição S.A.";"366003";"GRUPO HOSPITALAR CONCEICAO S.A";"2021";"02";"***.572.170-**";"RODRIGO GARCIA";"91269472000108";"PRO ELETRO COMERCIAL LTDA";"COMPRA A/V - R$ - APRES";"11/01/2021";"155,00"
"36000";"Ministério da Saúde";"36210";"Hospital Nossa Senhora da Conceição S.A.";"366003";"GRUPO HOSPITALAR CONCEICAO S.A";"2021";"02";"***.027.980-**";"CELSO TULIO DA ROSA MACHADO";"91269472000108";"PRO ELETRO COMERCIAL LTDA";"COMPRA A/V - R$ - APRES";"20/01/2021";"958,70"
"36000";"Ministério da Saúde";"36210";"Hospital Nossa Senhora da Conceição S.A.";"366003";"GRUPO HOSPITALAR CONCEICAO S.A";"2021";"02";"***.027.980-**";"CELSO TULIO DA ROSA MACHADO";"91269472000108";"PRO ELETRO COMERCIAL LTDA";"COMPRA A/V - R$ - APRES";"11/01/2021";"71,78"
"36000";"Ministério da Saúde";"36210";"Hospital Nossa Senhora da Conceição S.A.";"366003";"GRUPO HOSPITALAR CONCEICAO S.A";"2021";"02";"***.580.000-**";"MARIA MONTEIRO DE ALMEIDA";"91269472000108";"PRO ELETRO COMERCIAL LTDA";"COMPRA A/V - R$ - APRES";"19/01/2021";"1696,70"
"36000";"Ministério da Saúde";"36210";"Hospital Nossa Senhora da Conceição S.A.";"366003";"GRUPO HOSPITALAR CONCEICAO S.A";"2021";"02";"***.559.000-**";"DALQUI APARECIDA GIL COELHO";"91269472000108";"PRO ELETRO COMERCIAL LTDA";"COMPRA A/V - R$ - APRES";"07/01/2021";"156,00"
"36000";"Ministério da Saúde";"36210";"Hospital Nossa Senhora da Conceição S.A.";"366003";"GRUPO HOSPITALAR CONCEICAO S.A";"2021";"02";"***.251.970-**";"ALDERI DA CRUZ";"91269472000108";"PRO ELETRO COMERCIAL LTDA";"COMPRA A/V - R$ - APRES";"25/01/2021";"1250,00"
"36000";"Ministério da Saúde";"36210";"Hospital Nossa Senhora da Conceição S.A.";"366003";"GRUPO HOSPITALAR CONCEICAO S.A";"2021";"02";"***.251.970-**";"ALDERI DA CRUZ";"91269472000108";"PRO ELETRO COMERCIAL LTDA";"COMPRA A/V - R$ - APRES";"20/01/2021";"1559,72"
"36000";"Ministério da Saúde";"36210";"Hospital Nossa Senhora da Conceição S.A.";"366003";"GRUPO HOSPITALAR CONCEICAO S.A";"2021";"02";"***.251.970-**";"ALDERI DA CRUZ";"91269472000108";"PRO ELETRO COMERCIAL LTDA";"COMPRA A/V - R$ - APRES";"07/01/2021";"972,00"
"36000";"Ministério da Saúde";"36210";"Hospital Nossa Senhora da Conceição S.A.";"366003";"GRUPO HOSPITALAR CONCEICAO S.A";"2021";"02";"***.454.100-**";"ADIEL COELHO DA CUNHA";"87461349000109";"IMPORTADORA E EXPORTADORA ARCO LTDA";"COMPRA A/V - R$ - APRES";"12/01/2021";"190,00"
"36000";"Ministério da Saúde";"36210";"Hospital Nossa Senhora da Conceição S.A.";"366003";"GRUPO HOSPITALAR CONCEICAO S.A";"2021";"02";"***.112.970-**";"ALEXANDRE TOCCHETTO";"09356644000191";"EHI - MANUTENCAO INDUSTRIAL LTDA";"COMPRA A/V - R$ - APRES";"08/01/2021";"910,00"
"36000";"Ministério da Saúde";"36210";"Hospital Nossa Senhora da Conceição S.A.";"366003";"GRUPO HOSPITALAR CONCEICAO S.A";"2021";"02";"***.251.970-**";"ALDERI DA CRUZ";"02854213000106";"FARMACIA SPENGLER LTDA";"COMPRA A/V - R$ - APRES";"14/01/2021";"39,10"
"36000";"Ministério da Saúde";"36210";"Hospital Nossa Senhora da Conceição S.A.";"366003";"GRUPO HOSPITALAR CONCEICAO S.A";"2021";"02";"***.454.100-**";"ADIEL COELHO DA CUNHA";"43283811023362";"KALUNGA SA";"COMPRA A/V - R$ - APRES";"15/01/2021";"199,00"
"36000";"Ministério da Saúde";"36210";"Hospital Nossa Senhora da Conceição S.A.";"366003";"GRUPO HOSPITALAR CONCEICAO S.A";"2021";"02";"***.454.100-**";"ADIEL COELHO DA CUNHA";"43283811023362";"KALUNGA SA";"COMPRA A/V - R$ - APRES";"15/01/2021";"90,60"
"36000";"Ministério da Saúde";"36210";"Hospital Nossa Senhora da Conceição S.A.";"366003";"GRUPO HOSPITALAR CONCEICAO S.A";"2021";"02";"***.251.970-**";"ALDERI DA CRUZ";"92665611003001";"DIMED S/A - DISTRIBUIDORA DE MEDICAMENTOS";"COMPRA A/V - R$ - APRES";"25/01/2021";"37,80"
"36000";"Ministério da Saúde";"36210";"Hospital Nossa Senhora da Conceição S.A.";"366003";"GRUPO HOSPITALAR CONCEICAO S.A";"2021";"02";"***.251.970-**";"ALDERI DA CRUZ";"92665611003001";"DIMED S/A - DISTRIBUIDORA DE MEDICAMENTOS";"COMPRA A/V - R$ - APRES";"11/01/2021";"59,28"
"36000";"Ministério da Saúde";"36210";"Hospital Nossa Senhora da Conceição S.A.";"366003";"GRUPO HOSPITALAR CONCEICAO S.A";"2021";"02";"***.572.170-**";"RODRIGO GARCIA";"97249759000144";"ROSANGELA APARECIDA DA ROSA";"COMPRA A/V - R$ - APRES";"15/01/2021";"216,00"
"36000";"Ministério da Saúde";"36210";"Hospital Nossa Senhora da Conceição S.A.";"366003";"GRUPO HOSPITALAR CONCEICAO S.A";"2021";"02";"***.251.970-**";"ALDERI DA CRUZ";"01038136000153";"LUFT SUL LTDA";"COMPRA A/V - R$ - APRES";"08/01/2021";"600,00"
"36000";"Ministério da Saúde";"36210";"Hospital Nossa Senhora da Conceição S.A.";"366003";"GRUPO HOSPITALAR CONCEICAO S.A";"2021";"02";"***.572.170-**";"RODRIGO GARCIA";"93209765011070";"WMS SUPERMERCADOS DO BRASIL LTDA.";"COMPRA A/V - R$ - APRES";"21/01/2021";"1348,90"
"36000";"Ministério da Saúde";"36210";"Hospital Nossa Senhora da Conceição S.A.";"366003";"GRUPO HOSPITALAR CONCEICAO S.A";"2021";"02";"***.251.970-**";"ALDERI DA CRUZ";"05563868001608";"BELLER COMERCIO DE PAPEIS LTDA";"COMPRA A/V - R$ - APRES";"13/01/2021";"50,94"
"36000";"Ministério da Saúde";"36210";"Hospital Nossa Senhora da Conceição S.A.";"366003";"GRUPO HOSPITALAR CONCEICAO S.A";"2021";"02";"***.454.100-**";"ADIEL COELHO DA CUNHA";"87133666000104";"GA EDUCACAO LTDA.";"COMPRA A/V - R$ - APRES";"20/01/2021";"109,44"
"36000";"Ministério da Saúde";"36210";"Hospital Nossa Senhora da Conceição S.A.";"366003";"GRUPO HOSPITALAR CONCEICAO S.A";"2021";"02";"***.027.980-**";"CELSO TULIO DA ROSA MACHADO";"03759200000110";"COMERCIAL DE FERRAGENS NGP LTDA";"COMPRA A/V - R$ - APRES";"22/01/2021";"346,20"
"36000";"Ministério da Saúde";"36210";"Hospital Nossa Senhora da Conceição S.A.";"366003";"GRUPO HOSPITALAR CONCEICAO S.A";"2021";"02";"***.572.170-**";"RODRIGO GARCIA";"92690486000155";"SUL BRASILEIRA DE RAIOS X LTDA";"COMPRA A/V - R$ - APRES";"21/01/2021";"680,00"
"36000";"Ministério da Saúde";"36210";"Hospital Nossa Senhora da Conceição S.A.";"366003";"GRUPO HOSPITALAR CONCEICAO S.A";"2021";"02";"***.454.100-**";"ADIEL COELHO DA CUNHA";"15355151000130";"SANTOS COMERCIO E LOGISTICA LTDA";"COMPRA A/V - R$ - APRES";"08/01/2021";"196,00"
"36000";"Ministério da Saúde";"36210";"Hospital Nossa Senhora da Conceição S.A.";"366003";"GRUPO HOSPITALAR CONCEICAO S.A";"2021";"02";"***.572.170-**";"RODRIGO GARCIA";"90881079000108";"PHARMACUS FARMACIA DERMATOLOGICA E COSMETICA LTDA";"COMPRA A/V - R$ - APRES";"13/01/2021";"484,96"
"36000";"Ministério da Saúde";"36210";"Hospital Nossa Senhora da Conceição S.A.";"366003";"GRUPO HOSPITALAR CONCEICAO S.A";"2021";"02";"***.454.100-**";"ADIEL COELHO DA CUNHA";"16668076000200";"SUMUP INSTITUICAO DE PAGAMENTO BRASIL LTDA";"COMPRA A/V - R$ - APRES";"18/01/2021";"1700,00"
"36000";"Ministério da Saúde";"36210";"Hospital Nossa Senhora da Conceição S.A.";"366003";"GRUPO HOSPITALAR CONCEICAO S.A";"2021";"02";"***.559.000-**";"DALQUI APARECIDA GIL COELHO";"92091891004063";"ASUN COMERCIO DE GENEROS ALIMENTICIOS LTDA";"COMPRA A/V - R$ - APRES";"22/01/2021";"59,90"
"36000";"Ministério da Saúde";"36210";"Hospital Nossa Senhora da Conceição S.A.";"366003";"GRUPO HOSPITALAR CONCEICAO S.A";"2021";"02";"***.454.100-**";"ADIEL COELHO DA CUNHA";"89154819000117";"REALEZA SISTEMAS DE SEGURANCA ELETRONICA LTDA";"COMPRA A/V - R$ - APRES";"12/01/2021";"1760,00"
"36000";"Ministério da Saúde";"36210";"Hospital Nossa Senhora da Conceição S.A.";"366003";"GRUPO HOSPITALAR CONCEICAO S.A";"2021";"02";"***.251.970-**";"ALDERI DA CRUZ";"06182250000176";"FERRAGEM DA INDEPENDENCIA LTDA";"COMPRA A/V - R$ - APRES";"25/01/2021";"90,00"
"36000";"Ministério da Saúde";"36210";"Hospital Nossa Senhora da Conceição S.A.";"366003";"GRUPO HOSPITALAR CONCEICAO S.A";"2021";"02";"***.251.970-**";"ALDERI DA CRUZ";"06182250000176";"FERRAGEM DA INDEPENDENCIA LTDA";"COMPRA A/V - R$ - APRES";"22/01/2021";"188,10"
"36000";"Ministério da Saúde";"36210";"Hospital Nossa Senhora da Conceição S.A.";"366003";"GRUPO HOSPITALAR CONCEICAO S.A";"2021";"02";"***.251.970-**";"ALDERI DA CRUZ";"06182250000176";"FERRAGEM DA INDEPENDENCIA LTDA";"COMPRA A/V - R$ - APRES";"15/01/2021";"177,00"
"36000";"Ministério da Saúde";"36210";"Hospital Nossa Senhora da Conceição S.A.";"366003";"GRUPO HOSPITALAR CONCEICAO S.A";"2021";"02";"***.251.970-**";"ALDERI DA CRUZ";"06182250000176";"FERRAGEM DA INDEPENDENCIA LTDA";"COMPRA A/V - R$ - APRES";"12/01/2021";"183,20"
"36000";"Ministério da Saúde";"36210";"Hospital Nossa Senhora da Conceição S.A.";"366003";"GRUPO HOSPITALAR CONCEICAO S.A";"2021";"02";"***.251.970-**";"ALDERI DA CRUZ";"06182250000176";"FERRAGEM DA INDEPENDENCIA LTDA";"COMPRA A/V - R$ - APRES";"08/01/2021";"117,40"
"36000";"Ministério da Saúde";"36210";"Hospital Nossa Senhora da Conceição S.A.";"366003";"GRUPO HOSPITALAR CONCEICAO S.A";"2021";"02";"***.251.970-**";"ALDERI DA CRUZ";"06182250000176";"FERRAGEM DA INDEPENDENCIA LTDA";"COMPRA A/V - R$ - APRES";"07/01/2021";"574,20"
"36000";"Ministério da Saúde";"36210";"Hospital Nossa Senhora da Conceição S.A.";"366003";"GRUPO HOSPITALAR CONCEICAO S.A";"2021";"02";"***.454.100-**";"ADIEL COELHO DA CUNHA";"88153119000650";"DIGIMER COMERCIO DE PRODUTOS DE INFORMATICA LTDA FALIDO";"COMPRA A/V - R$ - APRES";"15/01/2021";"299,00"
"36000";"Ministério da Saúde";"36210";"Hospital Nossa Senhora da Conceição S.A.";"366003";"GRUPO HOSPITALAR CONCEICAO S.A";"2021";"02";"***.027.980-**";"CELSO TULIO DA ROSA MACHADO";"92780808000157";"IVO PENZ COMERCIAL LTDA";"COMPRA A/V - R$ - APRES";"20/01/2021";"1594,17"
"36000";"Ministério da Saúde";"36210";"Hospital Nossa Senhora da Conceição S.A.";"366003";"GRUPO HOSPITALAR CONCEICAO S.A";"2021";"02";"***.027.980-**";"CELSO TULIO DA ROSA MACHADO";"92780808000157";"IVO PENZ COMERCIAL LTDA";"COMPRA A/V - R$ - APRES";"15/01/2021";"1700,00"
"36000";"Ministério da Saúde";"36210";"Hospital Nossa Senhora da Conceição S.A.";"366003";"GRUPO HOSPITALAR CONCEICAO S.A";"2021";"02";"***.112.970-**";"ALEXANDRE TOCCHETTO";"23147255000187";"GOLD ROL ROLAMENTOS LTDA";"COMPRA A/V - R$ - APRES";"08/01/2021";"647,00"
"36000";"Ministério da Saúde";"36210";"Hospital Nossa Senhora da Conceição S.A.";"366003";"GRUPO HOSPITALAR CONCEICAO S.A";"2021";"02";"***.027.980-**";"CELSO TULIO DA ROSA MACHADO";"07547998000198";"ROMEU PARIZOTTI & CIA LTDA";"COMPRA A/V - R$ - APRES";"13/01/2021";"140,00"
"36000";"Ministério da Saúde";"36210";"Hospital Nossa Senhora da Conceição S.A.";"366003";"GRUPO HOSPITALAR CONCEICAO S.A";"2021";"02";"***.572.170-**";"RODRIGO GARCIA";"07944100000115";"PROC9 INDUSTRIA QUIMICA LTDA";"COMPRA A/V - R$ - APRES";"21/01/2021";"570,00"
"36000";"Ministério da Saúde";"36210";"Hospital Nossa Senhora da Conceição S.A.";"366003";"GRUPO HOSPITALAR CONCEICAO S.A";"2021";"02";"***.486.610-**";"JOAO ADOIR DE FRAGA";"00531083000145";"CEMEAR COMERCIO E REPRESENTACAO LTDA";"COMPRA A/V - R$ - APRES";"14/01/2021";"800,00"
"36000";"Ministério da Saúde";"36210";"Hospital Nossa Senhora da Conceição S.A.";"366003";"GRUPO HOSPITALAR CONCEICAO S.A";"2021";"02";"***.112.970-**";"ALEXANDRE TOCCHETTO";"01919309001033";"REFRICRIL DISTRIBUIDORA DE AR CONDICIONADO E PECAS LTDA";"COMPRA A/V - R$ - APRES";"07/01/2021";"414,51"
"36000";"Ministério da Saúde";"36210";"Hospital Nossa Senhora da Conceição S.A.";"366003";"GRUPO HOSPITALAR CONCEICAO S.A";"2021";"02";"***.572.170-**";"RODRIGO GARCIA";"94516671000153";"CIRURGICA SANTA CRUZ COM. DE PRODUTOS HOSPITALARES LTDA.";"COMPRA A/V - R$ - APRES";"15/01/2021";"3500,00"
"36000";"Ministério da Saúde";"36210";"Hospital Nossa Senhora da Conceição S.A.";"366003";"GRUPO HOSPITALAR CONCEICAO S.A";"2021";"02";"***.251.970-**";"ALDERI DA CRUZ";"94516671000153";"CIRURGICA SANTA CRUZ COM. DE PRODUTOS HOSPITALARES LTDA.";"COMPRA A/V - R$ - APRES";"22/01/2021";"300,00"
"36000";"Ministério da Saúde";"36210";"Hospital Nossa Senhora da Conceição S.A.";"366003";"GRUPO HOSPITALAR CONCEICAO S.A";"2021";"02";"***.251.970-**";"ALDERI DA CRUZ";"94516671000153";"CIRURGICA SANTA CRUZ COM. DE PRODUTOS HOSPITALARES LTDA.";"COMPRA A/V - R$ - APRES";"20/01/2021";"1104,00"
"36000";"Ministério da Saúde";"36210";"Hospital Nossa Senhora da Conceição S.A.";"366003";"GRUPO HOSPITALAR CONCEICAO S.A";"2021";"02";"***.454.100-**";"ADIEL COELHO DA CUNHA";"05021774000112";"CASA DO MONITOR COMERCIO VAREJISTA DE MAQUINAS E EQUIPAMENTOS LTDA";"COMPRA A/V - R$ - APRES";"15/01/2021";"914,00"
"36000";"Ministério da Saúde";"36210";"Hospital Nossa Senhora da Conceição S.A.";"366003";"GRUPO HOSPITALAR CONCEICAO S.A";"2021";"02";"***.572.170-**";"RODRIGO GARCIA";"03746068000102";"DE CONTO FARMACIA DE MANIPULACAO LTDA.";"COMPRA A/V - R$ - APRES";"18/01/2021";"230,00"
"36000";"Ministério da Saúde";"36210";"Hospital Nossa Senhora da Conceição S.A.";"366003";"GRUPO HOSPITALAR CONCEICAO S.A";"2021";"02";"***.572.170-**";"RODRIGO GARCIA";"94053154000195";"RADIONAL COMERCIO DE COMPONENTES ELETRONICOS LTDA";"COMPRA A/V - R$ - APRES";"14/01/2021";"199,00"
"36000";"Ministério da Saúde";"36210";"Hospital Nossa Senhora da Conceição S.A.";"366003";"GRUPO HOSPITALAR CONCEICAO S.A";"2021";"02";"***.572.170-**";"RODRIGO GARCIA";"94053154000195";"RADIONAL COMERCIO DE COMPONENTES ELETRONICOS LTDA";"COMPRA A/V - R$ - APRES";"11/01/2021";"1188,00"
"36000";"Ministério da Saúde";"36210";"Hospital Nossa Senhora da Conceição S.A.";"366003";"GRUPO HOSPITALAR CONCEICAO S.A";"2021";"02";"***.027.980-**";"CELSO TULIO DA ROSA MACHADO";"94053154000195";"RADIONAL COMERCIO DE COMPONENTES ELETRONICOS LTDA";"COMPRA A/V - R$ - APRES";"20/01/2021";"86,00"
"36000";"Ministério da Saúde";"36210";"Hospital Nossa Senhora da Conceição S.A.";"366003";"GRUPO HOSPITALAR CONCEICAO S.A";"2021";"02";"***.580.000-**";"MARIA MONTEIRO DE ALMEIDA";"94053154000195";"RADIONAL COMERCIO DE COMPONENTES ELETRONICOS LTDA";"COMPRA A/V - R$ - APRES";"25/01/2021";"918,00"
"36000";"Ministério da Saúde";"36210";"Hospital Nossa Senhora da Conceição S.A.";"366003";"GRUPO HOSPITALAR CONCEICAO S.A";"2021";"02";"***.572.170-**";"RODRIGO GARCIA";"91981027000168";"BM ELETRO ELETRONICA LTDA";"COMPRA A/V - R$ - APRES";"08/01/2021";"210,00"
"36000";"Ministério da Saúde";"36210";"Hospital Nossa Senhora da Conceição S.A.";"366003";"GRUPO HOSPITALAR CONCEICAO S.A";"2021";"02";"***.027.980-**";"CELSO TULIO DA ROSA MACHADO";"27547510000130";"STONE PAY MEIOS DE PAGAMENTO LTDA";"COMPRA A/V - R$ - APRES";"22/01/2021";"429,30"
"36000";"Ministério da Saúde";"36210";"Hospital Nossa Senhora da Conceição S.A.";"366003";"GRUPO HOSPITALAR CONCEICAO S.A";"2021";"02";"***.027.980-**";"CELSO TULIO DA ROSA MACHADO";"27547510000130";"STONE PAY MEIOS DE PAGAMENTO LTDA";"COMPRA A/V - R$ - APRES";"13/01/2021";"250,00"
"36000";"Ministério da Saúde";"36210";"Hospital Nossa Senhora da Conceição S.A.";"366003";"GRUPO HOSPITALAR CONCEICAO S.A";"2021";"02";"***.112.970-**";"ALEXANDRE TOCCHETTO";"91026922000123";"STAMPGRAF SERIGRAFIA TECNICA E ARTES GRAFICAS LTDA";"COMPRA A/V - R$ - APRES";"08/01/2021";"670,98"
"36000";"Ministério da Saúde";"36210";"Hospital Nossa Senhora da Conceição S.A.";"366003";"GRUPO HOSPITALAR CONCEICAO S.A";"2021";"02";"***.112.970-**";"ALEXANDRE TOCCHETTO";"87158143000104";"DUMONT COMERCIO DE EQUIPAMENTOS ELETRICOS LTDA";"COMPRA A/V - R$ - APRES";"08/01/2021";"461,00"
"36000";"Ministério da Saúde";"36210";"Hospital Nossa Senhora da Conceição S.A.";"366003";"GRUPO HOSPITALAR CONCEICAO S.A";"2021";"02";"***.486.610-**";"JOAO ADOIR DE FRAGA";"10940747000183";"BORTOLINI ACOS LTDA";"COMPRA A/V - R$ - APRES";"21/01/2021";"811,00"
"36000";"Ministério da Saúde";"36210";"Hospital Nossa Senhora da Conceição S.A.";"366003";"GRUPO HOSPITALAR CONCEICAO S.A";"2021";"02";"***.572.170-**";"RODRIGO GARCIA";"31636399000125";"JBL SERVICOS E DISTRIBUIDORA DE MATERIAL MEDICO HOSPITALAR LTDA";"COMPRA A/V - R$ - APRES";"22/01/2021";"1188,00"
"56000";"Ministério das Cidades";"29214";"Companhia Brasileira de Trens Urbanos";"275066";"CIA BRASILEIRA DE TRENS URBANOS - STU/NAT";"2021";"02";"***.534.317-**";"ANDRE LUIS VERSIANI MOREIRA";"08412520000202";"NATAL SERVICE LTDA";"COMPRA A/V - R$ - APRES";"05/01/2021";"55,00"
"56000";"Ministério das Cidades";"29214";"Companhia Brasileira de Trens Urbanos";"275058";"CIA.BRASILEIRA DE TRENS URBANOS-STU/BH";"2021";"02";"***.311.446-**";"MARCELO DE OLIVEIRA CRUZ";"27324810000150";"MANG MAIS LTDA";"COMPRA A/V - R$ - APRES";"26/01/2021";"97,00"
"56000";"Ministério das Cidades";"29214";"Companhia Brasileira de Trens Urbanos";"275058";"CIA.BRASILEIRA DE TRENS URBANOS-STU/BH";"2021";"02";"***.311.446-**";"MARCELO DE OLIVEIRA CRUZ";"27324810000150";"MANG MAIS LTDA";"COMPRA A/V - R$ - APRES";"22/01/2021";"360,00"
"56000";"Ministério das Cidades";"29214";"Companhia Brasileira de Trens Urbanos";"275058";"CIA.BRASILEIRA DE TRENS URBANOS-STU/BH";"2021";"02";"***.311.446-**";"MARCELO DE OLIVEIRA CRUZ";"27324810000150";"MANG MAIS LTDA";"COMPRA A/V - R$ - APRES";"22/01/2021";"24,00"
"56000";"Ministério das Cidades";"29214";"Companhia Brasileira de Trens Urbanos";"275058";"CIA.BRASILEIRA DE TRENS URBANOS-STU/BH";"2021";"02";"***.311.446-**";"MARCELO DE OLIVEIRA CRUZ";"27324810000150";"MANG MAIS LTDA";"COMPRA A/V - R$ - APRES";"14/01/2021";"220,00"
"56000";"Ministério das Cidades";"29214";"Companhia Brasileira de Trens Urbanos";"275058";"CIA.BRASILEIRA DE TRENS URBANOS-STU/BH";"2021";"02";"***.311.446-**";"MARCELO DE OLIVEIRA CRUZ";"17490678000100";"AUTO PECAS ROBERTAO COMERCIO VAREJISTA DE PECAS E ACESSORIOS LTDA";"COMPRA A/V - R$ - APRES";"26/01/2021";"14,00"
"56000";"Ministério das Cidades";"29214";"Companhia Brasileira de Trens Urbanos";"275058";"CIA.BRASILEIRA DE TRENS URBANOS-STU/BH";"2021";"02";"***.311.446-**";"MARCELO DE OLIVEIRA CRUZ";"17490678000100";"AUTO PECAS ROBERTAO COMERCIO VAREJISTA DE PECAS E ACESSORIOS LTDA";"COMPRA A/V - R$ - APRES";"26/01/2021";"178,00"
"56000";"Ministério das Cidades";"29214";"Companhia Brasileira de Trens Urbanos";"275058";"CIA.BRASILEIRA DE TRENS URBANOS-STU/BH";"2021";"02";"***.311.446-**";"MARCELO DE OLIVEIRA CRUZ";"17490678000100";"AUTO PECAS ROBERTAO COMERCIO VAREJISTA DE PECAS E ACESSORIOS LTDA";"COMPRA A/V - R$ - APRES";"18/01/2021";"16,90"
"56000";"Ministério das Cidades";"29214";"Companhia Brasileira de Trens Urbanos";"275058";"CIA.BRASILEIRA DE TRENS URBANOS-STU/BH";"2021";"02";"***.311.446-**";"MARCELO DE OLIVEIRA CRUZ";"17490678000100";"AUTO PECAS ROBERTAO COMERCIO VAREJISTA DE PECAS E ACESSORIOS LTDA";"COMPRA A/V - R$ - APRES";"14/01/2021";"26,00"
"56000";"Ministério das Cidades";"29214";"Companhia Brasileira de Trens Urbanos";"275058";"CIA.BRASILEIRA DE TRENS URBANOS-STU/BH";"2021";"02";"***.311.446-**";"MARCELO DE OLIVEIRA CRUZ";"17490678000100";"AUTO PECAS ROBERTAO COMERCIO VAREJISTA DE PECAS E ACESSORIOS LTDA";"COMPRA A/V - R$ - APRES";"14/01/2021";"36,00"
"56000";"Ministério das Cidades";"29214";"Companhia Brasileira de Trens Urbanos";"275058";"CIA.BRASILEIRA DE TRENS URBANOS-STU/BH";"2021";"02";"***.311.446-**";"MARCELO DE OLIVEIRA CRUZ";"17490678000100";"AUTO PECAS ROBERTAO COMERCIO VAREJISTA DE PECAS E ACESSORIOS LTDA";"COMPRA A/V - R$ - APRES";"14/01/2021";"30,00"
"56000";"Ministério das Cidades";"29214";"Companhia Brasileira de Trens Urbanos";"275058";"CIA.BRASILEIRA DE TRENS URBANOS-STU/BH";"2021";"02";"***.311.446-**";"MARCELO DE OLIVEIRA CRUZ";"17490678000100";"AUTO PECAS ROBERTAO COMERCIO VAREJISTA DE PECAS E ACESSORIOS LTDA";"COMPRA A/V - R$ - APRES";"14/01/2021";"310,40"
"56000";"Ministério das Cidades";"29214";"Companhia Brasileira de Trens Urbanos";"275058";"CIA.BRASILEIRA DE TRENS URBANOS-STU/BH";"2021";"02";"***.311.446-**";"MARCELO DE OLIVEIRA CRUZ";"66305517000105";"ALOC LTDA";"COMPRA A/V - R$ - APRES";"21/01/2021";"250,00"
"56000";"Ministério das Cidades";"29214";"Companhia Brasileira de Trens Urbanos";"275058";"CIA.BRASILEIRA DE TRENS URBANOS-STU/BH";"2021";"02";"***.311.446-**";"MARCELO DE OLIVEIRA CRUZ";"05834325000193";"EMM COMERCIO E SERVICOS LTDA";"COMPRA A/V - R$ - APRES";"21/01/2021";"72,90"
"56000";"Ministério das Cidades";"29214";"Companhia Brasileira de Trens Urbanos";"275058";"CIA.BRASILEIRA DE TRENS URBANOS-STU/BH";"2021";"02";"***.311.446-**";"MARCELO DE OLIVEIRA CRUZ";"16518185000160";"HARO COMERCIO & IMPORTACAO LTDA";"COMPRA A/V - R$ - APRES";"14/01/2021";"97,00"
"56000";"Ministério das Cidades";"29214";"Companhia Brasileira de Trens Urbanos";"275058";"CIA.BRASILEIRA DE TRENS URBANOS-STU/BH";"2021";"02";"***.311.446-**";"MARCELO DE OLIVEIRA CRUZ";"66190117000193";"A.C.R. COMERCIO DE PARAFUSOS LTDA";"COMPRA A/V - R$ - APRES";"18/01/2021";"26,94"
"56000";"Ministério das Cidades";"29214";"Companhia Brasileira de Trens Urbanos";"275058";"CIA.BRASILEIRA DE TRENS URBANOS-STU/BH";"2021";"02";"***.311.446-**";"MARCELO DE OLIVEIRA CRUZ";"16576738000131";"VIDRACARIA AGUA BRANCA LTDA";"COMPRA A/V - R$ - APRES";"22/01/2021";"220,00"
"56000";"Ministério das Cidades";"29214";"Companhia Brasileira de Trens Urbanos";"275058";"CIA.BRASILEIRA DE TRENS URBANOS-STU/BH";"2021";"02";"***.311.446-**";"MARCELO DE OLIVEIRA CRUZ";"17155342001074";"LOJA ELETRICA LTDA";"COMPRA A/V - R$ - APRES";"22/01/2021";"14,40"
"56000";"Ministério das Cidades";"29214";"Companhia Brasileira de Trens Urbanos";"275058";"CIA.BRASILEIRA DE TRENS URBANOS-STU/BH";"2021";"02";"***.311.446-**";"MARCELO DE OLIVEIRA CRUZ";"17155342001074";"LOJA ELETRICA LTDA";"COMPRA A/V - R$ - APRES";"14/01/2021";"48,70"
"56000";"Ministério das Cidades";"29214";"Companhia Brasileira de Trens Urbanos";"275058";"CIA.BRASILEIRA DE TRENS URBANOS-STU/BH";"2021";"02";"***.311.446-**";"MARCELO DE OLIVEIRA CRUZ";"23393408000176";"CENTRAL INDUZIDOS LTDA";"COMPRA A/V - R$ - APRES";"14/01/2021";"195,00"
"56000";"Ministério das Cidades";"29214";"Companhia Brasileira de Trens Urbanos";"275058";"CIA.BRASILEIRA DE TRENS URBANOS-STU/BH";"2021";"02";"***.311.446-**";"MARCELO DE OLIVEIRA CRUZ";"00547840000179";"MAXNET INFORMATICA LTDA";"COMPRA A/V - R$ - APRES";"20/01/2021";"240,80"
"56000";"Ministério das Cidades";"29214";"Companhia Brasileira de Trens Urbanos";"275058";"CIA.BRASILEIRA DE TRENS URBANOS-STU/BH";"2021";"02";"***.311.446-**";"MARCELO DE OLIVEIRA CRUZ";"01438784004003";"LEROY MERLIN COMPANHIA BRASILEIRA DE BRICOLAGEM";"COMPRA A/V - R$ - APRES";"18/01/2021";"69,90"
"56000";"Ministério das Cidades";"29214";"Companhia Brasileira de Trens Urbanos";"275058";"CIA.BRASILEIRA DE TRENS URBANOS-STU/BH";"2021";"02";"***.311.446-**";"MARCELO DE OLIVEIRA CRUZ";"71285704000104";"MLM ACIONAMENTOS E AUTOMACAO ELETRICA LTDA";"COMPRA A/V - R$ - APRES";"22/01/2021";"302,88"
"56000";"Ministério das Cidades";"29214";"Companhia Brasileira de Trens Urbanos";"275058";"CIA.BRASILEIRA DE TRENS URBANOS-STU/BH";"2021";"02";"***.311.446-**";"MARCELO DE OLIVEIRA CRUZ";"71285704000104";"MLM ACIONAMENTOS E AUTOMACAO ELETRICA LTDA";"COMPRA A/V - R$ - APRES";"20/01/2021";"45,32"
"56000";"Ministério das Cidades";"29214";"Companhia Brasileira de Trens Urbanos";"275058";"CIA.BRASILEIRA DE TRENS URBANOS-STU/BH";"2021";"02";"***.311.446-**";"MARCELO DE OLIVEIRA CRUZ";"71285704000104";"MLM ACIONAMENTOS E AUTOMACAO ELETRICA LTDA";"COMPRA A/V - R$ - APRES";"20/01/2021";"83,28"
"56000";"Ministério das Cidades";"29214";"Companhia Brasileira de Trens Urbanos";"275058";"CIA.BRASILEIRA DE TRENS URBANOS-STU/BH";"2021";"02";"***.311.446-**";"MARCELO DE OLIVEIRA CRUZ";"02770502000127";"PONTUAL PECAS E ACESSORIOS LTDA";"COMPRA A/V - R$ - APRES";"18/01/2021";"49,00"
"56000";"Ministério das Cidades";"29214";"Companhia Brasileira de Trens Urbanos";"275058";"CIA.BRASILEIRA DE TRENS URBANOS-STU/BH";"2021";"02";"***.311.446-**";"MARCELO DE OLIVEIRA CRUZ";"02770502000127";"PONTUAL PECAS E ACESSORIOS LTDA";"COMPRA A/V - R$ - APRES";"18/01/2021";"68,00"
"56000";"Ministério das Cidades";"29214";"Companhia Brasileira de Trens Urbanos";"275058";"CIA.BRASILEIRA DE TRENS URBANOS-STU/BH";"2021";"02";"***.311.446-**";"MARCELO DE OLIVEIRA CRUZ";"22253728000168";"CASA DO IMPERMEABILIZANTE LTDA";"COMPRA A/V - R$ - APRES";"21/01/2021";"7,20"
"56000";"Ministério das Cidades";"29214";"Companhia Brasileira de Trens Urbanos";"275058";"CIA.BRASILEIRA DE TRENS URBANOS-STU/BH";"2021";"02";"***.311.446-**";"MARCELO DE OLIVEIRA CRUZ";"22253728000168";"CASA DO IMPERMEABILIZANTE LTDA";"COMPRA A/V - R$ - APRES";"21/01/2021";"51,80"
"56000";"Ministério das Cidades";"29214";"Companhia Brasileira de Trens Urbanos";"275058";"CIA.BRASILEIRA DE TRENS URBANOS-STU/BH";"2021";"02";"***.311.446-**";"MARCELO DE OLIVEIRA CRUZ";"10573521000191";"MERCADO PAGO INSTITUICAO DE PAGAMENTO LTDA";"COMPRA A/V - R$ - APRES";"26/01/2021";"328,90"
"41000";"Ministério das Comunicações";"24216";"Telecomunicações Brasileiras S.A.";"242160";"TELECOMUNICACOES BRASILEIRAS S/A";"2021";"02";"***.537.471-**";"RENATA SILVA OLIVEIRA";"10909603000164";"A & R SINALIZACAO E COMUNICACAO VISUAL LTDA";"COMPRA A/V - R$ - APRES";"19/01/2021";"300,00"
"32000";"Ministério de Minas e Energia";"32396";"Agência Nacional de Mineração";"323104";"GERENCIA REGIONAL DA ANM - MG";"2021";"02";"***.403.126-**";"GUILHERME SANTANA LOPES GOMES";"02940925000148";"MM - COMERCIO DE DERIVADOS DE PETROLEO LTDA";"COMPRA A/V - R$ - APRES";"29/12/2020";"110,42"
"32000";"Ministério de Minas e Energia";"32396";"Agência Nacional de Mineração";"323104";"GERENCIA REGIONAL DA ANM - MG";"2021";"02";"***.971.706-**";"JOSE CARLOS SALES CAMPOS";"03042891000137";"COMERCIO DE PETROLEO XAPETUBA LTDA";"COMPRA A/V - R$ - APRES";"25/01/2021";"153,00"
"32000";"Ministério de Minas e Energia";"32396";"Agência Nacional de Mineração";"323104";"GERENCIA REGIONAL DA ANM - MG";"2021";"02";"***.563.456-**";"MANUEL COSTA DA SILVA";"01477664000109";"MIT CAR MINAS LTDA";"COMPRA A/V - R$ - APRES";"25/01/2021";"1302,00"
"32000";"Ministério de Minas e Energia";"32396";"Agência Nacional de Mineração";"323104";"GERENCIA REGIONAL DA ANM - MG";"2021";"02";"***.712.216-**";"JOELMA GUALBERTO PASSOS DE OLIVEIRA";"26193117000122";"MOURA COMERCIO DE GAS LTDA";"COMPRA A/V - R$ - APRES";"22/01/2021";"180,00"
"32000";"Ministério de Minas e Energia";"32396";"Agência Nacional de Mineração";"323104";"GERENCIA REGIONAL DA ANM - MG";"2021";"02";"***.403.126-**";"GUILHERME SANTANA LOPES GOMES";"19751553000104";"POSTO CHEFAO LTDA";"COMPRA A/V - R$ - APRES";"28/12/2020";"100,00"
"32000";"Ministério de Minas e Energia";"32396";"Agência Nacional de Mineração";"323120";"GERENCIA REGIONAL DA ANM - RN";"2021";"02";"***.631.904-**";"JOSE ALVES DA COSTA NETO";"08403578001253";"COMERCIAL JOSE LUCENA LTDA";"COMPRA A/V - R$ - APRES";"19/01/2021";"267,35"
"32000";"Ministério de Minas e Energia";"32205";"Agência Nacional do Petróleo, Gás Natural e Biocombustíveis";"323031";"ESCRITORIO CENTRAL DA ANP";"2021";"02";"***.298.177-**";"MARCELA RIBEIRO VIANNA";"42101436000117";"PALACIO DA FERRAMENTA MAQUINAS LTDA";"COMPRA A/V - R$ - APRES";"15/01/2021";"46,90"
"32000";"Ministério de Minas e Energia";"29208";"Companhia de Pesquisa de Recursos Minerais";"495110";"COMPANHIA DE PESQUISA DE RECURSOS MINERAIS";"2021";"02";"***.231.365-**";"VALDINEIA DOS SANTOS OLIVEIRA";"15559082000186";"INFRAMERICA CONCESSIONARIA DO AEROPORTO DE BRASILIA S/A";"COMPRA A/V - R$ - APRES";"15/01/2021";"856,35"
"32000";"Ministério de Minas e Energia";"32263";"Departamento Nacional de Produção Mineral";"323025";"SUPERINTENDENCIA DO DNPM-MS";"2021";"02";"***.344.739-**";"PATRICK SCHALDACH";"04080700000194";"METTA HIDRAULICA E ELETRICA LTDA";"COMPRA A/V - R$ - APRES";"26/01/2021";"48,00"
"32000";"Ministério de Minas e Energia";"32263";"Departamento Nacional de Produção Mineral";"323025";"SUPERINTENDENCIA DO DNPM-MS";"2021";"02";"***.344.739-**";"PATRICK SCHALDACH";"02154625000133";"PAI E FILHO COMERCIO DE GAS LTDA";"COMPRA A/V - R$ - APRES";"19/01/2021";"84,00"
"49000";"Ministério do Desenvolvimento Agrário e Agr";"22211";"Companhia Nacional de Abastecimento";"135100";"COMPANHIA NACIONAL DE ABASTECIMENTO";"2021";"02";"***.618.761-**";"HOMERINO FERREIRA DE MACEDO";"01476334000441";"HOSPITALIA PRODUTOS PARA SAUDE LTDA";"COMPRA A/V - R$ - APRES";"18/01/2021";"276,80"
"49000";"Ministério do Desenvolvimento Agrário e Agr";"22211";"Companhia Nacional de Abastecimento";"135100";"COMPANHIA NACIONAL DE ABASTECIMENTO";"2021";"02";"***.618.761-**";"HOMERINO FERREIRA DE MACEDO";"19468242000132";"IFOOD PAGO INSTITUICAO DE PAGAMENTO S.A.";"COMPRA A/V - R$ - APRES";"19/01/2021";"127,60"
"49000";"Ministério do Desenvolvimento Agrário e Agr";"22211";"Companhia Nacional de Abastecimento";"135100";"COMPANHIA NACIONAL DE ABASTECIMENTO";"2021";"02";"***.618.761-**";"HOMERINO FERREIRA DE MACEDO";"05323733000180";"CASA HOSPITALAR LTDA";"COMPRA A/V - R$ - APRES";"18/01/2021";"166,90"
"49000";"Ministério do Desenvolvimento Agrário e Agr";"22211";"Companhia Nacional de Abastecimento";"135100";"COMPANHIA NACIONAL DE ABASTECIMENTO";"2021";"02";"***.618.761-**";"HOMERINO FERREIRA DE MACEDO";"05323733000180";"CASA HOSPITALAR LTDA";"COMPRA A/V - R$ - APRES";"18/01/2021";"279,30"
"49000";"Ministério do Desenvolvimento Agrário e Agr";"22211";"Companhia Nacional de Abastecimento";"135100";"COMPANHIA NACIONAL DE ABASTECIMENTO";"2021";"02";"***.618.761-**";"HOMERINO FERREIRA DE MACEDO";"35399721000109";"MARKE 360 AGENCIA DE PUBLICIDADE LTDA";"COMPRA A/V - R$ - APRES";"22/01/2021";"155,00"
"49000";"Ministério do Desenvolvimento Agrário e Agr";"22211";"Companhia Nacional de Abastecimento";"135100";"COMPANHIA NACIONAL DE ABASTECIMENTO";"2021";"02";"***.618.761-**";"HOMERINO FERREIRA DE MACEDO";"01476334000107";"HOSPITALIA PRODUTOS PARA SAUDE LTDA";"COMPRA A/V - R$ - APRES";"13/01/2021";"267,00"
"49000";"Ministério do Desenvolvimento Agrário e Agr";"22211";"Companhia Nacional de Abastecimento";"135100";"COMPANHIA NACIONAL DE ABASTECIMENTO";"2021";"02";"***.618.761-**";"HOMERINO FERREIRA DE MACEDO";"01476334000107";"HOSPITALIA PRODUTOS PARA SAUDE LTDA";"COMPRA A/V - R$ - APRES";"13/01/2021";"170,00"
"49000";"Ministério do Desenvolvimento Agrário e Agr";"22211";"Companhia Nacional de Abastecimento";"135100";"COMPANHIA NACIONAL DE ABASTECIMENTO";"2021";"02";"***.618.761-**";"HOMERINO FERREIRA DE MACEDO";"01536135000210";"TIRADENTES MEDICO HOSPITALAR LTDA";"COMPRA A/V - R$ - APRES";"13/01/2021";"117,00"
"49000";"Ministério do Desenvolvimento Agrário e Agr";"22211";"Companhia Nacional de Abastecimento";"135100";"COMPANHIA NACIONAL DE ABASTECIMENTO";"2021";"02";"***.618.761-**";"HOMERINO FERREIRA DE MACEDO";"13288921000143";"JOSE PEREIRA DE SOUZA MOLDURAS";"COMPRA A/V - R$ - APRES";"13/01/2021";"170,00"
"49000";"Ministério do Desenvolvimento Agrário e Agr";"22211";"Companhia Nacional de Abastecimento";"135100";"COMPANHIA NACIONAL DE ABASTECIMENTO";"2021";"02";"***.618.761-**";"HOMERINO FERREIRA DE MACEDO";"07392432000134";"FERROSUL FERRAGENS LTDA";"COMPRA A/V - R$ - APRES";"12/01/2021";"149,90"
"49000";"Ministério do Desenvolvimento Agrário e Agr";"22211";"Companhia Nacional de Abastecimento";"135265";"CONAB SEDE SUREG PARANA";"2021";"02";"***.247.039-**";"PAULO HENRIQUE NUNES";"04207857000138";"FILTROS APOL NEW LTDA";"COMPRA A/V - R$ - APRES";"28/12/2020";"80,00"
"49000";"Ministério do Desenvolvimento Agrário e Agr";"22211";"Companhia Nacional de Abastecimento";"135587";"CONAB SEDE SUREG RORAIMA";"2021";"02";"***.357.462-**";"DYENE MENEZES COSTA";"13085476000114";"BRASMOL COM. SERV. IMP. E EXP. LTDA";"COMPRA A/V - R$ - APRES";"06/01/2021";"190,00"
"49000";"Ministério do Desenvolvimento Agrário e Agr";"22211";"Companhia Nacional de Abastecimento";"135284";"CONAB SEDE SUREG SANTA CATARINA";"2021";"02";"***.868.268-**";"LAYO DE JESUS ALVES";"07281301000180";"P A C SEGURANCA ELETRONICA LTDA";"COMPRA A/V - R$ - APRES";"25/01/2021";"200,00"
"49000";"Ministério do Desenvolvimento Agrário e Agr";"22211";"Companhia Nacional de Abastecimento";"135284";"CONAB SEDE SUREG SANTA CATARINA";"2021";"02";"***.868.268-**";"LAYO DE JESUS ALVES";"08227719000171";"PRISCILA HOFFMANN";"COMPRA A/V - R$ - APRES";"18/01/2021";"16,00"
"49000";"Ministério do Desenvolvimento Agrário e Agr";"22201";"Instituto Nacional de Colonização e Reforma Agrária";"373057";"SUPERINT. REGIONAL DO ESPIRITO SANTO-SR(20)ES";"2021";"02";"***.571.707-**";"CARLOS LUIZ MENDES SANTOS";"-2";"NAO SE APLICA";"SAQUE CASH/ATM BB";"24/12/2020";"500,00"
"49000";"Ministério do Desenvolvimento Agrário e Agr";"22201";"Instituto Nacional de Colonização e Reforma Agrária";"373030";"SUPERINT.REG.DO NORDESTE DO PARA - SR(01)PA";"2021";"02";"***.876.202-**";"ANISIO OLIVEIRA XAVIER";"-2";"NAO SE APLICA";"SAQUE CASH/ATM BB";"24/12/2020";"1000,00"
"49000";"Ministério do Desenvolvimento Agrário e Agr";"22201";"Instituto Nacional de Colonização e Reforma Agrária";"373030";"SUPERINT.REG.DO NORDESTE DO PARA - SR(01)PA";"2021";"02";"***.481.322-**";"JOSE SANDRO CAMPOS DE CASTRO";"-2";"NAO SE APLICA";"SAQUE CASH/ATM BB";"24/12/2020";"500,00"
"28000";"Ministério do Desenvolvimento, Indústria, C";"30203";"Instituto Nacional de Metrologia, Qualidade e Tecnologia";"183039";"SUPERINTENDENCIA DO INMETRO NO ESTADO DO RS";"2021";"02";"***.807.886-**";"CLAUDIO MARTINS ARRUDA";"-2";"NAO SE APLICA";"SAQUE CASH/ATM BB";"25/01/2021";"1000,00"
"28000";"Ministério do Desenvolvimento, Indústria, C";"30203";"Instituto Nacional de Metrologia, Qualidade e Tecnologia";"183039";"SUPERINTENDENCIA DO INMETRO NO ESTADO DO RS";"2021";"02";"***.887.780-**";"CRISTOL DE PAIVA GOUVEA";"92664028000141";"FERRAMENTAS GERAIS COMERCIO E IMPORTACAO DE FERRAMENTAS E MAQUINAS LTDA";"COMPRA A/V - R$ - APRES";"26/01/2021";"83,81"
"44000";"Ministério do Meio Ambiente e Mudança do Cl";"44207";"Instituto Chico Mendes de Conservação da Biodiversidade";"443033";"INSTITUTO CHICO MENDES - SEDE";"2021";"02";"***.801.363-**";"JOSE WILMINGTON PAES LANDIM RIBEIRO";"-2";"NAO SE APLICA";"SAQUE CASH/ATM BB";"21/01/2021";"1000,00"
"44000";"Ministério do Meio Ambiente e Mudança do Cl";"44207";"Instituto Chico Mendes de Conservação da Biodiversidade";"443033";"INSTITUTO CHICO MENDES - SEDE";"2021";"02";"***.801.363-**";"JOSE WILMINGTON PAES LANDIM RIBEIRO";"-2";"NAO SE APLICA";"SAQUE CASH/ATM BB";"21/01/2021";"1000,00"
"44000";"Ministério do Meio Ambiente e Mudança do Cl";"44207";"Instituto Chico Mendes de Conservação da Biodiversidade";"443033";"INSTITUTO CHICO MENDES - SEDE";"2021";"02";"***.801.363-**";"JOSE WILMINGTON PAES LANDIM RIBEIRO";"-2";"NAO SE APLICA";"SAQUE CASH/ATM BB";"21/01/2021";"500,00"
"44000";"Ministério do Meio Ambiente e Mudança do Cl";"44207";"Instituto Chico Mendes de Conservação da Biodiversidade";"443033";"INSTITUTO CHICO MENDES - SEDE";"2021";"02";"***.801.363-**";"JOSE WILMINGTON PAES LANDIM RIBEIRO";"-2";"NAO SE APLICA";"SAQUE CASH/ATM BB";"19/01/2021";"1000,00"
"44000";"Ministério do Meio Ambiente e Mudança do Cl";"44207";"Instituto Chico Mendes de Conservação da Biodiversidade";"443033";"INSTITUTO CHICO MENDES - SEDE";"2021";"02";"***.801.363-**";"JOSE WILMINGTON PAES LANDIM RIBEIRO";"-2";"NAO SE APLICA";"SAQUE CASH/ATM BB";"19/01/2021";"1000,00"
"44000";"Ministério do Meio Ambiente e Mudança do Cl";"44207";"Instituto Chico Mendes de Conservação da Biodiversidade";"443033";"INSTITUTO CHICO MENDES - SEDE";"2021";"02";"***.801.363-**";"JOSE WILMINGTON PAES LANDIM RIBEIRO";"-2";"NAO SE APLICA";"SAQUE CASH/ATM BB";"19/01/2021";"1000,00"
"44000";"Ministério do Meio Ambiente e Mudança do Cl";"44207";"Instituto Chico Mendes de Conservação da Biodiversidade";"443033";"INSTITUTO CHICO MENDES - SEDE";"2021";"02";"***.801.363-**";"JOSE WILMINGTON PAES LANDIM RIBEIRO";"-2";"NAO SE APLICA";"SAQUE CASH/ATM BB";"19/01/2021";"1000,00"
"44000";"Ministério do Meio Ambiente e Mudança do Cl";"44207";"Instituto Chico Mendes de Conservação da Biodiversidade";"443033";"INSTITUTO CHICO MENDES - SEDE";"2021";"02";"***.801.363-**";"JOSE WILMINGTON PAES LANDIM RIBEIRO";"-2";"NAO SE APLICA";"SAQUE CASH/ATM BB";"19/01/2021";"1000,00"
"44000";"Ministério do Meio Ambiente e Mudança do Cl";"44207";"Instituto Chico Mendes de Conservação da Biodiversidade";"443033";"INSTITUTO CHICO MENDES - SEDE";"2021";"02";"***.123.317-**";"DIEGO DE LEMOS ABREU";"-2";"NAO SE APLICA";"SAQUE CASH/ATM BB";"20/01/2021";"1000,00"
"44000";"Ministério do Meio Ambiente e Mudança do Cl";"44207";"Instituto Chico Mendes de Conservação da Biodiversidade";"443033";"INSTITUTO CHICO MENDES - SEDE";"2021";"02";"***.123.317-**";"DIEGO DE LEMOS ABREU";"-2";"NAO SE APLICA";"SAQUE CASH/ATM BB";"20/01/2021";"220,00"
"44000";"Ministério do Meio Ambiente e Mudança do Cl";"44207";"Instituto Chico Mendes de Conservação da Biodiversidade";"443033";"INSTITUTO CHICO MENDES - SEDE";"2021";"02";"***.123.317-**";"DIEGO DE LEMOS ABREU";"-2";"NAO SE APLICA";"SAQUE CASH/ATM BB";"20/01/2021";"1000,00"
"44000";"Ministério do Meio Ambiente e Mudança do Cl";"44207";"Instituto Chico Mendes de Conservação da Biodiversidade";"443033";"INSTITUTO CHICO MENDES - SEDE";"2021";"02";"***.123.317-**";"DIEGO DE LEMOS ABREU";"-2";"NAO SE APLICA";"SAQUE CASH/ATM BB";"20/01/2021";"1000,00"
"44000";"Ministério do Meio Ambiente e Mudança do Cl";"44207";"Instituto Chico Mendes de Conservação da Biodiversidade";"443033";"INSTITUTO CHICO MENDES - SEDE";"2021";"02";"***.123.317-**";"DIEGO DE LEMOS ABREU";"-2";"NAO SE APLICA";"SAQUE CASH/ATM BB";"20/01/2021";"1000,00"
"44000";"Ministério do Meio Ambiente e Mudança do Cl";"44206";"Instituto de Pesquisas Jardim Botânico do Rio de Janeiro";"443020";"INST. DE PESQUISAS JARDIM BOTANICO DO RJ/JBRJ";"2021";"02";"***.659.417-**";"MARCO ANTONIO DE ANDRADE";"-2";"NAO SE APLICA";"SAQUE CASH/ATM BB";"19/01/2021";"200,00"
"44000";"Ministério do Meio Ambiente e Mudança do Cl";"44000";"Ministério do Meio Ambiente e Mudança do Clima - Unidades com vínculo direto";"440001";"SUBSECRET.DE PLANEJ.,ORC.E ADMINIST.±SPOA/MM";"2021";"02";"***.283.371-**";"ROBERT WILLIAM CARDOSO DE PAULA";"04742878000153";"BORRACHARIA SILVA & SILVA LTDA";"COMPRA A/V - R$ - APRES";"20/01/2021";"40,00"
"47000";"Ministério do Planejamento e Orçamento";"25205";"Fundação Instituto Brasileiro de Geografia e Estatística";"114627";"SUPERINTENDENCIA DO IBGE EM GOIAS";"2021";"02";"***.043.181-**";"ADRIANO CARVALHO MOREIRA";"-2";"NAO SE APLICA";"SAQUE CASH/ATM BB";"20/01/2021";"1000,00"
"47000";"Ministério do Planejamento e Orçamento";"25205";"Fundação Instituto Brasileiro de Geografia e Estatística";"114620";"SUPERINTENDENCIA DO IBGE NO MATO GROSSO SUL";"2021";"02";"***.715.731-**";"HONORIO MARCOS MACHADO";"-2";"NAO SE APLICA";"SAQUE CASH/ATM BB";"21/01/2021";"400,00"
"47000";"Ministério do Planejamento e Orçamento";"25205";"Fundação Instituto Brasileiro de Geografia e Estatística";"114620";"SUPERINTENDENCIA DO IBGE NO MATO GROSSO SUL";"2021";"02";"***.821.221-**";"EVERTON PAES REZENDE";"-2";"NAO SE APLICA";"SAQUE CASH/ATM BB";"25/01/2021";"1000,00"
"47000";"Ministério do Planejamento e Orçamento";"25205";"Fundação Instituto Brasileiro de Geografia e Estatística";"114602";"SUPERINTENDENCIA ESTADUAL DO IBGE EM RONDONIA";"2021";"02";"***.267.532-**";"JORGE ROBERTO COIMBRA SAUMA";"-2";"NAO SE APLICA";"SAQUE CASH/ATM BB";"22/01/2021";"420,00"
"47000";"Ministério do Planejamento e Orçamento";"25205";"Fundação Instituto Brasileiro de Geografia e Estatística";"114602";"SUPERINTENDENCIA ESTADUAL DO IBGE EM RONDONIA";"2021";"02";"***.267.532-**";"JORGE ROBERTO COIMBRA SAUMA";"-2";"NAO SE APLICA";"SAQUE CASH/ATM BB";"22/01/2021";"420,00"
"47000";"Ministério do Planejamento e Orçamento";"25205";"Fundação Instituto Brasileiro de Geografia e Estatística";"114617";"SUPERINTENDENCIA ESTADUAL DO IBGE NA BAHIA";"2021";"02";"***.989.745-**";"ROBERT RICHARD LIMA RODRIGUES";"-2";"NAO SE APLICA";"SAQUE CASH/ATM BB";"20/01/2021";"350,00"
"47000";"Ministério do Planejamento e Orçamento";"25205";"Fundação Instituto Brasileiro de Geografia e Estatística";"114617";"SUPERINTENDENCIA ESTADUAL DO IBGE NA BAHIA";"2021";"02";"***.898.815-**";"JUNIEL NASCIMENTO CRUZ";"-2";"NAO SE APLICA";"SAQUE CASH/ATM BB";"20/01/2021";"800,00"
"47000";"Ministério do Planejamento e Orçamento";"25205";"Fundação Instituto Brasileiro de Geografia e Estatística";"114617";"SUPERINTENDENCIA ESTADUAL DO IBGE NA BAHIA";"2021";"02";"***.851.695-**";"THIAGO EMANUEL SANTOS BORGES";"-2";"NAO SE APLICA";"SAQUE CASH/ATM BB";"21/01/2021";"150,00"
"47000";"Ministério do Planejamento e Orçamento";"25205";"Fundação Instituto Brasileiro de Geografia e Estatística";"114617";"SUPERINTENDENCIA ESTADUAL DO IBGE NA BAHIA";"2021";"02";"***.311.285-**";"RODRIGO CABRAL DA SILVA";"-2";"NAO SE APLICA";"SAQUE CASH/ATM BB";"25/01/2021";"980,00"
"47000";"Ministério do Planejamento e Orçamento";"25205";"Fundação Instituto Brasileiro de Geografia e Estatística";"114617";"SUPERINTENDENCIA ESTADUAL DO IBGE NA BAHIA";"2021";"02";"***.307.205-**";"GABRIEL PEREIRA COUTO";"-2";"NAO SE APLICA";"SAQUE CASH/ATM BB";"21/01/2021";"130,00"
"47000";"Ministério do Planejamento e Orçamento";"25205";"Fundação Instituto Brasileiro de Geografia e Estatística";"114617";"SUPERINTENDENCIA ESTADUAL DO IBGE NA BAHIA";"2021";"02";"***.377.205-**";"RAFAEL LOPES NOVAIS";"-2";"NAO SE APLICA";"SAQUE CASH/ATM BB";"25/01/2021";"310,00"
"47000";"Ministério do Planejamento e Orçamento";"25205";"Fundação Instituto Brasileiro de Geografia e Estatística";"114604";"SUPERINTENDENCIA ESTADUAL DO IBGE NO AMAZONAS";"2021";"02";"***.386.382-**";"RONISONCICLEY CONDE DA ROCHA";"-2";"NAO SE APLICA";"SAQUE CASH/ATM BB";"22/01/2021";"160,00"
"47000";"Ministério do Planejamento e Orçamento";"25205";"Fundação Instituto Brasileiro de Geografia e Estatística";"114619";"SUPERINTENDENCIA ESTADUAL DO IBGE NO ES";"2021";"02";"***.203.977-**";"MARCIA VARGAS SANTOS MENEGUELLI";"-2";"NAO SE APLICA";"SAQUE CASH/ATM BB";"25/01/2021";"1000,00"
"47000";"Ministério do Planejamento e Orçamento";"25205";"Fundação Instituto Brasileiro de Geografia e Estatística";"114608";"SUPERINTENDENCIA ESTADUAL DO IBGE NO MARANHAO";"2021";"02";"***.703.573-**";"LEONARDO MAGNO LEITE BRANDAO";"-2";"NAO SE APLICA";"SAQUE CASH/ATM BB";"22/01/2021";"880,00"
"47000";"Ministério do Planejamento e Orçamento";"25205";"Fundação Instituto Brasileiro de Geografia e Estatística";"114608";"SUPERINTENDENCIA ESTADUAL DO IBGE NO MARANHAO";"2021";"02";"***.703.573-**";"LEONARDO MAGNO LEITE BRANDAO";"-2";"NAO SE APLICA";"SAQUE CASH/ATM BB";"20/01/2021";"640,00"
"47000";"Ministério do Planejamento e Orçamento";"25205";"Fundação Instituto Brasileiro de Geografia e Estatística";"114608";"SUPERINTENDENCIA ESTADUAL DO IBGE NO MARANHAO";"2021";"02";"***.858.053-**";"MARIA DE JESUS GUIMARAES";"-2";"NAO SE APLICA";"SAQUE CASH/ATM BB";"25/01/2021";"60,00"
"47000";"Ministério do Planejamento e Orçamento";"25205";"Fundação Instituto Brasileiro de Geografia e Estatística";"114608";"SUPERINTENDENCIA ESTADUAL DO IBGE NO MARANHAO";"2021";"02";"***.657.553-**";"CLEBIO ROCHA MATOS";"-2";"NAO SE APLICA";"SAQUE CASH/ATM BB";"22/01/2021";"280,00"
"47000";"Ministério do Planejamento e Orçamento";"25205";"Fundação Instituto Brasileiro de Geografia e Estatística";"114608";"SUPERINTENDENCIA ESTADUAL DO IBGE NO MARANHAO";"2021";"02";"***.657.553-**";"CLEBIO ROCHA MATOS";"-2";"NAO SE APLICA";"SAQUE CASH/ATM BB";"21/01/2021";"1000,00"
"47000";"Ministério do Planejamento e Orçamento";"25205";"Fundação Instituto Brasileiro de Geografia e Estatística";"114608";"SUPERINTENDENCIA ESTADUAL DO IBGE NO MARANHAO";"2021";"02";"***.531.763-**";"LUIS EDUARDO MORAES DE ALBUQUERQUE";"-2";"NAO SE APLICA";"SAQUE CASH/ATM BB";"25/01/2021";"500,00"
"47000";"Ministério do Planejamento e Orçamento";"25205";"Fundação Instituto Brasileiro de Geografia e Estatística";"114608";"SUPERINTENDENCIA ESTADUAL DO IBGE NO MARANHAO";"2021";"02";"***.371.592-**";"JUAN ALVES ATAIDES";"-2";"NAO SE APLICA";"SAQUE CASH/ATM BB";"20/01/2021";"700,00"
"47000";"Ministério do Planejamento e Orçamento";"25205";"Fundação Instituto Brasileiro de Geografia e Estatística";"114608";"SUPERINTENDENCIA ESTADUAL DO IBGE NO MARANHAO";"2021";"02";"***.383.903-**";"WANDRESON VIANA DOS SANTOS";"-2";"NAO SE APLICA";"SAQUE CASH/ATM BB";"20/01/2021";"470,00"
"47000";"Ministério do Planejamento e Orçamento";"25205";"Fundação Instituto Brasileiro de Geografia e Estatística";"114606";"SUPERINTENDENCIA ESTADUAL DO IBGE NO PARA";"2021";"02";"***.309.712-**";"ANTONIO WIDENILSON SILVA DIAS";"-2";"NAO SE APLICA";"SAQUE CASH/ATM BB";"20/01/2021";"100,00"
"47000";"Ministério do Planejamento e Orçamento";"25205";"Fundação Instituto Brasileiro de Geografia e Estatística";"114606";"SUPERINTENDENCIA ESTADUAL DO IBGE NO PARA";"2021";"02";"***.309.712-**";"ANTONIO WIDENILSON SILVA DIAS";"-2";"NAO SE APLICA";"SAQUE CASH/ATM BB";"20/01/2021";"900,00"
"47000";"Ministério do Planejamento e Orçamento";"25205";"Fundação Instituto Brasileiro de Geografia e Estatística";"114606";"SUPERINTENDENCIA ESTADUAL DO IBGE NO PARA";"2021";"02";"***.816.272-**";"MELQUISANOR GONCALVES GESTER FILHO";"-2";"NAO SE APLICA";"SAQUE CASH/ATM BB";"25/01/2021";"500,00"
"47000";"Ministério do Planejamento e Orçamento";"25205";"Fundação Instituto Brasileiro de Geografia e Estatística";"114606";"SUPERINTENDENCIA ESTADUAL DO IBGE NO PARA";"2021";"02";"***.816.272-**";"MELQUISANOR GONCALVES GESTER FILHO";"-2";"NAO SE APLICA";"SAQUE CASH/ATM BB";"19/01/2021";"500,00"
"47000";"Ministério do Planejamento e Orçamento";"25205";"Fundação Instituto Brasileiro de Geografia e Estatística";"114606";"SUPERINTENDENCIA ESTADUAL DO IBGE NO PARA";"2021";"02";"***.366.648-**";"VALDIR BORGES DE OLIVEIRA";"-2";"NAO SE APLICA";"SAQUE CASH/ATM BB";"22/01/2021";"600,00"
"47000";"Ministério do Planejamento e Orçamento";"25205";"Fundação Instituto Brasileiro de Geografia e Estatística";"114606";"SUPERINTENDENCIA ESTADUAL DO IBGE NO PARA";"2021";"02";"***.366.648-**";"VALDIR BORGES DE OLIVEIRA";"-2";"NAO SE APLICA";"SAQUE CASH/ATM BB";"20/01/2021";"480,00"
"47000";"Ministério do Planejamento e Orçamento";"25205";"Fundação Instituto Brasileiro de Geografia e Estatística";"114606";"SUPERINTENDENCIA ESTADUAL DO IBGE NO PARA";"2021";"02";"***.366.648-**";"VALDIR BORGES DE OLIVEIRA";"-2";"NAO SE APLICA";"SAQUE CASH/ATM BB";"19/01/2021";"1000,00"
"47000";"Ministério do Planejamento e Orçamento";"25205";"Fundação Instituto Brasileiro de Geografia e Estatística";"114606";"SUPERINTENDENCIA ESTADUAL DO IBGE NO PARA";"2021";"02";"***.980.402-**";"WELLINGTON DENIS COSTA PEREIRA";"-2";"NAO SE APLICA";"SAQUE CASH/ATM BB";"20/01/2021";"900,00"
"47000";"Ministério do Planejamento e Orçamento";"25205";"Fundação Instituto Brasileiro de Geografia e Estatística";"114606";"SUPERINTENDENCIA ESTADUAL DO IBGE NO PARA";"2021";"02";"***.980.402-**";"WELLINGTON DENIS COSTA PEREIRA";"-2";"NAO SE APLICA";"SAQUE CASH/ATM BB";"19/01/2021";"1000,00"
"47000";"Ministério do Planejamento e Orçamento";"25205";"Fundação Instituto Brasileiro de Geografia e Estatística";"114606";"SUPERINTENDENCIA ESTADUAL DO IBGE NO PARA";"2021";"02";"***.143.952-**";"KESIA BOHRY MOSCHEN";"-2";"NAO SE APLICA";"SAQUE CASH/ATM BB";"20/01/2021";"900,00"
"47000";"Ministério do Planejamento e Orçamento";"25205";"Fundação Instituto Brasileiro de Geografia e Estatística";"114606";"SUPERINTENDENCIA ESTADUAL DO IBGE NO PARA";"2021";"02";"***.191.342-**";"TAINA SOUZA RAIOL";"-2";"NAO SE APLICA";"SAQUE CASH/ATM BB";"22/01/2021";"970,00"
"47000";"Ministério do Planejamento e Orçamento";"25205";"Fundação Instituto Brasileiro de Geografia e Estatística";"114606";"SUPERINTENDENCIA ESTADUAL DO IBGE NO PARA";"2021";"02";"***.191.342-**";"TAINA SOUZA RAIOL";"-2";"NAO SE APLICA";"SAQUE CASH/ATM BB";"20/01/2021";"1000,00"
"47000";"Ministério do Planejamento e Orçamento";"25205";"Fundação Instituto Brasileiro de Geografia e Estatística";"114606";"SUPERINTENDENCIA ESTADUAL DO IBGE NO PARA";"2021";"02";"***.191.342-**";"TAINA SOUZA RAIOL";"-2";"NAO SE APLICA";"SAQUE CASH/ATM BB";"19/01/2021";"1000,00"
"47000";"Ministério do Planejamento e Orçamento";"25205";"Fundação Instituto Brasileiro de Geografia e Estatística";"114606";"SUPERINTENDENCIA ESTADUAL DO IBGE NO PARA";"2021";"02";"***.880.522-**";"TIAGO DA SILVA DE OLIVEIRA";"-2";"NAO SE APLICA";"SAQUE CASH/ATM BB";"21/01/2021";"1000,00"
"47000";"Ministério do Planejamento e Orçamento";"25205";"Fundação Instituto Brasileiro de Geografia e Estatística";"114606";"SUPERINTENDENCIA ESTADUAL DO IBGE NO PARA";"2021";"02";"***.880.522-**";"TIAGO DA SILVA DE OLIVEIRA";"-2";"NAO SE APLICA";"SAQUE CASH/ATM BB";"20/01/2021";"200,00"
"47000";"Ministério do Planejamento e Orçamento";"25205";"Fundação Instituto Brasileiro de Geografia e Estatística";"114606";"SUPERINTENDENCIA ESTADUAL DO IBGE NO PARA";"2021";"02";"***.880.522-**";"TIAGO DA SILVA DE OLIVEIRA";"-2";"NAO SE APLICA";"SAQUE CASH/ATM BB";"19/01/2021";"1000,00"
"47000";"Ministério do Planejamento e Orçamento";"25205";"Fundação Instituto Brasileiro de Geografia e Estatística";"114606";"SUPERINTENDENCIA ESTADUAL DO IBGE NO PARA";"2021";"02";"***.309.712-**";"ANTONIO WIDENILSON SILVA DIAS";"-2";"NAO SE APLICA";"SAQUE CASH/ATM BB";"21/01/2021";"700,00"
"47000";"Ministério do Planejamento e Orçamento";"25205";"Fundação Instituto Brasileiro de Geografia e Estatística";"114609";"SUPERINTENDENCIA ESTADUAL DO IBGE NO PIAUI";"2021";"02";"***.284.623-**";"CARLOS FRANCISCO DE SOUSA";"-2";"NAO SE APLICA";"SAQUE CASH/ATM BB";"20/01/2021";"280,00"
"47000";"Ministério do Planejamento e Orçamento";"25205";"Fundação Instituto Brasileiro de Geografia e Estatística";"114609";"SUPERINTENDENCIA ESTADUAL DO IBGE NO PIAUI";"2021";"02";"***.143.773-**";"IZAEL CARLOS DA SILVA";"-2";"NAO SE APLICA";"SAQUE CASH/ATM BB";"19/01/2021";"260,00"
"47000";"Ministério do Planejamento e Orçamento";"25205";"Fundação Instituto Brasileiro de Geografia e Estatística";"114622";"SUPERINTENDENCIA ESTADUAL IBGE EM SAO PAULO";"2021";"02";"***.446.048-**";"ANDREA CRISTINA BERTI";"10573521000191";"MERCADO PAGO INSTITUICAO DE PAGAMENTO LTDA";"COMPRA A/V - R$ - APRES";"21/01/2021";"545,00"
"47000";"Ministério do Planejamento e Orçamento";"25205";"Fundação Instituto Brasileiro de Geografia e Estatística";"114622";"SUPERINTENDENCIA ESTADUAL IBGE EM SAO PAULO";"2021";"02";"***.782.698-**";"JOSE LUCAS DA SILVA BERGAMASCO";"10573521000191";"MERCADO PAGO INSTITUICAO DE PAGAMENTO LTDA";"COMPRA A/V - R$ - APRES";"19/01/2021";"195,80"
"47000";"Ministério do Planejamento e Orçamento";"25205";"Fundação Instituto Brasileiro de Geografia e Estatística";"114622";"SUPERINTENDENCIA ESTADUAL IBGE EM SAO PAULO";"2021";"02";"***.772.399-**";"EDUARDO VASCONCELOS GARCIA FRIGERIO";"10573521000191";"MERCADO PAGO INSTITUICAO DE PAGAMENTO LTDA";"COMPRA A/V - R$ - APRES";"19/01/2021";"220,00"
"47000";"Ministério do Planejamento e Orçamento";"25205";"Fundação Instituto Brasileiro de Geografia e Estatística";"114622";"SUPERINTENDENCIA ESTADUAL IBGE EM SAO PAULO";"2021";"02";"***.406.718-**";"RODRIGO CARLOS ROSA";"16668076000200";"SUMUP INSTITUICAO DE PAGAMENTO BRASIL LTDA";"COMPRA A/V - R$ - APRES";"21/01/2021";"272,00"
"47000";"Ministério do Planejamento e Orçamento";"25205";"Fundação Instituto Brasileiro de Geografia e Estatística";"114622";"SUPERINTENDENCIA ESTADUAL IBGE EM SAO PAULO";"2021";"02";"***.503.558-**";"BRUNO ALVES DE SOUZA";"23785806000138";"R P DA SILVA SERVICOS DE COLETA E ENTREGA RAPIDA";"COMPRA A/V - R$ - APRES";"25/01/2021";"270,00"
"47000";"Ministério do Planejamento e Orçamento";"25205";"Fundação Instituto Brasileiro de Geografia e Estatística";"114622";"SUPERINTENDENCIA ESTADUAL IBGE EM SAO PAULO";"2021";"02";"***.893.660-**";"BRUNA LOPES BECKER LORENTZ";"-2";"NAO SE APLICA";"SAQUE CASH/ATM BB";"25/01/2021";"260,00"
"47000";"Ministério do Planejamento e Orçamento";"25205";"Fundação Instituto Brasileiro de Geografia e Estatística";"114622";"SUPERINTENDENCIA ESTADUAL IBGE EM SAO PAULO";"2021";"02";"***.565.328-**";"LUIZ PAULO COSENTINO";"-2";"NAO SE APLICA";"SAQUE CASH/ATM BB";"19/01/2021";"600,00"
"47000";"Ministério do Planejamento e Orçamento";"25205";"Fundação Instituto Brasileiro de Geografia e Estatística";"114622";"SUPERINTENDENCIA ESTADUAL IBGE EM SAO PAULO";"2021";"02";"***.284.218-**";"MAISA VILLELA SANTOS REIS NOBREGA";"-2";"NAO SE APLICA";"SAQUE CASH/ATM BB";"19/01/2021";"230,00"
"47000";"Ministério do Planejamento e Orçamento";"25205";"Fundação Instituto Brasileiro de Geografia e Estatística";"114622";"SUPERINTENDENCIA ESTADUAL IBGE EM SAO PAULO";"2021";"02";"***.776.908-**";"MARCO AURELIO NEVES";"-2";"NAO SE APLICA";"SAQUE CASH/ATM BB";"20/01/2021";"150,00"
"47000";"Ministério do Planejamento e Orçamento";"25205";"Fundação Instituto Brasileiro de Geografia e Estatística";"114622";"SUPERINTENDENCIA ESTADUAL IBGE EM SAO PAULO";"2021";"02";"***.486.848-**";"CAROLINA DA COSTA ZIVIANI";"-2";"NAO SE APLICA";"SAQUE CASH/ATM BB";"20/01/2021";"900,00"
"47000";"Ministério do Planejamento e Orçamento";"25205";"Fundação Instituto Brasileiro de Geografia e Estatística";"114622";"SUPERINTENDENCIA ESTADUAL IBGE EM SAO PAULO";"2021";"02";"***.828.998-**";"VICTOR JOSE DO PATROCINIO GONCALVES DE SOUZA";"-2";"NAO SE APLICA";"SAQUE CASH/ATM BB";"20/01/2021";"300,00"
"47000";"Ministério do Planejamento e Orçamento";"25205";"Fundação Instituto Brasileiro de Geografia e Estatística";"114622";"SUPERINTENDENCIA ESTADUAL IBGE EM SAO PAULO";"2021";"02";"***.505.628-**";"VIKTOR ASCHERMANN";"-2";"NAO SE APLICA";"SAQUE CASH/ATM BB";"20/01/2021";"350,00"
"47000";"Ministério do Planejamento e Orçamento";"25205";"Fundação Instituto Brasileiro de Geografia e Estatística";"114622";"SUPERINTENDENCIA ESTADUAL IBGE EM SAO PAULO";"2021";"02";"***.802.578-**";"RODOLFO GIRADE";"-2";"NAO SE APLICA";"SAQUE CASH/ATM BB";"20/01/2021";"170,00"
"47000";"Ministério do Planejamento e Orçamento";"25205";"Fundação Instituto Brasileiro de Geografia e Estatística";"114622";"SUPERINTENDENCIA ESTADUAL IBGE EM SAO PAULO";"2021";"02";"***.579.828-**";"MARCELO DE SOUZA PRADO";"-2";"NAO SE APLICA";"SAQUE CASH/ATM BB";"19/01/2021";"600,00"
"47000";"Ministério do Planejamento e Orçamento";"25205";"Fundação Instituto Brasileiro de Geografia e Estatística";"114618";"SUPERINTENDENCIA ESTADUAL IBGE MINAS GERAIS";"2021";"02";"***.279.666-**";"PAULO HENRIQUE RODRIGUES";"-2";"NAO SE APLICA";"SAQUE CASH/ATM BB";"25/01/2021";"1000,00"
"47000";"Ministério do Planejamento e Orçamento";"25205";"Fundação Instituto Brasileiro de Geografia e Estatística";"114626";"SUPERINTENDENCIA ESTADUAL IBGE NO MATO GROSSO";"2021";"02";"***.044.971-**";"MARCELO MENDES MARQUES";"05877639000688";"TRANSRAPIDO SINAL VERDE LTDA EM RECUPERACAO JUDICIAL";"COMPRA A/V - R$ - APRES";"19/01/2021";"78,00"
"47000";"Ministério do Planejamento e Orçamento";"25205";"Fundação Instituto Brasileiro de Geografia e Estatística";"114614";"SUPERINTENDENCIA ESTADUAL IBGE PERNAMBUCO";"2021";"02";"***.561.604-**";"CLAUDIO CRISTHIANO BARBOSA DE LEMOS";"-2";"NAO SE APLICA";"SAQUE CASH/ATM BB";"20/01/2021";"550,00"
"47000";"Ministério do Planejamento e Orçamento";"25205";"Fundação Instituto Brasileiro de Geografia e Estatística";"114614";"SUPERINTENDENCIA ESTADUAL IBGE PERNAMBUCO";"2021";"02";"***.769.214-**";"HEITOR VITOR CHAVES GALINDO";"-2";"NAO SE APLICA";"SAQUE CASH/ATM BB";"19/01/2021";"250,00"
"40000";"Ministério do Trabalho e Emprego";"40000";"Ministério do Trabalho e Emprego - Unidades com vínculo direto";"170596";"SECRETARIA DO TRABALHO";"2021";"02";"***.546.111-**";"JOSE ROSA DA SILVA";"08735891000136";"POSTO MONUMENTO COMERCIO VAREJISTA DE COMBUSTIVEIS LTDA";"COMPRA A/V - R$ - APRES";"18/01/2021";"200,01"
"40000";"Ministério do Trabalho e Emprego";"40000";"Ministério do Trabalho e Emprego - Unidades com vínculo direto";"170596";"SECRETARIA DO TRABALHO";"2021";"02";"***.549.921-**";"JOSE ARI DE MORAIS";"33650301000110";"ML SOLUCOES DE VAREJO S.A";"COMPRA A/V - R$ - APRES";"25/01/2021";"770,00"
"40000";"Ministério do Trabalho e Emprego";"40000";"Ministério do Trabalho e Emprego - Unidades com vínculo direto";"170596";"SECRETARIA DO TRABALHO";"2021";"02";"***.549.921-**";"JOSE ARI DE MORAIS";"33650301000110";"ML SOLUCOES DE VAREJO S.A";"COMPRA A/V - R$ - APRES";"25/01/2021";"28,00"
"40000";"Ministério do Trabalho e Emprego";"40000";"Ministério do Trabalho e Emprego - Unidades com vínculo direto";"170596";"SECRETARIA DO TRABALHO";"2021";"02";"***.301.841-**";"ZELIO DONIZETE GOMES DOS PASSOS";"14876321000169";"SINAL VERDE COMERCIO E SERVICOS IMP. & EXP. LTDA";"COMPRA A/V - R$ - APRES";"21/01/2021";"620,00"
"40000";"Ministério do Trabalho e Emprego";"40000";"Ministério do Trabalho e Emprego - Unidades com vínculo direto";"170596";"SECRETARIA DO TRABALHO";"2021";"02";"***.301.841-**";"ZELIO DONIZETE GOMES DOS PASSOS";"05902762000105";"C A SOARES DA COSTA LTDA";"COMPRA A/V - R$ - APRES";"17/01/2021";"260,44"
"40000";"Ministério do Trabalho e Emprego";"40000";"Ministério do Trabalho e Emprego - Unidades com vínculo direto";"170596";"SECRETARIA DO TRABALHO";"2021";"02";"***.301.841-**";"ZELIO DONIZETE GOMES DOS PASSOS";"22611652000103";"REDE AMERICA DE COMBUSTIVEIS JK LTDA";"COMPRA A/V - R$ - APRES";"16/01/2021";"217,05"
"40000";"Ministério do Trabalho e Emprego";"40000";"Ministério do Trabalho e Emprego - Unidades com vínculo direto";"170596";"SECRETARIA DO TRABALHO";"2021";"02";"***.954.861-**";"DALVO DOS SANTOS";"37821721000172";"E D M - COMERCIO DE COMBUSTIVEIS E TRANSPORTES LTDA EM RECUPERACAO JUDICIAL";"COMPRA A/V - R$ - APRES";"20/01/2021";"92,80"
"40000";"Ministério do Trabalho e Emprego";"40000";"Ministério do Trabalho e Emprego - Unidades com vínculo direto";"170596";"SECRETARIA DO TRABALHO";"2021";"02";"***.954.861-**";"DALVO DOS SANTOS";"37821721000172";"E D M - COMERCIO DE COMBUSTIVEIS E TRANSPORTES LTDA EM RECUPERACAO JUDICIAL";"COMPRA A/V - R$ - APRES";"19/01/2021";"139,06"
"40000";"Ministério do Trabalho e Emprego";"40000";"Ministério do Trabalho e Emprego - Unidades com vínculo direto";"170596";"SECRETARIA DO TRABALHO";"2021";"02";"***.954.861-**";"DALVO DOS SANTOS";"37821721000172";"E D M - COMERCIO DE COMBUSTIVEIS E TRANSPORTES LTDA EM RECUPERACAO JUDICIAL";"COMPRA A/V - R$ - APRES";"17/01/2021";"161,59"
"40000";"Ministério do Trabalho e Emprego";"40000";"Ministério do Trabalho e Emprego - Unidades com vínculo direto";"170596";"SECRETARIA DO TRABALHO";"2021";"02";"***.546.111-**";"JOSE ROSA DA SILVA";"15226699000694";"SA NACIONAL PATRIMONIAL LTDA";"COMPRA A/V - R$ - APRES";"15/01/2021";"266,09"
"40000";"Ministério do Trabalho e Emprego";"40000";"Ministério do Trabalho e Emprego - Unidades com vínculo direto";"170596";"SECRETARIA DO TRABALHO";"2021";"02";"***.954.861-**";"DALVO DOS SANTOS";"26043277000195";"AUTO POSTO 108 LTDA";"COMPRA A/V - R$ - APRES";"15/01/2021";"201,55"
"40000";"Ministério do Trabalho e Emprego";"40000";"Ministério do Trabalho e Emprego - Unidades com vínculo direto";"170596";"SECRETARIA DO TRABALHO";"2021";"02";"***.549.921-**";"JOSE ARI DE MORAIS";"21552022000134";"SANTANA NEGOCIOS IMOBILIARIOS LTDA";"COMPRA A/V - R$ - APRES";"25/01/2021";"295,67"
"40000";"Ministério do Trabalho e Emprego";"40000";"Ministério do Trabalho e Emprego - Unidades com vínculo direto";"170596";"SECRETARIA DO TRABALHO";"2021";"02";"***.527.301-**";"ORLANDINO JOSE DA SILVA";"21552022000134";"SANTANA NEGOCIOS IMOBILIARIOS LTDA";"COMPRA A/V - R$ - APRES";"25/01/2021";"332,14"
"40000";"Ministério do Trabalho e Emprego";"40000";"Ministério do Trabalho e Emprego - Unidades com vínculo direto";"170596";"SECRETARIA DO TRABALHO";"2021";"02";"***.549.921-**";"JOSE ARI DE MORAIS";"04638723000171";"POSTO VALE DA LUA LTDA";"COMPRA A/V - R$ - APRES";"23/01/2021";"295,01"
"40000";"Ministério do Trabalho e Emprego";"40000";"Ministério do Trabalho e Emprego - Unidades com vínculo direto";"170596";"SECRETARIA DO TRABALHO";"2021";"02";"***.301.841-**";"ZELIO DONIZETE GOMES DOS PASSOS";"14191717000172";"PORTO ELETRODIESEL LTDA";"COMPRA A/V - R$ - APRES";"18/01/2021";"86,32"
"40000";"Ministério do Trabalho e Emprego";"40000";"Ministério do Trabalho e Emprego - Unidades com vínculo direto";"170596";"SECRETARIA DO TRABALHO";"2021";"02";"***.301.841-**";"ZELIO DONIZETE GOMES DOS PASSOS";"14191717000172";"PORTO ELETRODIESEL LTDA";"COMPRA A/V - R$ - APRES";"18/01/2021";"150,00"
"40000";"Ministério do Trabalho e Emprego";"40000";"Ministério do Trabalho e Emprego - Unidades com vínculo direto";"170596";"SECRETARIA DO TRABALHO";"2021";"02";"***.954.861-**";"DALVO DOS SANTOS";"14041601000157";"AUTO PECAS DUTRA E PEREIRA LTDA";"COMPRA A/V - R$ - APRES";"15/01/2021";"480,00"
"40000";"Ministério do Trabalho e Emprego";"40000";"Ministério do Trabalho e Emprego - Unidades com vínculo direto";"170596";"SECRETARIA DO TRABALHO";"2021";"02";"***.546.111-**";"JOSE ROSA DA SILVA";"00290060000196";"POSTO CENTRAL LTDA";"COMPRA A/V - R$ - APRES";"14/01/2021";"319,72"
"40000";"Ministério do Trabalho e Emprego";"40000";"Ministério do Trabalho e Emprego - Unidades com vínculo direto";"170596";"SECRETARIA DO TRABALHO";"2021";"02";"***.549.921-**";"JOSE ARI DE MORAIS";"37583432000182";"J RODRIGUES FERREIRA & CIA LIMITADA";"COMPRA A/V - R$ - APRES";"23/01/2021";"252,02"
"40000";"Ministério do Trabalho e Emprego";"40000";"Ministério do Trabalho e Emprego - Unidades com vínculo direto";"170596";"SECRETARIA DO TRABALHO";"2021";"02";"***.549.921-**";"JOSE ARI DE MORAIS";"10456740000190";"ARAUJO COMERCIO DE COMBUSTIVEIS LTDA";"COMPRA A/V - R$ - APRES";"25/01/2021";"89,88"
"40000";"Ministério do Trabalho e Emprego";"40000";"Ministério do Trabalho e Emprego - Unidades com vínculo direto";"170596";"SECRETARIA DO TRABALHO";"2021";"02";"***.527.301-**";"ORLANDINO JOSE DA SILVA";"10456740000190";"ARAUJO COMERCIO DE COMBUSTIVEIS LTDA";"COMPRA A/V - R$ - APRES";"24/01/2021";"209,11"
"40000";"Ministério do Trabalho e Emprego";"40000";"Ministério do Trabalho e Emprego - Unidades com vínculo direto";"170596";"SECRETARIA DO TRABALHO";"2021";"02";"***.527.301-**";"ORLANDINO JOSE DA SILVA";"10456740000190";"ARAUJO COMERCIO DE COMBUSTIVEIS LTDA";"COMPRA A/V - R$ - APRES";"24/01/2021";"265,09"
"40000";"Ministério do Trabalho e Emprego";"40000";"Ministério do Trabalho e Emprego - Unidades com vínculo direto";"170596";"SECRETARIA DO TRABALHO";"2021";"02";"***.527.301-**";"ORLANDINO JOSE DA SILVA";"10456740000190";"ARAUJO COMERCIO DE COMBUSTIVEIS LTDA";"COMPRA A/V - R$ - APRES";"24/01/2021";"304,04"
"40000";"Ministério do Trabalho e Emprego";"40000";"Ministério do Trabalho e Emprego - Unidades com vínculo direto";"170596";"SECRETARIA DO TRABALHO";"2021";"02";"***.504.900-**";"JOAO PAULO CADORE FLORES";"14673010000283";"MMJR EMPREENDIMENTOS LTDA";"COMPRA A/V - R$ - APRES";"20/01/2021";"85,97"
"40000";"Ministério do Trabalho e Emprego";"40000";"Ministério do Trabalho e Emprego - Unidades com vínculo direto";"170596";"SECRETARIA DO TRABALHO";"2021";"02";"***.301.841-**";"ZELIO DONIZETE GOMES DOS PASSOS";"19791528000154";"PETROLUZ BANDEIRANTES AUTO POSTO LTDA";"COMPRA A/V - R$ - APRES";"16/01/2021";"207,69"
"40000";"Ministério do Trabalho e Emprego";"40000";"Ministério do Trabalho e Emprego - Unidades com vínculo direto";"170596";"SECRETARIA DO TRABALHO";"2021";"02";"***.546.111-**";"JOSE ROSA DA SILVA";"15654957000129";"AUTO POSTO SAO FRANCISCO LTDA";"COMPRA A/V - R$ - APRES";"15/01/2021";"190,02"
"40000";"Ministério do Trabalho e Emprego";"40000";"Ministério do Trabalho e Emprego - Unidades com vínculo direto";"170596";"SECRETARIA DO TRABALHO";"2021";"02";"***.546.111-**";"JOSE ROSA DA SILVA";"29043603000152";"EDER JOSE GUEDES ABREU";"COMPRA A/V - R$ - APRES";"26/01/2021";"100,00"
"40000";"Ministério do Trabalho e Emprego";"40000";"Ministério do Trabalho e Emprego - Unidades com vínculo direto";"170596";"SECRETARIA DO TRABALHO";"2021";"02";"***.527.301-**";"ORLANDINO JOSE DA SILVA";"06985134000195";"REDE DITO-COMERCIO DE COMBUSTIVEIS E DERIVADOS DE PETROLEO LTDA";"COMPRA A/V - R$ - APRES";"23/01/2021";"230,02"
"40000";"Ministério do Trabalho e Emprego";"40000";"Ministério do Trabalho e Emprego - Unidades com vínculo direto";"170596";"SECRETARIA DO TRABALHO";"2021";"02";"***.546.111-**";"JOSE ROSA DA SILVA";"06099708000470";"A. SOUZA FECHINE & CIA LTDA";"COMPRA A/V - R$ - APRES";"26/01/2021";"289,42"
"40000";"Ministério do Trabalho e Emprego";"40000";"Ministério do Trabalho e Emprego - Unidades com vínculo direto";"170596";"SECRETARIA DO TRABALHO";"2021";"02";"***.546.111-**";"JOSE ROSA DA SILVA";"06099708000470";"A. SOUZA FECHINE & CIA LTDA";"COMPRA A/V - R$ - APRES";"25/01/2021";"250,01"
"40000";"Ministério do Trabalho e Emprego";"40000";"Ministério do Trabalho e Emprego - Unidades com vínculo direto";"170596";"SECRETARIA DO TRABALHO";"2021";"02";"***.546.111-**";"JOSE ROSA DA SILVA";"06099708000470";"A. SOUZA FECHINE & CIA LTDA";"COMPRA A/V - R$ - APRES";"21/01/2021";"164,23"
"40000";"Ministério do Trabalho e Emprego";"40000";"Ministério do Trabalho e Emprego - Unidades com vínculo direto";"170596";"SECRETARIA DO TRABALHO";"2021";"02";"***.546.111-**";"JOSE ROSA DA SILVA";"06099708000470";"A. SOUZA FECHINE & CIA LTDA";"COMPRA A/V - R$ - APRES";"21/01/2021";"140,00"
"40000";"Ministério do Trabalho e Emprego";"40000";"Ministério do Trabalho e Emprego - Unidades com vínculo direto";"170596";"SECRETARIA DO TRABALHO";"2021";"02";"***.546.111-**";"JOSE ROSA DA SILVA";"06099708000470";"A. SOUZA FECHINE & CIA LTDA";"COMPRA A/V - R$ - APRES";"19/01/2021";"153,00"
"40000";"Ministério do Trabalho e Emprego";"40000";"Ministério do Trabalho e Emprego - Unidades com vínculo direto";"170596";"SECRETARIA DO TRABALHO";"2021";"02";"***.546.111-**";"JOSE ROSA DA SILVA";"06099708000470";"A. SOUZA FECHINE & CIA LTDA";"COMPRA A/V - R$ - APRES";"19/01/2021";"123,44"
"40000";"Ministério do Trabalho e Emprego";"40000";"Ministério do Trabalho e Emprego - Unidades com vínculo direto";"170596";"SECRETARIA DO TRABALHO";"2021";"02";"***.527.301-**";"ORLANDINO JOSE DA SILVA";"07564733000106";"MARABA IMPORT COMERCIO DE PECAS E SERVICOS LTDA";"COMPRA A/V - R$ - APRES";"25/01/2021";"170,00"
"40000";"Ministério do Trabalho e Emprego";"40000";"Ministério do Trabalho e Emprego - Unidades com vínculo direto";"170596";"SECRETARIA DO TRABALHO";"2021";"02";"***.954.861-**";"DALVO DOS SANTOS";"77708576000566";"COMERCIAL DE COMBUSTIVEIS ADECREOL LTDA";"COMPRA A/V - R$ - APRES";"16/01/2021";"214,41"
"40000";"Ministério do Trabalho e Emprego";"40000";"Ministério do Trabalho e Emprego - Unidades com vínculo direto";"170596";"SECRETARIA DO TRABALHO";"2021";"02";"***.861.705-**";"ANDRE WAGNER DOURADO SANTOS";"-2";"NAO SE APLICA";"SAQUE CASH/ATM BB";"18/01/2021";"1000,00"
"40000";"Ministério do Trabalho e Emprego";"40000";"Ministério do Trabalho e Emprego - Unidades com vínculo direto";"170596";"SECRETARIA DO TRABALHO";"2021";"02";"***.861.705-**";"ANDRE WAGNER DOURADO SANTOS";"-2";"NAO SE APLICA";"SAQUE CASH/ATM BB";"18/01/2021";"1000,00"
"40000";"Ministério do Trabalho e Emprego";"40000";"Ministério do Trabalho e Emprego - Unidades com vínculo direto";"170596";"SECRETARIA DO TRABALHO";"2021";"02";"***.954.861-**";"DALVO DOS SANTOS";"-2";"NAO SE APLICA";"SAQUE CASH/ATM BB";"18/01/2021";"300,00"
"40000";"Ministério do Trabalho e Emprego";"40000";"Ministério do Trabalho e Emprego - Unidades com vínculo direto";"170596";"SECRETARIA DO TRABALHO";"2021";"02";"***.301.841-**";"ZELIO DONIZETE GOMES DOS PASSOS";"20220198000207";"AUTO POSTO PROGRESSO LTDA";"COMPRA A/V - R$ - APRES";"18/01/2021";"150,00"
"40000";"Ministério do Trabalho e Emprego";"40000";"Ministério do Trabalho e Emprego - Unidades com vínculo direto";"170596";"SECRETARIA DO TRABALHO";"2021";"02";"***.301.841-**";"ZELIO DONIZETE GOMES DOS PASSOS";"04045191000169";"POSTO TRIANGULO LTDA";"COMPRA A/V - R$ - APRES";"23/01/2021";"191,26"
"40000";"Ministério do Trabalho e Emprego";"40000";"Ministério do Trabalho e Emprego - Unidades com vínculo direto";"170596";"SECRETARIA DO TRABALHO";"2021";"02";"***.301.841-**";"ZELIO DONIZETE GOMES DOS PASSOS";"04045191000169";"POSTO TRIANGULO LTDA";"COMPRA A/V - R$ - APRES";"21/01/2021";"193,00"
"40000";"Ministério do Trabalho e Emprego";"40000";"Ministério do Trabalho e Emprego - Unidades com vínculo direto";"170596";"SECRETARIA DO TRABALHO";"2021";"02";"***.301.841-**";"ZELIO DONIZETE GOMES DOS PASSOS";"04045191000169";"POSTO TRIANGULO LTDA";"COMPRA A/V - R$ - APRES";"19/01/2021";"260,76"
"40000";"Ministério do Trabalho e Emprego";"40000";"Ministério do Trabalho e Emprego - Unidades com vínculo direto";"170596";"SECRETARIA DO TRABALHO";"2021";"02";"***.301.841-**";"ZELIO DONIZETE GOMES DOS PASSOS";"10213890000173";"RONDOBRAS AUTO PECAS IMP. E EXP. LTDA";"COMPRA A/V - R$ - APRES";"26/01/2021";"104,50"
"40000";"Ministério do Trabalho e Emprego";"40000";"Ministério do Trabalho e Emprego - Unidades com vínculo direto";"170596";"SECRETARIA DO TRABALHO";"2021";"02";"***.301.841-**";"ZELIO DONIZETE GOMES DOS PASSOS";"36834729000100";"GERA FABRIL SERVICOS LTDA";"COMPRA A/V - R$ - APRES";"15/01/2021";"301,55"
"40000";"Ministério do Trabalho e Emprego";"40000";"Ministério do Trabalho e Emprego - Unidades com vínculo direto";"170596";"SECRETARIA DO TRABALHO";"2021";"02";"***.546.111-**";"JOSE ROSA DA SILVA";"08735891000136";"POSTO MONUMENTO COMERCIO VAREJISTA DE COMBUSTIVEIS LTDA";"COMPRA A/V - R$ - APRES";"18/01/2021";"265,47"
"40000";"Ministério do Trabalho e Emprego";"40000";"Ministério do Trabalho e Emprego - Unidades com vínculo direto";"170596";"SECRETARIA DO TRABALHO";"2021";"02";"***.546.111-**";"JOSE ROSA DA SILVA";"08797573000108";"PATAMUTE COMERCIO DE COMBUSTIVEL LTDA";"COMPRA A/V - R$ - APRES";"16/01/2021";"247,98"
"40000";"Ministério do Trabalho e Emprego";"40000";"Ministério do Trabalho e Emprego - Unidades com vínculo direto";"170596";"SECRETARIA DO TRABALHO";"2021";"02";"***.301.841-**";"ZELIO DONIZETE GOMES DOS PASSOS";"02896716000144";"D. E. CERUTTI & CIA LTDA";"COMPRA A/V - R$ - APRES";"16/01/2021";"348,44"
"40000";"Ministério do Trabalho e Emprego";"40000";"Ministério do Trabalho e Emprego - Unidades com vínculo direto";"170596";"SECRETARIA DO TRABALHO";"2021";"02";"***.546.111-**";"JOSE ROSA DA SILVA";"11457340000162";"DOURADO CONVENIENCIA LTDA";"COMPRA A/V - R$ - APRES";"16/01/2021";"255,02"
"38000";"Ministério do Trabalho e Emprego";"38000";"Ministério do Trabalho e Emprego - Unidades com vínculo direto";"380037";"SUPERINT REG DO TRAB E EMPREGO/GO";"2021";"02";"***.629.031-**";"JOSIMAR GOMES DE OLIVEIRA";"31747832000108";"REDE PARCEIRAO PETROLEO E CIA LTDA";"COMPRA A/V - R$ - APRES";"18/01/2021";"250,02"
"38000";"Ministério do Trabalho e Emprego";"38000";"Ministério do Trabalho e Emprego - Unidades com vínculo direto";"380037";"SUPERINT REG DO TRAB E EMPREGO/GO";"2021";"02";"***.629.031-**";"JOSIMAR GOMES DE OLIVEIRA";"05836486000116";"VIOLETA VI AUTO POSTO LTDA";"COMPRA A/V - R$ - APRES";"22/01/2021";"136,00"
"38000";"Ministério do Trabalho e Emprego";"38000";"Ministério do Trabalho e Emprego - Unidades com vínculo direto";"380037";"SUPERINT REG DO TRAB E EMPREGO/GO";"2021";"02";"***.629.031-**";"JOSIMAR GOMES DE OLIVEIRA";"05836486000116";"VIOLETA VI AUTO POSTO LTDA";"COMPRA A/V - R$ - APRES";"20/01/2021";"150,00"
"38000";"Ministério do Trabalho e Emprego";"38000";"Ministério do Trabalho e Emprego - Unidades com vínculo direto";"380037";"SUPERINT REG DO TRAB E EMPREGO/GO";"2021";"02";"***.629.031-**";"JOSIMAR GOMES DE OLIVEIRA";"05836486000116";"VIOLETA VI AUTO POSTO LTDA";"COMPRA A/V - R$ - APRES";"19/01/2021";"96,50"
"38000";"Ministério do Trabalho e Emprego";"38000";"Ministério do Trabalho e Emprego - Unidades com vínculo direto";"380037";"SUPERINT REG DO TRAB E EMPREGO/GO";"2021";"02";"***.629.031-**";"JOSIMAR GOMES DE OLIVEIRA";"27547510000130";"STONE PAY MEIOS DE PAGAMENTO LTDA";"COMPRA A/V - R$ - APRES";"26/01/2021";"149,99"
"81000";"Ministério dos Direitos Humanos e Cidadania";"81000";"Ministério dos Direitos Humanos e Cidadania - Unidades com vínculo direto";"810005";"COORDENACAO-GERAL DE LOGISTICA - MDHC";"2021";"02";"***.325.521-**";"JOSE LUIZ DE ALMEIDA LIMA";"05462543000144";"EASYTECH TECNOLOGIA COMERCIO E SERVICOS LTDA";"COMPRA A/V - R$ - APRES";"04/01/2021";"1033,60"
"39000";"Ministério dos Transportes";"39250";"Agência Nacional de Transportes Terrestres";"393091";"UNIDADE REGIONAL DO MARANHAO - ANTT";"2021";"02";"***.174.113-**";"ROBERTO CUNHA TRINDADE";"03995515003930";"MATEUS SUPERMERCADOS S.A.";"COMPRA A/V - R$ - APRES";"25/01/2021";"299,50"
"39000";"Ministério dos Transportes";"39250";"Agência Nacional de Transportes Terrestres";"393092";"UNIDADE REGIONAL DO RIO GRANDE DO SUL - ANTT";"2021";"02";"***.566.769-**";"ANA CAROLINA MACEDO LUBCKE";"24132194000228";"AMF COMERCIO VAREJISTA DE BEBIDAS E PRODUTOS ALIMENTICIOS LTDA";"COMPRA A/V - R$ - APRES";"15/01/2021";"32,50"
"39000";"Ministério dos Transportes";"39253";"Empresa de Planejamento e Logística S.A.";"395001";"EMPRESA DE PLANEJAMENTO E LOGISTICA S.A - EPL";"2021";"02";"***.792.371-**";"ANA LILIA LIMA DOS SANTOS";"37947653000192";"RM PANIFICADORA E COMERCIO DE ALIMENTOS LTDA";"COMPRA A/V - R$ - APRES";"22/01/2021";"70,43"
"20000";"Presidência da República";"20415";"Empresa Brasil de Comunicação";"115406";"EMPRESA BRASIL DE COMUNICACAO S.A";"2021";"02";"***.131.268-**";"GEISA DANIELE LIMA BRAZ";"40298007000156";"A&R SERVICOS DE QUADROS LTDA";"COMPRA A/V - R$ - APRES";"21/01/2021";"800,00"
"20000";"Presidência da República";"20415";"Empresa Brasil de Comunicação";"115406";"EMPRESA BRASIL DE COMUNICACAO S.A";"2021";"02";"***.131.268-**";"GEISA DANIELE LIMA BRAZ";"40298007000156";"A&R SERVICOS DE QUADROS LTDA";"COMPRA A/V - R$ - APRES";"21/01/2021";"75,00"
"20000";"Presidência da República";"20415";"Empresa Brasil de Comunicação";"115406";"EMPRESA BRASIL DE COMUNICACAO S.A";"2021";"02";"***.131.268-**";"GEISA DANIELE LIMA BRAZ";"30673522000115";"PAPERCUTE SERVICOS LTDA";"COMPRA A/V - R$ - APRES";"20/01/2021";"56,00"
"20000";"Presidência da República";"60000";"Gabinete da Vice-Presidência da República";"110101";"GABINETE DA VICE-PRESIDENCIA DA REPUBLICA";"2021";"02";"";"Sigiloso";"-11";"Sigiloso";"Informações protegidas por sigilo";"";"1453,17"
"20000";"Presidência da República";"60000";"Gabinete da Vice-Presidência da República";"110101";"GABINETE DA VICE-PRESIDENCIA DA REPUBLICA";"2021";"02";"";"Sigiloso";"-11";"Sigiloso";"Informações protegidas por sigilo";"";"265,63"
"20000";"Presidência da República";"60000";"Gabinete da Vice-Presidência da República";"110101";"GABINETE DA VICE-PRESIDENCIA DA REPUBLICA";"2021";"02";"";"Sigiloso";"-11";"Sigiloso";"Informações protegidas por sigilo";"";"840,20"
"20000";"Presidência da República";"60000";"Gabinete da Vice-Presidência da República";"110101";"GABINETE DA VICE-PRESIDENCIA DA REPUBLICA";"2021";"02";"";"Sigiloso";"-11";"Sigiloso";"Informações protegidas por sigilo";"";"900,29"
"20000";"Presidência da República";"60000";"Gabinete da Vice-Presidência da República";"110101";"GABINETE DA VICE-PRESIDENCIA DA REPUBLICA";"2021";"02";"";"Sigiloso";"-11";"Sigiloso";"Informações protegidas por sigilo";"";"559,14"
"20000";"Presidência da República";"60000";"Gabinete da Vice-Presidência da República";"110101";"GABINETE DA VICE-PRESIDENCIA DA REPUBLICA";"2021";"02";"";"Sigiloso";"-11";"Sigiloso";"Informações protegidas por sigilo";"";"306,81"
"20000";"Presidência da República";"60000";"Gabinete da Vice-Presidência da República";"110101";"GABINETE DA VICE-PRESIDENCIA DA REPUBLICA";"2021";"02";"";"Sigiloso";"-11";"Sigiloso";"Informações protegidas por sigilo";"";"2000,00"
"20000";"Presidência da República";"60000";"Gabinete da Vice-Presidência da República";"110101";"GABINETE DA VICE-PRESIDENCIA DA REPUBLICA";"2021";"02";"";"Sigiloso";"-11";"Sigiloso";"Informações protegidas por sigilo";"";"980,00"
"20000";"Presidência da República";"60000";"Gabinete da Vice-Presidência da República";"110101";"GABINETE DA VICE-PRESIDENCIA DA REPUBLICA";"2021";"02";"";"Sigiloso";"-11";"Sigiloso";"Informações protegidas por sigilo";"";"450,45"
"20000";"Presidência da República";"60000";"Gabinete da Vice-Presidência da República";"110101";"GABINETE DA VICE-PRESIDENCIA DA REPUBLICA";"2021";"02";"";"Sigiloso";"-11";"Sigiloso";"Informações protegidas por sigilo";"";"609,44"
"20000";"Presidência da República";"60000";"Gabinete da Vice-Presidência da República";"110101";"GABINETE DA VICE-PRESIDENCIA DA REPUBLICA";"2021";"02";"";"Sigiloso";"-11";"Sigiloso";"Informações protegidas por sigilo";"";"442,71"
"20000";"Presidência da República";"60000";"Gabinete da Vice-Presidência da República";"110101";"GABINETE DA VICE-PRESIDENCIA DA REPUBLICA";"2021";"02";"";"Sigiloso";"-11";"Sigiloso";"Informações protegidas por sigilo";"";"1125,33"
"20000";"Presidência da República";"60000";"Gabinete da Vice-Presidência da República";"110101";"GABINETE DA VICE-PRESIDENCIA DA REPUBLICA";"2021";"02";"";"Sigiloso";"-11";"Sigiloso";"Informações protegidas por sigilo";"";"1265,56"
"20000";"Presidência da República";"60000";"Gabinete da Vice-Presidência da República";"110101";"GABINETE DA VICE-PRESIDENCIA DA REPUBLICA";"2021";"02";"";"Sigiloso";"-11";"Sigiloso";"Informações protegidas por sigilo";"";"886,01"
"20000";"Presidência da República";"60000";"Gabinete da Vice-Presidência da República";"110101";"GABINETE DA VICE-PRESIDENCIA DA REPUBLICA";"2021";"02";"";"Sigiloso";"-11";"Sigiloso";"Informações protegidas por sigilo";"";"371,53"
"20000";"Presidência da República";"60000";"Gabinete da Vice-Presidência da República";"110101";"GABINETE DA VICE-PRESIDENCIA DA REPUBLICA";"2021";"02";"";"Sigiloso";"-11";"Sigiloso";"Informações protegidas por sigilo";"";"1496,80"
"20000";"Presidência da República";"60000";"Gabinete da Vice-Presidência da República";"110101";"GABINETE DA VICE-PRESIDENCIA DA REPUBLICA";"2021";"02";"";"Sigiloso";"-11";"Sigiloso";"Informações protegidas por sigilo";"";"1585,38"
"20000";"Presidência da República";"60000";"Gabinete da Vice-Presidência da República";"110101";"GABINETE DA VICE-PRESIDENCIA DA REPUBLICA";"2021";"02";"";"Sigiloso";"-11";"Sigiloso";"Informações protegidas por sigilo";"";"748,80"
"20000";"Presidência da República";"60000";"Gabinete da Vice-Presidência da República";"110101";"GABINETE DA VICE-PRESIDENCIA DA REPUBLICA";"2021";"02";"";"Sigiloso";"-11";"Sigiloso";"Informações protegidas por sigilo";"";"83,11"
"20000";"Presidência da República";"60000";"Gabinete da Vice-Presidência da República";"110101";"GABINETE DA VICE-PRESIDENCIA DA REPUBLICA";"2021";"02";"";"Sigiloso";"-11";"Sigiloso";"Informações protegidas por sigilo";"";"959,75"
"20000";"Presidência da República";"60000";"Gabinete da Vice-Presidência da República";"110101";"GABINETE DA VICE-PRESIDENCIA DA REPUBLICA";"2021";"02";"";"Sigiloso";"-11";"Sigiloso";"Informações protegidas por sigilo";"";"1434,35"
"20000";"Presidência da República";"60000";"Gabinete da Vice-Presidência da República";"110101";"GABINETE DA VICE-PRESIDENCIA DA REPUBLICA";"2021";"02";"";"Sigiloso";"-11";"Sigiloso";"Informações protegidas por sigilo";"";"44,65"
"20000";"Presidência da República";"60000";"Gabinete da Vice-Presidência da República";"110101";"GABINETE DA VICE-PRESIDENCIA DA REPUBLICA";"2021";"02";"";"Sigiloso";"-11";"Sigiloso";"Informações protegidas por sigilo";"";"207,00"
"20000";"Presidência da República";"60000";"Gabinete da Vice-Presidência da República";"110101";"GABINETE DA VICE-PRESIDENCIA DA REPUBLICA";"2021";"02";"";"Sigiloso";"-11";"Sigiloso";"Informações protegidas por sigilo";"";"562,26"
"20000";"Presidência da República";"60000";"Gabinete da Vice-Presidência da República";"110101";"GABINETE DA VICE-PRESIDENCIA DA REPUBLICA";"2021";"02";"";"Sigiloso";"-11";"Sigiloso";"Informações protegidas por sigilo";"";"514,46"
"20000";"Presidência da República";"60000";"Gabinete da Vice-Presidência da República";"110101";"GABINETE DA VICE-PRESIDENCIA DA REPUBLICA";"2021";"02";"";"Sigiloso";"-11";"Sigiloso";"Informações protegidas por sigilo";"";"456,66"
"20000";"Presidência da República";"60000";"Gabinete da Vice-Presidência da República";"110101";"GABINETE DA VICE-PRESIDENCIA DA REPUBLICA";"2021";"02";"";"Sigiloso";"-11";"Sigiloso";"Informações protegidas por sigilo";"";"402,95"
"20000";"Presidência da República";"60000";"Gabinete da Vice-Presidência da República";"110101";"GABINETE DA VICE-PRESIDENCIA DA REPUBLICA";"2021";"02";"";"Sigiloso";"-11";"Sigiloso";"Informações protegidas por sigilo";"";"266,33"
"20000";"Presidência da República";"60000";"Gabinete da Vice-Presidência da República";"110101";"GABINETE DA VICE-PRESIDENCIA DA REPUBLICA";"2021";"02";"";"Sigiloso";"-11";"Sigiloso";"Informações protegidas por sigilo";"";"170,82"
"20000";"Presidência da República";"60000";"Gabinete da Vice-Presidência da República";"110101";"GABINETE DA VICE-PRESIDENCIA DA REPUBLICA";"2021";"02";"";"Sigiloso";"-11";"Sigiloso";"Informações protegidas por sigilo";"";"314,75"
"20000";"Presidência da República";"60000";"Gabinete da Vice-Presidência da República";"110101";"GABINETE DA VICE-PRESIDENCIA DA REPUBLICA";"2021";"02";"";"Sigiloso";"-11";"Sigiloso";"Informações protegidas por sigilo";"";"282,45"
"20000";"Presidência da República";"60000";"Gabinete da Vice-Presidência da República";"110101";"GABINETE DA VICE-PRESIDENCIA DA REPUBLICA";"2021";"02";"";"Sigiloso";"-11";"Sigiloso";"Informações protegidas por sigilo";"";"497,57"
"20000";"Presidência da República";"60000";"Gabinete da Vice-Presidência da República";"110101";"GABINETE DA VICE-PRESIDENCIA DA REPUBLICA";"2021";"02";"";"Sigiloso";"-11";"Sigiloso";"Informações protegidas por sigilo";"";"36,82"
"20000";"Presidência da República";"60000";"Gabinete da Vice-Presidência da República";"110101";"GABINETE DA VICE-PRESIDENCIA DA REPUBLICA";"2021";"02";"";"Sigiloso";"-11";"Sigiloso";"Informações protegidas por sigilo";"";"955,74"
"20000";"Presidência da República";"60000";"Gabinete da Vice-Presidência da República";"110101";"GABINETE DA VICE-PRESIDENCIA DA REPUBLICA";"2021";"02";"";"Sigiloso";"-11";"Sigiloso";"Informações protegidas por sigilo";"";"858,39"
"20000";"Presidência da República";"60000";"Gabinete da Vice-Presidência da República";"110101";"GABINETE DA VICE-PRESIDENCIA DA REPUBLICA";"2021";"02";"";"Sigiloso";"-11";"Sigiloso";"Informações protegidas por sigilo";"";"1889,78"
"20000";"Presidência da República";"60000";"Gabinete da Vice-Presidência da República";"110101";"GABINETE DA VICE-PRESIDENCIA DA REPUBLICA";"2021";"02";"";"Sigiloso";"-11";"Sigiloso";"Informações protegidas por sigilo";"";"679,65"
"20000";"Presidência da República";"60000";"Gabinete da Vice-Presidência da República";"110101";"GABINETE DA VICE-PRESIDENCIA DA REPUBLICA";"2021";"02";"";"Sigiloso";"-11";"Sigiloso";"Informações protegidas por sigilo";"";"1553,15"
"20000";"Presidência da República";"60000";"Gabinete da Vice-Presidência da República";"110101";"GABINETE DA VICE-PRESIDENCIA DA REPUBLICA";"2021";"02";"";"Sigiloso";"-11";"Sigiloso";"Informações protegidas por sigilo";"";"1511,83"
"20000";"Presidência da República";"60000";"Gabinete da Vice-Presidência da República";"110101";"GABINETE DA VICE-PRESIDENCIA DA REPUBLICA";"2021";"02";"";"Sigiloso";"-11";"Sigiloso";"Informações protegidas por sigilo";"";"759,00"
"20000";"Presidência da República";"60000";"Gabinete da Vice-Presidência da República";"110101";"GABINETE DA VICE-PRESIDENCIA DA REPUBLICA";"2021";"02";"";"Sigiloso";"-11";"Sigiloso";"Informações protegidas por sigilo";"";"1928,97"
"20000";"Presidência da República";"60000";"Gabinete da Vice-Presidência da República";"110101";"GABINETE DA VICE-PRESIDENCIA DA REPUBLICA";"2021";"02";"";"Sigiloso";"-11";"Sigiloso";"Informações protegidas por sigilo";"";"282,44"
"20000";"Presidência da República";"60000";"Gabinete da Vice-Presidência da República";"110101";"GABINETE DA VICE-PRESIDENCIA DA REPUBLICA";"2021";"02";"";"Sigiloso";"-11";"Sigiloso";"Informações protegidas por sigilo";"";"58,36"
"20000";"Presidência da República";"60000";"Gabinete da Vice-Presidência da República";"110101";"GABINETE DA VICE-PRESIDENCIA DA REPUBLICA";"2021";"02";"";"Sigiloso";"-11";"Sigiloso";"Informações protegidas por sigilo";"";"736,57"
"20000";"Presidência da República";"60000";"Gabinete da Vice-Presidência da República";"110101";"GABINETE DA VICE-PRESIDENCIA DA REPUBLICA";"2021";"02";"";"Sigiloso";"-11";"Sigiloso";"Informações protegidas por sigilo";"";"1488,22"
"20000";"Presidência da República";"60000";"Gabinete da Vice-Presidência da República";"110101";"GABINETE DA VICE-PRESIDENCIA DA REPUBLICA";"2021";"02";"";"Sigiloso";"-11";"Sigiloso";"Informações protegidas por sigilo";"";"127,57"
"20000";"Presidência da República";"60000";"Gabinete da Vice-Presidência da República";"110101";"GABINETE DA VICE-PRESIDENCIA DA REPUBLICA";"2021";"02";"";"Sigiloso";"-11";"Sigiloso";"Informações protegidas por sigilo";"";"8,00"
"20000";"Presidência da República";"60000";"Gabinete da Vice-Presidência da República";"110101";"GABINETE DA VICE-PRESIDENCIA DA REPUBLICA";"2021";"02";"";"Sigiloso";"-11";"Sigiloso";"Informações protegidas por sigilo";"";"300,00"
"20000";"Presidência da República";"60000";"Gabinete da Vice-Presidência da República";"110101";"GABINETE DA VICE-PRESIDENCIA DA REPUBLICA";"2021";"02";"";"Sigiloso";"-11";"Sigiloso";"Informações protegidas por sigilo";"";"413,15"
"20000";"Presidência da República";"60000";"Gabinete da Vice-Presidência da República";"110101";"GABINETE DA VICE-PRESIDENCIA DA REPUBLICA";"2021";"02";"";"Sigiloso";"-11";"Sigiloso";"Informações protegidas por sigilo";"";"527,67"
"20000";"Presidência da República";"60000";"Gabinete da Vice-Presidência da República";"110101";"GABINETE DA VICE-PRESIDENCIA DA REPUBLICA";"2021";"02";"";"Sigiloso";"-11";"Sigiloso";"Informações protegidas por sigilo";"";"867,64"
"20000";"Presidência da República";"60000";"Gabinete da Vice-Presidência da República";"110101";"GABINETE DA VICE-PRESIDENCIA DA REPUBLICA";"2021";"02";"";"Sigiloso";"-11";"Sigiloso";"Informações protegidas por sigilo";"";"160,11"
"20000";"Presidência da República";"60000";"Gabinete da Vice-Presidência da República";"110101";"GABINETE DA VICE-PRESIDENCIA DA REPUBLICA";"2021";"02";"";"Sigiloso";"-11";"Sigiloso";"Informações protegidas por sigilo";"";"495,94"
"20000";"Presidência da República";"60000";"Gabinete da Vice-Presidência da República";"110101";"GABINETE DA VICE-PRESIDENCIA DA REPUBLICA";"2021";"02";"";"Sigiloso";"-11";"Sigiloso";"Informações protegidas por sigilo";"";"100,00"
"20000";"Presidência da República";"60000";"Gabinete da Vice-Presidência da República";"110101";"GABINETE DA VICE-PRESIDENCIA DA REPUBLICA";"2021";"02";"";"Sigiloso";"-11";"Sigiloso";"Informações protegidas por sigilo";"";"578,96"
"20000";"Presidência da República";"60000";"Gabinete da Vice-Presidência da República";"110101";"GABINETE DA VICE-PRESIDENCIA DA REPUBLICA";"2021";"02";"";"Sigiloso";"-11";"Sigiloso";"Informações protegidas por sigilo";"";"192,60"
"20000";"Presidência da República";"60000";"Gabinete da Vice-Presidência da República";"110101";"GABINETE DA VICE-PRESIDENCIA DA REPUBLICA";"2021";"02";"";"Sigiloso";"-11";"Sigiloso";"Informações protegidas por sigilo";"";"310,96"
"20000";"Presidência da República";"60000";"Gabinete da Vice-Presidência da República";"110101";"GABINETE DA VICE-PRESIDENCIA DA REPUBLICA";"2021";"02";"";"Sigiloso";"-11";"Sigiloso";"Informações protegidas por sigilo";"";"461,22"
"20000";"Presidência da República";"60000";"Gabinete da Vice-Presidência da República";"110101";"GABINETE DA VICE-PRESIDENCIA DA REPUBLICA";"2021";"02";"";"Sigiloso";"-11";"Sigiloso";"Informações protegidas por sigilo";"";"1522,91"
"20000";"Presidência da República";"60000";"Gabinete da Vice-Presidência da República";"110101";"GABINETE DA VICE-PRESIDENCIA DA REPUBLICA";"2021";"02";"";"Sigiloso";"-11";"Sigiloso";"Informações protegidas por sigilo";"";"759,50"
"20000";"Presidência da República";"60000";"Gabinete da Vice-Presidência da República";"110101";"GABINETE DA VICE-PRESIDENCIA DA REPUBLICA";"2021";"02";"";"Sigiloso";"-11";"Sigiloso";"Informações protegidas por sigilo";"";"786,00"
"20000";"Presidência da República";"60000";"Gabinete da Vice-Presidência da República";"110101";"GABINETE DA VICE-PRESIDENCIA DA REPUBLICA";"2021";"02";"";"Sigiloso";"-11";"Sigiloso";"Informações protegidas por sigilo";"";"1502,54"
"20000";"Presidência da República";"60000";"Gabinete da Vice-Presidência da República";"110101";"GABINETE DA VICE-PRESIDENCIA DA REPUBLICA";"2021";"02";"";"Sigiloso";"-11";"Sigiloso";"Informações protegidas por sigilo";"";"1000,00"
"20000";"Presidência da República";"60000";"Gabinete da Vice-Presidência da República";"110101";"GABINETE DA VICE-PRESIDENCIA DA REPUBLICA";"2021";"02";"";"Sigiloso";"-11";"Sigiloso";"Informações protegidas por sigilo";"";"18,79"
"20000";"Presidência da República";"20101";"Presidência da República";"110538";"AGENCIA BRASILEIRA DE INTELIGENCIA";"2021";"02";"";"Sigiloso";"-11";"Sigiloso";"Informações protegidas por sigilo";"";"600,00"
"20000";"Presidência da República";"20101";"Presidência da República";"110538";"AGENCIA BRASILEIRA DE INTELIGENCIA";"2021";"02";"";"Sigiloso";"-11";"Sigiloso";"Informações protegidas por sigilo";"";"1000,00"
"20000";"Presidência da República";"20101";"Presidência da República";"110538";"AGENCIA BRASILEIRA DE INTELIGENCIA";"2021";"02";"";"Sigiloso";"-11";"Sigiloso";"Informações protegidas por sigilo";"";"1000,00"
"20000";"Presidência da República";"20101";"Presidência da República";"110538";"AGENCIA BRASILEIRA DE INTELIGENCIA";"2021";"02";"";"Sigiloso";"-11";"Sigiloso";"Informações protegidas por sigilo";"";"20000,00"
"20000";"Presidência da República";"20101";"Presidência da República";"110538";"AGENCIA BRASILEIRA DE INTELIGENCIA";"2021";"02";"";"Sigiloso";"-11";"Sigiloso";"Informações protegidas por sigilo";"";"1000,00"
"20000";"Presidência da República";"20101";"Presidência da República";"110538";"AGENCIA BRASILEIRA DE INTELIGENCIA";"2021";"02";"";"Sigiloso";"-11";"Sigiloso";"Informações protegidas por sigilo";"";"1000,00"
"20000";"Presidência da República";"20101";"Presidência da República";"110538";"AGENCIA BRASILEIRA DE INTELIGENCIA";"2021";"02";"";"Sigiloso";"-11";"Sigiloso";"Informações protegidas por sigilo";"";"1000,00"
"20000";"Presidência da República";"20101";"Presidência da República";"110538";"AGENCIA BRASILEIRA DE INTELIGENCIA";"2021";"02";"";"Sigiloso";"-11";"Sigiloso";"Informações protegidas por sigilo";"";"1000,00"
"20000";"Presidência da República";"20101";"Presidência da República";"110538";"AGENCIA BRASILEIRA DE INTELIGENCIA";"2021";"02";"";"Sigiloso";"-11";"Sigiloso";"Informações protegidas por sigilo";"";"1000,00"
"20000";"Presidência da República";"20101";"Presidência da República";"110538";"AGENCIA BRASILEIRA DE INTELIGENCIA";"2021";"02";"";"Sigiloso";"-11";"Sigiloso";"Informações protegidas por sigilo";"";"1000,00"
"20000";"Presidência da República";"20101";"Presidência da República";"110538";"AGENCIA BRASILEIRA DE INTELIGENCIA";"2021";"02";"";"Sigiloso";"-11";"Sigiloso";"Informações protegidas por sigilo";"";"1000,00"
"20000";"Presidência da República";"20101";"Presidência da República";"110538";"AGENCIA BRASILEIRA DE INTELIGENCIA";"2021";"02";"";"Sigiloso";"-11";"Sigiloso";"Informações protegidas por sigilo";"";"1000,00"
"20000";"Presidência da República";"20101";"Presidência da República";"110538";"AGENCIA BRASILEIRA DE INTELIGENCIA";"2021";"02";"";"Sigiloso";"-11";"Sigiloso";"Informações protegidas por sigilo";"";"200,00"
"20000";"Presidência da República";"20101";"Presidência da República";"110538";"AGENCIA BRASILEIRA DE INTELIGENCIA";"2021";"02";"";"Sigiloso";"-11";"Sigiloso";"Informações protegidas por sigilo";"";"20000,00"
"20000";"Presidência da República";"20101";"Presidência da República";"110538";"AGENCIA BRASILEIRA DE INTELIGENCIA";"2021";"02";"";"Sigiloso";"-11";"Sigiloso";"Informações protegidas por sigilo";"";"300,00"
"20000";"Presidência da República";"20101";"Presidência da República";"110538";"AGENCIA BRASILEIRA DE INTELIGENCIA";"2021";"02";"";"Sigiloso";"-11";"Sigiloso";"Informações protegidas por sigilo";"";"20000,00"
"20000";"Presidência da República";"20101";"Presidência da República";"110538";"AGENCIA BRASILEIRA DE INTELIGENCIA";"2021";"02";"";"Sigiloso";"-11";"Sigiloso";"Informações protegidas por sigilo";"";"1000,00"
"20000";"Presidência da República";"20101";"Presidência da República";"110538";"AGENCIA BRASILEIRA DE INTELIGENCIA";"2021";"02";"";"Sigiloso";"-11";"Sigiloso";"Informações protegidas por sigilo";"";"1000,00"
"20000";"Presidência da República";"20101";"Presidência da República";"110538";"AGENCIA BRASILEIRA DE INTELIGENCIA";"2021";"02";"";"Sigiloso";"-11";"Sigiloso";"Informações protegidas por sigilo";"";"1000,00"
"20000";"Presidência da República";"20101";"Presidência da República";"110538";"AGENCIA BRASILEIRA DE INTELIGENCIA";"2021";"02";"";"Sigiloso";"-11";"Sigiloso";"Informações protegidas por sigilo";"";"1000,00"
"20000";"Presidência da República";"20101";"Presidência da República";"110538";"AGENCIA BRASILEIRA DE INTELIGENCIA";"2021";"02";"";"Sigiloso";"-11";"Sigiloso";"Informações protegidas por sigilo";"";"1000,00"
"20000";"Presidência da República";"20101";"Presidência da República";"110538";"AGENCIA BRASILEIRA DE INTELIGENCIA";"2021";"02";"";"Sigiloso";"-11";"Sigiloso";"Informações protegidas por sigilo";"";"1000,00"
"20000";"Presidência da República";"20101";"Presidência da República";"110538";"AGENCIA BRASILEIRA DE INTELIGENCIA";"2021";"02";"";"Sigiloso";"-11";"Sigiloso";"Informações protegidas por sigilo";"";"1000,00"
"20000";"Presidência da República";"20101";"Presidência da República";"110538";"AGENCIA BRASILEIRA DE INTELIGENCIA";"2021";"02";"";"Sigiloso";"-11";"Sigiloso";"Informações protegidas por sigilo";"";"20000,00"
"20000";"Presidência da República";"20101";"Presidência da República";"110538";"AGENCIA BRASILEIRA DE INTELIGENCIA";"2021";"02";"";"Sigiloso";"-11";"Sigiloso";"Informações protegidas por sigilo";"";"1000,00"
"20000";"Presidência da República";"20101";"Presidência da República";"110538";"AGENCIA BRASILEIRA DE INTELIGENCIA";"2021";"02";"";"Sigiloso";"-11";"Sigiloso";"Informações protegidas por sigilo";"";"500,00"
"20000";"Presidência da República";"20101";"Presidência da República";"110538";"AGENCIA BRASILEIRA DE INTELIGENCIA";"2021";"02";"";"Sigiloso";"-11";"Sigiloso";"Informações protegidas por sigilo";"";"20000,00"
"20000";"Presidência da República";"20101";"Presidência da República";"110538";"AGENCIA BRASILEIRA DE INTELIGENCIA";"2021";"02";"";"Sigiloso";"-11";"Sigiloso";"Informações protegidas por sigilo";"";"400,00"
"20000";"Presidência da República";"20101";"Presidência da República";"110538";"AGENCIA BRASILEIRA DE INTELIGENCIA";"2021";"02";"";"Sigiloso";"-11";"Sigiloso";"Informações protegidas por sigilo";"";"20000,00"
"20000";"Presidência da República";"20101";"Presidência da República";"110538";"AGENCIA BRASILEIRA DE INTELIGENCIA";"2021";"02";"";"Sigiloso";"-11";"Sigiloso";"Informações protegidas por sigilo";"";"550,00"
"20000";"Presidência da República";"20101";"Presidência da República";"110538";"AGENCIA BRASILEIRA DE INTELIGENCIA";"2021";"02";"";"Sigiloso";"-11";"Sigiloso";"Informações protegidas por sigilo";"";"1000,00"
"20000";"Presidência da República";"20101";"Presidência da República";"110538";"AGENCIA BRASILEIRA DE INTELIGENCIA";"2021";"02";"";"Sigiloso";"-11";"Sigiloso";"Informações protegidas por sigilo";"";"20000,00"
"20000";"Presidência da República";"20101";"Presidência da República";"110538";"AGENCIA BRASILEIRA DE INTELIGENCIA";"2021";"02";"";"Sigiloso";"-11";"Sigiloso";"Informações protegidas por sigilo";"";"1000,00"
"20000";"Presidência da República";"20101";"Presidência da República";"110538";"AGENCIA BRASILEIRA DE INTELIGENCIA";"2021";"02";"";"Sigiloso";"-11";"Sigiloso";"Informações protegidas por sigilo";"";"1000,00"
"20000";"Presidência da República";"20101";"Presidência da República";"110538";"AGENCIA BRASILEIRA DE INTELIGENCIA";"2021";"02";"";"Sigiloso";"-11";"Sigiloso";"Informações protegidas por sigilo";"";"1000,00"
"20000";"Presidência da República";"20101";"Presidência da República";"110538";"AGENCIA BRASILEIRA DE INTELIGENCIA";"2021";"02";"";"Sigiloso";"-11";"Sigiloso";"Informações protegidas por sigilo";"";"10000,00"
"20000";"Presidência da República";"20101";"Presidência da República";"110538";"AGENCIA BRASILEIRA DE INTELIGENCIA";"2021";"02";"";"Sigiloso";"-11";"Sigiloso";"Informações protegidas por sigilo";"";"20000,00"
"20000";"Presidência da República";"20101";"Presidência da República";"110538";"AGENCIA BRASILEIRA DE INTELIGENCIA";"2021";"02";"";"Sigiloso";"-11";"Sigiloso";"Informações protegidas por sigilo";"";"1000,00"
"20000";"Presidência da República";"20101";"Presidência da República";"110538";"AGENCIA BRASILEIRA DE INTELIGENCIA";"2021";"02";"";"Sigiloso";"-11";"Sigiloso";"Informações protegidas por sigilo";"";"10000,00"
"20000";"Presidência da República";"20101";"Presidência da República";"110538";"AGENCIA BRASILEIRA DE INTELIGENCIA";"2021";"02";"";"Sigiloso";"-11";"Sigiloso";"Informações protegidas por sigilo";"";"1000,00"
"20000";"Presidência da República";"20101";"Presidência da República";"110538";"AGENCIA BRASILEIRA DE INTELIGENCIA";"2021";"02";"";"Sigiloso";"-11";"Sigiloso";"Informações protegidas por sigilo";"";"500,00"
"20000";"Presidência da República";"20101";"Presidência da República";"110538";"AGENCIA BRASILEIRA DE INTELIGENCIA";"2021";"02";"";"Sigiloso";"-11";"Sigiloso";"Informações protegidas por sigilo";"";"20000,00"
"20000";"Presidência da República";"20101";"Presidência da República";"110538";"AGENCIA BRASILEIRA DE INTELIGENCIA";"2021";"02";"";"Sigiloso";"-11";"Sigiloso";"Informações protegidas por sigilo";"";"1000,00"
"20000";"Presidência da República";"20101";"Presidência da República";"110538";"AGENCIA BRASILEIRA DE INTELIGENCIA";"2021";"02";"";"Sigiloso";"-11";"Sigiloso";"Informações protegidas por sigilo";"";"1000,00"
"20000";"Presidência da República";"20101";"Presidência da República";"110538";"AGENCIA BRASILEIRA DE INTELIGENCIA";"2021";"02";"";"Sigiloso";"-11";"Sigiloso";"Informações protegidas por sigilo";"";"1000,00"
"20000";"Presidência da República";"20101";"Presidência da República";"110538";"AGENCIA BRASILEIRA DE INTELIGENCIA";"2021";"02";"";"Sigiloso";"-11";"Sigiloso";"Informações protegidas por sigilo";"";"1000,00"
"20000";"Presidência da República";"20101";"Presidência da República";"110538";"AGENCIA BRASILEIRA DE INTELIGENCIA";"2021";"02";"";"Sigiloso";"-11";"Sigiloso";"Informações protegidas por sigilo";"";"1000,00"
"20000";"Presidência da República";"20101";"Presidência da República";"110538";"AGENCIA BRASILEIRA DE INTELIGENCIA";"2021";"02";"";"Sigiloso";"-11";"Sigiloso";"Informações protegidas por sigilo";"";"200,00"
"20000";"Presidência da República";"20101";"Presidência da República";"110538";"AGENCIA BRASILEIRA DE INTELIGENCIA";"2021";"02";"";"Sigiloso";"-11";"Sigiloso";"Informações protegidas por sigilo";"";"1000,00"
"20000";"Presidência da República";"20101";"Presidência da República";"110538";"AGENCIA BRASILEIRA DE INTELIGENCIA";"2021";"02";"";"Sigiloso";"-11";"Sigiloso";"Informações protegidas por sigilo";"";"1000,00"
"20000";"Presidência da República";"20101";"Presidência da República";"110538";"AGENCIA BRASILEIRA DE INTELIGENCIA";"2021";"02";"";"Sigiloso";"-11";"Sigiloso";"Informações protegidas por sigilo";"";"1000,00"
"20000";"Presidência da República";"20101";"Presidência da República";"110538";"AGENCIA BRASILEIRA DE INTELIGENCIA";"2021";"02";"";"Sigiloso";"-11";"Sigiloso";"Informações protegidas por sigilo";"";"1000,00"
"20000";"Presidência da República";"20101";"Presidência da República";"110538";"AGENCIA BRASILEIRA DE INTELIGENCIA";"2021";"02";"";"Sigiloso";"-11";"Sigiloso";"Informações protegidas por sigilo";"";"3442,77"
"20000";"Presidência da República";"20101";"Presidência da República";"110538";"AGENCIA BRASILEIRA DE INTELIGENCIA";"2021";"02";"";"Sigiloso";"-11";"Sigiloso";"Informações protegidas por sigilo";"";"1000,00"
"20000";"Presidência da República";"20101";"Presidência da República";"110538";"AGENCIA BRASILEIRA DE INTELIGENCIA";"2021";"02";"";"Sigiloso";"-11";"Sigiloso";"Informações protegidas por sigilo";"";"1000,00"
"20000";"Presidência da República";"20101";"Presidência da República";"110538";"AGENCIA BRASILEIRA DE INTELIGENCIA";"2021";"02";"";"Sigiloso";"-11";"Sigiloso";"Informações protegidas por sigilo";"";"1000,00"
"20000";"Presidência da República";"20101";"Presidência da República";"110538";"AGENCIA BRASILEIRA DE INTELIGENCIA";"2021";"02";"";"Sigiloso";"-11";"Sigiloso";"Informações protegidas por sigilo";"";"10000,00"
"20000";"Presidência da República";"20101";"Presidência da República";"110538";"AGENCIA BRASILEIRA DE INTELIGENCIA";"2021";"02";"";"Sigiloso";"-11";"Sigiloso";"Informações protegidas por sigilo";"";"1000,00"
"20000";"Presidência da República";"20101";"Presidência da República";"110538";"AGENCIA BRASILEIRA DE INTELIGENCIA";"2021";"02";"";"Sigiloso";"-11";"Sigiloso";"Informações protegidas por sigilo";"";"20000,00"
"20000";"Presidência da República";"20101";"Presidência da República";"110538";"AGENCIA BRASILEIRA DE INTELIGENCIA";"2021";"02";"";"Sigiloso";"-11";"Sigiloso";"Informações protegidas por sigilo";"";"1000,00"
"20000";"Presidência da República";"20101";"Presidência da República";"110538";"AGENCIA BRASILEIRA DE INTELIGENCIA";"2021";"02";"";"Sigiloso";"-11";"Sigiloso";"Informações protegidas por sigilo";"";"1000,00"
"20000";"Presidência da República";"20101";"Presidência da República";"110538";"AGENCIA BRASILEIRA DE INTELIGENCIA";"2021";"02";"";"Sigiloso";"-11";"Sigiloso";"Informações protegidas por sigilo";"";"1000,00"
"20000";"Presidência da República";"20101";"Presidência da República";"110538";"AGENCIA BRASILEIRA DE INTELIGENCIA";"2021";"02";"";"Sigiloso";"-11";"Sigiloso";"Informações protegidas por sigilo";"";"1000,00"
"20000";"Presidência da República";"20101";"Presidência da República";"110538";"AGENCIA BRASILEIRA DE INTELIGENCIA";"2021";"02";"";"Sigiloso";"-11";"Sigiloso";"Informações protegidas por sigilo";"";"1000,00"
"20000";"Presidência da República";"20101";"Presidência da República";"110538";"AGENCIA BRASILEIRA DE INTELIGENCIA";"2021";"02";"";"Sigiloso";"-11";"Sigiloso";"Informações protegidas por sigilo";"";"20000,00"
"20000";"Presidência da República";"20101";"Presidência da República";"110538";"AGENCIA BRASILEIRA DE INTELIGENCIA";"2021";"02";"";"Sigiloso";"-11";"Sigiloso";"Informações protegidas por sigilo";"";"1000,00"
"20000";"Presidência da República";"20101";"Presidência da República";"110538";"AGENCIA BRASILEIRA DE INTELIGENCIA";"2021";"02";"";"Sigiloso";"-11";"Sigiloso";"Informações protegidas por sigilo";"";"20000,00"
"20000";"Presidência da República";"20101";"Presidência da República";"110538";"AGENCIA BRASILEIRA DE INTELIGENCIA";"2021";"02";"";"Sigiloso";"-11";"Sigiloso";"Informações protegidas por sigilo";"";"20000,00"
"20000";"Presidência da República";"20101";"Presidência da República";"110538";"AGENCIA BRASILEIRA DE INTELIGENCIA";"2021";"02";"";"Sigiloso";"-11";"Sigiloso";"Informações protegidas por sigilo";"";"1000,00"
"20000";"Presidência da República";"20101";"Presidência da República";"110538";"AGENCIA BRASILEIRA DE INTELIGENCIA";"2021";"02";"";"Sigiloso";"-11";"Sigiloso";"Informações protegidas por sigilo";"";"1000,00"
"20000";"Presidência da República";"20101";"Presidência da República";"110538";"AGENCIA BRASILEIRA DE INTELIGENCIA";"2021";"02";"";"Sigiloso";"-11";"Sigiloso";"Informações protegidas por sigilo";"";"1000,00"
"20000";"Presidência da República";"20101";"Presidência da República";"110538";"AGENCIA BRASILEIRA DE INTELIGENCIA";"2021";"02";"";"Sigiloso";"-11";"Sigiloso";"Informações protegidas por sigilo";"";"1000,00"
"20000";"Presidência da República";"20101";"Presidência da República";"110538";"AGENCIA BRASILEIRA DE INTELIGENCIA";"2021";"02";"";"Sigiloso";"-11";"Sigiloso";"Informações protegidas por sigilo";"";"1000,00"
"20000";"Presidência da República";"20101";"Presidência da República";"110538";"AGENCIA BRASILEIRA DE INTELIGENCIA";"2021";"02";"";"Sigiloso";"-11";"Sigiloso";"Informações protegidas por sigilo";"";"590,00"
"20000";"Presidência da República";"20101";"Presidência da República";"110538";"AGENCIA BRASILEIRA DE INTELIGENCIA";"2021";"02";"";"Sigiloso";"-11";"Sigiloso";"Informações protegidas por sigilo";"";"1000,00"
"20000";"Presidência da República";"20101";"Presidência da República";"110538";"AGENCIA BRASILEIRA DE INTELIGENCIA";"2021";"02";"";"Sigiloso";"-11";"Sigiloso";"Informações protegidas por sigilo";"";"1000,00"
"20000";"Presidência da República";"20101";"Presidência da República";"110538";"AGENCIA BRASILEIRA DE INTELIGENCIA";"2021";"02";"";"Sigiloso";"-11";"Sigiloso";"Informações protegidas por sigilo";"";"1000,00"
"20000";"Presidência da República";"20101";"Presidência da República";"110538";"AGENCIA BRASILEIRA DE INTELIGENCIA";"2021";"02";"";"Sigiloso";"-11";"Sigiloso";"Informações protegidas por sigilo";"";"1000,00"
"20000";"Presidência da República";"20101";"Presidência da República";"110538";"AGENCIA BRASILEIRA DE INTELIGENCIA";"2021";"02";"";"Sigiloso";"-11";"Sigiloso";"Informações protegidas por sigilo";"";"1000,00"
"20000";"Presidência da República";"20101";"Presidência da República";"110538";"AGENCIA BRASILEIRA DE INTELIGENCIA";"2021";"02";"";"Sigiloso";"-11";"Sigiloso";"Informações protegidas por sigilo";"";"1000,00"
"20000";"Presidência da República";"20101";"Presidência da República";"110538";"AGENCIA BRASILEIRA DE INTELIGENCIA";"2021";"02";"";"Sigiloso";"-11";"Sigiloso";"Informações protegidas por sigilo";"";"1000,00"
"20000";"Presidência da República";"20101";"Presidência da República";"110538";"AGENCIA BRASILEIRA DE INTELIGENCIA";"2021";"02";"";"Sigiloso";"-11";"Sigiloso";"Informações protegidas por sigilo";"";"1000,00"
"20000";"Presidência da República";"20101";"Presidência da República";"110538";"AGENCIA BRASILEIRA DE INTELIGENCIA";"2021";"02";"";"Sigiloso";"-11";"Sigiloso";"Informações protegidas por sigilo";"";"1000,00"
"20000";"Presidência da República";"20101";"Presidência da República";"110538";"AGENCIA BRASILEIRA DE INTELIGENCIA";"2021";"02";"";"Sigiloso";"-11";"Sigiloso";"Informações protegidas por sigilo";"";"1000,00"
"20000";"Presidência da República";"20101";"Presidência da República";"110538";"AGENCIA BRASILEIRA DE INTELIGENCIA";"2021";"02";"";"Sigiloso";"-11";"Sigiloso";"Informações protegidas por sigilo";"";"1000,00"
"20000";"Presidência da República";"20101";"Presidência da República";"110538";"AGENCIA BRASILEIRA DE INTELIGENCIA";"2021";"02";"";"Sigiloso";"-11";"Sigiloso";"Informações protegidas por sigilo";"";"1000,00"
"20000";"Presidência da República";"20101";"Presidência da República";"110538";"AGENCIA BRASILEIRA DE INTELIGENCIA";"2021";"02";"";"Sigiloso";"-11";"Sigiloso";"Informações protegidas por sigilo";"";"1000,00"
"20000";"Presidência da República";"20101";"Presidência da República";"110538";"AGENCIA BRASILEIRA DE INTELIGENCIA";"2021";"02";"";"Sigiloso";"-11";"Sigiloso";"Informações protegidas por sigilo";"";"20000,00"
"20000";"Presidência da República";"20101";"Presidência da República";"110538";"AGENCIA BRASILEIRA DE INTELIGENCIA";"2021";"02";"";"Sigiloso";"-11";"Sigiloso";"Informações protegidas por sigilo";"";"300,00"
"20000";"Presidência da República";"20101";"Presidência da República";"110538";"AGENCIA BRASILEIRA DE INTELIGENCIA";"2021";"02";"";"Sigiloso";"-11";"Sigiloso";"Informações protegidas por sigilo";"";"1000,00"
"20000";"Presidência da República";"20101";"Presidência da República";"110538";"AGENCIA BRASILEIRA DE INTELIGENCIA";"2021";"02";"";"Sigiloso";"-11";"Sigiloso";"Informações protegidas por sigilo";"";"1000,00"
"20000";"Presidência da República";"20101";"Presidência da República";"110538";"AGENCIA BRASILEIRA DE INTELIGENCIA";"2021";"02";"";"Sigiloso";"-11";"Sigiloso";"Informações protegidas por sigilo";"";"20000,00"
"20000";"Presidência da República";"20101";"Presidência da República";"110538";"AGENCIA BRASILEIRA DE INTELIGENCIA";"2021";"02";"";"Sigiloso";"-11";"Sigiloso";"Informações protegidas por sigilo";"";"1000,00"
"20000";"Presidência da República";"20101";"Presidência da República";"110538";"AGENCIA BRASILEIRA DE INTELIGENCIA";"2021";"02";"";"Sigiloso";"-11";"Sigiloso";"Informações protegidas por sigilo";"";"1000,00"
"20000";"Presidência da República";"20101";"Presidência da República";"110538";"AGENCIA BRASILEIRA DE INTELIGENCIA";"2021";"02";"";"Sigiloso";"-11";"Sigiloso";"Informações protegidas por sigilo";"";"1000,00"
"20000";"Presidência da República";"20101";"Presidência da República";"110538";"AGENCIA BRASILEIRA DE INTELIGENCIA";"2021";"02";"";"Sigiloso";"-11";"Sigiloso";"Informações protegidas por sigilo";"";"20000,00"
"20000";"Presidência da República";"20101";"Presidência da República";"110538";"AGENCIA BRASILEIRA DE INTELIGENCIA";"2021";"02";"";"Sigiloso";"-11";"Sigiloso";"Informações protegidas por sigilo";"";"1000,00"
"20000";"Presidência da República";"20101";"Presidência da República";"110538";"AGENCIA BRASILEIRA DE INTELIGENCIA";"2021";"02";"";"Sigiloso";"-11";"Sigiloso";"Informações protegidas por sigilo";"";"1000,00"
"20000";"Presidência da República";"20101";"Presidência da República";"110538";"AGENCIA BRASILEIRA DE INTELIGENCIA";"2021";"02";"";"Sigiloso";"-11";"Sigiloso";"Informações protegidas por sigilo";"";"1000,00"
"20000";"Presidência da República";"20101";"Presidência da República";"110538";"AGENCIA BRASILEIRA DE INTELIGENCIA";"2021";"02";"";"Sigiloso";"-11";"Sigiloso";"Informações protegidas por sigilo";"";"700,00"
"20000";"Presidência da República";"20101";"Presidência da República";"110538";"AGENCIA BRASILEIRA DE INTELIGENCIA";"2021";"02";"";"Sigiloso";"-11";"Sigiloso";"Informações protegidas por sigilo";"";"1000,00"
"20000";"Presidência da República";"20101";"Presidência da República";"110538";"AGENCIA BRASILEIRA DE INTELIGENCIA";"2021";"02";"";"Sigiloso";"-11";"Sigiloso";"Informações protegidas por sigilo";"";"1000,00"
"20000";"Presidência da República";"20101";"Presidência da República";"110538";"AGENCIA BRASILEIRA DE INTELIGENCIA";"2021";"02";"";"Sigiloso";"-11";"Sigiloso";"Informações protegidas por sigilo";"";"1000,00"
"20000";"Presidência da República";"20101";"Presidência da República";"110538";"AGENCIA BRASILEIRA DE INTELIGENCIA";"2021";"02";"";"Sigiloso";"-11";"Sigiloso";"Informações protegidas por sigilo";"";"1000,00"
"20000";"Presidência da República";"20101";"Presidência da República";"110538";"AGENCIA BRASILEIRA DE INTELIGENCIA";"2021";"02";"";"Sigiloso";"-11";"Sigiloso";"Informações protegidas por sigilo";"";"1000,00"
"20000";"Presidência da República";"20101";"Presidência da República";"110538";"AGENCIA BRASILEIRA DE INTELIGENCIA";"2021";"02";"";"Sigiloso";"-11";"Sigiloso";"Informações protegidas por sigilo";"";"1000,00"
"20000";"Presidência da República";"20101";"Presidência da República";"110538";"AGENCIA BRASILEIRA DE INTELIGENCIA";"2021";"02";"";"Sigiloso";"-11";"Sigiloso";"Informações protegidas por sigilo";"";"1000,00"
"20000";"Presidência da República";"20101";"Presidência da República";"110538";"AGENCIA BRASILEIRA DE INTELIGENCIA";"2021";"02";"";"Sigiloso";"-11";"Sigiloso";"Informações protegidas por sigilo";"";"1000,00"
"20000";"Presidência da República";"20101";"Presidência da República";"110538";"AGENCIA BRASILEIRA DE INTELIGENCIA";"2021";"02";"";"Sigiloso";"-11";"Sigiloso";"Informações protegidas por sigilo";"";"1000,00"
"20000";"Presidência da República";"20101";"Presidência da República";"110538";"AGENCIA BRASILEIRA DE INTELIGENCIA";"2021";"02";"";"Sigiloso";"-11";"Sigiloso";"Informações protegidas por sigilo";"";"1000,00"
"20000";"Presidência da República";"20101";"Presidência da República";"110538";"AGENCIA BRASILEIRA DE INTELIGENCIA";"2021";"02";"";"Sigiloso";"-11";"Sigiloso";"Informações protegidas por sigilo";"";"1000,00"
"20000";"Presidência da República";"20101";"Presidência da República";"110538";"AGENCIA BRASILEIRA DE INTELIGENCIA";"2021";"02";"";"Sigiloso";"-11";"Sigiloso";"Informações protegidas por sigilo";"";"1000,00"
"20000";"Presidência da República";"20101";"Presidência da República";"110538";"AGENCIA BRASILEIRA DE INTELIGENCIA";"2021";"02";"";"Sigiloso";"-11";"Sigiloso";"Informações protegidas por sigilo";"";"1000,00"
"20000";"Presidência da República";"20101";"Presidência da República";"110538";"AGENCIA BRASILEIRA DE INTELIGENCIA";"2021";"02";"";"Sigiloso";"-11";"Sigiloso";"Informações protegidas por sigilo";"";"1000,00"
"20000";"Presidência da República";"20101";"Presidência da República";"110538";"AGENCIA BRASILEIRA DE INTELIGENCIA";"2021";"02";"";"Sigiloso";"-11";"Sigiloso";"Informações protegidas por sigilo";"";"1000,00"
"20000";"Presidência da República";"20101";"Presidência da República";"110538";"AGENCIA BRASILEIRA DE INTELIGENCIA";"2021";"02";"";"Sigiloso";"-11";"Sigiloso";"Informações protegidas por sigilo";"";"20000,00"
"20000";"Presidência da República";"20101";"Presidência da República";"110538";"AGENCIA BRASILEIRA DE INTELIGENCIA";"2021";"02";"";"Sigiloso";"-11";"Sigiloso";"Informações protegidas por sigilo";"";"1000,00"
"20000";"Presidência da República";"20101";"Presidência da República";"110538";"AGENCIA BRASILEIRA DE INTELIGENCIA";"2021";"02";"";"Sigiloso";"-11";"Sigiloso";"Informações protegidas por sigilo";"";"1000,00"
"20000";"Presidência da República";"20101";"Presidência da República";"110538";"AGENCIA BRASILEIRA DE INTELIGENCIA";"2021";"02";"";"Sigiloso";"-11";"Sigiloso";"Informações protegidas por sigilo";"";"1000,00"
"20000";"Presidência da República";"20101";"Presidência da República";"110538";"AGENCIA BRASILEIRA DE INTELIGENCIA";"2021";"02";"";"Sigiloso";"-11";"Sigiloso";"Informações protegidas por sigilo";"";"20000,00"
"20000";"Presidência da República";"20101";"Presidência da República";"110538";"AGENCIA BRASILEIRA DE INTELIGENCIA";"2021";"02";"";"Sigiloso";"-11";"Sigiloso";"Informações protegidas por sigilo";"";"1000,00"
"20000";"Presidência da República";"20101";"Presidência da República";"110538";"AGENCIA BRASILEIRA DE INTELIGENCIA";"2021";"02";"";"Sigiloso";"-11";"Sigiloso";"Informações protegidas por sigilo";"";"1000,00"
"20000";"Presidência da República";"20101";"Presidência da República";"110538";"AGENCIA BRASILEIRA DE INTELIGENCIA";"2021";"02";"";"Sigiloso";"-11";"Sigiloso";"Informações protegidas por sigilo";"";"20000,00"
"20000";"Presidência da República";"20101";"Presidência da República";"110322";"GABINETE DE SEGURANCA INSTITUCIONAL/PR";"2021";"02";"";"Sigiloso";"-11";"Sigiloso";"Informações protegidas por sigilo";"";"319,00"
"20000";"Presidência da República";"20101";"Presidência da República";"110322";"GABINETE DE SEGURANCA INSTITUCIONAL/PR";"2021";"02";"";"Sigiloso";"-11";"Sigiloso";"Informações protegidas por sigilo";"";"318,99"
"20000";"Presidência da República";"20101";"Presidência da República";"110322";"GABINETE DE SEGURANCA INSTITUCIONAL/PR";"2021";"02";"";"Sigiloso";"-11";"Sigiloso";"Informações protegidas por sigilo";"";"159,49"
"20000";"Presidência da República";"20101";"Presidência da República";"110322";"GABINETE DE SEGURANCA INSTITUCIONAL/PR";"2021";"02";"";"Sigiloso";"-11";"Sigiloso";"Informações protegidas por sigilo";"";"500,00"
"20000";"Presidência da República";"20101";"Presidência da República";"110322";"GABINETE DE SEGURANCA INSTITUCIONAL/PR";"2021";"02";"";"Sigiloso";"-11";"Sigiloso";"Informações protegidas por sigilo";"";"524,00"
"20000";"Presidência da República";"20101";"Presidência da República";"110322";"GABINETE DE SEGURANCA INSTITUCIONAL/PR";"2021";"02";"";"Sigiloso";"-11";"Sigiloso";"Informações protegidas por sigilo";"";"480,00"
"20000";"Presidência da República";"20101";"Presidência da República";"110322";"GABINETE DE SEGURANCA INSTITUCIONAL/PR";"2021";"02";"";"Sigiloso";"-11";"Sigiloso";"Informações protegidas por sigilo";"";"5990,40"
"20000";"Presidência da República";"20101";"Presidência da República";"110322";"GABINETE DE SEGURANCA INSTITUCIONAL/PR";"2021";"02";"";"Sigiloso";"-11";"Sigiloso";"Informações protegidas por sigilo";"";"840,00"
"20000";"Presidência da República";"20101";"Presidência da República";"110322";"GABINETE DE SEGURANCA INSTITUCIONAL/PR";"2021";"02";"";"Sigiloso";"-11";"Sigiloso";"Informações protegidas por sigilo";"";"500,00"
"20000";"Presidência da República";"20101";"Presidência da República";"110322";"GABINETE DE SEGURANCA INSTITUCIONAL/PR";"2021";"02";"";"Sigiloso";"-11";"Sigiloso";"Informações protegidas por sigilo";"";"440,00"
"20000";"Presidência da República";"20101";"Presidência da República";"110322";"GABINETE DE SEGURANCA INSTITUCIONAL/PR";"2021";"02";"";"Sigiloso";"-11";"Sigiloso";"Informações protegidas por sigilo";"";"1072,50"
"20000";"Presidência da República";"20101";"Presidência da República";"110322";"GABINETE DE SEGURANCA INSTITUCIONAL/PR";"2021";"02";"";"Sigiloso";"-11";"Sigiloso";"Informações protegidas por sigilo";"";"4554,00"
"20000";"Presidência da República";"20101";"Presidência da República";"110322";"GABINETE DE SEGURANCA INSTITUCIONAL/PR";"2021";"02";"";"Sigiloso";"-11";"Sigiloso";"Informações protegidas por sigilo";"";"478,50"
"20000";"Presidência da República";"20101";"Presidência da República";"110322";"GABINETE DE SEGURANCA INSTITUCIONAL/PR";"2021";"02";"";"Sigiloso";"-11";"Sigiloso";"Informações protegidas por sigilo";"";"2210,00"
"20000";"Presidência da República";"20101";"Presidência da República";"110001";"SECRETARIA DE ADMINISTRACAO/PR";"2021";"02";"***.109.141-**";"VALMIR MORAES DA SILVA";"59148239000156";"AUTO POSTO ESTONIA 3 LTDA.";"COMPRA A/V - R$ - APRES";"21/01/2021";"158,50"
"20000";"Presidência da República";"20101";"Presidência da República";"110001";"SECRETARIA DE ADMINISTRACAO/PR";"2021";"02";"***.109.141-**";"VALMIR MORAES DA SILVA";"59148239000156";"AUTO POSTO ESTONIA 3 LTDA.";"COMPRA A/V - R$ - APRES";"20/01/2021";"144,51"
"20000";"Presidência da República";"20101";"Presidência da República";"110001";"SECRETARIA DE ADMINISTRACAO/PR";"2021";"02";"***.109.141-**";"VALMIR MORAES DA SILVA";"59148239000156";"AUTO POSTO ESTONIA 3 LTDA.";"COMPRA A/V - R$ - APRES";"18/01/2021";"170,86"
"20000";"Presidência da República";"20101";"Presidência da República";"110001";"SECRETARIA DE ADMINISTRACAO/PR";"2021";"02";"***.109.141-**";"VALMIR MORAES DA SILVA";"59148239000156";"AUTO POSTO ESTONIA 3 LTDA.";"COMPRA A/V - R$ - APRES";"11/01/2021";"170,90"
"20000";"Presidência da República";"20101";"Presidência da República";"110001";"SECRETARIA DE ADMINISTRACAO/PR";"2021";"02";"";"Sigiloso";"-11";"Sigiloso";"Informações protegidas por sigilo";"";"1000,00"
"20000";"Presidência da República";"20101";"Presidência da República";"110001";"SECRETARIA DE ADMINISTRACAO/PR";"2021";"02";"";"Sigiloso";"-11";"Sigiloso";"Informações protegidas por sigilo";"";"1000,00"
"20000";"Presidência da República";"20101";"Presidência da República";"110001";"SECRETARIA DE ADMINISTRACAO/PR";"2021";"02";"";"Sigiloso";"-11";"Sigiloso";"Informações protegidas por sigilo";"";"166,90"
"20000";"Presidência da República";"20101";"Presidência da República";"110001";"SECRETARIA DE ADMINISTRACAO/PR";"2021";"02";"";"Sigiloso";"-11";"Sigiloso";"Informações protegidas por sigilo";"";"1000,00"
"20000";"Presidência da República";"20101";"Presidência da República";"110001";"SECRETARIA DE ADMINISTRACAO/PR";"2021";"02";"";"Sigiloso";"-11";"Sigiloso";"Informações protegidas por sigilo";"";"87,90"
"20000";"Presidência da República";"20101";"Presidência da República";"110001";"SECRETARIA DE ADMINISTRACAO/PR";"2021";"02";"";"Sigiloso";"-11";"Sigiloso";"Informações protegidas por sigilo";"";"1000,00"
"20000";"Presidência da República";"20101";"Presidência da República";"110001";"SECRETARIA DE ADMINISTRACAO/PR";"2021";"02";"";"Sigiloso";"-11";"Sigiloso";"Informações protegidas por sigilo";"";"1000,00"
"20000";"Presidência da República";"20101";"Presidência da República";"110001";"SECRETARIA DE ADMINISTRACAO/PR";"2021";"02";"";"Sigiloso";"-11";"Sigiloso";"Informações protegidas por sigilo";"";"140,00"
"20000";"Presidência da República";"20101";"Presidência da República";"110001";"SECRETARIA DE ADMINISTRACAO/PR";"2021";"02";"";"Sigiloso";"-11";"Sigiloso";"Informações protegidas por sigilo";"";"373,86"
"20000";"Presidência da República";"20101";"Presidência da República";"110001";"SECRETARIA DE ADMINISTRACAO/PR";"2021";"02";"";"Sigiloso";"-11";"Sigiloso";"Informações protegidas por sigilo";"";"328,55"
"20000";"Presidência da República";"20101";"Presidência da República";"110001";"SECRETARIA DE ADMINISTRACAO/PR";"2021";"02";"";"Sigiloso";"-11";"Sigiloso";"Informações protegidas por sigilo";"";"261,81"
"20000";"Presidência da República";"20101";"Presidência da República";"110001";"SECRETARIA DE ADMINISTRACAO/PR";"2021";"02";"";"Sigiloso";"-11";"Sigiloso";"Informações protegidas por sigilo";"";"390,99"
"20000";"Presidência da República";"20101";"Presidência da República";"110001";"SECRETARIA DE ADMINISTRACAO/PR";"2021";"02";"";"Sigiloso";"-11";"Sigiloso";"Informações protegidas por sigilo";"";"1000,00"
"20000";"Presidência da República";"20101";"Presidência da República";"110001";"SECRETARIA DE ADMINISTRACAO/PR";"2021";"02";"";"Sigiloso";"-11";"Sigiloso";"Informações protegidas por sigilo";"";"1274,51"
"20000";"Presidência da República";"20101";"Presidência da República";"110001";"SECRETARIA DE ADMINISTRACAO/PR";"2021";"02";"";"Sigiloso";"-11";"Sigiloso";"Informações protegidas por sigilo";"";"627,00"
"20000";"Presidência da República";"20101";"Presidência da República";"110001";"SECRETARIA DE ADMINISTRACAO/PR";"2021";"02";"";"Sigiloso";"-11";"Sigiloso";"Informações protegidas por sigilo";"";"140,03"
"20000";"Presidência da República";"20101";"Presidência da República";"110001";"SECRETARIA DE ADMINISTRACAO/PR";"2021";"02";"";"Sigiloso";"-11";"Sigiloso";"Informações protegidas por sigilo";"";"1157,77"
"20000";"Presidência da República";"20101";"Presidência da República";"110001";"SECRETARIA DE ADMINISTRACAO/PR";"2021";"02";"";"Sigiloso";"-11";"Sigiloso";"Informações protegidas por sigilo";"";"279,00"
"20000";"Presidência da República";"20101";"Presidência da República";"110001";"SECRETARIA DE ADMINISTRACAO/PR";"2021";"02";"";"Sigiloso";"-11";"Sigiloso";"Informações protegidas por sigilo";"";"1000,00"
"20000";"Presidência da República";"20101";"Presidência da República";"110001";"SECRETARIA DE ADMINISTRACAO/PR";"2021";"02";"";"Sigiloso";"-11";"Sigiloso";"Informações protegidas por sigilo";"";"108,00"
"20000";"Presidência da República";"20101";"Presidência da República";"110001";"SECRETARIA DE ADMINISTRACAO/PR";"2021";"02";"";"Sigiloso";"-11";"Sigiloso";"Informações protegidas por sigilo";"";"1699,62"
"20000";"Presidência da República";"20101";"Presidência da República";"110001";"SECRETARIA DE ADMINISTRACAO/PR";"2021";"02";"";"Sigiloso";"-11";"Sigiloso";"Informações protegidas por sigilo";"";"1000,00"
"20000";"Presidência da República";"20101";"Presidência da República";"110001";"SECRETARIA DE ADMINISTRACAO/PR";"2021";"02";"";"Sigiloso";"-11";"Sigiloso";"Informações protegidas por sigilo";"";"467,32"
"20000";"Presidência da República";"20101";"Presidência da República";"110001";"SECRETARIA DE ADMINISTRACAO/PR";"2021";"02";"";"Sigiloso";"-11";"Sigiloso";"Informações protegidas por sigilo";"";"49,89"
"20000";"Presidência da República";"20101";"Presidência da República";"110001";"SECRETARIA DE ADMINISTRACAO/PR";"2021";"02";"";"Sigiloso";"-11";"Sigiloso";"Informações protegidas por sigilo";"";"18500,00"
"20000";"Presidência da República";"20101";"Presidência da República";"110001";"SECRETARIA DE ADMINISTRACAO/PR";"2021";"02";"";"Sigiloso";"-11";"Sigiloso";"Informações protegidas por sigilo";"";"1000,00"
"20000";"Presidência da República";"20101";"Presidência da República";"110001";"SECRETARIA DE ADMINISTRACAO/PR";"2021";"02";"";"Sigiloso";"-11";"Sigiloso";"Informações protegidas por sigilo";"";"209,73"
"20000";"Presidência da República";"20101";"Presidência da República";"110001";"SECRETARIA DE ADMINISTRACAO/PR";"2021";"02";"";"Sigiloso";"-11";"Sigiloso";"Informações protegidas por sigilo";"";"1000,00"
"20000";"Presidência da República";"20101";"Presidência da República";"110001";"SECRETARIA DE ADMINISTRACAO/PR";"2021";"02";"";"Sigiloso";"-11";"Sigiloso";"Informações protegidas por sigilo";"";"1000,00"
"20000";"Presidência da República";"20101";"Presidência da República";"110001";"SECRETARIA DE ADMINISTRACAO/PR";"2021";"02";"";"Sigiloso";"-11";"Sigiloso";"Informações protegidas por sigilo";"";"1000,00"
"20000";"Presidência da República";"20101";"Presidência da República";"110001";"SECRETARIA DE ADMINISTRACAO/PR";"2021";"02";"";"Sigiloso";"-11";"Sigiloso";"Informações protegidas por sigilo";"";"1169,00"
"20000";"Presidência da República";"20101";"Presidência da República";"110001";"SECRETARIA DE ADMINISTRACAO/PR";"2021";"02";"";"Sigiloso";"-11";"Sigiloso";"Informações protegidas por sigilo";"";"866,88"
"20000";"Presidência da República";"20101";"Presidência da República";"110001";"SECRETARIA DE ADMINISTRACAO/PR";"2021";"02";"";"Sigiloso";"-11";"Sigiloso";"Informações protegidas por sigilo";"";"99,00"
"20000";"Presidência da República";"20101";"Presidência da República";"110001";"SECRETARIA DE ADMINISTRACAO/PR";"2021";"02";"";"Sigiloso";"-11";"Sigiloso";"Informações protegidas por sigilo";"";"106,50"
"20000";"Presidência da República";"20101";"Presidência da República";"110001";"SECRETARIA DE ADMINISTRACAO/PR";"2021";"02";"";"Sigiloso";"-11";"Sigiloso";"Informações protegidas por sigilo";"";"222,89"
"20000";"Presidência da República";"20101";"Presidência da República";"110001";"SECRETARIA DE ADMINISTRACAO/PR";"2021";"02";"";"Sigiloso";"-11";"Sigiloso";"Informações protegidas por sigilo";"";"582,62"
"20000";"Presidência da República";"20101";"Presidência da República";"110001";"SECRETARIA DE ADMINISTRACAO/PR";"2021";"02";"";"Sigiloso";"-11";"Sigiloso";"Informações protegidas por sigilo";"";"758,76"
"20000";"Presidência da República";"20101";"Presidência da República";"110001";"SECRETARIA DE ADMINISTRACAO/PR";"2021";"02";"";"Sigiloso";"-11";"Sigiloso";"Informações protegidas por sigilo";"";"1411,08"
"20000";"Presidência da República";"20101";"Presidência da República";"110001";"SECRETARIA DE ADMINISTRACAO/PR";"2021";"02";"";"Sigiloso";"-11";"Sigiloso";"Informações protegidas por sigilo";"";"60,00"
"20000";"Presidência da República";"20101";"Presidência da República";"110001";"SECRETARIA DE ADMINISTRACAO/PR";"2021";"02";"";"Sigiloso";"-11";"Sigiloso";"Informações protegidas por sigilo";"";"191,47"
"20000";"Presidência da República";"20101";"Presidência da República";"110001";"SECRETARIA DE ADMINISTRACAO/PR";"2021";"02";"";"Sigiloso";"-11";"Sigiloso";"Informações protegidas por sigilo";"";"1134,34"
"20000";"Presidência da República";"20101";"Presidência da República";"110001";"SECRETARIA DE ADMINISTRACAO/PR";"2021";"02";"";"Sigiloso";"-11";"Sigiloso";"Informações protegidas por sigilo";"";"1000,00"
"20000";"Presidência da República";"20101";"Presidência da República";"110001";"SECRETARIA DE ADMINISTRACAO/PR";"2021";"02";"";"Sigiloso";"-11";"Sigiloso";"Informações protegidas por sigilo";"";"1067,43"
"20000";"Presidência da República";"20101";"Presidência da República";"110001";"SECRETARIA DE ADMINISTRACAO/PR";"2021";"02";"";"Sigiloso";"-11";"Sigiloso";"Informações protegidas por sigilo";"";"19500,00"
"20000";"Presidência da República";"20101";"Presidência da República";"110001";"SECRETARIA DE ADMINISTRACAO/PR";"2021";"02";"";"Sigiloso";"-11";"Sigiloso";"Informações protegidas por sigilo";"";"9084,05"
"20000";"Presidência da República";"20101";"Presidência da República";"110001";"SECRETARIA DE ADMINISTRACAO/PR";"2021";"02";"";"Sigiloso";"-11";"Sigiloso";"Informações protegidas por sigilo";"";"120,80"
"20000";"Presidência da República";"20101";"Presidência da República";"110001";"SECRETARIA DE ADMINISTRACAO/PR";"2021";"02";"";"Sigiloso";"-11";"Sigiloso";"Informações protegidas por sigilo";"";"230,00"
"20000";"Presidência da República";"20101";"Presidência da República";"110001";"SECRETARIA DE ADMINISTRACAO/PR";"2021";"02";"";"Sigiloso";"-11";"Sigiloso";"Informações protegidas por sigilo";"";"387,00"
"20000";"Presidência da República";"20101";"Presidência da República";"110001";"SECRETARIA DE ADMINISTRACAO/PR";"2021";"02";"";"Sigiloso";"-11";"Sigiloso";"Informações protegidas por sigilo";"";"219,80"
"20000";"Presidência da República";"20101";"Presidência da República";"110001";"SECRETARIA DE ADMINISTRACAO/PR";"2021";"02";"";"Sigiloso";"-11";"Sigiloso";"Informações protegidas por sigilo";"";"1000,00"
"20000";"Presidência da República";"20101";"Presidência da República";"110001";"SECRETARIA DE ADMINISTRACAO/PR";"2021";"02";"";"Sigiloso";"-11";"Sigiloso";"Informações protegidas por sigilo";"";"173,94"
"20000";"Presidência da República";"20101";"Presidência da República";"110001";"SECRETARIA DE ADMINISTRACAO/PR";"2021";"02";"";"Sigiloso";"-11";"Sigiloso";"Informações protegidas por sigilo";"";"142,75"
"20000";"Presidência da República";"20101";"Presidência da República";"110001";"SECRETARIA DE ADMINISTRACAO/PR";"2021";"02";"";"Sigiloso";"-11";"Sigiloso";"Informações protegidas por sigilo";"";"288,80"
"20000";"Presidência da República";"20101";"Presidência da República";"110001";"SECRETARIA DE ADMINISTRACAO/PR";"2021";"02";"";"Sigiloso";"-11";"Sigiloso";"Informações protegidas por sigilo";"";"1392,14"
"20000";"Presidência da República";"20101";"Presidência da República";"110001";"SECRETARIA DE ADMINISTRACAO/PR";"2021";"02";"";"Sigiloso";"-11";"Sigiloso";"Informações protegidas por sigilo";"";"467,43"
"20000";"Presidência da República";"20101";"Presidência da República";"110001";"SECRETARIA DE ADMINISTRACAO/PR";"2021";"02";"";"Sigiloso";"-11";"Sigiloso";"Informações protegidas por sigilo";"";"1000,00"
"20000";"Presidência da República";"20101";"Presidência da República";"110001";"SECRETARIA DE ADMINISTRACAO/PR";"2021";"02";"";"Sigiloso";"-11";"Sigiloso";"Informações protegidas por sigilo";"";"1000,00"
"20000";"Presidência da República";"20101";"Presidência da República";"110001";"SECRETARIA DE ADMINISTRACAO/PR";"2021";"02";"";"Sigiloso";"-11";"Sigiloso";"Informações protegidas por sigilo";"";"19900,00"
"20000";"Presidência da República";"20101";"Presidência da República";"110001";"SECRETARIA DE ADMINISTRACAO/PR";"2021";"02";"";"Sigiloso";"-11";"Sigiloso";"Informações protegidas por sigilo";"";"502,20"
"20000";"Presidência da República";"20101";"Presidência da República";"110001";"SECRETARIA DE ADMINISTRACAO/PR";"2021";"02";"";"Sigiloso";"-11";"Sigiloso";"Informações protegidas por sigilo";"";"609,86"
"20000";"Presidência da República";"20101";"Presidência da República";"110001";"SECRETARIA DE ADMINISTRACAO/PR";"2021";"02";"";"Sigiloso";"-11";"Sigiloso";"Informações protegidas por sigilo";"";"407,76"
"20000";"Presidência da República";"20101";"Presidência da República";"110001";"SECRETARIA DE ADMINISTRACAO/PR";"2021";"02";"";"Sigiloso";"-11";"Sigiloso";"Informações protegidas por sigilo";"";"2049,22"
"20000";"Presidência da República";"20101";"Presidência da República";"110001";"SECRETARIA DE ADMINISTRACAO/PR";"2021";"02";"";"Sigiloso";"-11";"Sigiloso";"Informações protegidas por sigilo";"";"7980,00"
"20000";"Presidência da República";"20101";"Presidência da República";"110001";"SECRETARIA DE ADMINISTRACAO/PR";"2021";"02";"";"Sigiloso";"-11";"Sigiloso";"Informações protegidas por sigilo";"";"412,98"
"20000";"Presidência da República";"20101";"Presidência da República";"110001";"SECRETARIA DE ADMINISTRACAO/PR";"2021";"02";"";"Sigiloso";"-11";"Sigiloso";"Informações protegidas por sigilo";"";"3220,00"
"20000";"Presidência da República";"20101";"Presidência da República";"110001";"SECRETARIA DE ADMINISTRACAO/PR";"2021";"02";"";"Sigiloso";"-11";"Sigiloso";"Informações protegidas por sigilo";"";"176,85"
"20000";"Presidência da República";"20101";"Presidência da República";"110001";"SECRETARIA DE ADMINISTRACAO/PR";"2021";"02";"";"Sigiloso";"-11";"Sigiloso";"Informações protegidas por sigilo";"";"528,01"
"20000";"Presidência da República";"20101";"Presidência da República";"110001";"SECRETARIA DE ADMINISTRACAO/PR";"2021";"02";"";"Sigiloso";"-11";"Sigiloso";"Informações protegidas por sigilo";"";"176,38"
"20000";"Presidência da República";"20101";"Presidência da República";"110001";"SECRETARIA DE ADMINISTRACAO/PR";"2021";"02";"";"Sigiloso";"-11";"Sigiloso";"Informações protegidas por sigilo";"";"487,99"
"20000";"Presidência da República";"20101";"Presidência da República";"110001";"SECRETARIA DE ADMINISTRACAO/PR";"2021";"02";"";"Sigiloso";"-11";"Sigiloso";"Informações protegidas por sigilo";"";"50000,00"
"20000";"Presidência da República";"20101";"Presidência da República";"110001";"SECRETARIA DE ADMINISTRACAO/PR";"2021";"02";"";"Sigiloso";"-11";"Sigiloso";"Informações protegidas por sigilo";"";"1000,00"
"20000";"Presidência da República";"20101";"Presidência da República";"110001";"SECRETARIA DE ADMINISTRACAO/PR";"2021";"02";"";"Sigiloso";"-11";"Sigiloso";"Informações protegidas por sigilo";"";"1000,00"
"20000";"Presidência da República";"20101";"Presidência da República";"110001";"SECRETARIA DE ADMINISTRACAO/PR";"2021";"02";"";"Sigiloso";"-11";"Sigiloso";"Informações protegidas por sigilo";"";"185,98"
"20000";"Presidência da República";"20101";"Presidência da República";"110001";"SECRETARIA DE ADMINISTRACAO/PR";"2021";"02";"";"Sigiloso";"-11";"Sigiloso";"Informações protegidas por sigilo";"";"83,83"
"20000";"Presidência da República";"20101";"Presidência da República";"110001";"SECRETARIA DE ADMINISTRACAO/PR";"2021";"02";"";"Sigiloso";"-11";"Sigiloso";"Informações protegidas por sigilo";"";"30154,20"
"20000";"Presidência da República";"20101";"Presidência da República";"110001";"SECRETARIA DE ADMINISTRACAO/PR";"2021";"02";"";"Sigiloso";"-11";"Sigiloso";"Informações protegidas por sigilo";"";"191,60"
"20000";"Presidência da República";"20101";"Presidência da República";"110001";"SECRETARIA DE ADMINISTRACAO/PR";"2021";"02";"";"Sigiloso";"-11";"Sigiloso";"Informações protegidas por sigilo";"";"19900,00"
"20000";"Presidência da República";"20101";"Presidência da República";"110001";"SECRETARIA DE ADMINISTRACAO/PR";"2021";"02";"";"Sigiloso";"-11";"Sigiloso";"Informações protegidas por sigilo";"";"1000,00"
"20000";"Presidência da República";"20101";"Presidência da República";"110001";"SECRETARIA DE ADMINISTRACAO/PR";"2021";"02";"";"Sigiloso";"-11";"Sigiloso";"Informações protegidas por sigilo";"";"651,95"
"20000";"Presidência da República";"20101";"Presidência da República";"110001";"SECRETARIA DE ADMINISTRACAO/PR";"2021";"02";"";"Sigiloso";"-11";"Sigiloso";"Informações protegidas por sigilo";"";"127,44"
"20000";"Presidência da República";"20101";"Presidência da República";"110001";"SECRETARIA DE ADMINISTRACAO/PR";"2021";"02";"";"Sigiloso";"-11";"Sigiloso";"Informações protegidas por sigilo";"";"1000,00"
"20000";"Presidência da República";"20101";"Presidência da República";"110001";"SECRETARIA DE ADMINISTRACAO/PR";"2021";"02";"";"Sigiloso";"-11";"Sigiloso";"Informações protegidas por sigilo";"";"41,00"
"20000";"Presidência da República";"20101";"Presidência da República";"110001";"SECRETARIA DE ADMINISTRACAO/PR";"2021";"02";"";"Sigiloso";"-11";"Sigiloso";"Informações protegidas por sigilo";"";"17,68"
"20000";"Presidência da República";"20101";"Presidência da República";"110001";"SECRETARIA DE ADMINISTRACAO/PR";"2021";"02";"";"Sigiloso";"-11";"Sigiloso";"Informações protegidas por sigilo";"";"1083,78"
"20000";"Presidência da República";"20101";"Presidência da República";"110001";"SECRETARIA DE ADMINISTRACAO/PR";"2021";"02";"";"Sigiloso";"-11";"Sigiloso";"Informações protegidas por sigilo";"";"19800,00"
"20000";"Presidência da República";"20101";"Presidência da República";"110001";"SECRETARIA DE ADMINISTRACAO/PR";"2021";"02";"";"Sigiloso";"-11";"Sigiloso";"Informações protegidas por sigilo";"";"77,27"
"20000";"Presidência da República";"20101";"Presidência da República";"110001";"SECRETARIA DE ADMINISTRACAO/PR";"2021";"02";"";"Sigiloso";"-11";"Sigiloso";"Informações protegidas por sigilo";"";"198,16"
"20000";"Presidência da República";"20101";"Presidência da República";"110001";"SECRETARIA DE ADMINISTRACAO/PR";"2021";"02";"";"Sigiloso";"-11";"Sigiloso";"Informações protegidas por sigilo";"";"2640,00"
"20000";"Presidência da República";"20101";"Presidência da República";"110001";"SECRETARIA DE ADMINISTRACAO/PR";"2021";"02";"";"Sigiloso";"-11";"Sigiloso";"Informações protegidas por sigilo";"";"1000,00"
"20000";"Presidência da República";"20101";"Presidência da República";"110001";"SECRETARIA DE ADMINISTRACAO/PR";"2021";"02";"";"Sigiloso";"-11";"Sigiloso";"Informações protegidas por sigilo";"";"161,03"
"20000";"Presidência da República";"20101";"Presidência da República";"110001";"SECRETARIA DE ADMINISTRACAO/PR";"2021";"02";"";"Sigiloso";"-11";"Sigiloso";"Informações protegidas por sigilo";"";"476,97"
"20000";"Presidência da República";"20101";"Presidência da República";"110001";"SECRETARIA DE ADMINISTRACAO/PR";"2021";"02";"";"Sigiloso";"-11";"Sigiloso";"Informações protegidas por sigilo";"";"48,06"
"20000";"Presidência da República";"20101";"Presidência da República";"110001";"SECRETARIA DE ADMINISTRACAO/PR";"2021";"02";"";"Sigiloso";"-11";"Sigiloso";"Informações protegidas por sigilo";"";"669,56"
"20000";"Presidência da República";"20101";"Presidência da República";"110001";"SECRETARIA DE ADMINISTRACAO/PR";"2021";"02";"";"Sigiloso";"-11";"Sigiloso";"Informações protegidas por sigilo";"";"20000,00"
"20000";"Presidência da República";"20101";"Presidência da República";"110001";"SECRETARIA DE ADMINISTRACAO/PR";"2021";"02";"";"Sigiloso";"-11";"Sigiloso";"Informações protegidas por sigilo";"";"1000,00"
"20000";"Presidência da República";"20101";"Presidência da República";"110001";"SECRETARIA DE ADMINISTRACAO/PR";"2021";"02";"";"Sigiloso";"-11";"Sigiloso";"Informações protegidas por sigilo";"";"1000,00"
"20000";"Presidência da República";"20101";"Presidência da República";"110001";"SECRETARIA DE ADMINISTRACAO/PR";"2021";"02";"";"Sigiloso";"-11";"Sigiloso";"Informações protegidas por sigilo";"";"75,00"
"20000";"Presidência da República";"20101";"Presidência da República";"110001";"SECRETARIA DE ADMINISTRACAO/PR";"2021";"02";"";"Sigiloso";"-11";"Sigiloso";"Informações protegidas por sigilo";"";"230,00"
"20000";"Presidência da República";"20101";"Presidência da República";"110001";"SECRETARIA DE ADMINISTRACAO/PR";"2021";"02";"";"Sigiloso";"-11";"Sigiloso";"Informações protegidas por sigilo";"";"1000,00"
"20000";"Presidência da República";"20101";"Presidência da República";"110001";"SECRETARIA DE ADMINISTRACAO/PR";"2021";"02";"";"Sigiloso";"-11";"Sigiloso";"Informações protegidas por sigilo";"";"495,51"
"20000";"Presidência da República";"20101";"Presidência da República";"110001";"SECRETARIA DE ADMINISTRACAO/PR";"2021";"02";"";"Sigiloso";"-11";"Sigiloso";"Informações protegidas por sigilo";"";"19800,00"
"20000";"Presidência da República";"20101";"Presidência da República";"110001";"SECRETARIA DE ADMINISTRACAO/PR";"2021";"02";"";"Sigiloso";"-11";"Sigiloso";"Informações protegidas por sigilo";"";"1707,15"
"20000";"Presidência da República";"20101";"Presidência da República";"110001";"SECRETARIA DE ADMINISTRACAO/PR";"2021";"02";"";"Sigiloso";"-11";"Sigiloso";"Informações protegidas por sigilo";"";"606,98"
"20000";"Presidência da República";"20101";"Presidência da República";"110001";"SECRETARIA DE ADMINISTRACAO/PR";"2021";"02";"";"Sigiloso";"-11";"Sigiloso";"Informações protegidas por sigilo";"";"1000,00"
"20000";"Presidência da República";"20101";"Presidência da República";"110001";"SECRETARIA DE ADMINISTRACAO/PR";"2021";"02";"";"Sigiloso";"-11";"Sigiloso";"Informações protegidas por sigilo";"";"150,00"
"20000";"Presidência da República";"20101";"Presidência da República";"110001";"SECRETARIA DE ADMINISTRACAO/PR";"2021";"02";"";"Sigiloso";"-11";"Sigiloso";"Informações protegidas por sigilo";"";"1390,00"
"20000";"Presidência da República";"20101";"Presidência da República";"110001";"SECRETARIA DE ADMINISTRACAO/PR";"2021";"02";"";"Sigiloso";"-11";"Sigiloso";"Informações protegidas por sigilo";"";"814,80"
"20000";"Presidência da República";"20101";"Presidência da República";"110001";"SECRETARIA DE ADMINISTRACAO/PR";"2021";"02";"";"Sigiloso";"-11";"Sigiloso";"Informações protegidas por sigilo";"";"927,59"
"20000";"Presidência da República";"20101";"Presidência da República";"110001";"SECRETARIA DE ADMINISTRACAO/PR";"2021";"02";"";"Sigiloso";"-11";"Sigiloso";"Informações protegidas por sigilo";"";"1141,08"
"20000";"Presidência da República";"20101";"Presidência da República";"110001";"SECRETARIA DE ADMINISTRACAO/PR";"2021";"02";"";"Sigiloso";"-11";"Sigiloso";"Informações protegidas por sigilo";"";"1000,00"
"20000";"Presidência da República";"20101";"Presidência da República";"110001";"SECRETARIA DE ADMINISTRACAO/PR";"2021";"02";"";"Sigiloso";"-11";"Sigiloso";"Informações protegidas por sigilo";"";"1000,00"
"20000";"Presidência da República";"20101";"Presidência da República";"110001";"SECRETARIA DE ADMINISTRACAO/PR";"2021";"02";"";"Sigiloso";"-11";"Sigiloso";"Informações protegidas por sigilo";"";"1000,00"
"20000";"Presidência da República";"20101";"Presidência da República";"110001";"SECRETARIA DE ADMINISTRACAO/PR";"2021";"02";"";"Sigiloso";"-11";"Sigiloso";"Informações protegidas por sigilo";"";"771,79"
"20000";"Presidência da República";"20101";"Presidência da República";"110001";"SECRETARIA DE ADMINISTRACAO/PR";"2021";"02";"";"Sigiloso";"-11";"Sigiloso";"Informações protegidas por sigilo";"";"330,00"
"20000";"Presidência da República";"20101";"Presidência da República";"110001";"SECRETARIA DE ADMINISTRACAO/PR";"2021";"02";"";"Sigiloso";"-11";"Sigiloso";"Informações protegidas por sigilo";"";"99,38"
"20000";"Presidência da República";"20101";"Presidência da República";"110001";"SECRETARIA DE ADMINISTRACAO/PR";"2021";"02";"";"Sigiloso";"-11";"Sigiloso";"Informações protegidas por sigilo";"";"244,90"
"20000";"Presidência da República";"20101";"Presidência da República";"110001";"SECRETARIA DE ADMINISTRACAO/PR";"2021";"02";"";"Sigiloso";"-11";"Sigiloso";"Informações protegidas por sigilo";"";"230,00"
"20000";"Presidência da República";"20101";"Presidência da República";"110001";"SECRETARIA DE ADMINISTRACAO/PR";"2021";"02";"";"Sigiloso";"-11";"Sigiloso";"Informações protegidas por sigilo";"";"140,00"
"20000";"Presidência da República";"20101";"Presidência da República";"110001";"SECRETARIA DE ADMINISTRACAO/PR";"2021";"02";"";"Sigiloso";"-11";"Sigiloso";"Informações protegidas por sigilo";"";"1052,72"
"20000";"Presidência da República";"20101";"Presidência da República";"110001";"SECRETARIA DE ADMINISTRACAO/PR";"2021";"02";"";"Sigiloso";"-11";"Sigiloso";"Informações protegidas por sigilo";"";"612,30"
"20000";"Presidência da República";"20101";"Presidência da República";"110001";"SECRETARIA DE ADMINISTRACAO/PR";"2021";"02";"";"Sigiloso";"-11";"Sigiloso";"Informações protegidas por sigilo";"";"1000,00"
"20000";"Presidência da República";"20101";"Presidência da República";"110001";"SECRETARIA DE ADMINISTRACAO/PR";"2021";"02";"";"Sigiloso";"-11";"Sigiloso";"Informações protegidas por sigilo";"";"457,69"
"20000";"Presidência da República";"20101";"Presidência da República";"110001";"SECRETARIA DE ADMINISTRACAO/PR";"2021";"02";"";"Sigiloso";"-11";"Sigiloso";"Informações protegidas por sigilo";"";"60,00"
"20000";"Presidência da República";"20101";"Presidência da República";"110001";"SECRETARIA DE ADMINISTRACAO/PR";"2021";"02";"";"Sigiloso";"-11";"Sigiloso";"Informações protegidas por sigilo";"";"74,97"
"20000";"Presidência da República";"20101";"Presidência da República";"110001";"SECRETARIA DE ADMINISTRACAO/PR";"2021";"02";"";"Sigiloso";"-11";"Sigiloso";"Informações protegidas por sigilo";"";"1000,00"
"20000";"Presidência da República";"20101";"Presidência da República";"110001";"SECRETARIA DE ADMINISTRACAO/PR";"2021";"02";"";"Sigiloso";"-11";"Sigiloso";"Informações protegidas por sigilo";"";"50,00"
"20000";"Presidência da República";"20101";"Presidência da República";"110001";"SECRETARIA DE ADMINISTRACAO/PR";"2021";"02";"";"Sigiloso";"-11";"Sigiloso";"Informações protegidas por sigilo";"";"1000,00"
"20000";"Presidência da República";"20101";"Presidência da República";"110001";"SECRETARIA DE ADMINISTRACAO/PR";"2021";"02";"";"Sigiloso";"-11";"Sigiloso";"Informações protegidas por sigilo";"";"1000,00"
"20000";"Presidência da República";"20101";"Presidência da República";"110001";"SECRETARIA DE ADMINISTRACAO/PR";"2021";"02";"";"Sigiloso";"-11";"Sigiloso";"Informações protegidas por sigilo";"";"1000,00"
"20000";"Presidência da República";"20101";"Presidência da República";"110001";"SECRETARIA DE ADMINISTRACAO/PR";"2021";"02";"";"Sigiloso";"-11";"Sigiloso";"Informações protegidas por sigilo";"";"2992,00"
"20000";"Presidência da República";"20101";"Presidência da República";"110001";"SECRETARIA DE ADMINISTRACAO/PR";"2021";"02";"";"Sigiloso";"-11";"Sigiloso";"Informações protegidas por sigilo";"";"780,13"
"20000";"Presidência da República";"20101";"Presidência da República";"110001";"SECRETARIA DE ADMINISTRACAO/PR";"2021";"02";"";"Sigiloso";"-11";"Sigiloso";"Informações protegidas por sigilo";"";"14946,75"
"20000";"Presidência da República";"20101";"Presidência da República";"110001";"SECRETARIA DE ADMINISTRACAO/PR";"2021";"02";"";"Sigiloso";"-11";"Sigiloso";"Informações protegidas por sigilo";"";"1000,00"
"20000";"Presidência da República";"20101";"Presidência da República";"110001";"SECRETARIA DE ADMINISTRACAO/PR";"2021";"02";"";"Sigiloso";"-11";"Sigiloso";"Informações protegidas por sigilo";"";"9088,94"
"20000";"Presidência da República";"20101";"Presidência da República";"110001";"SECRETARIA DE ADMINISTRACAO/PR";"2021";"02";"";"Sigiloso";"-11";"Sigiloso";"Informações protegidas por sigilo";"";"2197,31"
"20000";"Presidência da República";"20101";"Presidência da República";"110001";"SECRETARIA DE ADMINISTRACAO/PR";"2021";"02";"";"Sigiloso";"-11";"Sigiloso";"Informações protegidas por sigilo";"";"696,64"
"20000";"Presidência da República";"20101";"Presidência da República";"110001";"SECRETARIA DE ADMINISTRACAO/PR";"2021";"02";"";"Sigiloso";"-11";"Sigiloso";"Informações protegidas por sigilo";"";"50000,00"
"20000";"Presidência da República";"20101";"Presidência da República";"110001";"SECRETARIA DE ADMINISTRACAO/PR";"2021";"02";"";"Sigiloso";"-11";"Sigiloso";"Informações protegidas por sigilo";"";"189,90"
"20000";"Presidência da República";"20101";"Presidência da República";"110001";"SECRETARIA DE ADMINISTRACAO/PR";"2021";"02";"";"Sigiloso";"-11";"Sigiloso";"Informações protegidas por sigilo";"";"1000,00"
"20000";"Presidência da República";"20101";"Presidência da República";"110001";"SECRETARIA DE ADMINISTRACAO/PR";"2021";"02";"";"Sigiloso";"-11";"Sigiloso";"Informações protegidas por sigilo";"";"105,03"
"20000";"Presidência da República";"20101";"Presidência da República";"110001";"SECRETARIA DE ADMINISTRACAO/PR";"2021";"02";"";"Sigiloso";"-11";"Sigiloso";"Informações protegidas por sigilo";"";"1487,31"
"20000";"Presidência da República";"20101";"Presidência da República";"110001";"SECRETARIA DE ADMINISTRACAO/PR";"2021";"02";"";"Sigiloso";"-11";"Sigiloso";"Informações protegidas por sigilo";"";"450,00"
"20000";"Presidência da República";"20101";"Presidência da República";"110001";"SECRETARIA DE ADMINISTRACAO/PR";"2021";"02";"";"Sigiloso";"-11";"Sigiloso";"Informações protegidas por sigilo";"";"6091,33"
"20000";"Presidência da República";"20101";"Presidência da República";"110001";"SECRETARIA DE ADMINISTRACAO/PR";"2021";"02";"";"Sigiloso";"-11";"Sigiloso";"Informações protegidas por sigilo";"";"14980,00"
"20000";"Presidência da República";"20101";"Presidência da República";"110001";"SECRETARIA DE ADMINISTRACAO/PR";"2021";"02";"";"Sigiloso";"-11";"Sigiloso";"Informações protegidas por sigilo";"";"541,81"
"20000";"Presidência da República";"20101";"Presidência da República";"110001";"SECRETARIA DE ADMINISTRACAO/PR";"2021";"02";"";"Sigiloso";"-11";"Sigiloso";"Informações protegidas por sigilo";"";"498,81"
"20000";"Presidência da República";"20101";"Presidência da República";"110001";"SECRETARIA DE ADMINISTRACAO/PR";"2021";"02";"";"Sigiloso";"-11";"Sigiloso";"Informações protegidas por sigilo";"";"12450,00"
"20000";"Presidência da República";"20101";"Presidência da República";"110001";"SECRETARIA DE ADMINISTRACAO/PR";"2021";"02";"";"Sigiloso";"-11";"Sigiloso";"Informações protegidas por sigilo";"";"16933,36"
"20000";"Presidência da República";"20101";"Presidência da República";"110001";"SECRETARIA DE ADMINISTRACAO/PR";"2021";"02";"";"Sigiloso";"-11";"Sigiloso";"Informações protegidas por sigilo";"";"59,78"
"20000";"Presidência da República";"20101";"Presidência da República";"110001";"SECRETARIA DE ADMINISTRACAO/PR";"2021";"02";"";"Sigiloso";"-11";"Sigiloso";"Informações protegidas por sigilo";"";"1000,00"
"20000";"Presidência da República";"20101";"Presidência da República";"110001";"SECRETARIA DE ADMINISTRACAO/PR";"2021";"02";"";"Sigiloso";"-11";"Sigiloso";"Informações protegidas por sigilo";"";"20000,00"
"20000";"Presidência da República";"20101";"Presidência da República";"110001";"SECRETARIA DE ADMINISTRACAO/PR";"2021";"02";"";"Sigiloso";"-11";"Sigiloso";"Informações protegidas por sigilo";"";"197,40"
"20000";"Presidência da República";"20101";"Presidência da República";"110001";"SECRETARIA DE ADMINISTRACAO/PR";"2021";"02";"";"Sigiloso";"-11";"Sigiloso";"Informações protegidas por sigilo";"";"526,20"
"20000";"Presidência da República";"20101";"Presidência da República";"110001";"SECRETARIA DE ADMINISTRACAO/PR";"2021";"02";"";"Sigiloso";"-11";"Sigiloso";"Informações protegidas por sigilo";"";"575,25"
"20000";"Presidência da República";"20101";"Presidência da República";"110001";"SECRETARIA DE ADMINISTRACAO/PR";"2021";"02";"";"Sigiloso";"-11";"Sigiloso";"Informações protegidas por sigilo";"";"566,69"
"20000";"Presidência da República";"20101";"Presidência da República";"110001";"SECRETARIA DE ADMINISTRACAO/PR";"2021";"02";"";"Sigiloso";"-11";"Sigiloso";"Informações protegidas por sigilo";"";"641,82"
"20000";"Presidência da República";"20101";"Presidência da República";"110001";"SECRETARIA DE ADMINISTRACAO/PR";"2021";"02";"";"Sigiloso";"-11";"Sigiloso";"Informações protegidas por sigilo";"";"1000,00"
"20000";"Presidência da República";"20101";"Presidência da República";"110001";"SECRETARIA DE ADMINISTRACAO/PR";"2021";"02";"";"Sigiloso";"-11";"Sigiloso";"Informações protegidas por sigilo";"";"1000,00"
"20000";"Presidência da República";"20101";"Presidência da República";"110001";"SECRETARIA DE ADMINISTRACAO/PR";"2021";"02";"";"Sigiloso";"-11";"Sigiloso";"Informações protegidas por sigilo";"";"20000,00"
"20000";"Presidência da República";"20101";"Presidência da República";"110001";"SECRETARIA DE ADMINISTRACAO/PR";"2021";"02";"";"Sigiloso";"-11";"Sigiloso";"Informações protegidas por sigilo";"";"20000,00"
"20000";"Presidência da República";"20101";"Presidência da República";"110001";"SECRETARIA DE ADMINISTRACAO/PR";"2021";"02";"";"Sigiloso";"-11";"Sigiloso";"Informações protegidas por sigilo";"";"1000,00"
"20000";"Presidência da República";"20101";"Presidência da República";"110001";"SECRETARIA DE ADMINISTRACAO/PR";"2021";"02";"";"Sigiloso";"-11";"Sigiloso";"Informações protegidas por sigilo";"";"1000,00"
"20000";"Presidência da República";"20101";"Presidência da República";"110001";"SECRETARIA DE ADMINISTRACAO/PR";"2021";"02";"";"Sigiloso";"-11";"Sigiloso";"Informações protegidas por sigilo";"";"1000,00"
"20000";"Presidência da República";"20101";"Presidência da República";"110001";"SECRETARIA DE ADMINISTRACAO/PR";"2021";"02";"";"Sigiloso";"-11";"Sigiloso";"Informações protegidas por sigilo";"";"724,81"
"20000";"Presidência da República";"20101";"Presidência da República";"110001";"SECRETARIA DE ADMINISTRACAO/PR";"2021";"02";"";"Sigiloso";"-11";"Sigiloso";"Informações protegidas por sigilo";"";"113,07"
"20000";"Presidência da República";"20101";"Presidência da República";"110001";"SECRETARIA DE ADMINISTRACAO/PR";"2021";"02";"";"Sigiloso";"-11";"Sigiloso";"Informações protegidas por sigilo";"";"18000,00"
"20000";"Presidência da República";"20101";"Presidência da República";"110001";"SECRETARIA DE ADMINISTRACAO/PR";"2021";"02";"";"Sigiloso";"-11";"Sigiloso";"Informações protegidas por sigilo";"";"1000,00"
"20000";"Presidência da República";"20101";"Presidência da República";"110001";"SECRETARIA DE ADMINISTRACAO/PR";"2021";"02";"";"Sigiloso";"-11";"Sigiloso";"Informações protegidas por sigilo";"";"534,77"
"20000";"Presidência da República";"20101";"Presidência da República";"110001";"SECRETARIA DE ADMINISTRACAO/PR";"2021";"02";"";"Sigiloso";"-11";"Sigiloso";"Informações protegidas por sigilo";"";"1000,00"
"20000";"Presidência da República";"20101";"Presidência da República";"110001";"SECRETARIA DE ADMINISTRACAO/PR";"2021";"02";"";"Sigiloso";"-11";"Sigiloso";"Informações protegidas por sigilo";"";"298,72"
"20000";"Presidência da República";"20101";"Presidência da República";"110001";"SECRETARIA DE ADMINISTRACAO/PR";"2021";"02";"";"Sigiloso";"-11";"Sigiloso";"Informações protegidas por sigilo";"";"684,32"
"20000";"Presidência da República";"20101";"Presidência da República";"110001";"SECRETARIA DE ADMINISTRACAO/PR";"2021";"02";"";"Sigiloso";"-11";"Sigiloso";"Informações protegidas por sigilo";"";"448,72"
"20000";"Presidência da República";"20101";"Presidência da República";"110001";"SECRETARIA DE ADMINISTRACAO/PR";"2021";"02";"";"Sigiloso";"-11";"Sigiloso";"Informações protegidas por sigilo";"";"1000,00"
"20000";"Presidência da República";"20101";"Presidência da República";"110001";"SECRETARIA DE ADMINISTRACAO/PR";"2021";"02";"";"Sigiloso";"-11";"Sigiloso";"Informações protegidas por sigilo";"";"180,22"
"20000";"Presidência da República";"20101";"Presidência da República";"110001";"SECRETARIA DE ADMINISTRACAO/PR";"2021";"02";"";"Sigiloso";"-11";"Sigiloso";"Informações protegidas por sigilo";"";"40,17"
"20000";"Presidência da República";"20101";"Presidência da República";"110001";"SECRETARIA DE ADMINISTRACAO/PR";"2021";"02";"";"Sigiloso";"-11";"Sigiloso";"Informações protegidas por sigilo";"";"259,77"
"20000";"Presidência da República";"20101";"Presidência da República";"110001";"SECRETARIA DE ADMINISTRACAO/PR";"2021";"02";"";"Sigiloso";"-11";"Sigiloso";"Informações protegidas por sigilo";"";"260,35"
"20000";"Presidência da República";"20101";"Presidência da República";"110001";"SECRETARIA DE ADMINISTRACAO/PR";"2021";"02";"";"Sigiloso";"-11";"Sigiloso";"Informações protegidas por sigilo";"";"714,52"
"20000";"Presidência da República";"20101";"Presidência da República";"110001";"SECRETARIA DE ADMINISTRACAO/PR";"2021";"02";"";"Sigiloso";"-11";"Sigiloso";"Informações protegidas por sigilo";"";"129,60"
"20000";"Presidência da República";"20101";"Presidência da República";"110001";"SECRETARIA DE ADMINISTRACAO/PR";"2021";"02";"";"Sigiloso";"-11";"Sigiloso";"Informações protegidas por sigilo";"";"56,94"
"20000";"Presidência da República";"20101";"Presidência da República";"110001";"SECRETARIA DE ADMINISTRACAO/PR";"2021";"02";"";"Sigiloso";"-11";"Sigiloso";"Informações protegidas por sigilo";"";"116,41"
"20000";"Presidência da República";"20101";"Presidência da República";"110001";"SECRETARIA DE ADMINISTRACAO/PR";"2021";"02";"";"Sigiloso";"-11";"Sigiloso";"Informações protegidas por sigilo";"";"230,00"
"20000";"Presidência da República";"20101";"Presidência da República";"110001";"SECRETARIA DE ADMINISTRACAO/PR";"2021";"02";"";"Sigiloso";"-11";"Sigiloso";"Informações protegidas por sigilo";"";"1000,00"
"20000";"Presidência da República";"20101";"Presidência da República";"110001";"SECRETARIA DE ADMINISTRACAO/PR";"2021";"02";"";"Sigiloso";"-11";"Sigiloso";"Informações protegidas por sigilo";"";"1000,00"
"20000";"Presidência da República";"20101";"Presidência da República";"110001";"SECRETARIA DE ADMINISTRACAO/PR";"2021";"02";"";"Sigiloso";"-11";"Sigiloso";"Informações protegidas por sigilo";"";"1531,64"
"20000";"Presidência da República";"20101";"Presidência da República";"110001";"SECRETARIA DE ADMINISTRACAO/PR";"2021";"02";"";"Sigiloso";"-11";"Sigiloso";"Informações protegidas por sigilo";"";"1000,00"
"20000";"Presidência da República";"20101";"Presidência da República";"110001";"SECRETARIA DE ADMINISTRACAO/PR";"2021";"02";"";"Sigiloso";"-11";"Sigiloso";"Informações protegidas por sigilo";"";"1000,00"
"20000";"Presidência da República";"20101";"Presidência da República";"110001";"SECRETARIA DE ADMINISTRACAO/PR";"2021";"02";"";"Sigiloso";"-11";"Sigiloso";"Informações protegidas por sigilo";"";"639,27"
"20000";"Presidência da República";"20101";"Presidência da República";"110001";"SECRETARIA DE ADMINISTRACAO/PR";"2021";"02";"";"Sigiloso";"-11";"Sigiloso";"Informações protegidas por sigilo";"";"1044,45"
"20000";"Presidência da República";"20101";"Presidência da República";"110001";"SECRETARIA DE ADMINISTRACAO/PR";"2021";"02";"";"Sigiloso";"-11";"Sigiloso";"Informações protegidas por sigilo";"";"12036,00"
"20000";"Presidência da República";"20101";"Presidência da República";"110001";"SECRETARIA DE ADMINISTRACAO/PR";"2021";"02";"";"Sigiloso";"-11";"Sigiloso";"Informações protegidas por sigilo";"";"1000,00"
"20000";"Presidência da República";"20101";"Presidência da República";"110001";"SECRETARIA DE ADMINISTRACAO/PR";"2021";"02";"";"Sigiloso";"-11";"Sigiloso";"Informações protegidas por sigilo";"";"350,51"
"20000";"Presidência da República";"20101";"Presidência da República";"110001";"SECRETARIA DE ADMINISTRACAO/PR";"2021";"02";"";"Sigiloso";"-11";"Sigiloso";"Informações protegidas por sigilo";"";"176,95"
"20000";"Presidência da República";"20101";"Presidência da República";"110001";"SECRETARIA DE ADMINISTRACAO/PR";"2021";"02";"";"Sigiloso";"-11";"Sigiloso";"Informações protegidas por sigilo";"";"4662,00"
"20000";"Presidência da República";"20101";"Presidência da República";"110001";"SECRETARIA DE ADMINISTRACAO/PR";"2021";"02";"";"Sigiloso";"-11";"Sigiloso";"Informações protegidas por sigilo";"";"1000,00"
"20000";"Presidência da República";"20101";"Presidência da República";"110001";"SECRETARIA DE ADMINISTRACAO/PR";"2021";"02";"";"Sigiloso";"-11";"Sigiloso";"Informações protegidas por sigilo";"";"181,39"
"20000";"Presidência da República";"20101";"Presidência da República";"110001";"SECRETARIA DE ADMINISTRACAO/PR";"2021";"02";"";"Sigiloso";"-11";"Sigiloso";"Informações protegidas por sigilo";"";"547,61"
"20000";"Presidência da República";"20101";"Presidência da República";"110001";"SECRETARIA DE ADMINISTRACAO/PR";"2021";"02";"";"Sigiloso";"-11";"Sigiloso";"Informações protegidas por sigilo";"";"1000,00"
"20000";"Presidência da República";"20101";"Presidência da República";"110001";"SECRETARIA DE ADMINISTRACAO/PR";"2021";"02";"";"Sigiloso";"-11";"Sigiloso";"Informações protegidas por sigilo";"";"1855,51"
"20000";"Presidência da República";"20101";"Presidência da República";"110001";"SECRETARIA DE ADMINISTRACAO/PR";"2021";"02";"";"Sigiloso";"-11";"Sigiloso";"Informações protegidas por sigilo";"";"48,20"
"20000";"Presidência da República";"20101";"Presidência da República";"110001";"SECRETARIA DE ADMINISTRACAO/PR";"2021";"02";"";"Sigiloso";"-11";"Sigiloso";"Informações protegidas por sigilo";"";"232,01"
"20000";"Presidência da República";"20101";"Presidência da República";"110001";"SECRETARIA DE ADMINISTRACAO/PR";"2021";"02";"";"Sigiloso";"-11";"Sigiloso";"Informações protegidas por sigilo";"";"19870,00"
"20000";"Presidência da República";"20101";"Presidência da República";"110001";"SECRETARIA DE ADMINISTRACAO/PR";"2021";"02";"";"Sigiloso";"-11";"Sigiloso";"Informações protegidas por sigilo";"";"107,45"
"20000";"Presidência da República";"20101";"Presidência da República";"110001";"SECRETARIA DE ADMINISTRACAO/PR";"2021";"02";"";"Sigiloso";"-11";"Sigiloso";"Informações protegidas por sigilo";"";"297,75"
"20000";"Presidência da República";"20101";"Presidência da República";"110001";"SECRETARIA DE ADMINISTRACAO/PR";"2021";"02";"";"Sigiloso";"-11";"Sigiloso";"Informações protegidas por sigilo";"";"378,97"
"20000";"Presidência da República";"20101";"Presidência da República";"110001";"SECRETARIA DE ADMINISTRACAO/PR";"2021";"02";"";"Sigiloso";"-11";"Sigiloso";"Informações protegidas por sigilo";"";"3060,00"
"20000";"Presidência da República";"20101";"Presidência da República";"110001";"SECRETARIA DE ADMINISTRACAO/PR";"2021";"02";"";"Sigiloso";"-11";"Sigiloso";"Informações protegidas por sigilo";"";"615,00"
"20000";"Presidência da República";"20101";"Presidência da República";"110001";"SECRETARIA DE ADMINISTRACAO/PR";"2021";"02";"";"Sigiloso";"-11";"Sigiloso";"Informações protegidas por sigilo";"";"2575,43"
"20000";"Presidência da República";"20101";"Presidência da República";"110001";"SECRETARIA DE ADMINISTRACAO/PR";"2021";"02";"";"Sigiloso";"-11";"Sigiloso";"Informações protegidas por sigilo";"";"1000,00"
"20000";"Presidência da República";"20101";"Presidência da República";"110001";"SECRETARIA DE ADMINISTRACAO/PR";"2021";"02";"";"Sigiloso";"-11";"Sigiloso";"Informações protegidas por sigilo";"";"213,80"
"20000";"Presidência da República";"20101";"Presidência da República";"110001";"SECRETARIA DE ADMINISTRACAO/PR";"2021";"02";"";"Sigiloso";"-11";"Sigiloso";"Informações protegidas por sigilo";"";"110,46"
"20000";"Presidência da República";"20101";"Presidência da República";"110001";"SECRETARIA DE ADMINISTRACAO/PR";"2021";"02";"";"Sigiloso";"-11";"Sigiloso";"Informações protegidas por sigilo";"";"2046,65"
"20000";"Presidência da República";"20101";"Presidência da República";"110001";"SECRETARIA DE ADMINISTRACAO/PR";"2021";"02";"";"Sigiloso";"-11";"Sigiloso";"Informações protegidas por sigilo";"";"1108,02"
"20000";"Presidência da República";"20101";"Presidência da República";"110001";"SECRETARIA DE ADMINISTRACAO/PR";"2021";"02";"";"Sigiloso";"-11";"Sigiloso";"Informações protegidas por sigilo";"";"1000,00"
"20000";"Presidência da República";"20101";"Presidência da República";"110001";"SECRETARIA DE ADMINISTRACAO/PR";"2021";"02";"";"Sigiloso";"-11";"Sigiloso";"Informações protegidas por sigilo";"";"52,12"
"20000";"Presidência da República";"20101";"Presidência da República";"110001";"SECRETARIA DE ADMINISTRACAO/PR";"2021";"02";"";"Sigiloso";"-11";"Sigiloso";"Informações protegidas por sigilo";"";"49,47"
"20000";"Presidência da República";"20101";"Presidência da República";"110001";"SECRETARIA DE ADMINISTRACAO/PR";"2021";"02";"";"Sigiloso";"-11";"Sigiloso";"Informações protegidas por sigilo";"";"1000,00"
"20000";"Presidência da República";"20101";"Presidência da República";"110001";"SECRETARIA DE ADMINISTRACAO/PR";"2021";"02";"";"Sigiloso";"-11";"Sigiloso";"Informações protegidas por sigilo";"";"17,98"
"20000";"Presidência da República";"20101";"Presidência da República";"110001";"SECRETARIA DE ADMINISTRACAO/PR";"2021";"02";"";"Sigiloso";"-11";"Sigiloso";"Informações protegidas por sigilo";"";"380,40"
"20000";"Presidência da República";"20101";"Presidência da República";"110001";"SECRETARIA DE ADMINISTRACAO/PR";"2021";"02";"";"Sigiloso";"-11";"Sigiloso";"Informações protegidas por sigilo";"";"30,60"
"20000";"Presidência da República";"20101";"Presidência da República";"110001";"SECRETARIA DE ADMINISTRACAO/PR";"2021";"02";"";"Sigiloso";"-11";"Sigiloso";"Informações protegidas por sigilo";"";"1000,00"
"20000";"Presidência da República";"20101";"Presidência da República";"110001";"SECRETARIA DE ADMINISTRACAO/PR";"2021";"02";"";"Sigiloso";"-11";"Sigiloso";"Informações protegidas por sigilo";"";"85,00"
"20000";"Presidência da República";"20101";"Presidência da República";"110001";"SECRETARIA DE ADMINISTRACAO/PR";"2021";"02";"";"Sigiloso";"-11";"Sigiloso";"Informações protegidas por sigilo";"";"19500,00"
"20000";"Presidência da República";"20101";"Presidência da República";"110001";"SECRETARIA DE ADMINISTRACAO/PR";"2021";"02";"";"Sigiloso";"-11";"Sigiloso";"Informações protegidas por sigilo";"";"1259,80"
"20000";"Presidência da República";"20101";"Presidência da República";"110001";"SECRETARIA DE ADMINISTRACAO/PR";"2021";"02";"";"Sigiloso";"-11";"Sigiloso";"Informações protegidas por sigilo";"";"1000,00"
"20000";"Presidência da República";"20101";"Presidência da República";"110001";"SECRETARIA DE ADMINISTRACAO/PR";"2021";"02";"";"Sigiloso";"-11";"Sigiloso";"Informações protegidas por sigilo";"";"1129,80"
"20000";"Presidência da República";"20101";"Presidência da República";"110001";"SECRETARIA DE ADMINISTRACAO/PR";"2021";"02";"";"Sigiloso";"-11";"Sigiloso";"Informações protegidas por sigilo";"";"200,79"
"20000";"Presidência da República";"20101";"Presidência da República";"110001";"SECRETARIA DE ADMINISTRACAO/PR";"2021";"02";"";"Sigiloso";"-11";"Sigiloso";"Informações protegidas por sigilo";"";"1677,99"
"20000";"Presidência da República";"20101";"Presidência da República";"110001";"SECRETARIA DE ADMINISTRACAO/PR";"2021";"02";"";"Sigiloso";"-11";"Sigiloso";"Informações protegidas por sigilo";"";"1000,00"
"20000";"Presidência da República";"20101";"Presidência da República";"110001";"SECRETARIA DE ADMINISTRACAO/PR";"2021";"02";"";"Sigiloso";"-11";"Sigiloso";"Informações protegidas por sigilo";"";"1000,00"
"20000";"Presidência da República";"20101";"Presidência da República";"110001";"SECRETARIA DE ADMINISTRACAO/PR";"2021";"02";"";"Sigiloso";"-11";"Sigiloso";"Informações protegidas por sigilo";"";"441,00"
"20000";"Presidência da República";"20101";"Presidência da República";"110001";"SECRETARIA DE ADMINISTRACAO/PR";"2021";"02";"";"Sigiloso";"-11";"Sigiloso";"Informações protegidas por sigilo";"";"1000,00"
"20000";"Presidência da República";"20101";"Presidência da República";"110001";"SECRETARIA DE ADMINISTRACAO/PR";"2021";"02";"";"Sigiloso";"-11";"Sigiloso";"Informações protegidas por sigilo";"";"1226,51"
"20000";"Presidência da República";"20101";"Presidência da República";"110001";"SECRETARIA DE ADMINISTRACAO/PR";"2021";"02";"";"Sigiloso";"-11";"Sigiloso";"Informações protegidas por sigilo";"";"253,33"
"20000";"Presidência da República";"20101";"Presidência da República";"110001";"SECRETARIA DE ADMINISTRACAO/PR";"2021";"02";"";"Sigiloso";"-11";"Sigiloso";"Informações protegidas por sigilo";"";"19400,00"
"20000";"Presidência da República";"20101";"Presidência da República";"110001";"SECRETARIA DE ADMINISTRACAO/PR";"2021";"02";"";"Sigiloso";"-11";"Sigiloso";"Informações protegidas por sigilo";"";"1000,00"
"20000";"Presidência da República";"20101";"Presidência da República";"110001";"SECRETARIA DE ADMINISTRACAO/PR";"2021";"02";"";"Sigiloso";"-11";"Sigiloso";"Informações protegidas por sigilo";"";"1000,00"
"20000";"Presidência da República";"20101";"Presidência da República";"110001";"SECRETARIA DE ADMINISTRACAO/PR";"2021";"02";"";"Sigiloso";"-11";"Sigiloso";"Informações protegidas por sigilo";"";"474,75"
"20000";"Presidência da República";"20101";"Presidência da República";"110001";"SECRETARIA DE ADMINISTRACAO/PR";"2021";"02";"";"Sigiloso";"-11";"Sigiloso";"Informações protegidas por sigilo";"";"293,53"
"20000";"Presidência da República";"20101";"Presidência da República";"110001";"SECRETARIA DE ADMINISTRACAO/PR";"2021";"02";"";"Sigiloso";"-11";"Sigiloso";"Informações protegidas por sigilo";"";"50000,00"
"20000";"Presidência da República";"20101";"Presidência da República";"110001";"SECRETARIA DE ADMINISTRACAO/PR";"2021";"02";"";"Sigiloso";"-11";"Sigiloso";"Informações protegidas por sigilo";"";"697,34"
"20000";"Presidência da República";"20101";"Presidência da República";"110001";"SECRETARIA DE ADMINISTRACAO/PR";"2021";"02";"";"Sigiloso";"-11";"Sigiloso";"Informações protegidas por sigilo";"";"380,59"
"20000";"Presidência da República";"20101";"Presidência da República";"110001";"SECRETARIA DE ADMINISTRACAO/PR";"2021";"02";"";"Sigiloso";"-11";"Sigiloso";"Informações protegidas por sigilo";"";"1000,00"
"20000";"Presidência da República";"20101";"Presidência da República";"110001";"SECRETARIA DE ADMINISTRACAO/PR";"2021";"02";"";"Sigiloso";"-11";"Sigiloso";"Informações protegidas por sigilo";"";"1000,00"
"20000";"Presidência da República";"20101";"Presidência da República";"110001";"SECRETARIA DE ADMINISTRACAO/PR";"2021";"02";"";"Sigiloso";"-11";"Sigiloso";"Informações protegidas por sigilo";"";"1121,84"
"20000";"Presidência da República";"20101";"Presidência da República";"110001";"SECRETARIA DE ADMINISTRACAO/PR";"2021";"02";"";"Sigiloso";"-11";"Sigiloso";"Informações protegidas por sigilo";"";"1000,00"
"20000";"Presidência da República";"20101";"Presidência da República";"110001";"SECRETARIA DE ADMINISTRACAO/PR";"2021";"02";"";"Sigiloso";"-11";"Sigiloso";"Informações protegidas por sigilo";"";"1000,00"
"20000";"Presidência da República";"20101";"Presidência da República";"110001";"SECRETARIA DE ADMINISTRACAO/PR";"2021";"02";"";"Sigiloso";"-11";"Sigiloso";"Informações protegidas por sigilo";"";"123,98"
"20000";"Presidência da República";"20101";"Presidência da República";"110001";"SECRETARIA DE ADMINISTRACAO/PR";"2021";"02";"";"Sigiloso";"-11";"Sigiloso";"Informações protegidas por sigilo";"";"837,52"
"20000";"Presidência da República";"20101";"Presidência da República";"110001";"SECRETARIA DE ADMINISTRACAO/PR";"2021";"02";"";"Sigiloso";"-11";"Sigiloso";"Informações protegidas por sigilo";"";"213,83"
"20000";"Presidência da República";"20101";"Presidência da República";"110001";"SECRETARIA DE ADMINISTRACAO/PR";"2021";"02";"";"Sigiloso";"-11";"Sigiloso";"Informações protegidas por sigilo";"";"158,64"
"20000";"Presidência da República";"20101";"Presidência da República";"110001";"SECRETARIA DE ADMINISTRACAO/PR";"2021";"02";"";"Sigiloso";"-11";"Sigiloso";"Informações protegidas por sigilo";"";"4200,00"
"20000";"Presidência da República";"20101";"Presidência da República";"110001";"SECRETARIA DE ADMINISTRACAO/PR";"2021";"02";"";"Sigiloso";"-11";"Sigiloso";"Informações protegidas por sigilo";"";"1000,00"
"20000";"Presidência da República";"20101";"Presidência da República";"110001";"SECRETARIA DE ADMINISTRACAO/PR";"2021";"02";"";"Sigiloso";"-11";"Sigiloso";"Informações protegidas por sigilo";"";"190,64"
"20000";"Presidência da República";"20101";"Presidência da República";"110001";"SECRETARIA DE ADMINISTRACAO/PR";"2021";"02";"";"Sigiloso";"-11";"Sigiloso";"Informações protegidas por sigilo";"";"530,00"
"20000";"Presidência da República";"20101";"Presidência da República";"110001";"SECRETARIA DE ADMINISTRACAO/PR";"2021";"02";"";"Sigiloso";"-11";"Sigiloso";"Informações protegidas por sigilo";"";"39,95"
"20000";"Presidência da República";"20101";"Presidência da República";"110001";"SECRETARIA DE ADMINISTRACAO/PR";"2021";"02";"";"Sigiloso";"-11";"Sigiloso";"Informações protegidas por sigilo";"";"290,80"
"20000";"Presidência da República";"20101";"Presidência da República";"110001";"SECRETARIA DE ADMINISTRACAO/PR";"2021";"02";"";"Sigiloso";"-11";"Sigiloso";"Informações protegidas por sigilo";"";"131,40"
"20000";"Presidência da República";"20101";"Presidência da República";"110001";"SECRETARIA DE ADMINISTRACAO/PR";"2021";"02";"";"Sigiloso";"-11";"Sigiloso";"Informações protegidas por sigilo";"";"173,38"
"20000";"Presidência da República";"20101";"Presidência da República";"110001";"SECRETARIA DE ADMINISTRACAO/PR";"2021";"02";"";"Sigiloso";"-11";"Sigiloso";"Informações protegidas por sigilo";"";"65,33"
"20000";"Presidência da República";"20101";"Presidência da República";"110001";"SECRETARIA DE ADMINISTRACAO/PR";"2021";"02";"";"Sigiloso";"-11";"Sigiloso";"Informações protegidas por sigilo";"";"5040,00"
"20000";"Presidência da República";"20101";"Presidência da República";"110001";"SECRETARIA DE ADMINISTRACAO/PR";"2021";"02";"";"Sigiloso";"-11";"Sigiloso";"Informações protegidas por sigilo";"";"40,00"
"20000";"Presidência da República";"20101";"Presidência da República";"110001";"SECRETARIA DE ADMINISTRACAO/PR";"2021";"02";"";"Sigiloso";"-11";"Sigiloso";"Informações protegidas por sigilo";"";"316,42"
"20000";"Presidência da República";"20101";"Presidência da República";"110001";"SECRETARIA DE ADMINISTRACAO/PR";"2021";"02";"";"Sigiloso";"-11";"Sigiloso";"Informações protegidas por sigilo";"";"23,18"
"20000";"Presidência da República";"20101";"Presidência da República";"110001";"SECRETARIA DE ADMINISTRACAO/PR";"2021";"02";"";"Sigiloso";"-11";"Sigiloso";"Informações protegidas por sigilo";"";"1000,00"
"20000";"Presidência da República";"20101";"Presidência da República";"110001";"SECRETARIA DE ADMINISTRACAO/PR";"2021";"02";"";"Sigiloso";"-11";"Sigiloso";"Informações protegidas por sigilo";"";"1000,00"
"20000";"Presidência da República";"20101";"Presidência da República";"110001";"SECRETARIA DE ADMINISTRACAO/PR";"2021";"02";"";"Sigiloso";"-11";"Sigiloso";"Informações protegidas por sigilo";"";"2070,00"
"20000";"Presidência da República";"20101";"Presidência da República";"110001";"SECRETARIA DE ADMINISTRACAO/PR";"2021";"02";"";"Sigiloso";"-11";"Sigiloso";"Informações protegidas por sigilo";"";"1000,00"
"20000";"Presidência da República";"20101";"Presidência da República";"110001";"SECRETARIA DE ADMINISTRACAO/PR";"2021";"02";"";"Sigiloso";"-11";"Sigiloso";"Informações protegidas por sigilo";"";"1000,00"
"20000";"Presidência da República";"20101";"Presidência da República";"110001";"SECRETARIA DE ADMINISTRACAO/PR";"2021";"02";"";"Sigiloso";"-11";"Sigiloso";"Informações protegidas por sigilo";"";"522,80"
"20000";"Presidência da República";"20101";"Presidência da República";"110001";"SECRETARIA DE ADMINISTRACAO/PR";"2021";"02";"";"Sigiloso";"-11";"Sigiloso";"Informações protegidas por sigilo";"";"503,90"
"20000";"Presidência da República";"20101";"Presidência da República";"110001";"SECRETARIA DE ADMINISTRACAO/PR";"2021";"02";"";"Sigiloso";"-11";"Sigiloso";"Informações protegidas por sigilo";"";"409,07"
"20000";"Presidência da República";"20101";"Presidência da República";"110001";"SECRETARIA DE ADMINISTRACAO/PR";"2021";"02";"";"Sigiloso";"-11";"Sigiloso";"Informações protegidas por sigilo";"";"754,50"
"20000";"Presidência da República";"20101";"Presidência da República";"110001";"SECRETARIA DE ADMINISTRACAO/PR";"2021";"02";"";"Sigiloso";"-11";"Sigiloso";"Informações protegidas por sigilo";"";"1000,00"
"20000";"Presidência da República";"20101";"Presidência da República";"110001";"SECRETARIA DE ADMINISTRACAO/PR";"2021";"02";"";"Sigiloso";"-11";"Sigiloso";"Informações protegidas por sigilo";"";"1188,52"
"20000";"Presidência da República";"20101";"Presidência da República";"110001";"SECRETARIA DE ADMINISTRACAO/PR";"2021";"02";"";"Sigiloso";"-11";"Sigiloso";"Informações protegidas por sigilo";"";"817,16"
"20000";"Presidência da República";"20101";"Presidência da República";"110001";"SECRETARIA DE ADMINISTRACAO/PR";"2021";"02";"";"Sigiloso";"-11";"Sigiloso";"Informações protegidas por sigilo";"";"1293,90"
"20000";"Presidência da República";"20101";"Presidência da República";"110001";"SECRETARIA DE ADMINISTRACAO/PR";"2021";"02";"";"Sigiloso";"-11";"Sigiloso";"Informações protegidas por sigilo";"";"240,14"
"20000";"Presidência da República";"20101";"Presidência da República";"110001";"SECRETARIA DE ADMINISTRACAO/PR";"2021";"02";"";"Sigiloso";"-11";"Sigiloso";"Informações protegidas por sigilo";"";"9192,12"
"20000";"Presidência da República";"20101";"Presidência da República";"110001";"SECRETARIA DE ADMINISTRACAO/PR";"2021";"02";"";"Sigiloso";"-11";"Sigiloso";"Informações protegidas por sigilo";"";"19800,00"
"20000";"Presidência da República";"20101";"Presidência da República";"110001";"SECRETARIA DE ADMINISTRACAO/PR";"2021";"02";"";"Sigiloso";"-11";"Sigiloso";"Informações protegidas por sigilo";"";"37,98"
"20000";"Presidência da República";"20101";"Presidência da República";"110001";"SECRETARIA DE ADMINISTRACAO/PR";"2021";"02";"";"Sigiloso";"-11";"Sigiloso";"Informações protegidas por sigilo";"";"1284,59"
"20000";"Presidência da República";"20101";"Presidência da República";"110001";"SECRETARIA DE ADMINISTRACAO/PR";"2021";"02";"";"Sigiloso";"-11";"Sigiloso";"Informações protegidas por sigilo";"";"1547,39"
"20000";"Presidência da República";"20101";"Presidência da República";"110001";"SECRETARIA DE ADMINISTRACAO/PR";"2021";"02";"";"Sigiloso";"-11";"Sigiloso";"Informações protegidas por sigilo";"";"274,18"
"20000";"Presidência da República";"20101";"Presidência da República";"110001";"SECRETARIA DE ADMINISTRACAO/PR";"2021";"02";"";"Sigiloso";"-11";"Sigiloso";"Informações protegidas por sigilo";"";"1000,00"
"20000";"Presidência da República";"20101";"Presidência da República";"110001";"SECRETARIA DE ADMINISTRACAO/PR";"2021";"02";"";"Sigiloso";"-11";"Sigiloso";"Informações protegidas por sigilo";"";"365,78"
"20000";"Presidência da República";"20101";"Presidência da República";"110001";"SECRETARIA DE ADMINISTRACAO/PR";"2021";"02";"";"Sigiloso";"-11";"Sigiloso";"Informações protegidas por sigilo";"";"50,00"
"20000";"Presidência da República";"20101";"Presidência da República";"110001";"SECRETARIA DE ADMINISTRACAO/PR";"2021";"02";"";"Sigiloso";"-11";"Sigiloso";"Informações protegidas por sigilo";"";"63,00"
"20000";"Presidência da República";"20101";"Presidência da República";"110001";"SECRETARIA DE ADMINISTRACAO/PR";"2021";"02";"";"Sigiloso";"-11";"Sigiloso";"Informações protegidas por sigilo";"";"1000,00"
"20000";"Presidência da República";"20101";"Presidência da República";"110001";"SECRETARIA DE ADMINISTRACAO/PR";"2021";"02";"";"Sigiloso";"-11";"Sigiloso";"Informações protegidas por sigilo";"";"4235,88"
"20000";"Presidência da República";"20101";"Presidência da República";"110001";"SECRETARIA DE ADMINISTRACAO/PR";"2021";"02";"";"Sigiloso";"-11";"Sigiloso";"Informações protegidas por sigilo";"";"2007,06"
"20000";"Presidência da República";"20101";"Presidência da República";"110001";"SECRETARIA DE ADMINISTRACAO/PR";"2021";"02";"";"Sigiloso";"-11";"Sigiloso";"Informações protegidas por sigilo";"";"1090,39"
"20000";"Presidência da República";"20101";"Presidência da República";"110001";"SECRETARIA DE ADMINISTRACAO/PR";"2021";"02";"";"Sigiloso";"-11";"Sigiloso";"Informações protegidas por sigilo";"";"214,22"
"20000";"Presidência da República";"20101";"Presidência da República";"110001";"SECRETARIA DE ADMINISTRACAO/PR";"2021";"02";"";"Sigiloso";"-11";"Sigiloso";"Informações protegidas por sigilo";"";"68,97"
"20000";"Presidência da República";"20101";"Presidência da República";"110001";"SECRETARIA DE ADMINISTRACAO/PR";"2021";"02";"";"Sigiloso";"-11";"Sigiloso";"Informações protegidas por sigilo";"";"11700,00"
"20000";"Presidência da República";"20101";"Presidência da República";"110001";"SECRETARIA DE ADMINISTRACAO/PR";"2021";"02";"";"Sigiloso";"-11";"Sigiloso";"Informações protegidas por sigilo";"";"20000,00"
"20000";"Presidência da República";"20101";"Presidência da República";"110001";"SECRETARIA DE ADMINISTRACAO/PR";"2021";"02";"";"Sigiloso";"-11";"Sigiloso";"Informações protegidas por sigilo";"";"1000,00"
"20000";"Presidência da República";"20101";"Presidência da República";"110001";"SECRETARIA DE ADMINISTRACAO/PR";"2021";"02";"";"Sigiloso";"-11";"Sigiloso";"Informações protegidas por sigilo";"";"736,93"
"20000";"Presidência da República";"20101";"Presidência da República";"110001";"SECRETARIA DE ADMINISTRACAO/PR";"2021";"02";"";"Sigiloso";"-11";"Sigiloso";"Informações protegidas por sigilo";"";"1000,00"
"20000";"Presidência da República";"20101";"Presidência da República";"110001";"SECRETARIA DE ADMINISTRACAO/PR";"2021";"02";"";"Sigiloso";"-11";"Sigiloso";"Informações protegidas por sigilo";"";"1000,00"
"20000";"Presidência da República";"20101";"Presidência da República";"110001";"SECRETARIA DE ADMINISTRACAO/PR";"2021";"02";"";"Sigiloso";"-11";"Sigiloso";"Informações protegidas por sigilo";"";"187,35"
"20000";"Presidência da República";"20101";"Presidência da República";"110001";"SECRETARIA DE ADMINISTRACAO/PR";"2021";"02";"";"Sigiloso";"-11";"Sigiloso";"Informações protegidas por sigilo";"";"1000,00"
"20000";"Presidência da República";"20101";"Presidência da República";"110001";"SECRETARIA DE ADMINISTRACAO/PR";"2021";"02";"";"Sigiloso";"-11";"Sigiloso";"Informações protegidas por sigilo";"";"1000,00"
"20000";"Presidência da República";"20101";"Presidência da República";"110001";"SECRETARIA DE ADMINISTRACAO/PR";"2021";"02";"";"Sigiloso";"-11";"Sigiloso";"Informações protegidas por sigilo";"";"144,56"
"20000";"Presidência da República";"20101";"Presidência da República";"110001";"SECRETARIA DE ADMINISTRACAO/PR";"2021";"02";"";"Sigiloso";"-11";"Sigiloso";"Informações protegidas por sigilo";"";"3848,00"
"20000";"Presidência da República";"20101";"Presidência da República";"110001";"SECRETARIA DE ADMINISTRACAO/PR";"2021";"02";"";"Sigiloso";"-11";"Sigiloso";"Informações protegidas por sigilo";"";"11670,00"
"20000";"Presidência da República";"20101";"Presidência da República";"110001";"SECRETARIA DE ADMINISTRACAO/PR";"2021";"02";"";"Sigiloso";"-11";"Sigiloso";"Informações protegidas por sigilo";"";"23,18"
"20000";"Presidência da República";"20101";"Presidência da República";"110001";"SECRETARIA DE ADMINISTRACAO/PR";"2021";"02";"";"Sigiloso";"-11";"Sigiloso";"Informações protegidas por sigilo";"";"1000,00"
"20000";"Presidência da República";"20101";"Presidência da República";"110001";"SECRETARIA DE ADMINISTRACAO/PR";"2021";"02";"";"Sigiloso";"-11";"Sigiloso";"Informações protegidas por sigilo";"";"512,40"
"20000";"Presidência da República";"20101";"Presidência da República";"110001";"SECRETARIA DE ADMINISTRACAO/PR";"2021";"02";"";"Sigiloso";"-11";"Sigiloso";"Informações protegidas por sigilo";"";"194,98"
"20000";"Presidência da República";"20101";"Presidência da República";"110001";"SECRETARIA DE ADMINISTRACAO/PR";"2021";"02";"";"Sigiloso";"-11";"Sigiloso";"Informações protegidas por sigilo";"";"62,32"
"20000";"Presidência da República";"20101";"Presidência da República";"110001";"SECRETARIA DE ADMINISTRACAO/PR";"2021";"02";"";"Sigiloso";"-11";"Sigiloso";"Informações protegidas por sigilo";"";"16792,00"
"20000";"Presidência da República";"20101";"Presidência da República";"110001";"SECRETARIA DE ADMINISTRACAO/PR";"2021";"02";"";"Sigiloso";"-11";"Sigiloso";"Informações protegidas por sigilo";"";"1468,22"
"20000";"Presidência da República";"20101";"Presidência da República";"110001";"SECRETARIA DE ADMINISTRACAO/PR";"2021";"02";"";"Sigiloso";"-11";"Sigiloso";"Informações protegidas por sigilo";"";"79,95"
"20000";"Presidência da República";"20101";"Presidência da República";"110001";"SECRETARIA DE ADMINISTRACAO/PR";"2021";"02";"";"Sigiloso";"-11";"Sigiloso";"Informações protegidas por sigilo";"";"222,93"
"20000";"Presidência da República";"20101";"Presidência da República";"110001";"SECRETARIA DE ADMINISTRACAO/PR";"2021";"02";"";"Sigiloso";"-11";"Sigiloso";"Informações protegidas por sigilo";"";"191,70"
"20000";"Presidência da República";"20101";"Presidência da República";"110001";"SECRETARIA DE ADMINISTRACAO/PR";"2021";"02";"";"Sigiloso";"-11";"Sigiloso";"Informações protegidas por sigilo";"";"495,95"
"20000";"Presidência da República";"20101";"Presidência da República";"110001";"SECRETARIA DE ADMINISTRACAO/PR";"2021";"02";"";"Sigiloso";"-11";"Sigiloso";"Informações protegidas por sigilo";"";"1000,00"
"20000";"Presidência da República";"20101";"Presidência da República";"110001";"SECRETARIA DE ADMINISTRACAO/PR";"2021";"02";"";"Sigiloso";"-11";"Sigiloso";"Informações protegidas por sigilo";"";"249,48"
"20000";"Presidência da República";"20101";"Presidência da República";"110001";"SECRETARIA DE ADMINISTRACAO/PR";"2021";"02";"";"Sigiloso";"-11";"Sigiloso";"Informações protegidas por sigilo";"";"62,90"
"20000";"Presidência da República";"20101";"Presidência da República";"110001";"SECRETARIA DE ADMINISTRACAO/PR";"2021";"02";"";"Sigiloso";"-11";"Sigiloso";"Informações protegidas por sigilo";"";"185,94"
"20000";"Presidência da República";"20101";"Presidência da República";"110001";"SECRETARIA DE ADMINISTRACAO/PR";"2021";"02";"";"Sigiloso";"-11";"Sigiloso";"Informações protegidas por sigilo";"";"1021,25"
"20000";"Presidência da República";"20101";"Presidência da República";"110001";"SECRETARIA DE ADMINISTRACAO/PR";"2021";"02";"";"Sigiloso";"-11";"Sigiloso";"Informações protegidas por sigilo";"";"3690,73"
"20000";"Presidência da República";"20101";"Presidência da República";"110001";"SECRETARIA DE ADMINISTRACAO/PR";"2021";"02";"";"Sigiloso";"-11";"Sigiloso";"Informações protegidas por sigilo";"";"1000,00"
"20000";"Presidência da República";"20101";"Presidência da República";"110001";"SECRETARIA DE ADMINISTRACAO/PR";"2021";"02";"";"Sigiloso";"-11";"Sigiloso";"Informações protegidas por sigilo";"";"397,49"
"20000";"Presidência da República";"20101";"Presidência da República";"110001";"SECRETARIA DE ADMINISTRACAO/PR";"2021";"02";"";"Sigiloso";"-11";"Sigiloso";"Informações protegidas por sigilo";"";"170,70"
"20000";"Presidência da República";"20101";"Presidência da República";"110001";"SECRETARIA DE ADMINISTRACAO/PR";"2021";"02";"";"Sigiloso";"-11";"Sigiloso";"Informações protegidas por sigilo";"";"132,25"
"20000";"Presidência da República";"20101";"Presidência da República";"110001";"SECRETARIA DE ADMINISTRACAO/PR";"2021";"02";"";"Sigiloso";"-11";"Sigiloso";"Informações protegidas por sigilo";"";"625,87"
"20000";"Presidência da República";"20101";"Presidência da República";"110001";"SECRETARIA DE ADMINISTRACAO/PR";"2021";"02";"";"Sigiloso";"-11";"Sigiloso";"Informações protegidas por sigilo";"";"320,70"
"20000";"Presidência da República";"20101";"Presidência da República";"110001";"SECRETARIA DE ADMINISTRACAO/PR";"2021";"02";"";"Sigiloso";"-11";"Sigiloso";"Informações protegidas por sigilo";"";"1000,00"
"20000";"Presidência da República";"20101";"Presidência da República";"110001";"SECRETARIA DE ADMINISTRACAO/PR";"2021";"02";"";"Sigiloso";"-11";"Sigiloso";"Informações protegidas por sigilo";"";"111,02"
"20000";"Presidência da República";"20101";"Presidência da República";"110001";"SECRETARIA DE ADMINISTRACAO/PR";"2021";"02";"";"Sigiloso";"-11";"Sigiloso";"Informações protegidas por sigilo";"";"200,00"
"20000";"Presidência da República";"20101";"Presidência da República";"110001";"SECRETARIA DE ADMINISTRACAO/PR";"2021";"02";"";"Sigiloso";"-11";"Sigiloso";"Informações protegidas por sigilo";"";"741,48"
"20000";"Presidência da República";"20101";"Presidência da República";"110001";"SECRETARIA DE ADMINISTRACAO/PR";"2021";"02";"";"Sigiloso";"-11";"Sigiloso";"Informações protegidas por sigilo";"";"1000,00"
"20000";"Presidência da República";"20101";"Presidência da República";"110001";"SECRETARIA DE ADMINISTRACAO/PR";"2021";"02";"";"Sigiloso";"-11";"Sigiloso";"Informações protegidas por sigilo";"";"100,80"
"20000";"Presidência da República";"20101";"Presidência da República";"110001";"SECRETARIA DE ADMINISTRACAO/PR";"2021";"02";"";"Sigiloso";"-11";"Sigiloso";"Informações protegidas por sigilo";"";"649,50"
"20000";"Presidência da República";"20101";"Presidência da República";"110001";"SECRETARIA DE ADMINISTRACAO/PR";"2021";"02";"";"Sigiloso";"-11";"Sigiloso";"Informações protegidas por sigilo";"";"1000,00"
"20000";"Presidência da República";"20101";"Presidência da República";"110001";"SECRETARIA DE ADMINISTRACAO/PR";"2021";"02";"";"Sigiloso";"-11";"Sigiloso";"Informações protegidas por sigilo";"";"31,49"
"20000";"Presidência da República";"20101";"Presidência da República";"110001";"SECRETARIA DE ADMINISTRACAO/PR";"2021";"02";"";"Sigiloso";"-11";"Sigiloso";"Informações protegidas por sigilo";"";"10500,00"
"20000";"Presidência da República";"20101";"Presidência da República";"110001";"SECRETARIA DE ADMINISTRACAO/PR";"2021";"02";"";"Sigiloso";"-11";"Sigiloso";"Informações protegidas por sigilo";"";"1000,00"
"20000";"Presidência da República";"20101";"Presidência da República";"110001";"SECRETARIA DE ADMINISTRACAO/PR";"2021";"02";"";"Sigiloso";"-11";"Sigiloso";"Informações protegidas por sigilo";"";"49,80"
"20000";"Presidência da República";"20101";"Presidência da República";"110001";"SECRETARIA DE ADMINISTRACAO/PR";"2021";"02";"";"Sigiloso";"-11";"Sigiloso";"Informações protegidas por sigilo";"";"5402,00"
"20000";"Presidência da República";"20101";"Presidência da República";"110001";"SECRETARIA DE ADMINISTRACAO/PR";"2021";"02";"";"Sigiloso";"-11";"Sigiloso";"Informações protegidas por sigilo";"";"128,48"
"20000";"Presidência da República";"20101";"Presidência da República";"110001";"SECRETARIA DE ADMINISTRACAO/PR";"2021";"02";"";"Sigiloso";"-11";"Sigiloso";"Informações protegidas por sigilo";"";"1000,00"
"20000";"Presidência da República";"20101";"Presidência da República";"110001";"SECRETARIA DE ADMINISTRACAO/PR";"2021";"02";"";"Sigiloso";"-11";"Sigiloso";"Informações protegidas por sigilo";"";"1344,00"
"20000";"Presidência da República";"20101";"Presidência da República";"110001";"SECRETARIA DE ADMINISTRACAO/PR";"2021";"02";"";"Sigiloso";"-11";"Sigiloso";"Informações protegidas por sigilo";"";"777,17"
"20000";"Presidência da República";"20101";"Presidência da República";"110001";"SECRETARIA DE ADMINISTRACAO/PR";"2021";"02";"";"Sigiloso";"-11";"Sigiloso";"Informações protegidas por sigilo";"";"34,53"
"20000";"Presidência da República";"20101";"Presidência da República";"110001";"SECRETARIA DE ADMINISTRACAO/PR";"2021";"02";"";"Sigiloso";"-11";"Sigiloso";"Informações protegidas por sigilo";"";"1000,00"
"20000";"Presidência da República";"20101";"Presidência da República";"110001";"SECRETARIA DE ADMINISTRACAO/PR";"2021";"02";"";"Sigiloso";"-11";"Sigiloso";"Informações protegidas por sigilo";"";"700,00"
"20000";"Presidência da República";"20101";"Presidência da República";"110001";"SECRETARIA DE ADMINISTRACAO/PR";"2021";"02";"";"Sigiloso";"-11";"Sigiloso";"Informações protegidas por sigilo";"";"536,94"
"20000";"Presidência da República";"20101";"Presidência da República";"110001";"SECRETARIA DE ADMINISTRACAO/PR";"2021";"02";"";"Sigiloso";"-11";"Sigiloso";"Informações protegidas por sigilo";"";"8691,86"
"20000";"Presidência da República";"20101";"Presidência da República";"110001";"SECRETARIA DE ADMINISTRACAO/PR";"2021";"02";"";"Sigiloso";"-11";"Sigiloso";"Informações protegidas por sigilo";"";"43,00"
"20000";"Presidência da República";"20101";"Presidência da República";"110001";"SECRETARIA DE ADMINISTRACAO/PR";"2021";"02";"";"Sigiloso";"-11";"Sigiloso";"Informações protegidas por sigilo";"";"215,70"
"20000";"Presidência da República";"20101";"Presidência da República";"110001";"SECRETARIA DE ADMINISTRACAO/PR";"2021";"02";"";"Sigiloso";"-11";"Sigiloso";"Informações protegidas por sigilo";"";"1000,00"
"20000";"Presidência da República";"20101";"Presidência da República";"110001";"SECRETARIA DE ADMINISTRACAO/PR";"2021";"02";"";"Sigiloso";"-11";"Sigiloso";"Informações protegidas por sigilo";"";"689,27"
"20000";"Presidência da República";"20101";"Presidência da República";"110001";"SECRETARIA DE ADMINISTRACAO/PR";"2021";"02";"";"Sigiloso";"-11";"Sigiloso";"Informações protegidas por sigilo";"";"20000,00"
"20000";"Presidência da República";"20101";"Presidência da República";"110001";"SECRETARIA DE ADMINISTRACAO/PR";"2021";"02";"";"Sigiloso";"-11";"Sigiloso";"Informações protegidas por sigilo";"";"186,27"
"20000";"Presidência da República";"20101";"Presidência da República";"110001";"SECRETARIA DE ADMINISTRACAO/PR";"2021";"02";"";"Sigiloso";"-11";"Sigiloso";"Informações protegidas por sigilo";"";"199,80"
"20000";"Presidência da República";"20101";"Presidência da República";"110001";"SECRETARIA DE ADMINISTRACAO/PR";"2021";"02";"";"Sigiloso";"-11";"Sigiloso";"Informações protegidas por sigilo";"";"1071,19"
"20000";"Presidência da República";"20101";"Presidência da República";"110001";"SECRETARIA DE ADMINISTRACAO/PR";"2021";"02";"";"Sigiloso";"-11";"Sigiloso";"Informações protegidas por sigilo";"";"1000,00"
"20000";"Presidência da República";"20101";"Presidência da República";"110001";"SECRETARIA DE ADMINISTRACAO/PR";"2021";"02";"";"Sigiloso";"-11";"Sigiloso";"Informações protegidas por sigilo";"";"847,49"
"20000";"Presidência da República";"20101";"Presidência da República";"110001";"SECRETARIA DE ADMINISTRACAO/PR";"2021";"02";"";"Sigiloso";"-11";"Sigiloso";"Informações protegidas por sigilo";"";"129,00"
"20000";"Presidência da República";"20101";"Presidência da República";"110001";"SECRETARIA DE ADMINISTRACAO/PR";"2021";"02";"";"Sigiloso";"-11";"Sigiloso";"Informações protegidas por sigilo";"";"1000,00"
"20000";"Presidência da República";"20101";"Presidência da República";"110001";"SECRETARIA DE ADMINISTRACAO/PR";"2021";"02";"";"Sigiloso";"-11";"Sigiloso";"Informações protegidas por sigilo";"";"337,24"
"20000";"Presidência da República";"20101";"Presidência da República";"110001";"SECRETARIA DE ADMINISTRACAO/PR";"2021";"02";"";"Sigiloso";"-11";"Sigiloso";"Informações protegidas por sigilo";"";"1000,00"
"20000";"Presidência da República";"20101";"Presidência da República";"110001";"SECRETARIA DE ADMINISTRACAO/PR";"2021";"02";"***.077.598-**";"RONALDO DA SILVA FERNANDES";"54480496000177";"AUTO POSTO BANDEIRA PAULISTA LTDA";"COMPRA A/V - R$ - APRES";"20/01/2021";"218,46"
"20000";"Presidência da República";"20101";"Presidência da República";"110001";"SECRETARIA DE ADMINISTRACAO/PR";"2021";"02";"***.077.598-**";"RONALDO DA SILVA FERNANDES";"54480496000177";"AUTO POSTO BANDEIRA PAULISTA LTDA";"COMPRA A/V - R$ - APRES";"13/01/2021";"186,06"
"20000";"Presidência da República";"20101";"Presidência da República";"110001";"SECRETARIA DE ADMINISTRACAO/PR";"2021";"02";"***.077.598-**";"RONALDO DA SILVA FERNANDES";"54480496000177";"AUTO POSTO BANDEIRA PAULISTA LTDA";"COMPRA A/V - R$ - APRES";"07/01/2021";"240,83"
"20000";"Presidência da República";"20101";"Presidência da República";"110001";"SECRETARIA DE ADMINISTRACAO/PR";"2021";"02";"***.077.598-**";"RONALDO DA SILVA FERNANDES";"54480496000177";"AUTO POSTO BANDEIRA PAULISTA LTDA";"COMPRA A/V - R$ - APRES";"07/01/2021";"179,99"
"20000";"Presidência da República";"20101";"Presidência da República";"110001";"SECRETARIA DE ADMINISTRACAO/PR";"2021";"02";"***.739.980-**";"LEANDRO AUGUSTO ANDERSON";"14090034000129";"WENCESLAU - ABASTECEDORA DE COMBUSTIVEIS LTDA.";"COMPRA A/V - R$ - APRES";"24/01/2021";"125,39"
"20000";"Presidência da República";"20101";"Presidência da República";"110001";"SECRETARIA DE ADMINISTRACAO/PR";"2021";"02";"***.739.980-**";"LEANDRO AUGUSTO ANDERSON";"14090034000129";"WENCESLAU - ABASTECEDORA DE COMBUSTIVEIS LTDA.";"COMPRA A/V - R$ - APRES";"18/01/2021";"171,53"
"20000";"Presidência da República";"20101";"Presidência da República";"110001";"SECRETARIA DE ADMINISTRACAO/PR";"2021";"02";"***.739.980-**";"LEANDRO AUGUSTO ANDERSON";"14090034000129";"WENCESLAU - ABASTECEDORA DE COMBUSTIVEIS LTDA.";"COMPRA A/V - R$ - APRES";"11/01/2021";"146,04"
"20000";"Presidência da República";"20101";"Presidência da República";"110001";"SECRETARIA DE ADMINISTRACAO/PR";"2021";"02";"***.739.980-**";"LEANDRO AUGUSTO ANDERSON";"14090034000129";"WENCESLAU - ABASTECEDORA DE COMBUSTIVEIS LTDA.";"COMPRA A/V - R$ - APRES";"09/01/2021";"147,19"
"20000";"Presidência da República";"20101";"Presidência da República";"110001";"SECRETARIA DE ADMINISTRACAO/PR";"2021";"02";"***.739.980-**";"LEANDRO AUGUSTO ANDERSON";"14090034000129";"WENCESLAU - ABASTECEDORA DE COMBUSTIVEIS LTDA.";"COMPRA A/V - R$ - APRES";"09/01/2021";"126,15"
"20000";"Presidência da República";"20101";"Presidência da República";"110001";"SECRETARIA DE ADMINISTRACAO/PR";"2021";"02";"***.919.570-**";"LUIS CARLOS MACHADO DA SILVA";"14090034000129";"WENCESLAU - ABASTECEDORA DE COMBUSTIVEIS LTDA.";"COMPRA A/V - R$ - APRES";"24/01/2021";"139,21"
"20000";"Presidência da República";"20101";"Presidência da República";"110001";"SECRETARIA DE ADMINISTRACAO/PR";"2021";"02";"***.919.570-**";"LUIS CARLOS MACHADO DA SILVA";"14090034000129";"WENCESLAU - ABASTECEDORA DE COMBUSTIVEIS LTDA.";"COMPRA A/V - R$ - APRES";"18/01/2021";"110,84"
"20000";"Presidência da República";"20101";"Presidência da República";"110001";"SECRETARIA DE ADMINISTRACAO/PR";"2021";"02";"***.623.848-**";"MARIA LUCIA DE JESUS SILVA";"-2";"NAO SE APLICA";"SAQUE CASH/ATM BB";"15/01/2021";"1000,00"
"20000";"Presidência da República";"20101";"Presidência da República";"110001";"SECRETARIA DE ADMINISTRACAO/PR";"2021";"02";"***.623.848-**";"MARIA LUCIA DE JESUS SILVA";"-2";"NAO SE APLICA";"SAQUE CASH/ATM BB";"15/01/2021";"400,00"
"20000";"Presidência da República";"20101";"Presidência da República";"110001";"SECRETARIA DE ADMINISTRACAO/PR";"2021";"02";"***.623.848-**";"MARIA LUCIA DE JESUS SILVA";"-2";"NAO SE APLICA";"SAQUE CASH/ATM BB";"15/01/2021";"1000,00"
"20000";"Presidência da República";"20101";"Presidência da República";"110001";"SECRETARIA DE ADMINISTRACAO/PR";"2021";"02";"***.077.598-**";"RONALDO DA SILVA FERNANDES";"35831022000188";"OSAKA SERVICOS ADMINISTRATIVOS LTDA";"COMPRA A/V - R$ - APRES";"24/01/2021";"181,66"
"20000";"Presidência da República";"20101";"Presidência da República";"110001";"SECRETARIA DE ADMINISTRACAO/PR";"2021";"02";"***.077.598-**";"RONALDO DA SILVA FERNANDES";"06239994000180";"AUTO POSTO PARQUE VILLA LOBOS LTDA.";"COMPRA A/V - R$ - APRES";"19/01/2021";"196,70"
"20000";"Presidência da República";"20101";"Presidência da República";"110001";"SECRETARIA DE ADMINISTRACAO/PR";"2021";"02";"***.077.598-**";"RONALDO DA SILVA FERNANDES";"06239994000180";"AUTO POSTO PARQUE VILLA LOBOS LTDA.";"COMPRA A/V - R$ - APRES";"18/01/2021";"204,64"
"20000";"Presidência da República";"20101";"Presidência da República";"110001";"SECRETARIA DE ADMINISTRACAO/PR";"2021";"02";"***.077.598-**";"RONALDO DA SILVA FERNANDES";"06239994000180";"AUTO POSTO PARQUE VILLA LOBOS LTDA.";"COMPRA A/V - R$ - APRES";"14/01/2021";"157,70"
"20000";"Presidência da República";"20101";"Presidência da República";"110001";"SECRETARIA DE ADMINISTRACAO/PR";"2021";"02";"***.077.598-**";"RONALDO DA SILVA FERNANDES";"06239994000180";"AUTO POSTO PARQUE VILLA LOBOS LTDA.";"COMPRA A/V - R$ - APRES";"12/01/2021";"160,69"
"20000";"Presidência da República";"20101";"Presidência da República";"110001";"SECRETARIA DE ADMINISTRACAO/PR";"2021";"02";"***.077.598-**";"RONALDO DA SILVA FERNANDES";"06239994000180";"AUTO POSTO PARQUE VILLA LOBOS LTDA.";"COMPRA A/V - R$ - APRES";"09/01/2021";"155,31"
"20000";"Presidência da República";"20101";"Presidência da República";"110001";"SECRETARIA DE ADMINISTRACAO/PR";"2021";"02";"***.077.598-**";"RONALDO DA SILVA FERNANDES";"06239994000180";"AUTO POSTO PARQUE VILLA LOBOS LTDA.";"COMPRA A/V - R$ - APRES";"07/01/2021";"50,00"
"20000";"Presidência da República";"20101";"Presidência da República";"110001";"SECRETARIA DE ADMINISTRACAO/PR";"2021";"02";"***.077.598-**";"RONALDO DA SILVA FERNANDES";"06239994000180";"AUTO POSTO PARQUE VILLA LOBOS LTDA.";"COMPRA A/V - R$ - APRES";"29/12/2020";"105,82"
"20000";"Presidência da República";"20101";"Presidência da República";"110001";"SECRETARIA DE ADMINISTRACAO/PR";"2021";"02";"***.739.980-**";"LEANDRO AUGUSTO ANDERSON";"26263349000100";"A 6 COMERCIO DE COMBUSTIVEIS LTDA";"COMPRA A/V - R$ - APRES";"13/01/2021";"120,00"
"20000";"Presidência da República";"20101";"Presidência da República";"110001";"SECRETARIA DE ADMINISTRACAO/PR";"2021";"02";"***.623.848-**";"MARIA LUCIA DE JESUS SILVA";"00776574000156";"AMERICANAS S.A - EM RECUPERACAO JUDICIAL";"COMPRA A/V - R$ - APRES";"18/01/2021";"928,92"
