"ID_Orgao";"Codigo_Orgao_Superior";"Nome_Orgao_Superior";"Codigo_Orgao";"Nome_Orgao";"Codigo_Unidade_Gestora";"Nome_Unidade_Gestora"
1;"63000";"Advocacia-Geral da União";"63000";"Advocacia-Geral da União - Unidades com vínculo direto";"110161";"SUPERINTENDENCIA REG. DE ADMIN. DA 1ª REGIAO"
2;"63000";"Advocacia-Geral da União";"63000";"Advocacia-Geral da União - Unidades com vínculo direto";"110102";"SUPERINTENDENCIA REG. DE ADMIN. DA 2ª REGIAO"
3;"63000";"Advocacia-Geral da União";"63000";"Advocacia-Geral da União - Unidades com vínculo direto";"110099";"SUPERINTENDENCIA REG. DE ADMIN. DA 3ª REGIAO"
4;"63000";"Advocacia-Geral da União";"63000";"Advocacia-Geral da União - Unidades com vínculo direto";"110097";"SUPERINTENDENCIA REG. DE ADMIN. DA 4ª REGIAO"
5;"63000";"Advocacia-Geral da União";"63000";"Advocacia-Geral da União - Unidades com vínculo direto";"110096";"SUPERINTENDENCIA REG. DE ADMIN. DA 5ª REGIAO"
6;"25201";"Banco Central do Brasil - Orçamento Fiscal e";"25201";"Banco Central do Brasil - Orçamento Fiscal e Seguridade Social - Unidades com vínculo direto";"173057";"BANCO CENTRAL DO BRASIL"
7;"25201";"Banco Central do Brasil - Orçamento Fiscal e";"25201";"Banco Central do Brasil - Orçamento Fiscal e Seguridade Social - Unidades com vínculo direto";"173045";"BANCO CENTRAL DO BRASIL - BELEM"
8;"25201";"Banco Central do Brasil - Orçamento Fiscal e";"25201";"Banco Central do Brasil - Orçamento Fiscal e Seguridade Social - Unidades com vínculo direto";"173044";"BANCO CENTRAL DO BRASIL - BELO HORIZONTE"
9;"25201";"Banco Central do Brasil - Orçamento Fiscal e";"25201";"Banco Central do Brasil - Orçamento Fiscal e Seguridade Social - Unidades com vínculo direto";"173049";"BANCO CENTRAL DO BRASIL - PORTO ALEGRE"
10;"25201";"Banco Central do Brasil - Orçamento Fiscal e";"25201";"Banco Central do Brasil - Orçamento Fiscal e Seguridade Social - Unidades com vínculo direto";"173050";"BANCO CENTRAL DO BRASIL - RECIFE"
11;"25201";"Banco Central do Brasil - Orçamento Fiscal e";"25201";"Banco Central do Brasil - Orçamento Fiscal e Seguridade Social - Unidades com vínculo direto";"173052";"BANCO CENTRAL DO BRASIL - SALVADOR"
12;"25201";"Banco Central do Brasil - Orçamento Fiscal e";"25201";"Banco Central do Brasil - Orçamento Fiscal e Seguridade Social - Unidades com vínculo direto";"173053";"BANCO CENTRAL DO BRASIL - SAO PAULO"
13;"37000";"Controladoria-Geral da União";"37000";"Controladoria-Geral da União - Unidades com vínculo direto";"370003";"COORD-GERAL DE LICITACAO,CONTR.E DOCUMENTACAO"
14;"22000";"Ministério da Agricultura e Pecuária";"22202";"Empresa Brasileira de Pesquisa Agropecuária";"135038";"EMBRAPA/CENARGEN"
15;"22000";"Ministério da Agricultura e Pecuária";"22202";"Empresa Brasileira de Pesquisa Agropecuária";"135039";"EMBRAPA/CPAC"
16;"22000";"Ministério da Agricultura e Pecuária";"22202";"Empresa Brasileira de Pesquisa Agropecuária";"135022";"EMBRAPA/CPAMT"
17;"22000";"Ministério da Agricultura e Pecuária";"22202";"Empresa Brasileira de Pesquisa Agropecuária";"135019";"EMBRAPA/CPAO"
18;"22000";"Ministério da Agricultura e Pecuária";"22202";"Empresa Brasileira de Pesquisa Agropecuária";"135013";"EMBRAPA/CPATC"
19;"22000";"Ministério da Agricultura e Pecuária";"22202";"Empresa Brasileira de Pesquisa Agropecuária";"135012";"EMBRAPA/CPATSA"
20;"22000";"Ministério da Agricultura e Pecuária";"22202";"Empresa Brasileira de Pesquisa Agropecuária";"135046";"EMBRAPA/GEAF"
21;"22000";"Ministério da Agricultura e Pecuária";"22000";"Ministério da Agricultura e Pecuária - Unidades com vínculo direto";"130057";"DISTRITO DE METEOROLOGIA DE B.HORIZONTE"
22;"22000";"Ministério da Agricultura e Pecuária";"22000";"Ministério da Agricultura e Pecuária - Unidades com vínculo direto";"130030";"DISTRITO DE METEOROLOGIA DE SALVADOR"
23;"22000";"Ministério da Agricultura e Pecuária";"22000";"Ministério da Agricultura e Pecuária - Unidades com vínculo direto";"130068";"DISTRITO DE METEOROLOGIA DE SAO PAULO"
24;"22000";"Ministério da Agricultura e Pecuária";"22000";"Ministério da Agricultura e Pecuária - Unidades com vínculo direto";"130011";"INSTITUTO NACIONAL DE METEOROLOGIA"
25;"22000";"Ministério da Agricultura e Pecuária";"22000";"Ministério da Agricultura e Pecuária - Unidades com vínculo direto";"130058";"LABORATORIO FEDERAL DE DEFESA AGROPECUARIA/MG"
26;"22000";"Ministério da Agricultura e Pecuária";"22000";"Ministério da Agricultura e Pecuária - Unidades com vínculo direto";"130016";"LABORATORIO FEDERAL DE DEFESA AGROPECUARIA/PE"
27;"22000";"Ministério da Agricultura e Pecuária";"22000";"Ministério da Agricultura e Pecuária - Unidades com vínculo direto";"130103";"LABORATORIO FEDERAL DE DEFESA AGROPECUARIA/RS"
28;"22000";"Ministério da Agricultura e Pecuária";"22000";"Ministério da Agricultura e Pecuária - Unidades com vínculo direto";"130102";"LABORATORIO FEDERAL DE DEFESA AGROPECUARIA/SP"
29;"22000";"Ministério da Agricultura e Pecuária";"22000";"Ministério da Agricultura e Pecuária - Unidades com vínculo direto";"130020";"SECRETARIA DE COMERCIO E RELACOES INTERNACION"
30;"22000";"Ministério da Agricultura e Pecuária";"22000";"Ministério da Agricultura e Pecuária - Unidades com vínculo direto";"130088";"SUPERINT.DE AGRICULTURA E PECUARIA - SFA/AC"
31;"22000";"Ministério da Agricultura e Pecuária";"22000";"Ministério da Agricultura e Pecuária - Unidades com vínculo direto";"130027";"SUPERINT.DE AGRICULTURA E PECUARIA - SFA/AL"
32;"22000";"Ministério da Agricultura e Pecuária";"22000";"Ministério da Agricultura e Pecuária - Unidades com vínculo direto";"130100";"SUPERINT.DE AGRICULTURA E PECUARIA - SFA/AP"
33;"22000";"Ministério da Agricultura e Pecuária";"22000";"Ministério da Agricultura e Pecuária - Unidades com vínculo direto";"130029";"SUPERINT.DE AGRICULTURA E PECUARIA - SFA/BA"
34;"22000";"Ministério da Agricultura e Pecuária";"22000";"Ministério da Agricultura e Pecuária - Unidades com vínculo direto";"130014";"SUPERINT.DE AGRICULTURA E PECUARIA - SFA/DF"
35;"22000";"Ministério da Agricultura e Pecuária";"22000";"Ministério da Agricultura e Pecuária - Unidades com vínculo direto";"130080";"SUPERINT.DE AGRICULTURA E PECUARIA - SFA/GO"
36;"22000";"Ministério da Agricultura e Pecuária";"22000";"Ministério da Agricultura e Pecuária - Unidades com vínculo direto";"130056";"SUPERINT.DE AGRICULTURA E PECUARIA - SFA/MG"
37;"22000";"Ministério da Agricultura e Pecuária";"22000";"Ministério da Agricultura e Pecuária - Unidades com vínculo direto";"130062";"SUPERINT.DE AGRICULTURA E PECUARIA - SFA/MS"
38;"22000";"Ministério da Agricultura e Pecuária";"22000";"Ministério da Agricultura e Pecuária - Unidades com vínculo direto";"130077";"SUPERINT.DE AGRICULTURA E PECUARIA - SFA/MT"
39;"22000";"Ministério da Agricultura e Pecuária";"22000";"Ministério da Agricultura e Pecuária - Unidades com vínculo direto";"130094";"SUPERINT.DE AGRICULTURA E PECUARIA - SFA/PA"
40;"22000";"Ministério da Agricultura e Pecuária";"22000";"Ministério da Agricultura e Pecuária - Unidades com vínculo direto";"130024";"SUPERINT.DE AGRICULTURA E PECUARIA - SFA/PB"
41;"22000";"Ministério da Agricultura e Pecuária";"22000";"Ministério da Agricultura e Pecuária - Unidades com vínculo direto";"130021";"SUPERINT.DE AGRICULTURA E PECUARIA - SFA/PI"
42;"22000";"Ministério da Agricultura e Pecuária";"22000";"Ministério da Agricultura e Pecuária - Unidades com vínculo direto";"130070";"SUPERINT.DE AGRICULTURA E PECUARIA - SFA/PR"
43;"22000";"Ministério da Agricultura e Pecuária";"22000";"Ministério da Agricultura e Pecuária - Unidades com vínculo direto";"130063";"SUPERINT.DE AGRICULTURA E PECUARIA - SFA/RJ"
44;"22000";"Ministério da Agricultura e Pecuária";"22000";"Ministério da Agricultura e Pecuária - Unidades com vínculo direto";"130083";"SUPERINT.DE AGRICULTURA E PECUARIA - SFA/RO"
45;"22000";"Ministério da Agricultura e Pecuária";"22000";"Ministério da Agricultura e Pecuária - Unidades com vínculo direto";"130093";"SUPERINT.DE AGRICULTURA E PECUARIA - SFA/RR"
46;"22000";"Ministério da Agricultura e Pecuária";"22000";"Ministério da Agricultura e Pecuária - Unidades com vínculo direto";"130072";"SUPERINT.DE AGRICULTURA E PECUARIA - SFA/SC"
47;"22000";"Ministério da Agricultura e Pecuária";"22000";"Ministério da Agricultura e Pecuária - Unidades com vínculo direto";"130028";"SUPERINT.DE AGRICULTURA E PECUARIA - SFA/SE"
48;"22000";"Ministério da Agricultura e Pecuária";"22000";"Ministério da Agricultura e Pecuária - Unidades com vínculo direto";"130127";"SUPERINT.REG.DE DESENV.DA LAV.CACAUEIRA/AM"
49;"22000";"Ministério da Agricultura e Pecuária";"22000";"Ministério da Agricultura e Pecuária - Unidades com vínculo direto";"130122";"SUPERINT.REG.DE DESENV.DA LAV.CACAUEIRA/BA"
50;"24000";"Ministério da Ciência, Tecnologia e Inovaç";"20402";"Agência Espacial Brasileira";"203001";"AGENCIA ESPACIAL BRASILEIRA/AEB"
51;"24000";"Ministério da Ciência, Tecnologia e Inovaç";"20301";"Comissão Nacional de Energia Nuclear";"113201";"COMISSAO NACIONAL DE ENERGIA NUCLEAR"
52;"24000";"Ministério da Ciência, Tecnologia e Inovaç";"20301";"Comissão Nacional de Energia Nuclear";"113205";"COMISSAO NACIONAL DE ENERGIA NUCLEAR-CDTN"
53;"24000";"Ministério da Ciência, Tecnologia e Inovaç";"20301";"Comissão Nacional de Energia Nuclear";"113211";"COMISSAO NACIONAL DE ENERGIA NUCLEAR-CRCN-NE"
54;"24000";"Ministério da Ciência, Tecnologia e Inovaç";"20301";"Comissão Nacional de Energia Nuclear";"113202";"COMISSAO NACIONAL DE ENERGIA NUCLEAR-IPEN"
55;"24000";"Ministério da Ciência, Tecnologia e Inovaç";"20301";"Comissão Nacional de Energia Nuclear";"113204";"COMISSAO NACIONAL DE ENERGIA NUCLEAR-IRD"
56;"24000";"Ministério da Ciência, Tecnologia e Inovaç";"20501";"Conselho Nacional de Desenvolvimento Científico e Tecnológico";"364102";"CONSELHO NAC DE DESENV CIENT E TECNOLOGICO"
57;"24000";"Ministério da Ciência, Tecnologia e Inovaç";"24000";"Ministério da Ciência, Tecnologia e Inovação - Unidades com vínculo direto";"240120";"CENTRO BRASILEIRO DE PESQUISAS FISICAS"
58;"24000";"Ministério da Ciência, Tecnologia e Inovaç";"24000";"Ministério da Ciência, Tecnologia e Inovação - Unidades com vínculo direto";"240106";"INSTITUTO NACIONAL DE PESQ. ESPACIAIS-INPE"
59;"24000";"Ministério da Ciência, Tecnologia e Inovaç";"24000";"Ministério da Ciência, Tecnologia e Inovação - Unidades com vínculo direto";"240114";"INSTITUTO NACIONAL DO SEMIARIDO"
60;"24000";"Ministério da Ciência, Tecnologia e Inovaç";"24000";"Ministério da Ciência, Tecnologia e Inovação - Unidades com vínculo direto";"240128";"LABORATORIO NACIONAL DE ASTROFISICA"
61;"24000";"Ministério da Ciência, Tecnologia e Inovaç";"24000";"Ministério da Ciência, Tecnologia e Inovação - Unidades com vínculo direto";"240124";"MUSEU DE ASTRONOMIA E CIENCIAS AFINS"
62;"42000";"Ministério da Cultura";"20403";"Fundação Casa de Rui Barbosa";"344001";"FUNDACAO CASA DE RUI BARBOSA"
63;"42000";"Ministério da Cultura";"20408";"Fundação Cultural Palmares";"344041";"FUNDACAO CULTURAL PALMARES"
64;"42000";"Ministério da Cultura";"20412";"Fundação Nacional de Artes";"403201";"FUNDACAO NACIONAL DE ARTES"
65;"42000";"Ministério da Cultura";"42207";"Instituto Brasileiro de Museus";"423002";"IBRAM - SEDE"
66;"42000";"Ministério da Cultura";"20411";"Instituto do Patrimônio Histórico e Artístico Nacional";"343002";"SUPERINTENDENCIA DO IPHAN NO PARA, IPHAN-PA"
67;"52000";"Ministério da Defesa";"52111";"Comando da Aeronáutica";"120628";"GRUPAMENTO DE APOIO DE BELEM"
68;"52000";"Ministério da Defesa";"52111";"Comando da Aeronáutica";"120644";"GRUPAMENTO DE APOIO DE CURITIBA"
69;"52000";"Ministério da Defesa";"52121";"Comando do Exército";"160470";"12 GRUPO DE ARTILHARIA DE CAMPANHA"
70;"52000";"Ministério da Defesa";"52121";"Comando do Exército";"160524";"15º BATALHAO LOGISTICO"
71;"52000";"Ministério da Defesa";"52121";"Comando do Exército";"160340";"16º BATALHAO DE INFANTARIA MTZ - PATRIMONIAL"
72;"52000";"Ministério da Defesa";"52121";"Comando do Exército";"160172";"16º RC MEC - PATRIMONIAL"
73;"52000";"Ministério da Defesa";"52121";"Comando do Exército";"160131";"17 REGIMENTO DE CAVALARIA MECANIZADO"
74;"52000";"Ministério da Defesa";"52121";"Comando do Exército";"160350";"17º BATALHAO LOGISTICO DE SELVA"
75;"52000";"Ministério da Defesa";"52121";"Comando do Exército";"160116";"17º BATALHAO LOGISTICO LEVE - MONTANHA"
76;"52000";"Ministério da Defesa";"52121";"Comando do Exército";"160339";"1º BATALHAO DE ENGENHARIA DE CONSTRUCAO"
77;"52000";"Ministério da Defesa";"52121";"Comando do Exército";"160477";"2 BATALHAO DE ENGENHARIA DE COMBATE"
78;"52000";"Ministério da Defesa";"52121";"Comando do Exército";"160106";"2 BATALHAO FERROVIARIO"
79;"52000";"Ministério da Defesa";"52121";"Comando do Exército";"160101";"23ª CIA DE ENGENHARIA DE COMBATE MECANIZADA"
80;"52000";"Ministério da Defesa";"52121";"Comando do Exército";"160520";"23º BATALHAO LOGISTICO DE SELVA"
81;"52000";"Ministério da Defesa";"52121";"Comando do Exército";"160203";"2º BATALHAO DE ENGENHARIA DE CONSTRUCAO"
82;"52000";"Ministério da Defesa";"52121";"Comando do Exército";"160494";"2º BATALHAO DE SUPRIMENTO"
83;"52000";"Ministério da Defesa";"52121";"Comando do Exército";"160368";"3º BATALHAO DE SUPRIMENTO"
84;"52000";"Ministério da Defesa";"52121";"Comando do Exército";"160156";"44 BATALHAO INFANTARIA MTZ PATRIMONIAL"
85;"52000";"Ministério da Defesa";"52121";"Comando do Exército";"160188";"4º B COM E GUERRA ELETRONICA - PATRIMONIAL"
86;"52000";"Ministério da Defesa";"52121";"Comando do Exército";"160180";"4º B P E - PATRIMONIAL"
87;"52000";"Ministério da Defesa";"52121";"Comando do Exército";"160027";"4º BATALHAO DE ENGENHARIA DE CONSTRUCAO"
88;"52000";"Ministério da Defesa";"52121";"Comando do Exército";"160410";"4º BATALHAO LOGISTICO"
89;"52000";"Ministério da Defesa";"52121";"Comando do Exército";"160120";"4º DEPOSITO DE SUPRIMENTO"
90;"52000";"Ministério da Defesa";"52121";"Comando do Exército";"160167";"53º BATALHAO DE INFANTARIA DE SELVA"
91;"52000";"Ministério da Defesa";"52121";"Comando do Exército";"160122";"55º BATALHAO DE INFANTARIA"
92;"52000";"Ministério da Defesa";"52121";"Comando do Exército";"160213";"5º BATALHAO LOGISTICO"
93;"52000";"Ministério da Defesa";"52121";"Comando do Exército";"160278";"5º CENTRO DE GEOINFORMACAO"
94;"52000";"Ministério da Defesa";"52121";"Comando do Exército";"160234";"5º REGIMENTO DE CARROS DE COMBATE"
95;"52000";"Ministério da Defesa";"52121";"Comando do Exército";"160446";"62º BATALHAO DE INFANTARIA"
96;"52000";"Ministério da Defesa";"52121";"Comando do Exército";"160034";"6º BATALHAO DE POLICIA DO EXERCITO"
97;"52000";"Ministério da Defesa";"52121";"Comando do Exército";"160343";"7º BATALHAO DE ENGENHARIA DE COMBATE"
98;"52000";"Ministério da Defesa";"52121";"Comando do Exército";"160165";"8º BATALHAO DE SUPRIMENTO DE SELVA"
99;"52000";"Ministério da Defesa";"52121";"Comando do Exército";"160389";"8º BATALHAO LOGISTICO"
100;"52000";"Ministério da Defesa";"52121";"Comando do Exército";"160132";"9 BATALHAO DE ENGENHARIA DE COMBATE"
101;"52000";"Ministério da Defesa";"52121";"Comando do Exército";"160157";"9 BATALHAO DE ENGENHARIA DE CONSTRUCAO"
102;"52000";"Ministério da Defesa";"52121";"Comando do Exército";"160513";"9º BATALHAO DE MANUTENCAO - PATRIMONIAL"
103;"52000";"Ministério da Defesa";"52121";"Comando do Exército";"160421";"9º BATALHAO LOGISTICO"
104;"52000";"Ministério da Defesa";"52121";"Comando do Exército";"160249";"ACADEMIA MILITAR DAS AGULHAS NEGRAS"
105;"52000";"Ministério da Defesa";"52121";"Comando do Exército";"160098";"BASE ADMINISTRATIVA DO CMDO DE OP ESPECIAIS"
106;"52000";"Ministério da Defesa";"52121";"Comando do Exército";"160192";"BASE DE ADMINISTRACAO E APOIO DA 5ª RM"
107;"52000";"Ministério da Defesa";"52121";"Comando do Exército";"160528";"BASE DE ADMINISTRACAO E APOIO/CCOMGEX"
108;"52000";"Ministério da Defesa";"52121";"Comando do Exército";"160518";"BASE DE AVIACAO DE TAUBATE"
109;"52000";"Ministério da Defesa";"52121";"Comando do Exército";"160158";"COMANDO 13 BDA DE INFANTARIA MOTORIZADA"
110;"52000";"Ministério da Defesa";"52121";"Comando do Exército";"160209";"COMANDO 15ª BRIGADA DE INFANTARIA MECANIZADA"
111;"52000";"Ministério da Defesa";"52121";"Comando do Exército";"160065";"COMANDO DA 11A. REGIAO MILITAR"
112;"52000";"Ministério da Defesa";"52121";"Comando do Exército";"160462";"COMANDO DA 12 BRIG.DE INFANT.LEVE (AEROMOVEL)"
113;"52000";"Ministério da Defesa";"52121";"Comando do Exército";"160297";"COMANDO DA 1ª DIVISAO DE EXERCITO"
114;"52000";"Ministério da Defesa";"52121";"Comando do Exército";"160118";"COMANDO DA 4ª REGIAO MILITAR"
115;"52000";"Ministério da Defesa";"52121";"Comando do Exército";"160140";"COMANDO DA 9A.REGIAO MILITAR"
116;"52000";"Ministério da Defesa";"52121";"Comando do Exército";"160111";"COMANDO DA BRIGADA DE INFANTARIA DE MONTANHA"
117;"52000";"Ministério da Defesa";"52121";"Comando do Exército";"160136";"COMANDO DO 9º GRUPAMENTO LOGISTICO"
118;"52000";"Ministério da Defesa";"52121";"Comando do Exército";"160514";"COUDELARIA DE RINCAO"
119;"52000";"Ministério da Defesa";"52121";"Comando do Exército";"160321";"ESTABELECIMENTO CENTRAL DE TRANSPORTE"
120;"52000";"Ministério da Defesa";"52904";"Fundo do Exército";"167049";"10º DEPOSITO DE SUPRIMENTO"
121;"52000";"Ministério da Defesa";"52904";"Fundo do Exército";"167108";"12º BATALHAO DE INFANTARIA LEVE - MONTANHA"
122;"52000";"Ministério da Defesa";"52904";"Fundo do Exército";"167262";"1º REGIMENTO DE CARROS DE COMBATE"
123;"52000";"Ministério da Defesa";"52904";"Fundo do Exército";"167547";"22º BATALHAO DE INFANTARIA MECANIZADO"
124;"52000";"Ministério da Defesa";"52904";"Fundo do Exército";"167270";"2º REGIMENTO DE CAVALARIA DE GUARDAS"
125;"52000";"Ministério da Defesa";"52904";"Fundo do Exército";"167367";"3º BATALHAO DE ENGENHARIA DE COMBATE"
126;"52000";"Ministério da Defesa";"52904";"Fundo do Exército";"167388";"3º REGIMENTO DE CAVALARIA DE GUARDAS"
127;"52000";"Ministério da Defesa";"52904";"Fundo do Exército";"167109";"4ª COMPANHIA DE COMUNICACOES LEVE - MONTANHA"
128;"52000";"Ministério da Defesa";"52904";"Fundo do Exército";"167095";"58 BATALHAO DE INFANTARIA MOTORIZADO"
129;"52000";"Ministério da Defesa";"52904";"Fundo do Exército";"167278";"5º CENTRO DE GEOINFORMACAO"
130;"52000";"Ministério da Defesa";"52904";"Fundo do Exército";"167047";"COMANDO DA 10ª REGIAO MILITAR"
131;"52000";"Ministério da Defesa";"52904";"Fundo do Exército";"167140";"COMANDO DA 9A.REGIAO MILITAR"
132;"52000";"Ministério da Defesa";"52904";"Fundo do Exército";"167199";"HOSPITAL MILITAR DE AREA DE RECIFE"
133;"52000";"Ministério da Defesa";"52221";"Indústria de Material Bélico do Brasil";"168008";"INDUSTRIA DE MATERIAL BELICO DO BRASIL/FE"
134;"52000";"Ministério da Defesa";"52221";"Indústria de Material Bélico do Brasil";"168005";"INDUSTRIA DE MATERIAL BELICO DO BRASIL/FI"
135;"52000";"Ministério da Defesa";"52000";"Ministério da Defesa - Unidades com vínculo direto";"110511";"CENTRO GESTOR OP. SISTEMA PROTECAO AMAZONIA"
136;"52000";"Ministério da Defesa";"52000";"Ministério da Defesa - Unidades com vínculo direto";"110404";"DEPARTAMENTO DE ADMINISTRACAO E DE PESSOAL"
137;"52000";"Ministério da Defesa";"52000";"Ministério da Defesa - Unidades com vínculo direto";"110402";"ESCOLA SUPERIOR DE GUERRA"
138;"52000";"Ministério da Defesa";"52000";"Ministério da Defesa - Unidades com vínculo direto";"112408";"HOSPITAL DAS FORCAS ARMADAS"
139;"26000";"Ministério da Educação";"26201";"Colégio Pedro II";"155624";"COLEGIO PEDRO II - CAMPUS HUMAITA I"
140;"26000";"Ministério da Educação";"26201";"Colégio Pedro II";"155631";"COLEGIO PEDRO II - CAMPUS SAO CRISTOVAO II"
141;"26000";"Ministério da Educação";"26443";"Empresa Brasileira de Serviços Hospitalares";"155909";"COMPLEXO HOSP UNIVERSIT DA UFPA (HUBFS/HUJBB)"
142;"26000";"Ministério da Educação";"26443";"Empresa Brasileira de Serviços Hospitalares";"155012";"HOSP UNIVERSITARIO CASSIANO ANTONIO DE MORAES"
143;"26000";"Ministério da Educação";"26443";"Empresa Brasileira de Serviços Hospitalares";"155124";"HOSP UNIVERSITARIO MARIA APARECIDA PEDROSSIAN"
144;"26000";"Ministério da Educação";"26443";"Empresa Brasileira de Serviços Hospitalares";"155021";"HOSPITAL DAS CLINICAS DA UFMG"
145;"26000";"Ministério da Educação";"26443";"Empresa Brasileira de Serviços Hospitalares";"155914";"HOSPITAL UNIVERSITARIO ALCIDES CARNEIRO"
146;"26000";"Ministério da Educação";"26443";"Empresa Brasileira de Serviços Hospitalares";"155014";"HOSPITAL UNIVERSITARIO ANA BEZERRA"
147;"26000";"Ministério da Educação";"26443";"Empresa Brasileira de Serviços Hospitalares";"155903";"HOSPITAL UNIVERSITARIO DA UFJF"
148;"26000";"Ministério da Educação";"26443";"Empresa Brasileira de Serviços Hospitalares";"155010";"HOSPITAL UNIVERSITARIO DA UFMA"
149;"26000";"Ministério da Educação";"26443";"Empresa Brasileira de Serviços Hospitalares";"155913";"HOSPITAL UNIVERSITARIO DA UFSC"
150;"26000";"Ministério da Educação";"26443";"Empresa Brasileira de Serviços Hospitalares";"155900";"HOSPITAL UNIVERSITARIO DA UFSCAR"
151;"26000";"Ministério da Educação";"26443";"Empresa Brasileira de Serviços Hospitalares";"155910";"HOSPITAL UNIVERSITARIO DE LAGARTO"
152;"26000";"Ministério da Educação";"26443";"Empresa Brasileira de Serviços Hospitalares";"155125";"HOSPITAL UNIVERSITARIO DE SANTA MARIA"
153;"26000";"Ministério da Educação";"26443";"Empresa Brasileira de Serviços Hospitalares";"155008";"HOSPITAL UNIVERSITARIO DO PIAUI"
154;"26000";"Ministério da Educação";"26443";"Empresa Brasileira de Serviços Hospitalares";"155023";"HOSPITAL UNIVERSITARIO LAURO WANDERLEY"
155;"26000";"Ministério da Educação";"26443";"Empresa Brasileira de Serviços Hospitalares";"155013";"HOSPITAL UNIVERSITARIO ONOFRE LOPES"
156;"26000";"Ministério da Educação";"26443";"Empresa Brasileira de Serviços Hospitalares";"155015";"MATERNIDADE ESCOLA JANUARIO CICCO"
157;"26000";"Ministério da Educação";"26292";"Fundação Joaquim Nabuco";"344002";"FUNDACAO JOAQUIM NABUCO"
158;"26000";"Ministério da Educação";"26271";"Fundação Universidade de Brasília";"154040";"FUNDACAO UNIVERSIDADE DE BRASILIA - UNB"
159;"26000";"Ministério da Educação";"26284";"Fundação Universidade Federal de Ciências da Saúde de Porto Alegre";"154032";"FUND.UNIV.FED.DE.CIENC.DA SAUDE DE P.ALEGRE"
160;"26000";"Ministério da Educação";"26278";"Fundação Universidade Federal de Pelotas";"154047";"FUNDACAO UNIVERSIDADE FEDERAL DE PELOTAS"
161;"26000";"Ministério da Educação";"26268";"Fundação Universidade Federal de Rondônia";"154082";"PRO-REITORIA DE ADMINISTRACAO"
162;"26000";"Ministério da Educação";"26285";"Fundação Universidade Federal de São João Del-Rei";"154069";"FUNDACAO UNIVERSIDADE FEDERAL DE S.J.DEL-REI"
163;"26000";"Ministério da Educação";"26230";"Fundação Universidade Federal do Vale do São Francisco";"154421";"FUND. UNIVERSIDADE FEDERAL VALE SAO FRANCISCO"
164;"26000";"Ministério da Educação";"26294";"Hospital de Clínicas de Porto Alegre";"155001";"HOSPITAL DE CLINICAS DE PORTO ALEGRE"
165;"26000";"Ministério da Educação";"26404";"Instituto Federal de Educação, Ciência e Tecnologia Baiano";"158442";"INST. FED. BAIANO - CAMPUS GUANAMBI"
166;"26000";"Ministério da Educação";"26404";"Instituto Federal de Educação, Ciência e Tecnologia Baiano";"158435";"INST.FED.BAIANO/CAMPUS SENHOR DO BONFIM"
167;"26000";"Ministério da Educação";"26422";"Instituto Federal de Educação, Ciência e Tecnologia Catarinense";"158460";"IF CATARINENSE - CAMPUS CAMBORIU"
168;"26000";"Ministério da Educação";"26422";"Instituto Federal de Educação, Ciência e Tecnologia Catarinense";"158461";"IF CATARINENSE - CAMPUS CONCORDIA"
169;"26000";"Ministério da Educação";"26422";"Instituto Federal de Educação, Ciência e Tecnologia Catarinense";"152662";"IF CATARINENSE - CAMPUS FRAIBURGO"
170;"26000";"Ministério da Educação";"26422";"Instituto Federal de Educação, Ciência e Tecnologia Catarinense";"152663";"IF CATARINENSE - CAMPUS LUZERNA"
171;"26000";"Ministério da Educação";"26422";"Instituto Federal de Educação, Ciência e Tecnologia Catarinense";"158458";"IF CATARINENSE - CAMPUS RIO DO SUL"
172;"26000";"Ministério da Educação";"26422";"Instituto Federal de Educação, Ciência e Tecnologia Catarinense";"158631";"IF CATARINENSE - CAMPUS SAO BENTO DO SUL"
173;"26000";"Ministério da Educação";"26422";"Instituto Federal de Educação, Ciência e Tecnologia Catarinense";"158125";"INSTITUTO FEDERAL CATARINENSE - REITORIA"
174;"26000";"Ministério da Educação";"26427";"Instituto Federal de Educação, Ciência e Tecnologia da Bahia";"158409";"INST. FED. DA BAHIA/CAMPUS VIT. DA CONQUISTA"
175;"26000";"Ministério da Educação";"26417";"Instituto Federal de Educação, Ciência e Tecnologia da Paraíba";"158469";"IFPB - CAMPUS JOAO PESSOA"
176;"26000";"Ministério da Educação";"26402";"Instituto Federal de Educação, Ciência e Tecnologia de Alagoas";"152815";"INST.FED.DE ALAGOAS/CAMPUS MARAGOGI"
177;"26000";"Ministério da Educação";"26409";"Instituto Federal de Educação, Ciência e Tecnologia de Minas Gerais";"158122";"INST.FED.DE EDUC.,CIENC.E TEC.DE MINAS GERAIS"
178;"26000";"Ministério da Educação";"26421";"Instituto Federal de Educação, Ciência e Tecnologia de Rondônia";"158148";"INST. FED. DE EDUC.,CIENC. E TEC. DE RONDONIA"
179;"26000";"Ministério da Educação";"26439";"Instituto Federal de Educação, Ciência e Tecnologia de São Paulo";"158520";"IFSP - CAMPUS CATANDUVA"
180;"26000";"Ministério da Educação";"26403";"Instituto Federal de Educação, Ciência e Tecnologia do Amazonas";"158444";"IFAM - CAMPUS MANAUS ZONA LESTE"
181;"26000";"Ministério da Educação";"26406";"Instituto Federal de Educação, Ciência e Tecnologia do Espírito Santo";"158425";"IFES - CAMPUS ALEGRE"
182;"26000";"Ministério da Educação";"26406";"Instituto Federal de Educação, Ciência e Tecnologia do Espírito Santo";"158417";"IFES - CAMPUS SERRA"
183;"26000";"Ministério da Educação";"26406";"Instituto Federal de Educação, Ciência e Tecnologia do Espírito Santo";"158416";"IFES - CAMPUS VITORIA"
184;"26000";"Ministério da Educação";"26408";"Instituto Federal de Educação, Ciência e Tecnologia do Maranhão";"154854";"IFMA/CAMPUS GRAJAU"
185;"26000";"Ministério da Educação";"26408";"Instituto Federal de Educação, Ciência e Tecnologia do Maranhão";"158286";"IFMA/CAMPUS MONTE CASTELO"
186;"26000";"Ministério da Educação";"26408";"Instituto Federal de Educação, Ciência e Tecnologia do Maranhão";"158128";"INST. FED. DO MARANHAO"
187;"26000";"Ministério da Educação";"26414";"Instituto Federal de Educação, Ciência e Tecnologia do Mato Grosso";"158970";"INST.FED.MATO GROSSO/CAMPUS PRIMAV. DO LESTE"
188;"26000";"Ministério da Educação";"26415";"Instituto Federal de Educação, Ciência e Tecnologia do Mato Grosso do Sul";"158449";"INST. FED. DO MS/CAMPUS CAMPO GRANDE"
189;"26000";"Ministério da Educação";"26435";"Instituto Federal de Educação, Ciência e Tecnologia do Rio Grande do Norte";"158370";"INST.FED. DO RN/CAMPUS CAICO"
190;"26000";"Ministério da Educação";"26419";"Instituto Federal de Educação, Ciência e Tecnologia do Rio Grande do Sul";"158265";"INST.FED.DO RS/CAMPUS CANOAS"
191;"26000";"Ministério da Educação";"26419";"Instituto Federal de Educação, Ciência e Tecnologia do Rio Grande do Sul";"158327";"INST.FED.DO RS/CAMPUS OSORIO"
192;"26000";"Ministério da Educação";"26424";"Instituto Federal de Educação, Ciência e Tecnologia do Tocantins";"158131";"INST.FED.DE EDUC.,CIENC.E TEC.DO TOCANTINS"
193;"26000";"Ministério da Educação";"26424";"Instituto Federal de Educação, Ciência e Tecnologia do Tocantins";"158511";"INST.FED.DO TOCANTINS/CAMPUS ARAGUAINA"
194;"26000";"Ministério da Educação";"26424";"Instituto Federal de Educação, Ciência e Tecnologia do Tocantins";"158628";"INST.FED.DO TOCANTINS/CAMPUS DIANOPOLIS"
195;"26000";"Ministério da Educação";"26424";"Instituto Federal de Educação, Ciência e Tecnologia do Tocantins";"158489";"INST.FED.DO TOCANTINS/CAMPUS PARAISO DO TO"
196;"26000";"Ministério da Educação";"26413";"Instituto Federal de Educação, Ciência e Tecnologia do Triângulo Mineiro";"158099";"INST.FED.DE EDUC.,CIENC.E TEC.DO TRIA.MINEIRO"
197;"26000";"Ministério da Educação";"26434";"Instituto Federal de Educação, Ciência e Tecnologia Fluminense";"158468";"INST.FED. FLUMINENSE/CAMPUS CABO FRIO"
198;"26000";"Ministério da Educação";"26434";"Instituto Federal de Educação, Ciência e Tecnologia Fluminense";"158139";"INST.FED.DE EDUC.,CIENC.E TEC.FLUMINENSE"
199;"26000";"Ministério da Educação";"26407";"Instituto Federal de Educação, Ciência e Tecnologia Goiano";"155061";"IF GOIANO - CAMPUS CRISTALINA"
200;"26000";"Ministério da Educação";"26407";"Instituto Federal de Educação, Ciência e Tecnologia Goiano";"158667";"IF GOIANO - CAMPUS IPORA"
201;"26000";"Ministério da Educação";"26407";"Instituto Federal de Educação, Ciência e Tecnologia Goiano";"158299";"IF GOIANO - CAMPUS RIO VERDE"
202;"26000";"Ministério da Educação";"26407";"Instituto Federal de Educação, Ciência e Tecnologia Goiano";"158298";"IF GOIANO - CAMPUS URUTAI"
203;"26000";"Ministério da Educação";"26407";"Instituto Federal de Educação, Ciência e Tecnologia Goiano";"158124";"IF GOIANO - REITORIA"
204;"26000";"Ministério da Educação";"26436";"Instituto Federal de Educação, Ciência e Tecnologia Sul-rio-grandense";"158338";"INST.FED.SUL-RIO-GRANDENSE/CAMPUS PASSO FUNDO"
205;"26000";"Ministério da Educação";"26432";"Instituto Federal do Paraná";"158009";"INST. FED. DO PARANA/REITORIA"
206;"26000";"Ministério da Educação";"26232";"Universidade Federal da Bahia";"153038";"UNIVERSIDADE FEDERAL DA BAHIA"
207;"26000";"Ministério da Educação";"26267";"Universidade Federal da Integração Latino-Americana";"158658";"UNIV. FEDERAL DA INTEGRACAO-LATINO-AMERICANA"
208;"26000";"Ministério da Educação";"26240";"Universidade Federal da Paraíba";"153065";"UNIVERSIDADE FEDERAL DA PARAIBA"
209;"26000";"Ministério da Educação";"26452";"Universidade Federal de Catalão";"156679";"UNIVERSIDADE FEDERAL DE CATALAO"
210;"26000";"Ministério da Educação";"26261";"Universidade Federal de Itajubá";"153030";"UNIVERSIDADE FEDERAL DE ITAJUBA"
211;"26000";"Ministério da Educação";"26237";"Universidade Federal de Juiz de Fora";"153061";"UNIVERSIDADE FEDERAL DE JUIZ DE FORA"
212;"26000";"Ministério da Educação";"26263";"Universidade Federal de Lavras";"153032";"UNIVERSIDADE FEDERAL DE LAVRAS"
213;"26000";"Ministério da Educação";"26246";"Universidade Federal de Santa Catarina";"153163";"UNIVERSIDADE FEDERAL DE SANTA CATARINA"
214;"26000";"Ministério da Educação";"26247";"Universidade Federal de Santa Maria";"153164";"UNIVERSIDADE FEDERAL DE SANTA MARIA"
215;"26000";"Ministério da Educação";"26273";"Universidade Federal do Rio Grande";"154042";"UNIVERSIDADE FEDERAL DO RIO GRANDE - FURG"
216;"26000";"Ministério da Educação";"26254";"Universidade Federal do Triângulo Mineiro";"153035";"UNIVERSIDADE FEDERAL DO TRIANGULO MINEIRO"
217;"26000";"Ministério da Educação";"26255";"Universidade Federal dos Vales do Jequitinhonha e Mucuri";"153036";"UNIVERSIDADE FED.VALES JEQUITINHONHA E MUCURI"
218;"26000";"Ministério da Educação";"26248";"Universidade Federal Rural de Pernambuco";"153165";"UNIVERSIDADE FEDERAL RURAL DE PERNAMBUCO"
219;"26000";"Ministério da Educação";"26249";"Universidade Federal Rural do Rio de Janeiro";"153166";"UNIVERSIDADE FEDERAL RURAL DO RIO DE JANEIRO"
220;"25000";"Ministério da Fazenda";"25203";"Comissão de Valores Mobiliários";"173030";"COMISSAO DE VALORES MOBILIARIOS"
221;"25000";"Ministério da Fazenda";"25915";"Fundo Constitucional do Distrito Federal";"170395";"FCDF±SSP ± POLICIA CIVIL DO DF"
222;"25000";"Ministério da Fazenda";"25801";"Receita Federal do Brasil";"170339";"COORDENACAO-GERAL DE PESQ.INVESTIGACAO DA RFB"
223;"25000";"Ministério da Fazenda";"25801";"Receita Federal do Brasil";"170134";"DELEGACIA DA RFB EM ARACATUBA"
224;"25000";"Ministério da Fazenda";"25801";"Receita Federal do Brasil";"170135";"DELEGACIA DA RFB EM BAURU"
225;"25000";"Ministério da Fazenda";"25801";"Receita Federal do Brasil";"170109";"DELEGACIA DA RFB EM CAMPO GRANDE"
226;"25000";"Ministério da Fazenda";"25801";"Receita Federal do Brasil";"170192";"DELEGACIA DA RFB EM CUIABA"
227;"25000";"Ministério da Fazenda";"25801";"Receita Federal do Brasil";"170080";"DELEGACIA DA RFB EM FEIRA DE SANTANA"
228;"25000";"Ministério da Fazenda";"25801";"Receita Federal do Brasil";"170198";"DELEGACIA DA RFB EM GOIANIA"
229;"25000";"Ministério da Fazenda";"25801";"Receita Federal do Brasil";"170052";"DELEGACIA DA RFB EM JOAO PESSOA"
230;"25000";"Ministério da Fazenda";"25801";"Receita Federal do Brasil";"170171";"DELEGACIA DA RFB EM JOINVILLE"
231;"25000";"Ministério da Fazenda";"25801";"Receita Federal do Brasil";"170042";"DELEGACIA DA RFB EM JUAZEIRO DO NORTE"
232;"25000";"Ministério da Fazenda";"25801";"Receita Federal do Brasil";"170024";"DELEGACIA DA RFB EM MACAPA"
233;"25000";"Ministério da Fazenda";"25801";"Receita Federal do Brasil";"170066";"DELEGACIA DA RFB EM MACEIO"
234;"25000";"Ministério da Fazenda";"25801";"Receita Federal do Brasil";"170209";"DELEGACIA DA RFB EM MANAUS"
235;"25000";"Ministério da Fazenda";"25801";"Receita Federal do Brasil";"170047";"DELEGACIA DA RFB EM NATAL"
236;"25000";"Ministério da Fazenda";"25801";"Receita Federal do Brasil";"170184";"DELEGACIA DA RFB EM NOVO HAMBURGO"
237;"25000";"Ministério da Fazenda";"25801";"Receita Federal do Brasil";"170201";"DELEGACIA DA RFB EM PORTO VELHO"
238;"25000";"Ministério da Fazenda";"25801";"Receita Federal do Brasil";"170138";"DELEGACIA DA RFB EM RIBEIRAO PRETO"
239;"25000";"Ministério da Fazenda";"25801";"Receita Federal do Brasil";"170205";"DELEGACIA DA RFB EM RIO BRANCO"
240;"25000";"Ministério da Fazenda";"25801";"Receita Federal do Brasil";"170183";"DELEGACIA DA RFB EM SANTA MARIA"
241;"25000";"Ministério da Fazenda";"25801";"Receita Federal do Brasil";"170219";"DELEGACIA DA RFB EM SANTAREM"
242;"25000";"Ministério da Fazenda";"25801";"Receita Federal do Brasil";"170028";"DELEGACIA DA RFB EM SAO LUIS"
243;"25000";"Ministério da Fazenda";"25801";"Receita Federal do Brasil";"170035";"DELEGACIA DA RFB EM TERESINA"
244;"25000";"Ministério da Fazenda";"25801";"Receita Federal do Brasil";"170103";"DELEGACIA DA RFB EM VITORIA"
245;"25000";"Ministério da Fazenda";"25801";"Receita Federal do Brasil";"170119";"DELEGACIA DA RFB EM VOLTA REDONDA"
246;"25000";"Ministério da Fazenda";"25801";"Receita Federal do Brasil";"170177";"SUPERINTENDENCIA REGIONAL DA RFB NA 10A RF"
247;"25000";"Ministério da Fazenda";"25801";"Receita Federal do Brasil";"170018";"SUPERINTENDENCIA REGIONAL DA RFB NA 1A RF"
248;"25000";"Ministério da Fazenda";"25801";"Receita Federal do Brasil";"170217";"SUPERINTENDENCIA REGIONAL DA RFB NA 2A RF"
249;"25000";"Ministério da Fazenda";"25801";"Receita Federal do Brasil";"170040";"SUPERINTENDENCIA REGIONAL DA RFB NA 3A RF"
250;"25000";"Ministério da Fazenda";"25801";"Receita Federal do Brasil";"170058";"SUPERINTENDENCIA REGIONAL DA RFB NA 4A RF"
251;"25000";"Ministério da Fazenda";"25801";"Receita Federal do Brasil";"170078";"SUPERINTENDENCIA REGIONAL DA RFB NA 5A RF"
252;"25000";"Ministério da Fazenda";"25801";"Receita Federal do Brasil";"170156";"SUPERINTENDENCIA REGIONAL DA RFB NA 9A RF"
253;"46000";"Ministério da Gestão e da Inovação em Ser";"24208";"Instituto Nacional de Tecnologia da Informação";"243001";"INSTITUTO NAC.DE TECNOLOGIA DA INFORMACAO ITI"
254;"46000";"Ministério da Gestão e da Inovação em Ser";"46000";"Ministério da Gestão e da Inovação em Serviços Públicos - Unidades com vínculo direto";"200247";"ARQUIVO NACIONAL"
255;"46000";"Ministério da Gestão e da Inovação em Ser";"46000";"Ministério da Gestão e da Inovação em Serviços Públicos - Unidades com vínculo direto";"201062";"DIVISAO DE PESSOAL EX-TERRITORIO DE RONDONIA"
256;"46000";"Ministério da Gestão e da Inovação em Ser";"46000";"Ministério da Gestão e da Inovação em Serviços Públicos - Unidades com vínculo direto";"201061";"DIVISAO DE PESSOAL EX-TERRITORIO DO AMAPA"
257;"46000";"Ministério da Gestão e da Inovação em Ser";"46000";"Ministério da Gestão e da Inovação em Serviços Públicos - Unidades com vínculo direto";"170100";"SUPERINT. REG. ADM. DO MGI - ESPIRITO SANTO"
258;"46000";"Ministério da Gestão e da Inovação em Ser";"46000";"Ministério da Gestão e da Inovação em Serviços Públicos - Unidades com vínculo direto";"170195";"SUPERINT. REG. ADM. DO MGI - GOIAS/TOCANTINS"
259;"46000";"Ministério da Gestão e da Inovação em Ser";"46000";"Ministério da Gestão e da Inovação em Serviços Públicos - Unidades com vínculo direto";"170114";"SUPERINT. REG. ADM. DO MGI - RIO DE JANEIRO"
260;"46000";"Ministério da Gestão e da Inovação em Ser";"46000";"Ministério da Gestão e da Inovação em Serviços Públicos - Unidades com vínculo direto";"170166";"SUPERINT. REG. ADM. DO MGI - SANTA CATARINA"
261;"46000";"Ministério da Gestão e da Inovação em Ser";"46000";"Ministério da Gestão e da Inovação em Serviços Públicos - Unidades com vínculo direto";"170106";"SUPERINT. REG. ADM. DO MGI-MATO GROSSO DO SUL"
262;"46000";"Ministério da Gestão e da Inovação em Ser";"46000";"Ministério da Gestão e da Inovação em Serviços Públicos - Unidades com vínculo direto";"170045";"SUPERINT.REG.ADM.DO MGI-RIO GRANDE DO NORTE"
263;"46000";"Ministério da Gestão e da Inovação em Ser";"46000";"Ministério da Gestão e da Inovação em Serviços Públicos - Unidades com vínculo direto";"170075";"SUPERINTENDENCIA REG. ADM. DO MGI - BAHIA"
264;"46000";"Ministério da Gestão e da Inovação em Ser";"46000";"Ministério da Gestão e da Inovação em Serviços Públicos - Unidades com vínculo direto";"170038";"SUPERINTENDENCIA REG. ADM. DO MGI - CEARA"
265;"46000";"Ministério da Gestão e da Inovação em Ser";"46000";"Ministério da Gestão e da Inovação em Serviços Públicos - Unidades com vínculo direto";"170214";"SUPERINTENDENCIA REG. ADM. DO MGI - PARA"
266;"46000";"Ministério da Gestão e da Inovação em Ser";"46000";"Ministério da Gestão e da Inovação em Serviços Públicos - Unidades com vínculo direto";"170050";"SUPERINTENDENCIA REG. ADM. DO MGI - PARAIBA"
267;"46000";"Ministério da Gestão e da Inovação em Ser";"46000";"Ministério da Gestão e da Inovação em Serviços Públicos - Unidades com vínculo direto";"170153";"SUPERINTENDENCIA REG. ADM. DO MGI - PARANA"
268;"46000";"Ministério da Gestão e da Inovação em Ser";"46000";"Ministério da Gestão e da Inovação em Serviços Públicos - Unidades com vínculo direto";"170032";"SUPERINTENDENCIA REG. ADM. DO MGI - PIAUI"
269;"46000";"Ministério da Gestão e da Inovação em Ser";"46000";"Ministério da Gestão e da Inovação em Serviços Públicos - Unidades com vínculo direto";"170131";"SUPERINTENDENCIA REG. ADM. DO MGI - SAO PAULO"
270;"46000";"Ministério da Gestão e da Inovação em Ser";"46000";"Ministério da Gestão e da Inovação em Serviços Públicos - Unidades com vínculo direto";"170069";"SUPERINTENDENCIA REG. ADM. DO MGI - SERGIPE"
271;"46000";"Ministério da Gestão e da Inovação em Ser";"46000";"Ministério da Gestão e da Inovação em Serviços Públicos - Unidades com vínculo direto";"170190";"SUPERINTENDENCIA REG. ADM. DO MGI-MATO GROSSO"
272;"46000";"Ministério da Gestão e da Inovação em Ser";"46000";"Ministério da Gestão e da Inovação em Serviços Públicos - Unidades com vínculo direto";"170085";"SUPERINTENDENCIA REG.ADM.DO MGI-MINAS GERAIS"
273;"46000";"Ministério da Gestão e da Inovação em Ser";"46000";"Ministério da Gestão e da Inovação em Serviços Públicos - Unidades com vínculo direto";"170055";"SUPERINTENDENCIA REG.ADM.DO MGI-PERNAMBUCO"
274;"53000";"Ministério da Integração e do Desenvolvime";"22203";"Companhia de Desenvolvimento dos Vales do São Francisco e do Parnaíba";"195015";"CIA DE DES.DOS VALES DO S.FRANC.E DO PARNAIBA"
275;"53000";"Ministério da Integração e do Desenvolvime";"22203";"Companhia de Desenvolvimento dos Vales do São Francisco e do Parnaíba";"195012";"CIA DE DES.DOS VALES DO S.FRANC.E DO PARNAIBA"
276;"53000";"Ministério da Integração e do Desenvolvime";"22203";"Companhia de Desenvolvimento dos Vales do São Francisco e do Parnaíba";"195002";"CIA DE DES.DOS VALES DO S.FRANC.E DO PARNAIBA"
277;"53000";"Ministério da Integração e do Desenvolvime";"22203";"Companhia de Desenvolvimento dos Vales do São Francisco e do Parnaíba";"195003";"CIA DE DES.DOS VALES DO S.FRANC.E DO PARNAIBA"
278;"53000";"Ministério da Integração e do Desenvolvime";"22203";"Companhia de Desenvolvimento dos Vales do São Francisco e do Parnaíba";"195006";"CIA DE DES.DOS VALES DO S.FRANC.E DO PARNAIBA"
279;"53000";"Ministério da Integração e do Desenvolvime";"22204";"Departamento Nacional de Obras Contra as Secas";"193002";"DEPARTAMENTO NACIONAL DE OBRAS CONT.AS SECAS"
280;"53000";"Ministério da Integração e do Desenvolvime";"22204";"Departamento Nacional de Obras Contra as Secas";"193009";"DNOCS - CEST/BA - SALVADOR - BA"
281;"53000";"Ministério da Integração e do Desenvolvime";"22204";"Departamento Nacional de Obras Contra as Secas";"193004";"DNOCS - CEST/RN - NATAL-RN"
282;"53000";"Ministério da Integração e do Desenvolvime";"22204";"Departamento Nacional de Obras Contra as Secas";"193003";"DNOCS CEST/CE - FORTALEZA-CE"
283;"53000";"Ministério da Integração e do Desenvolvime";"22204";"Departamento Nacional de Obras Contra as Secas";"193001";"DNOCS CEST/PI-TERESINA-PI"
284;"53000";"Ministério da Integração e do Desenvolvime";"53207";"Superintendência de Desenvolvimento do Centro-Oeste";"533018";"SUPERINT. DO DESENVOLVIMENTO DO CENTRO-OESTE"
285;"53000";"Ministério da Integração e do Desenvolvime";"53202";"Superintendência do Desenvolvimento da Amazônia";"533013";"SUPERINTEND. DO DESENVOLVIMENTO DA AMAZONIA"
286;"53000";"Ministério da Integração e do Desenvolvime";"53203";"Superintendência do Desenvolvimento do Nordeste";"533014";"SUPERINTENDENCIA DO DESENVOLV. DO NORDESTE"
287;"30000";"Ministério da Justiça e Segurança Pública";"30211";"Conselho Administrativo de Defesa Econômica";"303001";"CONSELHO ADMINISTRATIVO DE DEFESA ECONOMICA"
288;"30000";"Ministério da Justiça e Segurança Pública";"30907";"Fundo Penitenciário Nacional";"200323";"DEPEN/DIRETORIA DO SISTEMA PENITENC. FEDERAL"
289;"30000";"Ministério da Justiça e Segurança Pública";"30907";"Fundo Penitenciário Nacional";"200600";"PENITENCIARIA FEDERAL DE CAMPO GRANDE - MS"
290;"30000";"Ministério da Justiça e Segurança Pública";"30907";"Fundo Penitenciário Nacional";"200604";"PENITENCIARIA FEDERAL EM BRASILIA"
291;"30000";"Ministério da Justiça e Segurança Pública";"30907";"Fundo Penitenciário Nacional";"200601";"PENITENCIARIA FEDERAL EM CATANDUVAS - PR"
292;"30000";"Ministério da Justiça e Segurança Pública";"30108";"Polícia Federal";"200334";"COORDENACAO GERAL DE ADMINISTRACAO CGAD/DLOG/"
293;"30000";"Ministério da Justiça e Segurança Pública";"30108";"Polícia Federal";"200366";"DELEGACIA DE POLICIA FEDERAL EM FOZ DO IGUACU"
294;"30000";"Ministério da Justiça e Segurança Pública";"30108";"Polícia Federal";"200350";"SUPERINTENDENCIA REG DE POLICIA FEDERAL EM MG"
295;"30000";"Ministério da Justiça e Segurança Pública";"30108";"Polícia Federal";"200338";"SUPERINTENDENCIA REGIONAL NO DISTRITO FEDERAL"
296;"30000";"Ministério da Justiça e Segurança Pública";"30108";"Polícia Federal";"200346";"SUPERINTENDENCIA REGIONAL NO ESTADO DA BA"
297;"30000";"Ministério da Justiça e Segurança Pública";"30108";"Polícia Federal";"200396";"SUPERINTENDENCIA REGIONAL NO ESTADO DA PB"
298;"30000";"Ministério da Justiça e Segurança Pública";"30108";"Polícia Federal";"200358";"SUPERINTENDENCIA REGIONAL NO ESTADO DE AL"
299;"30000";"Ministério da Justiça e Segurança Pública";"30108";"Polícia Federal";"200376";"SUPERINTENDENCIA REGIONAL NO ESTADO DE GO"
300;"30000";"Ministério da Justiça e Segurança Pública";"30108";"Polícia Federal";"200398";"SUPERINTENDENCIA REGIONAL NO ESTADO DE PE"
301;"30000";"Ministério da Justiça e Segurança Pública";"30108";"Polícia Federal";"200378";"SUPERINTENDENCIA REGIONAL NO ESTADO DE RO"
302;"30000";"Ministério da Justiça e Segurança Pública";"30108";"Polícia Federal";"200384";"SUPERINTENDENCIA REGIONAL NO ESTADO DE RR"
303;"30000";"Ministério da Justiça e Segurança Pública";"30108";"Polícia Federal";"200370";"SUPERINTENDENCIA REGIONAL NO ESTADO DE SC"
304;"30000";"Ministério da Justiça e Segurança Pública";"30108";"Polícia Federal";"200344";"SUPERINTENDENCIA REGIONAL NO ESTADO DE SE"
305;"30000";"Ministério da Justiça e Segurança Pública";"30108";"Polícia Federal";"200360";"SUPERINTENDENCIA REGIONAL NO ESTADO DE SP"
306;"30000";"Ministério da Justiça e Segurança Pública";"30108";"Polícia Federal";"200404";"SUPERINTENDENCIA REGIONAL NO ESTADO DE TO"
307;"30000";"Ministério da Justiça e Segurança Pública";"30108";"Polícia Federal";"200380";"SUPERINTENDENCIA REGIONAL NO ESTADO DO AC"
308;"30000";"Ministério da Justiça e Segurança Pública";"30108";"Polícia Federal";"200382";"SUPERINTENDENCIA REGIONAL NO ESTADO DO AM"
309;"30000";"Ministério da Justiça e Segurança Pública";"30108";"Polícia Federal";"200392";"SUPERINTENDENCIA REGIONAL NO ESTADO DO CE"
310;"30000";"Ministério da Justiça e Segurança Pública";"30108";"Polícia Federal";"200388";"SUPERINTENDENCIA REGIONAL NO ESTADO DO MA"
311;"30000";"Ministério da Justiça e Segurança Pública";"30108";"Polícia Federal";"200354";"SUPERINTENDENCIA REGIONAL NO ESTADO DO MS"
312;"30000";"Ministério da Justiça e Segurança Pública";"30108";"Polícia Federal";"200374";"SUPERINTENDENCIA REGIONAL NO ESTADO DO MT"
313;"30000";"Ministério da Justiça e Segurança Pública";"30108";"Polícia Federal";"200386";"SUPERINTENDENCIA REGIONAL NO ESTADO DO PA"
314;"30000";"Ministério da Justiça e Segurança Pública";"30108";"Polícia Federal";"200390";"SUPERINTENDENCIA REGIONAL NO ESTADO DO PI"
315;"30000";"Ministério da Justiça e Segurança Pública";"30108";"Polícia Federal";"200364";"SUPERINTENDENCIA REGIONAL NO ESTADO DO PR"
316;"30000";"Ministério da Justiça e Segurança Pública";"30108";"Polícia Federal";"200356";"SUPERINTENDENCIA REGIONAL NO ESTADO DO RJ"
317;"30000";"Ministério da Justiça e Segurança Pública";"30108";"Polícia Federal";"200394";"SUPERINTENDENCIA REGIONAL NO ESTADO DO RN"
318;"30000";"Ministério da Justiça e Segurança Pública";"30108";"Polícia Federal";"200372";"SUPERINTENDENCIA REGIONAL NO ESTADO DO RS"
319;"30000";"Ministério da Justiça e Segurança Pública";"30802";"Polícia Rodoviária Federal";"200109";"POLICIA RODOVIARIA FEDERAL"
320;"30000";"Ministério da Justiça e Segurança Pública";"30802";"Polícia Rodoviária Federal";"200121";"SUPERINTENDENCIA DA PRF EM GOIAS"
321;"30000";"Ministério da Justiça e Segurança Pública";"30802";"Polícia Rodoviária Federal";"200125";"SUPERINTENDENCIA DA PRF EM SANTA CATARINA"
322;"30000";"Ministério da Justiça e Segurança Pública";"30802";"Polícia Rodoviária Federal";"200117";"SUPERINTENDENCIA DA PRF EM SAO PAULO"
323;"30000";"Ministério da Justiça e Segurança Pública";"30802";"Polícia Rodoviária Federal";"200141";"SUPERINTENDENCIA DA PRF NO DISTRITO FEDERAL"
324;"30000";"Ministério da Justiça e Segurança Pública";"30802";"Polícia Rodoviária Federal";"200126";"SUPERINTENDENCIA DA PRF NO ESPIRITO SANTO"
325;"30000";"Ministério da Justiça e Segurança Pública";"30802";"Polícia Rodoviária Federal";"200120";"SUPERINTENDENCIA DA PRF NO MATO GROSSO"
326;"30000";"Ministério da Justiça e Segurança Pública";"30802";"Polícia Rodoviária Federal";"200127";"SUPERINTENDENCIA DA PRF NO PIAUI"
327;"30000";"Ministério da Justiça e Segurança Pública";"30802";"Polícia Rodoviária Federal";"200116";"SUPERINTENDENCIA DA PRF NO RIO DE JANEIRO"
328;"30000";"Ministério da Justiça e Segurança Pública";"30802";"Polícia Rodoviária Federal";"200139";"SUPERINTENDENCIA DA PRF NO TOCANTINS"
329;"33000";"Ministério da Previdência Social";"37202";"Instituto Nacional do Seguro Social";"510170";"GERENCIA EXECUTIVA FLORIANOPOLIS"
330;"33000";"Ministério da Previdência Social";"37202";"Instituto Nacional do Seguro Social";"510917";"GERENCIA EXECUTIVA IJUI"
331;"33000";"Ministério da Previdência Social";"37202";"Instituto Nacional do Seguro Social";"510909";"GERENCIA EXECUTIVA NOVO HAMBURGO"
332;"33000";"Ministério da Previdência Social";"37202";"Instituto Nacional do Seguro Social";"510181";"SUPERINTENDENCIA REGIONAL SUL"
333;"36000";"Ministério da Saúde";"36212";"Agência Nacional de Vigilância Sanitária";"253002";"AGENCIA NACIONAL DE VIGILANCIA SANITARIA"
334;"36000";"Ministério da Saúde";"36212";"Agência Nacional de Vigilância Sanitária";"253028";"COORD.VIG.SANIT.DE PORTOS,AER.E FRONTEIRAS-SP"
335;"36000";"Ministério da Saúde";"36211";"Fundação Nacional de Saúde";"255009";"FUNDACAO NACIONAL DE SAUDE - GO"
336;"36000";"Ministério da Saúde";"36211";"Fundação Nacional de Saúde";"255017";"FUNDACAO NACIONAL DE SAUDE - PE"
337;"36000";"Ministério da Saúde";"36211";"Fundação Nacional de Saúde";"255022";"FUNDACAO NACIONAL DE SAUDE - RO"
338;"36000";"Ministério da Saúde";"36211";"Fundação Nacional de Saúde";"255021";"FUNDACAO NACIONAL DE SAUDE - RS"
339;"36000";"Ministério da Saúde";"36211";"Fundação Nacional de Saúde";"255013";"UNDACAO NACIONAL DE SAUDE - MG"
340;"36000";"Ministério da Saúde";"36201";"Fundação Oswaldo Cruz";"254447";"4NST NACIONAL DE SAUDE FERNANDES FIGUEIRA"
341;"36000";"Ministério da Saúde";"36201";"Fundação Oswaldo Cruz";"254462";"COORDENACAO GERAL DE INFRAESTRUTURA DOS CAMPI"
342;"36000";"Ministério da Saúde";"36201";"Fundação Oswaldo Cruz";"254450";"ESCOLA NAC. DE SAUDE PUBLICA SERGIO AROUCA"
343;"36000";"Ministério da Saúde";"36201";"Fundação Oswaldo Cruz";"254422";"INSTITUTO GONCALO MONIZ"
344;"36000";"Ministério da Saúde";"36201";"Fundação Oswaldo Cruz";"254448";"INSTITUTO NAC. DE CONTROLE E QUALID. EM SAUDE"
345;"36000";"Ministério da Saúde";"36210";"Hospital Nossa Senhora da Conceição S.A.";"366003";"GRUPO HOSPITALAR CONCEICAO S.A"
346;"36000";"Ministério da Saúde";"36000";"Ministério da Saúde - Unidades com vínculo direto";"257039";"DISTRITO SANIT.ESP.INDIGENA - CUIABA"
347;"36000";"Ministério da Saúde";"36000";"Ministério da Saúde - Unidades com vínculo direto";"250103";"HOSPITAL FEDERAL DE IPANEMA"
348;"36000";"Ministério da Saúde";"36000";"Ministério da Saúde - Unidades com vínculo direto";"250057";"INST. NACIONAL DE TRAUMATOLOGIA E ORTOPEDIA"
349;"36000";"Ministério da Saúde";"36000";"Ministério da Saúde - Unidades com vínculo direto";"250052";"INSTITUTO NACIONAL DO CANCER - RJ"
350;"36000";"Ministério da Saúde";"36000";"Ministério da Saúde - Unidades com vínculo direto";"250029";"SUPERINTENDENCIA DO MINISTERIO DA SAUDE / PE"
351;"36000";"Ministério da Saúde";"36000";"Ministério da Saúde - Unidades com vínculo direto";"250028";"SUPERINTENDENCIA DO MINISTERIO DA SAUDE / PR"
352;"36000";"Ministério da Saúde";"36000";"Ministério da Saúde - Unidades com vínculo direto";"250036";"SUPERINTENDENCIA DO MINISTERIO DA SAUDE / SC"
353;"56000";"Ministério das Cidades";"29214";"Companhia Brasileira de Trens Urbanos";"275066";"CIA BRASILEIRA DE TRENS URBANOS - STU/NAT"
354;"56000";"Ministério das Cidades";"29214";"Companhia Brasileira de Trens Urbanos";"275058";"CIA.BRASILEIRA DE TRENS URBANOS-STU/BH"
355;"56000";"Ministério das Cidades";"29214";"Companhia Brasileira de Trens Urbanos";"275057";"CIA.BRASILEIRA DE TRENS URBANOS-STU/REC"
356;"41000";"Ministério das Comunicações";"24216";"Telecomunicações Brasileiras S.A.";"242160";"TELECOMUNICACOES BRASILEIRAS S/A"
357;"35000";"Ministério das Relações Exteriores";"35201";"Fundação Alexandre de Gusmão";"244001";"FUNDACAO ALEXANDRE DE GUSMAO"
358;"35000";"Ministério das Relações Exteriores";"35000";"Ministério das Relações Exteriores - Unidades com vínculo direto";"240002";"2A.COMISSAO BRASILEIRA DEMARCADORA DE LIMITES"
359;"32000";"Ministério de Minas e Energia";"32210";"Agência Nacional de Energia Elétrica";"323028";"AGENCIA NACIONAL DE ENERGIA ELETRICA"
360;"32000";"Ministério de Minas e Energia";"32396";"Agência Nacional de Mineração";"323102";"AGENCIA NACIONAL DE MINERACAO - DF"
361;"32000";"Ministério de Minas e Energia";"32396";"Agência Nacional de Mineração";"323124";"GERENCIA REGIONAL DA ANM - AP"
362;"32000";"Ministério de Minas e Energia";"32396";"Agência Nacional de Mineração";"323105";"GERENCIA REGIONAL DA ANM - BA"
363;"32000";"Ministério de Minas e Energia";"32396";"Agência Nacional de Mineração";"323116";"GERENCIA REGIONAL DA ANM - CE"
364;"32000";"Ministério de Minas e Energia";"32396";"Agência Nacional de Mineração";"323111";"GERENCIA REGIONAL DA ANM - ES"
365;"32000";"Ministério de Minas e Energia";"32396";"Agência Nacional de Mineração";"323106";"GERENCIA REGIONAL DA ANM - GO"
366;"32000";"Ministério de Minas e Energia";"32396";"Agência Nacional de Mineração";"323125";"GERENCIA REGIONAL DA ANM - MA"
367;"32000";"Ministério de Minas e Energia";"32396";"Agência Nacional de Mineração";"323104";"GERENCIA REGIONAL DA ANM - MG"
368;"32000";"Ministério de Minas e Energia";"32396";"Agência Nacional de Mineração";"323107";"GERENCIA REGIONAL DA ANM - MT"
369;"32000";"Ministério de Minas e Energia";"32396";"Agência Nacional de Mineração";"323108";"GERENCIA REGIONAL DA ANM - PA"
370;"32000";"Ministério de Minas e Energia";"32396";"Agência Nacional de Mineração";"323119";"GERENCIA REGIONAL DA ANM - PE"
371;"32000";"Ministério de Minas e Energia";"32396";"Agência Nacional de Mineração";"323112";"GERENCIA REGIONAL DA ANM - PR"
372;"32000";"Ministério de Minas e Energia";"32396";"Agência Nacional de Mineração";"323113";"GERENCIA REGIONAL DA ANM - RJ"
373;"32000";"Ministério de Minas e Energia";"32396";"Agência Nacional de Mineração";"323120";"GERENCIA REGIONAL DA ANM - RN"
374;"32000";"Ministério de Minas e Energia";"32396";"Agência Nacional de Mineração";"323121";"GERENCIA REGIONAL DA ANM - RO"
375;"32000";"Ministério de Minas e Energia";"32396";"Agência Nacional de Mineração";"323127";"GERENCIA REGIONAL DA ANM - RR"
376;"32000";"Ministério de Minas e Energia";"32396";"Agência Nacional de Mineração";"323109";"GERENCIA REGIONAL DA ANM - SC"
377;"32000";"Ministério de Minas e Energia";"32205";"Agência Nacional do Petróleo, Gás Natural e Biocombustíveis";"323031";"ESCRITORIO CENTRAL DA ANP"
378;"32000";"Ministério de Minas e Energia";"29208";"Companhia de Pesquisa de Recursos Minerais";"495260";"COMPANHIA DE PESQUISA DE RECURSOS MINERAIS"
379;"32000";"Ministério de Minas e Energia";"29208";"Companhia de Pesquisa de Recursos Minerais";"495130";"COMPANHIA DE PESQUISA DE RECURSOS MINERAIS"
380;"32000";"Ministério de Minas e Energia";"32263";"Departamento Nacional de Produção Mineral";"323025";"SUPERINTENDENCIA DO DNPM-MS"
381;"32000";"Ministério de Minas e Energia";"32263";"Departamento Nacional de Produção Mineral";"323023";"SUPERINTENDENCIA DO DNPM-PI"
382;"32000";"Ministério de Minas e Energia";"32000";"Ministério de Minas e Energia - Unidades com vínculo direto";"320004";"COORDENACAO GERAL DE RECURSOS LOGISTICOS-CGRL"
383;"49000";"Ministério do Desenvolvimento Agrário e Agr";"22211";"Companhia Nacional de Abastecimento";"135101";"CONAB SEDE SUREG BAHIA"
384;"49000";"Ministério do Desenvolvimento Agrário e Agr";"22211";"Companhia Nacional de Abastecimento";"135458";"CONAB SEDE SUREG ES"
385;"49000";"Ministério do Desenvolvimento Agrário e Agr";"22211";"Companhia Nacional de Abastecimento";"135170";"CONAB SEDE SUREG MARANHAO"
386;"49000";"Ministério do Desenvolvimento Agrário e Agr";"22211";"Companhia Nacional de Abastecimento";"135265";"CONAB SEDE SUREG PARANA"
387;"49000";"Ministério do Desenvolvimento Agrário e Agr";"22211";"Companhia Nacional de Abastecimento";"135461";"CONAB SEDE SUREG RONDONIA"
388;"49000";"Ministério do Desenvolvimento Agrário e Agr";"22211";"Companhia Nacional de Abastecimento";"135587";"CONAB SEDE SUREG RORAIMA"
389;"49000";"Ministério do Desenvolvimento Agrário e Agr";"22211";"Companhia Nacional de Abastecimento";"135337";"CONAB SEDE SUREG TOCANTINS"
390;"49000";"Ministério do Desenvolvimento Agrário e Agr";"22201";"Instituto Nacional de Colonização e Reforma Agrária";"373058";"SUPERINT. REG. DE MATO GROSS0 DO SUL-SR(16)MS"
391;"49000";"Ministério do Desenvolvimento Agrário e Agr";"22201";"Instituto Nacional de Colonização e Reforma Agrária";"373037";"SUPERINT. REG. DO OESTE DO PARA - SR(30)STM"
392;"49000";"Ministério do Desenvolvimento Agrário e Agr";"22201";"Instituto Nacional de Colonização e Reforma Agrária";"373072";"SUPERINT. REG. DO RIO GRANDE DO SUL-SR(11)RS"
393;"49000";"Ministério do Desenvolvimento Agrário e Agr";"22201";"Instituto Nacional de Colonização e Reforma Agrária";"373070";"SUPERINT. REGIONAL DE SANTA CATARINA-SR(10)SC"
394;"49000";"Ministério do Desenvolvimento Agrário e Agr";"22201";"Instituto Nacional de Colonização e Reforma Agrária";"133088";"SUPERINT. REGIONAL DO DF E ENTORNO-SR(28)DFE"
395;"49000";"Ministério do Desenvolvimento Agrário e Agr";"22201";"Instituto Nacional de Colonização e Reforma Agrária";"373057";"SUPERINT. REGIONAL DO ESPIRITO SANTO-SR(20)ES"
396;"49000";"Ministério do Desenvolvimento Agrário e Agr";"22201";"Instituto Nacional de Colonização e Reforma Agrária";"373030";"SUPERINT.REG.DO NORDESTE DO PARA - SR(01)PA"
397;"49000";"Ministério do Desenvolvimento Agrário e Agr";"22201";"Instituto Nacional de Colonização e Reforma Agrária";"373046";"SUPERINT.REG.DO RIO GRANDE DO NORTE-SR(19)RN"
398;"49000";"Ministério do Desenvolvimento Agrário e Agr";"22201";"Instituto Nacional de Colonização e Reforma Agrária";"373085";"SUPERINTEND. REGIONAL DE TOCANTINS - SR(26)TO"
399;"49000";"Ministério do Desenvolvimento Agrário e Agr";"22201";"Instituto Nacional de Colonização e Reforma Agrária";"373066";"SUPERINTENDENCIA REG. DE SAO PAULO - SR(08)SP"
400;"49000";"Ministério do Desenvolvimento Agrário e Agr";"22201";"Instituto Nacional de Colonização e Reforma Agrária";"373052";"SUPERINTENDENCIA REG. DE SERGIPE - SR(23)SE"
401;"49000";"Ministério do Desenvolvimento Agrário e Agr";"22201";"Instituto Nacional de Colonização e Reforma Agrária";"373025";"SUPERINTENDENCIA REG. DO AMAZONAS - SR(15)AM"
402;"49000";"Ministério do Desenvolvimento Agrário e Agr";"22201";"Instituto Nacional de Colonização e Reforma Agrária";"373040";"SUPERINTENDENCIA REG. DO MARANHAO - SR(12)MA"
403;"49000";"Ministério do Desenvolvimento Agrário e Agr";"22201";"Instituto Nacional de Colonização e Reforma Agrária";"373055";"SUPERINTENDENCIA REG.DE MINAS GERAIS-SR(06)MG"
404;"49000";"Ministério do Desenvolvimento Agrário e Agr";"22201";"Instituto Nacional de Colonização e Reforma Agrária";"373053";"SUPERINTENDENCIA REGIONAL DA BAHIA - SR(05)BA"
405;"49000";"Ministério do Desenvolvimento Agrário e Agr";"22201";"Instituto Nacional de Colonização e Reforma Agrária";"373047";"SUPERINTENDENCIA REGIONAL DA PARAIBA-SR(18)PB"
406;"49000";"Ministério do Desenvolvimento Agrário e Agr";"22201";"Instituto Nacional de Colonização e Reforma Agrária";"373051";"SUPERINTENDENCIA REGIONAL DE ALAGOAS-SR(22)AL"
407;"49000";"Ministério do Desenvolvimento Agrário e Agr";"22201";"Instituto Nacional de Colonização e Reforma Agrária";"373080";"SUPERINTENDENCIA REGIONAL DE GOIAS - SR(04)GO"
408;"49000";"Ministério do Desenvolvimento Agrário e Agr";"22201";"Instituto Nacional de Colonização e Reforma Agrária";"373015";"SUPERINTENDENCIA REGIONAL DO ACRE SR(14)AC"
409;"49000";"Ministério do Desenvolvimento Agrário e Agr";"22201";"Instituto Nacional de Colonização e Reforma Agrária";"373045";"SUPERINTENDENCIA REGIONAL DO CEARA - SR(02)CE"
410;"49000";"Ministério do Desenvolvimento Agrário e Agr";"22201";"Instituto Nacional de Colonização e Reforma Agrária";"373067";"SUPERINTENDENCIA REGIONAL DO PARANA-SR(09)PR"
411;"49000";"Ministério do Desenvolvimento Agrário e Agr";"22201";"Instituto Nacional de Colonização e Reforma Agrária";"373044";"SUPERINTENDENCIA REGIONAL DO PIAUI - SR(24)PI"
412;"49000";"Ministério do Desenvolvimento Agrário e Agr";"22201";"Instituto Nacional de Colonização e Reforma Agrária";"373032";"UNIDADE AVANCADA ESPECIAL DE ALTAMIRA"
413;"28000";"Ministério do Desenvolvimento, Indústria, C";"30203";"Instituto Nacional de Metrologia, Qualidade e Tecnologia";"183023";"INSTITUTO NAC.DE METROLOG. QUALID. E TECNOLOG"
414;"28000";"Ministério do Desenvolvimento, Indústria, C";"30203";"Instituto Nacional de Metrologia, Qualidade e Tecnologia";"183025";"SUPERINTENDENCIA DO INMETRO NO ESTADO DE GOIA"
415;"28000";"Ministério do Desenvolvimento, Indústria, C";"30203";"Instituto Nacional de Metrologia, Qualidade e Tecnologia";"183039";"SUPERINTENDENCIA DO INMETRO NO ESTADO DO RS"
416;"44000";"Ministério do Meio Ambiente e Mudança do Cl";"20701";"Instituto Brasileiro do Meio Ambiente e dos Recursos Naturais Renováveis";"193116";"IBAMA - SUPERINTENDENCIA DE PERNAMBUCO/PE"
417;"44000";"Ministério do Meio Ambiente e Mudança do Cl";"20701";"Instituto Brasileiro do Meio Ambiente e dos Recursos Naturais Renováveis";"193122";"IBAMA - SUPERINTENDENCIA DE RORAIMA/RR"
418;"44000";"Ministério do Meio Ambiente e Mudança do Cl";"20701";"Instituto Brasileiro do Meio Ambiente e dos Recursos Naturais Renováveis";"193104";"IBAMA - SUPERINTENDENCIA DO CEARA/CE"
419;"44000";"Ministério do Meio Ambiente e Mudança do Cl";"44207";"Instituto Chico Mendes de Conservação da Biodiversidade";"443033";"INSTITUTO CHICO MENDES - SEDE"
420;"44000";"Ministério do Meio Ambiente e Mudança do Cl";"44206";"Instituto de Pesquisas Jardim Botânico do Rio de Janeiro";"443020";"INST. DE PESQUISAS JARDIM BOTANICO DO RJ/JBRJ"
421;"44000";"Ministério do Meio Ambiente e Mudança do Cl";"44000";"Ministério do Meio Ambiente e Mudança do Clima - Unidades com vínculo direto";"440001";"SUBSECRET.DE PLANEJ.,ORC.E ADMINIST.±SPOA/MM"
422;"47000";"Ministério do Planejamento e Orçamento";"25205";"Fundação Instituto Brasileiro de Geografia e Estatística";"114627";"SUPERINTENDENCIA DO IBGE EM GOIAS"
423;"47000";"Ministério do Planejamento e Orçamento";"25205";"Fundação Instituto Brasileiro de Geografia e Estatística";"114620";"SUPERINTENDENCIA DO IBGE NO MATO GROSSO SUL"
424;"47000";"Ministério do Planejamento e Orçamento";"25205";"Fundação Instituto Brasileiro de Geografia e Estatística";"114625";"SUPERINTENDENCIA DO IBGE NO RIO GRANDE DO SUL"
425;"47000";"Ministério do Planejamento e Orçamento";"25205";"Fundação Instituto Brasileiro de Geografia e Estatística";"114615";"SUPERINTENDENCIA ESTADUAL DO IBGE EM ALAGOAS"
426;"47000";"Ministério do Planejamento e Orçamento";"25205";"Fundação Instituto Brasileiro de Geografia e Estatística";"114616";"SUPERINTENDENCIA ESTADUAL DO IBGE EM SERGIPE"
427;"47000";"Ministério do Planejamento e Orçamento";"25205";"Fundação Instituto Brasileiro de Geografia e Estatística";"114617";"SUPERINTENDENCIA ESTADUAL DO IBGE NA BAHIA"
428;"47000";"Ministério do Planejamento e Orçamento";"25205";"Fundação Instituto Brasileiro de Geografia e Estatística";"114613";"SUPERINTENDENCIA ESTADUAL DO IBGE NA PARAIBA"
429;"47000";"Ministério do Planejamento e Orçamento";"25205";"Fundação Instituto Brasileiro de Geografia e Estatística";"114603";"SUPERINTENDENCIA ESTADUAL DO IBGE NO AC"
430;"47000";"Ministério do Planejamento e Orçamento";"25205";"Fundação Instituto Brasileiro de Geografia e Estatística";"114604";"SUPERINTENDENCIA ESTADUAL DO IBGE NO AMAZONAS"
431;"47000";"Ministério do Planejamento e Orçamento";"25205";"Fundação Instituto Brasileiro de Geografia e Estatística";"114610";"SUPERINTENDENCIA ESTADUAL DO IBGE NO CEARA"
432;"47000";"Ministério do Planejamento e Orçamento";"25205";"Fundação Instituto Brasileiro de Geografia e Estatística";"114619";"SUPERINTENDENCIA ESTADUAL DO IBGE NO ES"
433;"47000";"Ministério do Planejamento e Orçamento";"25205";"Fundação Instituto Brasileiro de Geografia e Estatística";"114608";"SUPERINTENDENCIA ESTADUAL DO IBGE NO MARANHAO"
434;"47000";"Ministério do Planejamento e Orçamento";"25205";"Fundação Instituto Brasileiro de Geografia e Estatística";"114606";"SUPERINTENDENCIA ESTADUAL DO IBGE NO PARA"
435;"47000";"Ministério do Planejamento e Orçamento";"25205";"Fundação Instituto Brasileiro de Geografia e Estatística";"114623";"SUPERINTENDENCIA ESTADUAL DO IBGE NO PARANA"
436;"47000";"Ministério do Planejamento e Orçamento";"25205";"Fundação Instituto Brasileiro de Geografia e Estatística";"114609";"SUPERINTENDENCIA ESTADUAL DO IBGE NO PIAUI"
437;"47000";"Ministério do Planejamento e Orçamento";"25205";"Fundação Instituto Brasileiro de Geografia e Estatística";"114605";"SUPERINTENDENCIA ESTADUAL EM RORAIMA-SES-RR"
438;"47000";"Ministério do Planejamento e Orçamento";"25205";"Fundação Instituto Brasileiro de Geografia e Estatística";"114639";"SUPERINTENDENCIA ESTADUAL EM TOCANTINS"
439;"47000";"Ministério do Planejamento e Orçamento";"25205";"Fundação Instituto Brasileiro de Geografia e Estatística";"114622";"SUPERINTENDENCIA ESTADUAL IBGE EM SAO PAULO"
440;"47000";"Ministério do Planejamento e Orçamento";"25205";"Fundação Instituto Brasileiro de Geografia e Estatística";"114618";"SUPERINTENDENCIA ESTADUAL IBGE MINAS GERAIS"
441;"47000";"Ministério do Planejamento e Orçamento";"25205";"Fundação Instituto Brasileiro de Geografia e Estatística";"114626";"SUPERINTENDENCIA ESTADUAL IBGE NO MATO GROSSO"
442;"47000";"Ministério do Planejamento e Orçamento";"25205";"Fundação Instituto Brasileiro de Geografia e Estatística";"114614";"SUPERINTENDENCIA ESTADUAL IBGE PERNAMBUCO"
443;"47000";"Ministério do Planejamento e Orçamento";"25205";"Fundação Instituto Brasileiro de Geografia e Estatística";"114624";"SUPERINTENDENCIA ESTADUAL IBGE SANTA CATARINA"
444;"47000";"Ministério do Planejamento e Orçamento";"61201";"Instituto de Pesquisa Econômica Aplicada";"113602";"INSTITUTO DE PESQUISA ECONOMICA APLICADA"
445;"40000";"Ministério do Trabalho e Emprego";"38901";"Fundo de Amparo ao Trabalhador";"380933";"SUPERINTENDENCIA REGIONAL DO TRABALHO/BA"
446;"40000";"Ministério do Trabalho e Emprego";"38901";"Fundo de Amparo ao Trabalhador";"380934";"SUPERINTENDENCIA REGIONAL DO TRABALHO/CE"
447;"40000";"Ministério do Trabalho e Emprego";"38901";"Fundo de Amparo ao Trabalhador";"380936";"SUPERINTENDENCIA REGIONAL DO TRABALHO/ES"
448;"40000";"Ministério do Trabalho e Emprego";"38901";"Fundo de Amparo ao Trabalhador";"380937";"SUPERINTENDENCIA REGIONAL DO TRABALHO/GO"
449;"40000";"Ministério do Trabalho e Emprego";"38901";"Fundo de Amparo ao Trabalhador";"380939";"SUPERINTENDENCIA REGIONAL DO TRABALHO/MA"
450;"40000";"Ministério do Trabalho e Emprego";"38901";"Fundo de Amparo ao Trabalhador";"380955";"SUPERINTENDENCIA REGIONAL DO TRABALHO/PI"
451;"40000";"Ministério do Trabalho e Emprego";"38901";"Fundo de Amparo ao Trabalhador";"380954";"SUPERINTENDENCIA REGIONAL DO TRABALHO/TO"
452;"40000";"Ministério do Trabalho e Emprego";"40000";"Ministério do Trabalho e Emprego - Unidades com vínculo direto";"170596";"SECRETARIA DO TRABALHO"
453;"38000";"Ministério do Trabalho e Emprego";"38000";"Ministério do Trabalho e Emprego - Unidades com vínculo direto";"380037";"SUPERINT REG DO TRAB E EMPREGO/GO"
454;"38000";"Ministério do Trabalho e Emprego";"38000";"Ministério do Trabalho e Emprego - Unidades com vínculo direto";"380048";"SUPERINT REG DO TRAB E EMPREGO/RN"
455;"40000";"Ministério do Trabalho e Emprego";"40000";"Ministério do Trabalho e Emprego - Unidades com vínculo direto";"400060";"SUPERINTENDENCIA REGIONAL DO TRABALHO/AC"
456;"40000";"Ministério do Trabalho e Emprego";"40000";"Ministério do Trabalho e Emprego - Unidades com vínculo direto";"400063";"SUPERINTENDENCIA REGIONAL DO TRABALHO/BA"
457;"40000";"Ministério do Trabalho e Emprego";"40000";"Ministério do Trabalho e Emprego - Unidades com vínculo direto";"400069";"SUPERINTENDENCIA REGIONAL DO TRABALHO/MA"
458;"40000";"Ministério do Trabalho e Emprego";"40000";"Ministério do Trabalho e Emprego - Unidades com vínculo direto";"400085";"SUPERINTENDENCIA REGIONAL DO TRABALHO/PI"
459;"81000";"Ministério dos Direitos Humanos e Cidadania";"81000";"Ministério dos Direitos Humanos e Cidadania - Unidades com vínculo direto";"810005";"COORDENACAO-GERAL DE LOGISTICA - MDHC"
460;"39000";"Ministério dos Transportes";"39250";"Agência Nacional de Transportes Terrestres";"393001";"AGENCIA NACIONAL DE TRANSPORTES TERRESTRES"
461;"39000";"Ministério dos Transportes";"39250";"Agência Nacional de Transportes Terrestres";"393048";"UNIDADE REGIONAL DE MINAS GERAIS - ANTT"
462;"39000";"Ministério dos Transportes";"39250";"Agência Nacional de Transportes Terrestres";"393090";"UNIDADE REGIONAL DO CEARA - ANTT"
463;"39000";"Ministério dos Transportes";"39250";"Agência Nacional de Transportes Terrestres";"393091";"UNIDADE REGIONAL DO MARANHAO - ANTT"
464;"39000";"Ministério dos Transportes";"39250";"Agência Nacional de Transportes Terrestres";"393038";"UNIDADE REGIONAL DO RIO DE JANEIRO"
465;"39000";"Ministério dos Transportes";"39250";"Agência Nacional de Transportes Terrestres";"393092";"UNIDADE REGIONAL DO RIO GRANDE DO SUL - ANTT"
466;"39000";"Ministério dos Transportes";"39252";"Departamento Nacional de Infraestrutura de Transportes";"393018";"SUPERINTENDENCIA REG. NO ESTADO ES - DNIT"
467;"39000";"Ministério dos Transportes";"39252";"Departamento Nacional de Infraestrutura de Transportes";"393029";"SUPERINTENDENCIA REG. NO ESTADO PE - DNIT"
468;"39000";"Ministério dos Transportes";"39252";"Departamento Nacional de Infraestrutura de Transportes";"393028";"SUPERINTENDENCIA REG. NO ESTADO PR - DNIT"
469;"20000";"Presidência da República";"20415";"Empresa Brasil de Comunicação";"115406";"EMPRESA BRASIL DE COMUNICACAO S.A"
470;"20000";"Presidência da República";"60000";"Gabinete da Vice-Presidência da República";"110101";"GABINETE DA VICE-PRESIDENCIA DA REPUBLICA"
471;"20000";"Presidência da República";"20101";"Presidência da República";"110120";"AGENCIA BRASILEIRA DE INTELIGENCIA"
472;"20000";"Presidência da República";"20101";"Presidência da República";"110538";"AGENCIA BRASILEIRA DE INTELIGENCIA"
473;"20000";"Presidência da República";"20101";"Presidência da República";"110322";"GABINETE DE SEGURANCA INSTITUCIONAL/PR"
474;"20000";"Presidência da República";"20101";"Presidência da República";"110001";"SECRETARIA DE ADMINISTRACAO/PR"
475;"25201";"Banco Central do Brasil - Orçamento Fiscal e";"25201";"Banco Central do Brasil - Orçamento Fiscal e Seguridade Social - Unidades com vínculo direto";"173048";"BANCO CENTRAL DO BRASIL - FORTALEZA"
476;"22000";"Ministério da Agricultura e Pecuária";"22000";"Ministério da Agricultura e Pecuária - Unidades com vínculo direto";"130022";"SUPERINT.DE AGRICULTURA E PECUARIA - SFA/CE"
477;"52000";"Ministério da Defesa";"52904";"Fundo do Exército";"167068";"DEPARTAMENTO DE EDUCACAO E CULTURA DO EXERCIT"
478;"52000";"Ministério da Defesa";"52221";"Indústria de Material Bélico do Brasil";"168004";"INDUSTRIA DE MATERIAL BELICO DO BRASIL/FPV"
479;"26000";"Ministério da Educação";"26409";"Instituto Federal de Educação, Ciência e Tecnologia de Minas Gerais";"158275";"INST.FED.MINAS GERAIS/CAMPUS BAMBUI"
480;"26000";"Ministério da Educação";"26408";"Instituto Federal de Educação, Ciência e Tecnologia do Maranhão";"154859";"IFMA/CAMPUS SJ DE RIBAMAR"
481;"26000";"Ministério da Educação";"26414";"Instituto Federal de Educação, Ciência e Tecnologia do Mato Grosso";"158335";"INST.FED.MATO GROSSO/CAMPUS SAO VICENTE"
482;"26000";"Ministério da Educação";"26414";"Instituto Federal de Educação, Ciência e Tecnologia do Mato Grosso";"158971";"INST.FED.MATO GROSSO/CAMPUS VARZEA GRANDE"
483;"26000";"Ministério da Educação";"26419";"Instituto Federal de Educação, Ciência e Tecnologia do Rio Grande do Sul";"158676";"INST.FED.DO RS/CAMPUS FELIZ"
484;"26000";"Ministério da Educação";"26264";"Universidade Federal Rural do Semi-Árido";"153033";"UNIVERSIDADE FEDERAL RURAL DO SEMI-ARIDO - RN"
485;"25000";"Ministério da Fazenda";"25000";"Ministério da Fazenda - Unidades com vínculo direto";"170008";"PROCURADORIA GERAL DA FAZENDA NACIONAL"
486;"25000";"Ministério da Fazenda";"25801";"Receita Federal do Brasil";"170010";"SECRET. ESPECIAL DA RECEITA FEDERAL DO BRASIL"
487;"46000";"Ministério da Gestão e da Inovação em Ser";"46000";"Ministério da Gestão e da Inovação em Serviços Públicos - Unidades com vínculo direto";"170347";"SUPERINTENDENCIA REG. ADM. DO MGI - RORAIMA"
488;"53000";"Ministério da Integração e do Desenvolvime";"44205";"Agência Nacional de Águas e Saneamento Básico";"443001";"AGENCIA NACIONAL DE AGUAS E SANEAMENTO BASICO"
489;"53000";"Ministério da Integração e do Desenvolvime";"53000";"Ministério da Integração e do Desenvolvimento Regional - Unidades com vínculo direto";"530001";"MIDR/ADMINISTRACAO GERAL"
490;"36000";"Ministério da Saúde";"36213";"Agência Nacional de Saúde Suplementar";"253003";"AGENCIA NACIONAL DE SAUDE SUPLEMENTAR"
491;"36000";"Ministério da Saúde";"36211";"Fundação Nacional de Saúde";"255008";"FUNDACAO NACIONAL DE SAUDE - ES"
492;"36000";"Ministério da Saúde";"36211";"Fundação Nacional de Saúde";"255016";"FUNDACAO NACIONAL DE SAUDE - PR"
493;"32000";"Ministério de Minas e Energia";"29208";"Companhia de Pesquisa de Recursos Minerais";"495110";"COMPANHIA DE PESQUISA DE RECURSOS MINERAIS"
494;"49000";"Ministério do Desenvolvimento Agrário e Agr";"22211";"Companhia Nacional de Abastecimento";"135100";"COMPANHIA NACIONAL DE ABASTECIMENTO"
495;"49000";"Ministério do Desenvolvimento Agrário e Agr";"22211";"Companhia Nacional de Abastecimento";"135284";"CONAB SEDE SUREG SANTA CATARINA"
496;"47000";"Ministério do Planejamento e Orçamento";"25205";"Fundação Instituto Brasileiro de Geografia e Estatística";"114602";"SUPERINTENDENCIA ESTADUAL DO IBGE EM RONDONIA"
497;"39000";"Ministério dos Transportes";"39253";"Empresa de Planejamento e Logística S.A.";"395001";"EMPRESA DE PLANEJAMENTO E LOGISTICA S.A - EPL"
498;"25201";"Banco Central do Brasil - Orçamento Fiscal e";"25201";"Banco Central do Brasil - Orçamento Fiscal e Seguridade Social - Unidades com vínculo direto";"173047";"BANCO CENTRAL DO BRASIL - CURITIBA"
499;"22000";"Ministério da Agricultura e Pecuária";"22202";"Empresa Brasileira de Pesquisa Agropecuária";"135049";"EMBRAPA/CPAA"
500;"22000";"Ministério da Agricultura e Pecuária";"22000";"Ministério da Agricultura e Pecuária - Unidades com vínculo direto";"130095";"DISTRITO DE METEOROLOGIA DE BELEM"
501;"24000";"Ministério da Ciência, Tecnologia e Inovaç";"24000";"Ministério da Ciência, Tecnologia e Inovação - Unidades com vínculo direto";"240126";"OBSERVATORIO NACIONAL"
502;"52000";"Ministério da Defesa";"52121";"Comando do Exército";"160049";"10º DEPOSITO DE SUPRIMENTO"
503;"52000";"Ministério da Defesa";"52121";"Comando do Exército";"160018";"12. BATALHAO DE SUPRIMENTO"
504;"52000";"Ministério da Defesa";"52121";"Comando do Exército";"160391";"CENTRO DE PREPARACAO DE OFICIAIS DA RESERVA"
505;"52000";"Ministério da Defesa";"52904";"Fundo do Exército";"167192";"BASE DE ADMINISTRACAO E APOIO DA 5ª RM"
506;"52000";"Ministério da Defesa";"52221";"Indústria de Material Bélico do Brasil";"168007";"INDUSTRIA DE MATERIAL BELICO DO BRASIL/FMCE"
507;"26000";"Ministério da Educação";"26257";"Centro Federal de Educação Tecnológica de Minas Gerais";"153015";"CENTRO FEDERAL DE EDUCACAO TECNOLOGICA DE MG"
508;"26000";"Ministério da Educação";"26443";"Empresa Brasileira de Serviços Hospitalares";"155904";"HOSPITAL DAS CLINICAS DA UFG"
509;"26000";"Ministério da Educação";"26443";"Empresa Brasileira de Serviços Hospitalares";"155905";"HOSPITAL DE DOENCAS TROPICAIS"
510;"26000";"Ministério da Educação";"26281";"Fundação Universidade Federal de Sergipe";"154050";"FUNDACAO UNIVERSIDADE FEDERAL DE SERGIPE"
511;"26000";"Ministério da Educação";"26404";"Instituto Federal de Educação, Ciência e Tecnologia Baiano";"158129";"INST FED DE EDUC CIENC E TECNOLOGIA BAIANO"
512;"26000";"Ministério da Educação";"26404";"Instituto Federal de Educação, Ciência e Tecnologia Baiano";"155821";"INST.FED.BAIANO / CAMPUS SERRINHA"
513;"26000";"Ministério da Educação";"26422";"Instituto Federal de Educação, Ciência e Tecnologia Catarinense";"154706";"IF CATARINENSE - CAMPUS BRUSQUE"
514;"26000";"Ministério da Educação";"26409";"Instituto Federal de Educação, Ciência e Tecnologia de Minas Gerais";"158514";"INST.FED. MINAS GERAIS/CAMPUS CONGONHAS"
515;"26000";"Ministério da Educação";"26409";"Instituto Federal de Educação, Ciência e Tecnologia de Minas Gerais";"155678";"INST.FED.MINAS GERAIS/CAMPUS BETIM"
516;"26000";"Ministério da Educação";"26409";"Instituto Federal de Educação, Ciência e Tecnologia de Minas Gerais";"158476";"INST.FED.MINAS GERAIS/CAMPUS S.J.EVANGELISTA"
517;"26000";"Ministério da Educação";"26409";"Instituto Federal de Educação, Ciência e Tecnologia de Minas Gerais";"156383";"INSTITUTO FED. MINAS GERAIS/SANTA LUZIA"
518;"26000";"Ministério da Educação";"26438";"Instituto Federal de Educação, Ciência e Tecnologia de Santa Catarina";"158516";"INST.FED.DE EDUC.,CIENC.E TEC.DE STA.CAT/IFSC"
519;"26000";"Ministério da Educação";"26406";"Instituto Federal de Educação, Ciência e Tecnologia do Espírito Santo";"158424";"IFES - CAMPUS ITAPINA"
520;"26000";"Ministério da Educação";"26414";"Instituto Federal de Educação, Ciência e Tecnologia do Mato Grosso";"158494";"INST.FED.MATO GROSSO/CAMPUS BELA VISTA"
521;"26000";"Ministério da Educação";"26433";"Instituto Federal de Educação, Ciência e Tecnologia do Rio de Janeiro";"158485";"CAMPUS PINHEIRAL"
522;"26000";"Ministério da Educação";"26424";"Instituto Federal de Educação, Ciência e Tecnologia do Tocantins";"158337";"INST.FED.DO TOCANTINS/CAMPUS ARAGUATINS"
523;"26000";"Ministério da Educação";"26424";"Instituto Federal de Educação, Ciência e Tecnologia do Tocantins";"158556";"INST.FED.DO TOCANTINS/CAMPUS GURUPI"
524;"26000";"Ministério da Educação";"26436";"Instituto Federal de Educação, Ciência e Tecnologia Sul-rio-grandense";"151879";"INST.FED.SUL-RIO-GRANDENSE/CAMPUS BAGE"
525;"26000";"Ministério da Educação";"26235";"Universidade Federal de Goiás";"153052";"UNIVERSIDADE FEDERAL DE GOIAS"
526;"26000";"Ministério da Educação";"26238";"Universidade Federal de Minas Gerais";"153267";"DEPARTAMENTO MANUT. OPER.INFRA-ESTRUTURA/UFMG"
527;"26000";"Ministério da Educação";"26238";"Universidade Federal de Minas Gerais";"153296";"INSTITUTO DE CIENCIAS AGRARIAS/UFMG"
528;"26000";"Ministério da Educação";"26243";"Universidade Federal do Rio Grande do Norte";"153107";"CENTRO DE CIENCIAS DA SAUDE DA UFRN"
529;"26000";"Ministério da Educação";"26243";"Universidade Federal do Rio Grande do Norte";"153103";"UNIVERSIDADE FEDERAL DO RIO GRANDE DO NORTE"
530;"25000";"Ministério da Fazenda";"25801";"Receita Federal do Brasil";"170180";"DELEGACIA DA RFB EM PELOTAS"
531;"25000";"Ministério da Fazenda";"25801";"Receita Federal do Brasil";"170147";"DELEGACIA DA RFB EM SANTO ANDRE"
532;"25000";"Ministério da Fazenda";"25801";"Receita Federal do Brasil";"170133";"SUPERINTENDENCIA REGIONAL DA RFB NA 8A RF"
533;"46000";"Ministério da Gestão e da Inovação em Ser";"46000";"Ministério da Gestão e da Inovação em Serviços Públicos - Unidades com vínculo direto";"170064";"SUPERINTENDENCIA REG. ADM. DO MGI - ALAGOAS"
534;"53000";"Ministério da Integração e do Desenvolvime";"22203";"Companhia de Desenvolvimento dos Vales do São Francisco e do Parnaíba";"195001";"CIA DE DES.DOS VALES DO S.FRANC.E DO PARNAIBA"
535;"53000";"Ministério da Integração e do Desenvolvime";"22203";"Companhia de Desenvolvimento dos Vales do São Francisco e do Parnaíba";"195004";"CIA DE DES.DOS VALES DO S.FRANC.E DO PARNAIBA"
536;"30000";"Ministério da Justiça e Segurança Pública";"30108";"Polícia Federal";"200340";"DIRETORIA DE ENSINO DA ANP/PF"
537;"30000";"Ministério da Justiça e Segurança Pública";"30108";"Polícia Federal";"200406";"DIRETORIA TECNICO-CIENTIFICA-DITEC/DPF"
538;"30000";"Ministério da Justiça e Segurança Pública";"30108";"Polícia Federal";"200352";"SUPERINTENDENCIA REGIONAL NO ESTADO DO ES"
539;"30000";"Ministério da Justiça e Segurança Pública";"30802";"Polícia Rodoviária Federal";"200130";"SUPERINTENDENCIA DA PRF EM SERGIPE"
540;"30000";"Ministério da Justiça e Segurança Pública";"30802";"Polícia Rodoviária Federal";"200124";"SUPERINTENDENCIA DA PRF NO MARANHAO."
541;"33000";"Ministério da Previdência Social";"33206";"Superintendência Nacional de Previdência Complementar";"333005";"COORDENACAO GERAL DE PATRIMONIO E LOGISTICA"
542;"36000";"Ministério da Saúde";"36211";"Fundação Nacional de Saúde";"255001";"FUNDACAO NACIONAL DE SAUDE - AC"
543;"36000";"Ministério da Saúde";"36211";"Fundação Nacional de Saúde";"255006";"FUNDACAO NACIONAL DE SAUDE - CE"
544;"36000";"Ministério da Saúde";"36211";"Fundação Nacional de Saúde";"255014";"FUNDACAO NACIONAL DE SAUDE - PA"
545;"36000";"Ministério da Saúde";"36211";"Fundação Nacional de Saúde";"255015";"FUNDACAO NACIONAL DE SAUDE - PB"
546;"36000";"Ministério da Saúde";"36211";"Fundação Nacional de Saúde";"255025";"FUNDACAO NACIONAL DE SAUDE - SP"
547;"36000";"Ministério da Saúde";"36000";"Ministério da Saúde - Unidades com vínculo direto";"257003";"INSTITUTO EVANDRO CHAGAS"
548;"36000";"Ministério da Saúde";"36000";"Ministério da Saúde - Unidades com vínculo direto";"250059";"INSTITUTO NACIONAL DE CARDIOLOGIA"
549;"36000";"Ministério da Saúde";"36000";"Ministério da Saúde - Unidades com vínculo direto";"250031";"SUPERINTENDENCIA DO MINISTERIO DA SAUDE / RJ"
550;"41000";"Ministério das Comunicações";"41000";"Ministério das Comunicações - Unidades com vínculo direto";"410003";"COORDENACAO-GERAL DE RECURSOS LOGISTICOS"
551;"68000";"Ministério de Portos e Aeroportos";"62201";"Agência Nacional de Aviação Civil";"113214";"AGENCIA NACIONAL DE AVIACAO CIVIL"
552;"68000";"Ministério de Portos e Aeroportos";"62201";"Agência Nacional de Aviação Civil";"113218";"NUCLEO REG. DE AVIACAO CIVIL DE RECIFE"
553;"68000";"Ministério de Portos e Aeroportos";"68201";"Agência Nacional de Transportes Aquaviários";"682010";"AGENCIA NACIONAL DE TRANSPORTES AQUAVIARIOS"
554;"49000";"Ministério do Desenvolvimento Agrário e Agr";"22211";"Companhia Nacional de Abastecimento";"135209";"CONAB SEDE SUREG MATO GROSSO"
555;"28000";"Ministério do Desenvolvimento, Indústria, C";"20603";"Superintendência da Zona Franca de Manaus";"193028";"SUPERINTENDENCIA DA ZONA FRANCA DE MANAUS/AM"
556;"40000";"Ministério do Trabalho e Emprego";"40000";"Ministério do Trabalho e Emprego - Unidades com vínculo direto";"400066";"SUPERINTENDENCIA REGIONAL DO TRABALHO/ES"
557;"39000";"Ministério dos Transportes";"39250";"Agência Nacional de Transportes Terrestres";"393047";"UNIDADE REGIONAL DE SAO PAULO-ANTT"
558;"39000";"Ministério dos Transportes";"39252";"Departamento Nacional de Infraestrutura de Transportes";"393021";"SUPERINTENDENCIA REG. NO ESTADO RN - DNIT"
559;"63000";"Advocacia-Geral da União";"63000";"Advocacia-Geral da União - Unidades com vínculo direto";"110592";"SUPERINTENDENCIA REG. DE ADMIN. DA 6ª REGIAO"
560;"22000";"Ministério da Agricultura e Pecuária";"22202";"Empresa Brasileira de Pesquisa Agropecuária";"135005";"EMBRAPA/CPAF-RR"
561;"22000";"Ministério da Agricultura e Pecuária";"22000";"Ministério da Agricultura e Pecuária - Unidades com vínculo direto";"130005";"COORD.-GERAL DE EXECUCAO ORC.E FIN./DA/MAPA"
562;"22000";"Ministério da Agricultura e Pecuária";"22000";"Ministério da Agricultura e Pecuária - Unidades com vínculo direto";"130007";"SECRETARIA DE DEFESA AGROPECUARIA/MAPA"
563;"22000";"Ministério da Agricultura e Pecuária";"22000";"Ministério da Agricultura e Pecuária - Unidades com vínculo direto";"130126";"SUPERINT.REG.DE DESENV.DA LAV.CACAUEIRA/PA"
564;"42000";"Ministério da Cultura";"20203";"Agência Nacional do Cinema";"203003";"AGENCIA NACIONAL DO CINEMA"
565;"42000";"Ministério da Cultura";"20411";"Instituto do Patrimônio Histórico e Artístico Nacional";"343026";"IPHAN - EXECUCAO ORCAMENTARIA E FINANCEIRA"
566;"42000";"Ministério da Cultura";"20411";"Instituto do Patrimônio Histórico e Artístico Nacional";"343006";"SUPERINTENDENCIA DO IPHAN RIO DE JANEIRO-RJ"
567;"52000";"Ministério da Defesa";"52111";"Comando da Aeronáutica";"120629";"GRUPAMENTO DE APOIO DE CANOAS"
568;"52000";"Ministério da Defesa";"52121";"Comando do Exército";"160038";"6º DEPOSITO DE SUPRIMENTO"
569;"52000";"Ministério da Defesa";"52121";"Comando do Exército";"160134";"CENTRO DE INSTRUCAO DE OPERACOES ESPECIAIS"
570;"52000";"Ministério da Defesa";"52121";"Comando do Exército";"160392";"COMANDO DA 3ª REGIAO MILITAR"
571;"52000";"Ministério da Defesa";"52121";"Comando do Exército";"160344";"COMANDO DA 7ª BRIGADA DE INF MTZ - PATRIM"
572;"52000";"Ministério da Defesa";"52121";"Comando do Exército";"160395";"COMANDO DO COMANDO MILITAR DO SUL"
573;"52000";"Ministério da Defesa";"52904";"Fundo do Exército";"167123";"14º GRUPO DE ARTILHARIA DE CAMPANHA"
574;"52000";"Ministério da Defesa";"52904";"Fundo do Exército";"167106";"2 BATALHAO FERROVIARIO"
575;"52000";"Ministério da Defesa";"52904";"Fundo do Exército";"167105";"24º BATALHAO DE INFANTARIA SELVA"
576;"52000";"Ministério da Defesa";"52904";"Fundo do Exército";"167127";"4º GRUPO DE ARTILHARIA ANTIAEREA"
577;"52000";"Ministério da Defesa";"52904";"Fundo do Exército";"167136";"9º GRUPAMENTO LOGISTICO"
578;"52000";"Ministério da Defesa";"52904";"Fundo do Exército";"167078";"COLEGIO MILITAR DE CAMPO GRANDE"
579;"52000";"Ministério da Defesa";"52904";"Fundo do Exército";"167395";"COMANDO DO COMANDO MILITAR DO SUL"
580;"52000";"Ministério da Defesa";"52904";"Fundo do Exército";"167129";"ESCOLA DE SARGENTOS DAS ARMAS"
581;"52000";"Ministério da Defesa";"52221";"Indústria de Material Bélico do Brasil";"168006";"INDUSTRIA DE MATERIAL BELICO DO BRASIL/FJF"
582;"26000";"Ministério da Educação";"26280";"Fundação Universidade Federal de São Carlos";"154049";"FUNDACAO UNIVERSIDADE FEDERAL DE SAO CARLOS"
583;"26000";"Ministério da Educação";"26276";"Fundação Universidade Federal do Mato Grosso";"154045";"FUNDACAO UNIVERSIDADE FEDERAL DE MATO GROSSO"
584;"26000";"Ministério da Educação";"26279";"Fundação Universidade Federal do Piauí";"154048";"FUNDACAO UNIVERSIDADE FEDERAL DO PIAUI"
585;"26000";"Ministério da Educação";"26251";"Fundação Universidade Federal do Tocantins";"154419";"FUNDACAO UNIVERSIDADE FEDERAL DO TOCANTINS"
586;"26000";"Ministério da Educação";"26422";"Instituto Federal de Educação, Ciência e Tecnologia Catarinense";"158379";"IF CATARINENSE - CAMPUS VIDEIRA"
587;"26000";"Ministério da Educação";"26409";"Instituto Federal de Educação, Ciência e Tecnologia de Minas Gerais";"158513";"INST.FED. MINAS GERAIS/CAMPUS FORMIGA"
588;"26000";"Ministério da Educação";"26415";"Instituto Federal de Educação, Ciência e Tecnologia do Mato Grosso do Sul";"158454";"INST. FED. DO MS/CAMPUS TRES LAGOAS"
589;"26000";"Ministério da Educação";"26411";"Instituto Federal de Educação, Ciência e Tecnologia do Sudeste de Minas Gerais";"158413";"INST FED SUDESTE DE MG/CAMPUS BARBACENA"
590;"26000";"Ministério da Educação";"26411";"Instituto Federal de Educação, Ciência e Tecnologia do Sudeste de Minas Gerais";"158123";"INSTITUTO FED CIENCIA TECNOL SUDESTE MG"
591;"26000";"Ministério da Educação";"26436";"Instituto Federal de Educação, Ciência e Tecnologia Sul-rio-grandense";"151878";"INST.FED.SUL-RIO-GRANDENSE/CAMPUS CAMAQUA"
592;"26000";"Ministério da Educação";"26238";"Universidade Federal de Minas Gerais";"153254";"ADMINISTRACAO GERAL/UFMG"
593;"26000";"Ministério da Educação";"26277";"Universidade Federal de Ouro Preto";"154046";"UNIVERSIDADE FEDERAL DE OURO PRETO"
594;"26000";"Ministério da Educação";"26454";"Universidade Federal de Rondonópolis";"156677";"UNIVERSIDADE FEDERAL DE RONDONOPOLIS"
595;"26000";"Ministério da Educação";"26245";"Universidade Federal do Rio de Janeiro";"153115";"UNIVERSIDADE FEDERAL DO RIO DE JANEIRO"
596;"26000";"Ministério da Educação";"26236";"Universidade Federal Fluminense";"153056";"UNIVERSIDADE FEDERAL FLUMINENSE"
597;"26000";"Ministério da Educação";"26258";"Universidade Tecnológica Federal do Paraná";"153251";"UTFPR - CAMPUS CAMPO MOURAO"
598;"26000";"Ministério da Educação";"26258";"Universidade Tecnológica Federal do Paraná";"154358";"UTFPR - CAMPUS CURITIBA"
599;"26000";"Ministério da Educação";"26258";"Universidade Tecnológica Federal do Paraná";"153029";"UTFPR - CAMPUS MEDIANEIRA"
600;"25000";"Ministério da Fazenda";"25915";"Fundo Constitucional do Distrito Federal";"170394";"FCDF±SSP±CORPO BOMBEIRO MILITAR DO DF"
601;"25000";"Ministério da Fazenda";"25000";"Ministério da Fazenda - Unidades com vínculo direto";"170007";"SUBSECR. DE ADMIN. TRANSF. DIGITAL E INOVACAO"
602;"25000";"Ministério da Fazenda";"25801";"Receita Federal do Brasil";"170213";"DELEGACIA DA RFB EM BOA VISTA"
603;"25000";"Ministério da Fazenda";"25801";"Receita Federal do Brasil";"170170";"DELEGACIA DA RFB EM JOACABA"
604;"46000";"Ministério da Gestão e da Inovação em Ser";"46000";"Ministério da Gestão e da Inovação em Serviços Públicos - Unidades com vínculo direto";"170011";"SECRETARIA DO PATRIMONIO DA UNIAO"
605;"30000";"Ministério da Justiça e Segurança Pública";"30907";"Fundo Penitenciário Nacional";"200603";"PENITENCIARIA FEDERAL EM PORTO VELHO - RO"
606;"30000";"Ministério da Justiça e Segurança Pública";"30000";"Ministério da Justiça e Segurança Pública - Unidades com vínculo direto";"200005";"COORDENACAO-GERAL DE LOGISTICA E CONTRATOS/MJ"
607;"30000";"Ministério da Justiça e Segurança Pública";"30802";"Polícia Rodoviária Federal";"200129";"SUPERINTENDENCIA DA PRF EM ALAGOAS"
608;"30000";"Ministério da Justiça e Segurança Pública";"30802";"Polícia Rodoviária Federal";"200115";"SUPERINTENDENCIA DA PRF EM MINAS GERAIS"
609;"30000";"Ministério da Justiça e Segurança Pública";"30802";"Polícia Rodoviária Federal";"200113";"SUPERINTENDENCIA DA PRF EM PERNAMBUCO"
610;"30000";"Ministério da Justiça e Segurança Pública";"30802";"Polícia Rodoviária Federal";"200114";"SUPERINTENDENCIA DA PRF NA BAHIA"
611;"30000";"Ministério da Justiça e Segurança Pública";"30802";"Polícia Rodoviária Federal";"200112";"SUPERINTENDENCIA DA PRF NO CEARA"
612;"33000";"Ministério da Previdência Social";"37202";"Instituto Nacional do Seguro Social";"510913";"GERENCIA EXECUTIVA SANTA MARIA"
613;"36000";"Ministério da Saúde";"36211";"Fundação Nacional de Saúde";"255020";"FUNDACAO NACIONAL DE SAUDE - RN"
614;"36000";"Ministério da Saúde";"36201";"Fundação Oswaldo Cruz";"254488";"CASA DE OSWALDO CRUZ"
615;"36000";"Ministério da Saúde";"36201";"Fundação Oswaldo Cruz";"254421";"INSTITUTO AGGEU MAGALHAES"
616;"36000";"Ministério da Saúde";"36201";"Fundação Oswaldo Cruz";"254501";"INSTITUTO DE CIENCIA E TEC. EM BIOMODELOS"
617;"36000";"Ministério da Saúde";"36201";"Fundação Oswaldo Cruz";"254446";"INSTITUTO DE TECNOLOGIA EM FARMACOS"
618;"36000";"Ministério da Saúde";"36000";"Ministério da Saúde - Unidades com vínculo direto";"257005";"CENTRO NACIONAL DE PRIMATAS"
619;"36000";"Ministério da Saúde";"36000";"Ministério da Saúde - Unidades com vínculo direto";"250001";"GABINETE DO MINISTRO - MS"
620;"36000";"Ministério da Saúde";"36000";"Ministério da Saúde - Unidades com vínculo direto";"250104";"HOSPITAL FEDERAL CARDOSO FONTES"
621;"36000";"Ministério da Saúde";"36000";"Ministério da Saúde - Unidades com vínculo direto";"250039";"SUPERINTENDENCIA DO MINISTERIO DA SAUDE / TO"
622;"56000";"Ministério das Cidades";"29214";"Companhia Brasileira de Trens Urbanos";"275078";"CIA.BRASILEIRA DE TRENS URBANOS-STU/MAC"
623;"41000";"Ministério das Comunicações";"41231";"Agêncial Nacional de Telecomunicações";"413012";"AGENCIA NACIONAL DE TELECOMUNICACOES-AM"
624;"41000";"Ministério das Comunicações";"41231";"Agêncial Nacional de Telecomunicações";"413008";"AGENCIA NACIONAL DE TELECOMUNICACOES-GO"
625;"32000";"Ministério de Minas e Energia";"32263";"Departamento Nacional de Produção Mineral";"323017";"SUPERINTENDENCIA DO DNPM-PB"
626;"32000";"Ministério de Minas e Energia";"32314";"Empresa de Pesquisa Energética";"325001";"EMPRESA DE PESQUISA ENERGETICA"
627;"47000";"Ministério do Planejamento e Orçamento";"25205";"Fundação Instituto Brasileiro de Geografia e Estatística";"114629";"SUPERINTENDENCIA DO IBGE NO DISTRITO FEDERAL"
628;"47000";"Ministério do Planejamento e Orçamento";"25205";"Fundação Instituto Brasileiro de Geografia e Estatística";"114631";"SUPERINTENDENCIA ESTADUAL DO IBGE NO RJ"
629;"47000";"Ministério do Planejamento e Orçamento";"25205";"Fundação Instituto Brasileiro de Geografia e Estatística";"114612";"SUPERINTENDENCIA ESTADUAL DO IBGE NO RN"
630;"40000";"Ministério do Trabalho e Emprego";"38901";"Fundo de Amparo ao Trabalhador";"380944";"SUPERINTENDENCIA REGIONAL DO TRABALHO/PR"
631;"38000";"Ministério do Trabalho e Emprego";"38000";"Ministério do Trabalho e Emprego - Unidades com vínculo direto";"380052";"SUPERINT REG DO TRAB E EMPREGO/SP"
632;"40000";"Ministério do Trabalho e Emprego";"40000";"Ministério do Trabalho e Emprego - Unidades com vínculo direto";"400065";"SUPERINTENDENCIA REGIONAL DO TRABALHO/DF"
633;"40000";"Ministério do Trabalho e Emprego";"40000";"Ministério do Trabalho e Emprego - Unidades com vínculo direto";"400071";"SUPERINTENDENCIA REGIONAL DO TRABALHO/MG"
634;"39000";"Ministério dos Transportes";"39000";"Ministério dos Transportes - Unidades com vínculo direto";"390004";"SUBSECRETARIA PLAN.,ORC.E ADM.-ADMINISTRATIVO"
635;"20000";"Presidência da República";"20116";"Fundo de Imprensa Nacional";"110245";"FUNDO DE IMPRENSA NACIONAL/EXEC.ORC.FINANC."
636;"22000";"Ministério da Agricultura e Pecuária";"22202";"Empresa Brasileira de Pesquisa Agropecuária";"135048";"EMBRAPA/CNPAT"
637;"22000";"Ministério da Agricultura e Pecuária";"22202";"Empresa Brasileira de Pesquisa Agropecuária";"135033";"EMBRAPA/CNPUV"
638;"22000";"Ministério da Agricultura e Pecuária";"22000";"Ministério da Agricultura e Pecuária - Unidades com vínculo direto";"130032";"LABORATORIO FEDERAL DE DEFESA AGROPECUARIA/GO"
639;"22000";"Ministério da Agricultura e Pecuária";"22000";"Ministério da Agricultura e Pecuária - Unidades com vínculo direto";"130017";"LABORATORIO FEDERAL DE DEFESA AGROPECUARIA/PA"
640;"24000";"Ministério da Ciência, Tecnologia e Inovaç";"24000";"Ministério da Ciência, Tecnologia e Inovação - Unidades com vínculo direto";"240224";"CENTRO NAC.DE MONIT.E ALERT.DE DESASTRES NATU"
641;"52000";"Ministério da Defesa";"52111";"Comando da Aeronáutica";"120001";"GABINETE DO COMANDANTE DA AERONAUTICA"
642;"52000";"Ministério da Defesa";"52121";"Comando do Exército";"160512";"20 REGIMENTO DE CAVALARIA BLINDADO"
643;"52000";"Ministério da Defesa";"52121";"Comando do Exército";"160058";"32 GRUPO DE ARTILHARIA DE CAMPANHA"
644;"52000";"Ministério da Defesa";"52121";"Comando do Exército";"160109";"4ª COMPANHIA DE COMUNICACOES LEVE - MONTANHA"
645;"52000";"Ministério da Defesa";"52121";"Comando do Exército";"160360";"6º BATALHAO DE COMUNICACOES"
646;"52000";"Ministério da Defesa";"52121";"Comando do Exército";"160479";"COMANDO DE ARTILHARIA DO EXERCITO"
647;"52000";"Ministério da Defesa";"52904";"Fundo do Exército";"167237";"CENTRO DE AVALIACAO DO EXERCITO"
648;"52000";"Ministério da Defesa";"52904";"Fundo do Exército";"167065";"COMANDO DA 11A. REGIAO MILITAR"
649;"52000";"Ministério da Defesa";"52904";"Fundo do Exército";"167082";"PREFEITURA MILITAR DE BRASILIA"
650;"26000";"Ministério da Educação";"26266";"Fundação Universidade Federal do Pampa";"154359";"FUNDACAO UNIVERSIDADE FEDERAL DO PAMPA"
651;"26000";"Ministério da Educação";"26421";"Instituto Federal de Educação, Ciência e Tecnologia de Rondônia";"158341";"INST.FED.RONDONIA/CAMPUS COLORADO DO OESTE-RO"
652;"26000";"Ministério da Educação";"26421";"Instituto Federal de Educação, Ciência e Tecnologia de Rondônia";"158342";"INST.FED.RONDONIA/CAMPUS VILHENA"
653;"26000";"Ministério da Educação";"26408";"Instituto Federal de Educação, Ciência e Tecnologia do Maranhão";"158295";"IFMA/CAMPUS ACAILANDIA"
654;"26000";"Ministério da Educação";"26408";"Instituto Federal de Educação, Ciência e Tecnologia do Maranhão";"158456";"IFMA/CAMPUS CAXIAS"
655;"26000";"Ministério da Educação";"26408";"Instituto Federal de Educação, Ciência e Tecnologia do Maranhão";"158457";"IFMA/CAMPUS TIMON"
656;"26000";"Ministério da Educação";"26414";"Instituto Federal de Educação, Ciência e Tecnologia do Mato Grosso";"158144";"INST.FED.DE EDUC.,CIENC.E TEC.DO MATO GROSSO"
657;"26000";"Ministério da Educação";"26413";"Instituto Federal de Educação, Ciência e Tecnologia do Triângulo Mineiro";"158310";"INST.FED.TRIANGULO MINEIRO/CAMPUS UBERABA"
658;"26000";"Ministério da Educação";"26436";"Instituto Federal de Educação, Ciência e Tecnologia Sul-rio-grandense";"158126";"INST.FED.DE EDUC.,CIE.E TEC.SUL-RIO-GRANDENSE"
659;"26000";"Ministério da Educação";"26432";"Instituto Federal do Paraná";"158395";"INST. FED. DO PARANA/CAMPUS CURITIBA"
660;"26000";"Ministério da Educação";"26440";"Universidade Federal da Fronteira Sul";"158517";"UNIVERSIDADE FEDERAL DA FRONTEIRA SUL"
661;"26000";"Ministério da Educação";"26260";"Universidade Federal de Alfenas";"153028";"UNIVERSIDADE FEDERAL DE ALFENAS"
662;"26000";"Ministério da Educação";"26238";"Universidade Federal de Minas Gerais";"153275";"ESCOLA DE ARQUITETURA/UFMG"
663;"26000";"Ministério da Educação";"26241";"Universidade Federal do Paraná";"153079";"UNIVERSIDADE FEDERAL DO PARANA"
664;"26000";"Ministério da Educação";"26258";"Universidade Tecnológica Federal do Paraná";"153177";"UTFPR - CAMPUS PATO BRANCO"
665;"26000";"Ministério da Educação";"26258";"Universidade Tecnológica Federal do Paraná";"153178";"UTFPR - CAMPUS PONTA GROSSA"
666;"25000";"Ministério da Fazenda";"25915";"Fundo Constitucional do Distrito Federal";"170495";"FCDF - CBMDF - ASSISTENCIA MEDICA"
667;"53000";"Ministério da Integração e do Desenvolvime";"22204";"Departamento Nacional de Obras Contra as Secas";"113801";"DNOCS - CEST/PE - RECIFE-PE"
668;"36000";"Ministério da Saúde";"36000";"Ministério da Saúde - Unidades com vínculo direto";"250110";"SUBSECRETARIA DE ASSUNTOS ADMINISTRATIVOS/MS"
669;"36000";"Ministério da Saúde";"36000";"Ministério da Saúde - Unidades com vínculo direto";"250015";"SUPERINTENDENCIA DO MINISTERIO DA SAUDE / AM"
670;"36000";"Ministério da Saúde";"36000";"Ministério da Saúde - Unidades com vínculo direto";"250019";"SUPERINTENDENCIA DO MINISTERIO DA SAUDE / ES"
671;"56000";"Ministério das Cidades";"29214";"Companhia Brasileira de Trens Urbanos";"275068";"CIA BRASILEIRA DE TRENS URBANOS-ADM.CENTRAL"
672;"56000";"Ministério das Cidades";"29214";"Companhia Brasileira de Trens Urbanos";"275079";"CIA. BRASILEIRA DE TRENS URBANOS - STU/JOP"
673;"41000";"Ministério das Comunicações";"41231";"Agêncial Nacional de Telecomunicações";"413009";"AGENCIA NACIONAL DE TELECOMUNICACOES-BA"
674;"32000";"Ministério de Minas e Energia";"32396";"Agência Nacional de Mineração";"323114";"GERENCIA REGIONAL DA ANM - RS"
675;"68000";"Ministério de Portos e Aeroportos";"62201";"Agência Nacional de Aviação Civil";"113217";"REPRESENTACAO REGIONAL SAO PAULO-ANAC"
676;"49000";"Ministério do Desenvolvimento Agrário e Agr";"22201";"Instituto Nacional de Colonização e Reforma Agrária";"373039";"SUPERINTENDENCIA REGIONAL DO AMAPA - SR(21)AP"
677;"44000";"Ministério do Meio Ambiente e Mudança do Cl";"20701";"Instituto Brasileiro do Meio Ambiente e dos Recursos Naturais Renováveis";"193107";"IBAMA - SUPERINTENDENCIA DO ESPIRITO SANTO/ES"
678;"44000";"Ministério do Meio Ambiente e Mudança do Cl";"20701";"Instituto Brasileiro do Meio Ambiente e dos Recursos Naturais Renováveis";"193034";"INSTITUTO BRASILEIRO DO MEIO AMBIENTE/MATRIZ"
679;"40000";"Ministério do Trabalho e Emprego";"38901";"Fundo de Amparo ao Trabalhador";"380935";"SUPERINTENDENCIA REGIONAL DO TRABALHO/DF"
680;"39000";"Ministério dos Transportes";"39000";"Ministério dos Transportes - Unidades com vínculo direto";"390063";"COORDENACAO GERAL DE RECURSOS LOGISTICOS-CGRL"
681;"22000";"Ministério da Agricultura e Pecuária";"22202";"Empresa Brasileira de Pesquisa Agropecuária";"135036";"EMBRAPA/CNPAF"
682;"22000";"Ministério da Agricultura e Pecuária";"22202";"Empresa Brasileira de Pesquisa Agropecuária";"135014";"EMBRAPA/CNPMF"
683;"22000";"Ministério da Agricultura e Pecuária";"22202";"Empresa Brasileira de Pesquisa Agropecuária";"135008";"EMBRAPA/CPAF-AP"
684;"22000";"Ministério da Agricultura e Pecuária";"22202";"Empresa Brasileira de Pesquisa Agropecuária";"135009";"EMBRAPA/CPAMN"
685;"22000";"Ministério da Agricultura e Pecuária";"22000";"Ministério da Agricultura e Pecuária - Unidades com vínculo direto";"130010";"COMISSAO EXEC. DO PLANO DA LAV.CACAUEIRA/DF"
686;"22000";"Ministério da Agricultura e Pecuária";"22000";"Ministério da Agricultura e Pecuária - Unidades com vínculo direto";"130025";"SUPERINT.DE AGRICULTURA E PECUARIA - SFA/PE"
687;"22000";"Ministério da Agricultura e Pecuária";"22000";"Ministério da Agricultura e Pecuária - Unidades com vínculo direto";"130074";"SUPERINT.DE AGRICULTURA E PECUARIA - SFA/RS"
688;"42000";"Ministério da Cultura";"20411";"Instituto do Patrimônio Histórico e Artístico Nacional";"343003";"SUPERINTENDENCIA DO IPHAN MARANHAO, IPHAN-MA"
689;"42000";"Ministério da Cultura";"20411";"Instituto do Patrimônio Histórico e Artístico Nacional";"343009";"SUPERINTENDENCIA DO IPHAN SAO PAULO, IPHAN-SP"
690;"52000";"Ministério da Defesa";"52111";"Comando da Aeronáutica";"120624";"BASE AEREA DE ANAPOLIS"
691;"52000";"Ministério da Defesa";"52111";"Comando da Aeronáutica";"120631";"BASE AEREA DE NATAL"
692;"52000";"Ministério da Defesa";"52111";"Comando da Aeronáutica";"120016";"GRUPAMENTO DE APOIO DE S J CAMPOS"
693;"52000";"Ministério da Defesa";"52121";"Comando do Exército";"160126";"11º BATALHAO DE INFANTARIA DE MONTANHA"
694;"52000";"Ministério da Defesa";"52121";"Comando do Exército";"160204";"25º BATALHAO DE CACADORES"
695;"52000";"Ministério da Defesa";"52121";"Comando do Exército";"160212";"27º BATALHAO LOGISTICO"
696;"52000";"Ministério da Defesa";"52121";"Comando do Exército";"160202";"3º BATALHAO DE ENGENHARIA DE CONSTRUCAO"
697;"52000";"Ministério da Defesa";"52121";"Comando do Exército";"160179";"3º CENTRO DE GEOINFORMACAO"
698;"52000";"Ministério da Defesa";"52121";"Comando do Exército";"160041";"40º BATALHAO DE INFANTARIA"
699;"52000";"Ministério da Defesa";"52121";"Comando do Exército";"160377";"8º ESQUADRAO DE CAVALARIA MECANIZADO"
700;"52000";"Ministério da Defesa";"52121";"Comando do Exército";"160430";"9º REGIMENTO DE CAVALARIA BLINDADO"
701;"52000";"Ministério da Defesa";"52121";"Comando do Exército";"160413";"BASE ADMINISTRATIVA DA GUARNICAO DE SANTA MAR"
702;"52000";"Ministério da Defesa";"52121";"Comando do Exército";"160170";"COMANDO 23ª BRIGADA DE INFANTARIA DE SELVA"
703;"52000";"Ministério da Defesa";"52121";"Comando do Exército";"160349";"COMANDO DA 17 BRIGADA DE INFANTARIA DE SELVA"
704;"52000";"Ministério da Defesa";"52121";"Comando do Exército";"160155";"COMANDO DE FRONTEIRA JAURU / 66º BI MTZ"
705;"52000";"Ministério da Defesa";"52121";"Comando do Exército";"160085";"ESTADO-MAIOR DO EXERCITO"
706;"52000";"Ministério da Defesa";"52904";"Fundo do Exército";"167512";"20 REGIMENTO DE CAVALARIA BLINDADO"
707;"52000";"Ministério da Defesa";"52221";"Indústria de Material Bélico do Brasil";"168003";"INDUSTRIA DE MATERIAL BELICO DO BRASIL - UA"
708;"26000";"Ministério da Educação";"26443";"Empresa Brasileira de Serviços Hospitalares";"155911";"HOSP. UNIV. DOS SERVIDORES - HUSE-UNIRIO"
709;"26000";"Ministério da Educação";"26437";"Instituto Federal de Educação, Ciência e Tecnologia de Roraima";"158351";"INST.FED.RORAIMA - CAMPUS NOVO PARAISO"
710;"26000";"Ministério da Educação";"26439";"Instituto Federal de Educação, Ciência e Tecnologia de São Paulo";"158154";"INSTITUTO FEDERAL DE SAO PAULO"
711;"26000";"Ministério da Educação";"26406";"Instituto Federal de Educação, Ciência e Tecnologia do Espírito Santo";"158151";"INST.FED.DE EDUC.,CIENC.E TEC.DO ESP.SANTO"
712;"26000";"Ministério da Educação";"26408";"Instituto Federal de Educação, Ciência e Tecnologia do Maranhão";"158293";"IFMA/CAMPUS CODO"
713;"26000";"Ministério da Educação";"26408";"Instituto Federal de Educação, Ciência e Tecnologia do Maranhão";"154855";"IFMA/CAMPUS PEDREIRAS"
714;"26000";"Ministério da Educação";"26415";"Instituto Federal de Educação, Ciência e Tecnologia do Mato Grosso do Sul";"158450";"INST. FED. DO MS/CAMPUS CORUMBA"
715;"26000";"Ministério da Educação";"26434";"Instituto Federal de Educação, Ciência e Tecnologia Fluminense";"155851";"INST. FED. FLUMINENSE/CAMPUS QUISSAMA"
716;"26000";"Ministério da Educação";"26436";"Instituto Federal de Educação, Ciência e Tecnologia Sul-rio-grandense";"158339";"INST.FED.SUL-RIO-GRANDENSE/CAMPUS SAPUCAIA"
717;"25000";"Ministério da Fazenda";"25801";"Receita Federal do Brasil";"170312";"DELEGACIA DE ADM.TRIBUTARIA DA RFB EM S.PAULO"
718;"46000";"Ministério da Gestão e da Inovação em Ser";"20202";"Fundação Escola Nacional de Administração Pública";"114702";"FUNDACAO ESCOLA NACIONAL DE ADM. PUBLICA"
719;"53000";"Ministério da Integração e do Desenvolvime";"22204";"Departamento Nacional de Obras Contra as Secas";"193007";"DNOCS - CEST/AL-PALMEIRA DOS INDIOS"
720;"30000";"Ministério da Justiça e Segurança Pública";"30802";"Polícia Rodoviária Federal";"200118";"SUPERINTENDENCIA DA PRF NO PARANA"
721;"36000";"Ministério da Saúde";"36212";"Agência Nacional de Vigilância Sanitária";"253007";"COORD.VIG.SANIT.DE PORTOS,AER.E FRONTEIRAS-PE"
722;"36000";"Ministério da Saúde";"36211";"Fundação Nacional de Saúde";"255018";"FUNDACAO NACIONAL DE SAUDE - PI"
723;"32000";"Ministério de Minas e Energia";"29208";"Companhia de Pesquisa de Recursos Minerais";"495550";"COMPANHIA DE PESQUISA DE RECURSOS MINERAIS"
724;"68000";"Ministério de Portos e Aeroportos";"62201";"Agência Nacional de Aviação Civil";"113219";"NUCLEO REG. DE AVIACAO CIVIL DE PORTO ALEGRE"
725;"44000";"Ministério do Meio Ambiente e Mudança do Cl";"20701";"Instituto Brasileiro do Meio Ambiente e dos Recursos Naturais Renováveis";"193099";"IBAMA-INST.BRAS.DO MEIO AMB.E DOS REC.NAT.REN"
726;"44000";"Ministério do Meio Ambiente e Mudança do Cl";"44208";"Serviço Florestal Brasileiro";"130149";"SERVICO FLORESTAL BRASILEIRO"
727;"40000";"Ministério do Trabalho e Emprego";"38901";"Fundo de Amparo ao Trabalhador";"380942";"SUPERINTENDENCIA REGIONAL DO TRABALHO/PE"
728;"39000";"Ministério dos Transportes";"39252";"Departamento Nacional de Infraestrutura de Transportes";"393013";"SUPERINTENDENCIA REG. NO ESTADO SC - DNIT"
729;"22000";"Ministério da Agricultura e Pecuária";"22000";"Ministério da Agricultura e Pecuária - Unidades com vínculo direto";"130091";"DISTRITO DE METEOROLOGIA DE MANAUS"
730;"22000";"Ministério da Agricultura e Pecuária";"22000";"Ministério da Agricultura e Pecuária - Unidades com vínculo direto";"130075";"DISTRITO DE METEOROLOGIA DE PORTO ALEGRE"
731;"22000";"Ministério da Agricultura e Pecuária";"22000";"Ministério da Agricultura e Pecuária - Unidades com vínculo direto";"130090";"SUPERINT.DE AGRICULTURA E PECUARIA - SFA/AM"
732;"52000";"Ministério da Defesa";"52111";"Comando da Aeronáutica";"120006";"GRUPAMENTO DE APOIO DE BRASILIA"
733;"52000";"Ministério da Defesa";"52111";"Comando da Aeronáutica";"120630";"GRUPAMENTO DE APOIO DE MANAUS"
734;"52000";"Ministério da Defesa";"52111";"Comando da Aeronáutica";"120625";"GRUPAMENTO DE APOIO DO DISTRITO FED"
735;"52000";"Ministério da Defesa";"52111";"Comando da Aeronáutica";"120623";"GRUPAMENTO DE APOIO DOS AFONSOS"
736;"52000";"Ministério da Defesa";"52111";"Comando da Aeronáutica";"120072";"SEGUNDO CENTRO INT.DEF.AEREA CONTR.TFG.AEREO"
737;"52000";"Ministério da Defesa";"52121";"Comando do Exército";"160052";"1 REGIMENTO DE CAVALARIA DE GUARDA"
738;"52000";"Ministério da Defesa";"52121";"Comando do Exército";"160362";"3º BATALHAO LOGISTICO"
739;"52000";"Ministério da Defesa";"52121";"Comando do Exército";"160472";"5º BATALHAO DE INFANTARIA LEVE"
740;"52000";"Ministério da Defesa";"52121";"Comando do Exército";"160216";"5º ESQUADRAO DE CAVALARIA MECANIZADO"
741;"52000";"Ministério da Defesa";"52121";"Comando do Exército";"160001";"7º BATALHAO DE ENGENHARIA DE CONSTRUCAO"
742;"52000";"Ministério da Defesa";"52121";"Comando do Exército";"160074";"8º BATALHAO DE MANUTENCAO DE SELVA"
743;"52000";"Ministério da Defesa";"52121";"Comando do Exército";"160045";"BASE ADMINISTRATIVA DA GUARNICAO DE FORTALEZA"
744;"52000";"Ministério da Defesa";"52121";"Comando do Exército";"160237";"CENTRO DE AVALIACOES DO EXERCITO"
745;"52000";"Ministério da Defesa";"52121";"Comando do Exército";"160432";"CENTRO DE LOGISTICA DE MISSEIS E FOGUETES"
746;"52000";"Ministério da Defesa";"52121";"Comando do Exército";"160026";"COMANDO DA 22ª BRIGADA DE INFANTARIA DE SELV"
747;"52000";"Ministério da Defesa";"52121";"Comando do Exército";"160233";"COMANDO DA 5ª BRIGADA DE CAVALARIA BLINDADA"
748;"52000";"Ministério da Defesa";"52121";"Comando do Exército";"160312";"ESCOLA DE ARTILHARIA DE COSTA E ANTIAEREA"
749;"52000";"Ministério da Defesa";"52121";"Comando do Exército";"160051";"PARQUE REGIONAL DE MANUTENCAO/10ª RM"
750;"52000";"Ministério da Defesa";"52904";"Fundo do Exército";"167366";"13º GRUPO DE ARTILHARIA DE CAMPANHA"
751;"52000";"Ministério da Defesa";"52904";"Fundo do Exército";"167044";"23º BATALHAO DE CACADORES - PATRIMONIAL"
752;"52000";"Ministério da Defesa";"52904";"Fundo do Exército";"167244";"COMANDO DE ARTILHARIA DIVISIONARIA DA 1 DE"
753;"26000";"Ministério da Educação";"26274";"Fundação Universidade Federal de Uberlândia";"154043";"FUNDACAO UNIVERSIDADE FEDERAL DE UBERLANDIA"
754;"26000";"Ministério da Educação";"26402";"Instituto Federal de Educação, Ciência e Tecnologia de Alagoas";"158147";"INST.FED.DE EDUC.,CIENC.E TEC.DE ALAGOAS"
755;"26000";"Ministério da Educação";"26409";"Instituto Federal de Educação, Ciência e Tecnologia de Minas Gerais";"155645";"IFMG/CAMPUS RIBEIRAO DAS NEVES"
756;"26000";"Ministério da Educação";"26439";"Instituto Federal de Educação, Ciência e Tecnologia de São Paulo";"158526";"IFSP - CAMPUS ITAPETININGA"
757;"26000";"Ministério da Educação";"26439";"Instituto Federal de Educação, Ciência e Tecnologia de São Paulo";"158346";"IFSP - CAMPUS SAO JOAO DA BOA VISTA"
758;"26000";"Ministério da Educação";"26408";"Instituto Federal de Educação, Ciência e Tecnologia do Maranhão";"158284";"IFMA/CAMPUS B.DO CORDA"
759;"26000";"Ministério da Educação";"26408";"Instituto Federal de Educação, Ciência e Tecnologia do Maranhão";"158294";"IFMA/CAMPUS IMPERATRIZ"
760;"26000";"Ministério da Educação";"26415";"Instituto Federal de Educação, Ciência e Tecnologia do Mato Grosso do Sul";"158452";"INST. FED. DO MS/CAMPUS NOVA ANDRADINA"
761;"26000";"Ministério da Educação";"26407";"Instituto Federal de Educação, Ciência e Tecnologia Goiano";"154629";"IF GOIANO - CAMPUS CAMPOS BELOS"
762;"26000";"Ministério da Educação";"26239";"Universidade Federal do Pará";"153063";"UNIVERSIDADE FEDERAL DO PARA"
763;"26000";"Ministério da Educação";"26258";"Universidade Tecnológica Federal do Paraná";"152134";"UTFPR - CAMPUS GUARAPUAVA"
764;"25000";"Ministério da Fazenda";"25000";"Ministério da Fazenda - Unidades com vínculo direto";"170592";"SECRETARIA DE PREMIOS E APOSTAS/SPA-MF"
765;"30000";"Ministério da Justiça e Segurança Pública";"30802";"Polícia Rodoviária Federal";"200258";"DIRETORIA DE INTELIGENCIA DA PRF"
766;"36000";"Ministério da Saúde";"36000";"Ministério da Saúde - Unidades com vínculo direto";"250025";"SUPERINTENDENCIA DO MINISTERIO DA SAUDE / MG"
767;"44000";"Ministério do Meio Ambiente e Mudança do Cl";"20701";"Instituto Brasileiro do Meio Ambiente e dos Recursos Naturais Renováveis";"193110";"IBAMA - SUPERINTENDENCIA DO MARANHAO/MA"
768;"47000";"Ministério do Planejamento e Orçamento";"25205";"Fundação Instituto Brasileiro de Geografia e Estatística";"114607";"SUPERINTENDENCIA ESTADUAL DO IBGE NO AMAPA"
769;"22000";"Ministério da Agricultura e Pecuária";"22000";"Ministério da Agricultura e Pecuária - Unidades com vínculo direto";"420013";"SECRETARIA DE DESENVOLVIMENTO RURAL"
770;"22000";"Ministério da Agricultura e Pecuária";"22000";"Ministério da Agricultura e Pecuária - Unidades com vínculo direto";"130128";"SUPERINT.REG.DE DESENV.DA LAV.CACAUEIRA/RO"
771;"52000";"Ministério da Defesa";"52131";"Comando da Marinha";"731060";"CENTRO DE INTEND. DA MARINHA PARADA DE LUCAS"
772;"52000";"Ministério da Defesa";"52131";"Comando da Marinha";"773000";"DIRETORIA DE FINANCAS DA MARINHA"
773;"52000";"Ministério da Defesa";"52121";"Comando do Exército";"160354";"10º BATALHAO LOGISTICO"
774;"52000";"Ministério da Defesa";"52121";"Comando do Exército";"160030";"1ª COMPANHIA DE INFANTARIA"
775;"52000";"Ministério da Defesa";"52121";"Comando do Exército";"160211";"20º BATALHAO DE INFANTARIA BLINDADO"
776;"52000";"Ministério da Defesa";"52121";"Comando do Exército";"160161";"2º BATALHAO DE INFANTARIA DE SELVA"
777;"52000";"Ministério da Defesa";"52121";"Comando do Exército";"160147";"47 BATALHAO DE INFANTARIA"
778;"52000";"Ministério da Defesa";"52121";"Comando do Exército";"160348";"5 BATALHAO DE ENGENHARIA DE CONSTRUCAO"
779;"52000";"Ministério da Defesa";"52121";"Comando do Exército";"160342";"BASE ADMINISTRATIVA DA GUARNICAO DE NATAL"
780;"52000";"Ministério da Defesa";"52121";"Comando do Exército";"160015";"COMANDO 2 GRUPAMENTO ENGENHARIA"
781;"52000";"Ministério da Defesa";"52121";"Comando do Exército";"160364";"COMANDO DA 3ª BRIGADA DE CAVALARIA MECANIZAD"
782;"52000";"Ministério da Defesa";"52121";"Comando do Exército";"160548";"COMANDO DE OPERACOES TERRESTRES - UG"
783;"52000";"Ministério da Defesa";"52904";"Fundo do Exército";"167101";"23ª CIA DE ENGENHARIA DE COMBATE MECANIZADA"
784;"52000";"Ministério da Defesa";"52904";"Fundo do Exército";"167479";"COMANDO DE ARTILHARIA DO EXERCITO"
785;"26000";"Ministério da Educação";"26443";"Empresa Brasileira de Serviços Hospitalares";"155906";"MATERNIDADE CLIMERIO DE OLIVEIRA"
786;"26000";"Ministério da Educação";"26408";"Instituto Federal de Educação, Ciência e Tecnologia do Maranhão";"158297";"IFMA/CAMPUS BACABAL"
787;"26000";"Ministério da Educação";"26258";"Universidade Tecnológica Federal do Paraná";"153019";"UNIVERSIDADE TECNOLOGICA FEDERAL DO PARANA"
788;"30000";"Ministério da Justiça e Segurança Pública";"30802";"Polícia Rodoviária Federal";"200131";"SUPERINTENDENCIA DA PRF EM RONDONIA"
789;"33000";"Ministério da Previdência Social";"37202";"Instituto Nacional do Seguro Social";"510280";"GERENCIA EXECUTIVA CAMPO GRANDE"
790;"49000";"Ministério do Desenvolvimento Agrário e Agr";"22201";"Instituto Nacional de Colonização e Reforma Agrária";"373082";"SUPERINTENDENCIA REG. DE RONDONIA - SR(17)RO"
791;"44000";"Ministério do Meio Ambiente e Mudança do Cl";"20701";"Instituto Brasileiro do Meio Ambiente e dos Recursos Naturais Renováveis";"193103";"IBAMA - SUPERINTENDENCIA DA BAHIA/BA"
792;"44000";"Ministério do Meio Ambiente e Mudança do Cl";"20701";"Instituto Brasileiro do Meio Ambiente e dos Recursos Naturais Renováveis";"193117";"IBAMA - SUPERINTENDENCIA DO PIAUI/PI"
793;"40000";"Ministério do Trabalho e Emprego";"38901";"Fundo de Amparo ao Trabalhador";"380938";"SUPERINTENDENCIA REGIONAL DO TRABALHO/MT"
794;"22000";"Ministério da Agricultura e Pecuária";"22000";"Ministério da Agricultura e Pecuária - Unidades com vínculo direto";"130069";"SUPERINT.DE AGRICULTURA E PECUARIA - SFA/MA"
795;"52000";"Ministério da Defesa";"52111";"Comando da Aeronáutica";"120638";"BASE AEREA DE CAMPO GRANDE"
796;"52000";"Ministério da Defesa";"52111";"Comando da Aeronáutica";"120641";"BASE AEREA DE PORTO VELHO"
797;"52000";"Ministério da Defesa";"52121";"Comando do Exército";"160232";"13º BATALHAO DE INFANTARIA BLINDADO"
798;"52000";"Ministério da Defesa";"52121";"Comando do Exército";"160123";"14º GRUPO DE ARTILHARIA DE CAMPANHA"
799;"52000";"Ministério da Defesa";"52121";"Comando do Exército";"160229";"15º GRUPO DE ARTILHARIA DE CAMPANHA AP"
800;"52000";"Ministério da Defesa";"52121";"Comando do Exército";"160447";"1º BATALHAO FERROVIARIO"
801;"52000";"Ministério da Defesa";"52121";"Comando do Exército";"160473";"2 GRUPO DE ARTILHARIA ANTIAEREA"
802;"52000";"Ministério da Defesa";"52121";"Comando do Exército";"160228";"26º GRUPO DE ARTILHARIA DE CAMPANHA"
803;"52000";"Ministério da Defesa";"52121";"Comando do Exército";"160522";"28º B LOG - PATRIMONIAL"
804;"52000";"Ministério da Defesa";"52121";"Comando do Exército";"160386";"3º BATALHAO DE POLICIA DO EXERCITO"
805;"52000";"Ministério da Defesa";"52121";"Comando do Exército";"160095";"58 BATALHAO DE INFANTARIA MOTORIZADO"
806;"52000";"Ministério da Defesa";"52121";"Comando do Exército";"160222";"5º BATALHAO DE SUPRIMENTO"
807;"52000";"Ministério da Defesa";"52121";"Comando do Exército";"160443";"63º BATALHAO DE INFANTARIA"
808;"52000";"Ministério da Defesa";"52121";"Comando do Exército";"160148";"BASE DE ADMINISTRACAO E APOIO DO CMP"
809;"52000";"Ministério da Defesa";"52121";"Comando do Exército";"160002";"COMANDO DE FRONTEIRA ACRE/4 BIS"
810;"52000";"Ministério da Defesa";"52121";"Comando do Exército";"160129";"ESCOLA DE SARGENTOS DAS ARMAS"
811;"52000";"Ministério da Defesa";"52904";"Fundo do Exército";"167377";"8º ESQUADRAO DE CAVALARIA MECANIZADO"
812;"52000";"Ministério da Defesa";"52904";"Fundo do Exército";"167531";"ESCOLA DE APERFEICOAMENTO DE SARGENTOS DAS AR"
813;"26000";"Ministério da Educação";"26437";"Instituto Federal de Educação, Ciência e Tecnologia de Roraima";"158352";"INST.FED.RORAIMA - CAMPUS ZONA OESTE"
814;"26000";"Ministério da Educação";"26439";"Instituto Federal de Educação, Ciência e Tecnologia de São Paulo";"158714";"IFSP - CAMPUS CAMPINAS"
815;"26000";"Ministério da Educação";"26406";"Instituto Federal de Educação, Ciência e Tecnologia do Espírito Santo";"158428";"IFES - CAMPUS IBATIBA"
816;"26000";"Ministério da Educação";"26434";"Instituto Federal de Educação, Ciência e Tecnologia Fluminense";"158274";"INST.FED. FLUMINENSE/CAMPUS CAMPOS-CENTRO"
817;"26000";"Ministério da Educação";"26242";"Universidade Federal de Pernambuco";"153080";"UNIVERSIDADE FEDERAL DE PERNAMBUCO"
818;"26000";"Ministério da Educação";"26282";"Universidade Federal de Viçosa";"154051";"UNIVERSIDADE FEDERAL DE VICOSA"
819;"46000";"Ministério da Gestão e da Inovação em Ser";"46000";"Ministério da Gestão e da Inovação em Serviços Públicos - Unidades com vínculo direto";"170344";"SUPERINTENDENCIA REG. ADM. DO MGI - ACRE"
820;"30000";"Ministério da Justiça e Segurança Pública";"30802";"Polícia Rodoviária Federal";"200111";"SUPERINTENDENCIA REG. POL. RODV. FEDERAL-PA"
821;"33000";"Ministério da Previdência Social";"37202";"Instituto Nacional do Seguro Social";"510178";"SUPERINTENDENCIA REGIONAL SUDESTE I"
822;"36000";"Ministério da Saúde";"36212";"Agência Nacional de Vigilância Sanitária";"253017";"COORD.VIG.SANIT.DE PORTOS,AER.E FRONTEIRAS-AM"
823;"36000";"Ministério da Saúde";"36211";"Fundação Nacional de Saúde";"255011";"FUNDACAO NACIONAL DE SAUDE - MT"
824;"36000";"Ministério da Saúde";"36201";"Fundação Oswaldo Cruz";"254474";"INSTITUTO LEONIDAS E MARIA DEANE"
825;"36000";"Ministério da Saúde";"36201";"Fundação Oswaldo Cruz";"254423";"INSTITUTO RENNE RACHOU"
826;"36000";"Ministério da Saúde";"36000";"Ministério da Saúde - Unidades com vínculo direto";"250014";"SUPERINTENDENCIA DO MINISTERIO DA SAUDE / AP"
827;"36000";"Ministério da Saúde";"36000";"Ministério da Saúde - Unidades com vínculo direto";"250027";"SUPERINTENDENCIA DO MINISTERIO DA SAUDE / PB"
828;"36000";"Ministério da Saúde";"36000";"Ministério da Saúde - Unidades com vínculo direto";"250037";"SUPERINTENDENCIA DO MINISTERIO DA SAUDE / SP"
829;"41000";"Ministério das Comunicações";"41231";"Agêncial Nacional de Telecomunicações";"413011";"AGENCIA NACIONAL DE TELECOMUNICACOES-PA"
830;"44000";"Ministério do Meio Ambiente e Mudança do Cl";"20701";"Instituto Brasileiro do Meio Ambiente e dos Recursos Naturais Renováveis";"193119";"IBAMA - SUPERINTENDENCIA DO RIO DE JANEIRO/RJ"
831;"44000";"Ministério do Meio Ambiente e Mudança do Cl";"20701";"Instituto Brasileiro do Meio Ambiente e dos Recursos Naturais Renováveis";"193183";"IBAMA - SUPERINTENDENCIA DO TOCANTINS/TO"
832;"47000";"Ministério do Planejamento e Orçamento";"25205";"Fundação Instituto Brasileiro de Geografia e Estatística";"114601";"FUNDACAO IBGE-ADMINISTRACAO CENTRAL/RJ"
833;"52000";"Ministério da Defesa";"52121";"Comando do Exército";"160262";"1º REGIMENTO DE CARROS DE COMBATE"
834;"52000";"Ministério da Defesa";"52121";"Comando do Exército";"160455";"20 GRUPO DE ARTILHARIA DE CAMPANHA LEVE"
835;"52000";"Ministério da Defesa";"52121";"Comando do Exército";"160022";"21 COMPANHIA DE ENGENHARIA CONSTRUCAO"
836;"52000";"Ministério da Defesa";"52121";"Comando do Exército";"160369";"3º GRUPO DE ARTILHARIA ANTIAEREA"
837;"52000";"Ministério da Defesa";"52121";"Comando do Exército";"160127";"4º GRUPO DE ARTILHARIA ANTIAEREA"
838;"52000";"Ministério da Defesa";"52121";"Comando do Exército";"160296";"BASE ADM DA BRIGADA DE INFANTARIA PQDT"
839;"52000";"Ministério da Defesa";"52121";"Comando do Exército";"160012";"CENTRO DE INSTRUCAO DE GUERRA NA SELVA"
840;"52000";"Ministério da Defesa";"52121";"Comando do Exército";"160293";"CMDO DE DEFESA ANTIAEREA DO EXERCITO"
841;"52000";"Ministério da Defesa";"52121";"Comando do Exército";"160016";"COMANDO DO COMANDO MILITAR DA AMAZONIA"
842;"52000";"Ministério da Defesa";"52121";"Comando do Exército";"160313";"ESCOLA DE CMDO E ESTADO-MAIOR DO EXERCITO"
843;"52000";"Ministério da Defesa";"52904";"Fundo do Exército";"167118";"COMANDO DA 4ª REGIAO MILITAR"
844;"26000";"Ministério da Educação";"26443";"Empresa Brasileira de Serviços Hospitalares";"155016";"EBSERH HU-UFGD"
845;"26000";"Ministério da Educação";"26409";"Instituto Federal de Educação, Ciência e Tecnologia de Minas Gerais";"156592";"INST.FED.MINAS GERAIS/CAMPUS IBIRITE"
846;"26000";"Ministério da Educação";"26431";"Instituto Federal de Educação, Ciência e Tecnologia do Piauí";"158353";"INST. FED. PIAUI/CAMPUS TERESINA CENTRAL"
847;"26000";"Ministério da Educação";"26238";"Universidade Federal de Minas Gerais";"153279";"ESCOLA DE ENFERMAGEM/UFMG"
848;"46000";"Ministério da Gestão e da Inovação em Ser";"46000";"Ministério da Gestão e da Inovação em Serviços Públicos - Unidades com vínculo direto";"170605";"DIARIAS E PASSAGENS CSC - MGI"
849;"46000";"Ministério da Gestão e da Inovação em Ser";"46000";"Ministério da Gestão e da Inovação em Serviços Públicos - Unidades com vínculo direto";"170025";"SUPERINTENDENCIA REG. ADM. DO MGI - MARANHAO"
850;"49000";"Ministério do Desenvolvimento Agrário e Agr";"22201";"Instituto Nacional de Colonização e Reforma Agrária";"373048";"SUPERINTENDENCIA REG.DE PERNAMBUCO - SR(03)PE"
851;"40000";"Ministério do Trabalho e Emprego";"38901";"Fundo de Amparo ao Trabalhador";"380943";"SUPERINTENDENCIA REGIONAL DO TRABALHO/PA"
852;"40000";"Ministério do Trabalho e Emprego";"38901";"Fundo de Amparo ao Trabalhador";"380947";"SUPERINTENDENCIA REGIONAL DO TRABALHO/RJ"
853;"22000";"Ministério da Agricultura e Pecuária";"22000";"Ministério da Agricultura e Pecuária - Unidades com vínculo direto";"130018";"SUPERINT.DE AGRICULTURA E PECUARIA - SFA/TO"
854;"52000";"Ministério da Defesa";"52121";"Comando do Exército";"160053";"11 GRUPO DE ARTILHARIA ANTIAEREA"
855;"52000";"Ministério da Defesa";"52121";"Comando do Exército";"160055";"16 BATALHAO LOGISTICO"
856;"52000";"Ministério da Defesa";"52121";"Comando do Exército";"160033";"19º BATALHAO DE CACADORES"
857;"52000";"Ministério da Defesa";"52121";"Comando do Exército";"160206";"30º BATALHAO DE INFANTARIA MECANIZADO"
858;"52000";"Ministério da Defesa";"52121";"Comando do Exército";"160130";"36º BATALHAO DE INFANTARIA MECANIZADO"
859;"52000";"Ministério da Defesa";"52121";"Comando do Exército";"160367";"3º BATALHAO DE ENGENHARIA DE COMBATE"
860;"52000";"Ministério da Defesa";"52121";"Comando do Exército";"160388";"3º REGIMENTO DE CAVALARIA DE GUARDAS"
861;"52000";"Ministério da Defesa";"52121";"Comando do Exército";"160047";"COMANDO DA 10ª REGIAO MILITAR"
862;"52000";"Ministério da Defesa";"52904";"Fundo do Exército";"167058";"32 GRUPO DE ARTILHARIA DE CAMPANHA"
863;"52000";"Ministério da Defesa";"52904";"Fundo do Exército";"167224";"PARQUE REGIONAL DE MANUTENCAO/5"
864;"26000";"Ministério da Educação";"26443";"Empresa Brasileira de Serviços Hospitalares";"155009";"HOSPITAL UNIVERSITARIO DE BRASILIA"
865;"26000";"Ministério da Educação";"26439";"Instituto Federal de Educação, Ciência e Tecnologia de São Paulo";"158329";"IFSP - CAMPUS SAO ROQUE"
866;"26000";"Ministério da Educação";"26408";"Instituto Federal de Educação, Ciência e Tecnologia do Maranhão";"158292";"IFMA/CAMPUS ALCANTARA"
867;"26000";"Ministério da Educação";"26435";"Instituto Federal de Educação, Ciência e Tecnologia do Rio Grande do Norte";"158369";"INST.FED.DO RN/CAMPUS NATAL - CENTRAL"
868;"26000";"Ministério da Educação";"26000";"Ministério da Educação - Unidades com vínculo direto";"150002";"SUBSECRETARIA DE GESTAO ADMINISTRATIVA/MEC"
869;"26000";"Ministério da Educação";"26238";"Universidade Federal de Minas Gerais";"153294";"CENTRO PEDAGOGICO/UFMG"
870;"26000";"Ministério da Educação";"26238";"Universidade Federal de Minas Gerais";"153290";"FACULDADE DE ODONTOLOGIA/UFMG"
871;"25000";"Ministério da Fazenda";"25801";"Receita Federal do Brasil";"170533";"ALFANDEGA DA RFB EM SAO PAULO"
872;"46000";"Ministério da Gestão e da Inovação em Ser";"46000";"Ministério da Gestão e da Inovação em Serviços Públicos - Unidades com vínculo direto";"170345";"SUPERINTENDENCIA REG. ADM. DO MGI - AMAPA"
873;"36000";"Ministério da Saúde";"36000";"Ministério da Saúde - Unidades com vínculo direto";"257047";"DISTRITO SANIT.ESP.INDIGENA - PERNAMBUCO"
874;"32000";"Ministério de Minas e Energia";"32396";"Agência Nacional de Mineração";"323122";"GERENCIA REGIONAL DA ANM - TO"
875;"49000";"Ministério do Desenvolvimento Agrário e Agr";"22211";"Companhia Nacional de Abastecimento";"135586";"CONAB SEDE SUREG ALAGOAS"
876;"49000";"Ministério do Desenvolvimento Agrário e Agr";"22211";"Companhia Nacional de Abastecimento";"135629";"CONAB SEDE SUREG SERGIPE"
877;"44000";"Ministério do Meio Ambiente e Mudança do Cl";"20701";"Instituto Brasileiro do Meio Ambiente e dos Recursos Naturais Renováveis";"193108";"IBAMA - SUPERINTENDENCIA DE GOIAS/GO"
878;"44000";"Ministério do Meio Ambiente e Mudança do Cl";"20701";"Instituto Brasileiro do Meio Ambiente e dos Recursos Naturais Renováveis";"193102";"IBAMA - SUPERINTENDENCIA DO AMAPA/AP"
879;"39000";"Ministério dos Transportes";"39252";"Departamento Nacional de Infraestrutura de Transportes";"393022";"SUPERINTENDENCIA REG. NO ESTADO PI - DNIT"
880;"52000";"Ministério da Defesa";"52121";"Comando do Exército";"160259";"1 GRUPO DE ARTILHARIA ANTIAEREA"
881;"52000";"Ministério da Defesa";"52121";"Comando do Exército";"160159";"18 GRUPO DE ARTILHARIA DE CAMPANHA"
882;"52000";"Ministério da Defesa";"52121";"Comando do Exército";"160384";"18º BATALHAO DE INFANTARIA MOTORIZADO"
883;"52000";"Ministério da Defesa";"52121";"Comando do Exército";"160433";"19º BATALHAO DE INFANTARIA MOTORIZADO"
884;"52000";"Ministério da Defesa";"52121";"Comando do Exército";"160250";"1º BATALHAO DE COMUNICACOES"
885;"52000";"Ministério da Defesa";"52121";"Comando do Exército";"160044";"23º BATALHAO DE CACADORES - PATRIMONIAL"
886;"52000";"Ministério da Defesa";"52121";"Comando do Exército";"160270";"2º REGIMENTO DE CAVALARIA DE GUARDAS"
887;"52000";"Ministério da Defesa";"52121";"Comando do Exército";"160173";"31º BATALHAO DE INFANTARIA MOTORIZADO"
888;"52000";"Ministério da Defesa";"52121";"Comando do Exército";"160028";"35º BATALHAO DE INFANTARIA"
889;"52000";"Ministério da Defesa";"52121";"Comando do Exército";"160240";"9ª BATERIA DE ARTILHARIA ANTIAEREA (ESCOLA)"
890;"52000";"Ministério da Defesa";"52121";"Comando do Exército";"160225";"BASE ADMINISTRATIVA DO CURADO"
891;"52000";"Ministério da Defesa";"52121";"Comando do Exército";"160091";"CENTRO INTEGRADO DE TELEMATICA DO EXERCITO"
892;"52000";"Ministério da Defesa";"52121";"Comando do Exército";"160422";"COMANDO DA 1ª BRIGADA DE CAVALARIA MECANIZAD"
893;"52000";"Ministério da Defesa";"52121";"Comando do Exército";"160036";"COMANDO DA 6ª REGIAO MILITAR"
894;"52000";"Ministério da Defesa";"52121";"Comando do Exército";"160380";"COMANDO DA 8ª BRIGADA DE INFANTARIA MOTORIZA"
895;"52000";"Ministério da Defesa";"52904";"Fundo do Exército";"167079";"COLEGIO MILITAR DE SANTA MARIA"
896;"26000";"Ministério da Educação";"26421";"Instituto Federal de Educação, Ciência e Tecnologia de Rondônia";"158345";"INST.FED.RONDONIA/CAMPUS PORTO VELHO CALAMA"
897;"26000";"Ministério da Educação";"26408";"Instituto Federal de Educação, Ciência e Tecnologia do Maranhão";"158291";"IFMA/CAMPUS S.JOAO DOS PATOS"
898;"26000";"Ministério da Educação";"26414";"Instituto Federal de Educação, Ciência e Tecnologia do Mato Grosso";"158333";"INST.FED.MATO GROSSO/CAMPUS CUIABA"
899;"26000";"Ministério da Educação";"26410";"Instituto Federal de Educação, Ciência e Tecnologia do Norte de Minas Gerais";"158377";"INST.FED.DO NORTE DE MG/CAMPUS SALINAS"
900;"26000";"Ministério da Educação";"26431";"Instituto Federal de Educação, Ciência e Tecnologia do Piauí";"158354";"INST. FED. PIAUI/CAMPUS TERESINA ZONA SUL"
901;"26000";"Ministério da Educação";"26424";"Instituto Federal de Educação, Ciência e Tecnologia do Tocantins";"158633";"INST.FED.DO TOCANTINS/CAMPUS COLINAS DO TO"
902;"53000";"Ministério da Integração e do Desenvolvime";"22203";"Companhia de Desenvolvimento dos Vales do São Francisco e do Parnaíba";"195005";"CIA DE DES.DOS VALES DO S.FRANC.E DO PARNAIBA"
903;"30000";"Ministério da Justiça e Segurança Pública";"30802";"Polícia Rodoviária Federal";"200122";"SUPERINTENDENCIA DA PRF NA PARAIBA"
904;"30000";"Ministério da Justiça e Segurança Pública";"30802";"Polícia Rodoviária Federal";"200119";"SUPERINTENDENCIA DA PRF NO RIO GRANDE DO SUL"
905;"36000";"Ministério da Saúde";"36000";"Ministério da Saúde - Unidades com vínculo direto";"250023";"SUPERINTENDENCIA DO MINISTERIO DA SAUDE / MT"
906;"35000";"Ministério das Relações Exteriores";"35000";"Ministério das Relações Exteriores - Unidades com vínculo direto";"240001";"1A.COMISSAO BRASILEIRA DEMARCADORA DE LIMITES"
907;"32000";"Ministério de Minas e Energia";"32396";"Agência Nacional de Mineração";"323123";"GERENCIA REGIONAL DA ANM - AL"
908;"40000";"Ministério do Trabalho e Emprego";"38901";"Fundo de Amparo ao Trabalhador";"380941";"SUPERINTENDENCIA REGIONAL DO TRABALHO/MG"
909;"52000";"Ministério da Defesa";"52121";"Comando do Exército";"160456";"22 BATALHAO LOGISTICO LEVE"
910;"52000";"Ministério da Defesa";"52121";"Comando do Exército";"160457";"BASE DE ADMINISTRACAO E APOIO DO IBIRAPUERA"
911;"52000";"Ministério da Defesa";"52904";"Fundo do Exército";"167238";"BASE DE APOIO LOGISTICO DO EXERCITO"
912;"26000";"Ministério da Educação";"26421";"Instituto Federal de Educação, Ciência e Tecnologia de Rondônia";"158532";"INST.FED.RONDONIA/CAMPUS P. VELHO ZONA NORTE"
913;"26000";"Ministério da Educação";"26403";"Instituto Federal de Educação, Ciência e Tecnologia do Amazonas";"158560";"IFAM - CAMPUS PARINTINS"
914;"26000";"Ministério da Educação";"26435";"Instituto Federal de Educação, Ciência e Tecnologia do Rio Grande do Norte";"158371";"INST.FED.DO RN/CAMPUS APODI"
915;"46000";"Ministério da Gestão e da Inovação em Ser";"46000";"Ministério da Gestão e da Inovação em Serviços Públicos - Unidades com vínculo direto";"170207";"SUPERINTENDENCIA REG. ADM. DO MGI - AMAZONAS"
916;"30000";"Ministério da Justiça e Segurança Pública";"30802";"Polícia Rodoviária Federal";"200128";"SUPERINTENDENCIA REG. POL. RODV. FEDERAL-MS"
917;"36000";"Ministério da Saúde";"36211";"Fundação Nacional de Saúde";"255005";"FUNDACAO NACIONAL DE SAUDE - BA"
918;"32000";"Ministério de Minas e Energia";"32396";"Agência Nacional de Mineração";"323117";"GERENCIA REGIONAL DA ANM - MS"
919;"49000";"Ministério do Desenvolvimento Agrário e Agr";"22211";"Companhia Nacional de Abastecimento";"135182";"CONAB SEDE SUREG MINAS GERAIS"
920;"49000";"Ministério do Desenvolvimento Agrário e Agr";"22201";"Instituto Nacional de Colonização e Reforma Agrária";"373062";"SUPERINT. REG. DO RIO DE JANEIRO - SR(07)RJ"
921;"52000";"Ministério da Defesa";"52121";"Comando do Exército";"160007";"4 BATALHAO DE AVIACAO DO EXERCITO"
922;"52000";"Ministério da Defesa";"52904";"Fundo do Exército";"167052";"1 REGIMENTO DE CAVALARIA DE GUARDA"
923;"26000";"Ministério da Educação";"26409";"Instituto Federal de Educação, Ciência e Tecnologia de Minas Gerais";"156591";"INST.FED.MINAS GERAIS/SABARA"
924;"26000";"Ministério da Educação";"26244";"Universidade Federal do Rio Grande do Sul";"153114";"UNIVERSIDADE FEDERAL DO RIO GRANDE DO SUL"
925;"52000";"Ministério da Defesa";"52131";"Comando da Marinha";"740015";"BASE NAVAL DA ILHA DAS COBRAS"
926;"52000";"Ministério da Defesa";"52131";"Comando da Marinha";"764200";"SERVICO DE VETERANOS E PENS. DA MARINHA"
927;"52000";"Ministério da Defesa";"52132";"Comando da Marinha - Fundo Naval";"665720";"HOSPITAL NAVAL MARCILIO DIAS"
928;"26000";"Ministério da Educação";"26352";"Fundação Universidade Federal do ABC";"154503";"FUNDACAO UNIVERSIDADE FEDERAL DO ABC"
929;"26000";"Ministério da Educação";"26431";"Instituto Federal de Educação, Ciência e Tecnologia do Piauí";"158355";"INST. FED. PIAUI/CAMPUS FLORIANO"
930;"26000";"Ministério da Educação";"26435";"Instituto Federal de Educação, Ciência e Tecnologia do Rio Grande do Norte";"158372";"INST.FED.DO RN/CAMPUS SANTA CRUZ"
931;"26000";"Ministério da Educação";"26436";"Instituto Federal de Educação, Ciência e Tecnologia Sul-rio-grandense";"158467";"INST.FED.SUL-RIO-GRANDENSE/CAMPUS PELOTAS"
932;"26000";"Ministério da Educação";"26351";"Universidade Federal do Recôncavo da Bahia";"158092";"UNIVERSIDADE FEDERAL DO RECONCAVO DA BAHIA"
933;"26000";"Ministério da Educação";"26258";"Universidade Tecnológica Federal do Paraná";"150148";"UTFPR - CAMPUS LONDRINA"
934;"36000";"Ministério da Saúde";"36000";"Ministério da Saúde - Unidades com vínculo direto";"250024";"SUPERINTENDENCIA DO MINISTERIO DA SAUDE / MS"
935;"40000";"Ministério do Trabalho e Emprego";"40000";"Ministério do Trabalho e Emprego - Unidades com vínculo direto";"400067";"SUPERINTENDENCIA REGIONAL DO TRABALHO/GO"
936;"52000";"Ministério da Defesa";"31280";"Caixa de Construções de Casas para o Pessoal da Marinha do Brasil";"778000";"CAIXA DE CONSTR DE CASAS P/ O PESSOAL DA MARI"
937;"52000";"Ministério da Defesa";"52131";"Comando da Marinha";"791181";"CENTRO DE INTEND. DA MARINHA EM S.PEDRO DA AL"
938;"52000";"Ministério da Defesa";"52131";"Comando da Marinha";"720305";"CENTRO TECNOLOGICO DA MARINHA NO RIO DE JANEI"
939;"52000";"Ministério da Defesa";"52131";"Comando da Marinha";"771000";"DIRETORIA DE ABASTECIMENTO DA MARINHA"
940;"52000";"Ministério da Defesa";"52131";"Comando da Marinha";"752000";"DIRETORIA DE PORTOS E COSTAS"
941;"52000";"Ministério da Defesa";"52121";"Comando do Exército";"160521";"3ª BATERIA DE ARTILHARIA ANTIAEREA"
942;"52000";"Ministério da Defesa";"52121";"Comando do Exército";"160113";"4º BATALHAO DE ENGENHARIA DE COMBATE"
943;"26000";"Ministério da Educação";"26404";"Instituto Federal de Educação, Ciência e Tecnologia Baiano";"154579";"IF BAIANO CAMPUS VALENCA"
944;"26000";"Ministério da Educação";"26427";"Instituto Federal de Educação, Ciência e Tecnologia da Bahia";"158411";"INST. FED. DA BAHIA/CAMPUS SALVADOR"
945;"26000";"Ministério da Educação";"26419";"Instituto Federal de Educação, Ciência e Tecnologia do Rio Grande do Sul";"158261";"INST.FED.DO RS/CAMPUS PORTO ALEGRE"
946;"26000";"Ministério da Educação";"26447";"Universidade Federal do Oeste da Bahia";"158717";"UNIVERSIDADE FEDERAL DO OESTE DA BAHIA - UFOB"
947;"68000";"Ministério de Portos e Aeroportos";"62201";"Agência Nacional de Aviação Civil";"113216";"REPRESENTACAO REGIONAL RIO DE JANEIRO - ANAC"
948;"24000";"Ministério da Ciência, Tecnologia e Inovaç";"24000";"Ministério da Ciência, Tecnologia e Inovação - Unidades com vínculo direto";"240123";"LABORATORIO NACIONAL DE COMPUTACAO CIENTIFICA"
949;"52000";"Ministério da Defesa";"52131";"Comando da Marinha";"795120";"1.BATALHAO DE INFANTARIA DE FUZILEIROS NAVAIS"
950;"52000";"Ministério da Defesa";"52131";"Comando da Marinha";"795140";"3.BATALHAO DE INFANTARIA DE FUZILEIROS NAVAIS"
951;"52000";"Ministério da Defesa";"52131";"Comando da Marinha";"731050";"BATALHAO NAVAL"
952;"52000";"Ministério da Defesa";"52131";"Comando da Marinha";"740014";"CENTRO LOGISTICO DO MATERIAL DA MARINHA"
953;"52000";"Ministério da Defesa";"52131";"Comando da Marinha";"789000";"COMANDO DO 8.DISTRITO NAVAL"
954;"52000";"Ministério da Defesa";"52131";"Comando da Marinha";"711000";"GABINETE DO COMANDANTE DA MARINHA"
955;"52000";"Ministério da Defesa";"52131";"Comando da Marinha";"764100";"SERVICO DE IDENTIFICACAO DA MARINHA"
956;"52000";"Ministério da Defesa";"52121";"Comando do Exército";"160217";"5º GRUPO DE ARTILHARIA DE CAMPANHA AP"
957;"52000";"Ministério da Defesa";"52121";"Comando do Exército";"160411";"7º BATALHAO DE INFANTARIA BLINDADO"
958;"52000";"Ministério da Defesa";"52121";"Comando do Exército";"160292";"COLEGIO MILITAR DO RIO DE JANEIRO"
959;"52000";"Ministério da Defesa";"52133";"Fundo de Desenvolvimento do Ensino Profissional Marítimo";"881330";"CAPITANIA DOS PORTOS DO RIO DE JANEIRO."
960;"52000";"Ministério da Defesa";"52904";"Fundo do Exército";"167354";"10º BATALHAO LOGISTICO"
961;"52000";"Ministério da Defesa";"52904";"Fundo do Exército";"167250";"1º BATALHAO DE COMUNICACOES"
962;"52000";"Ministério da Defesa";"52904";"Fundo do Exército";"167407";"29º BATALHAO DE INFANTARIA BLINDADO"
963;"52000";"Ministério da Defesa";"52904";"Fundo do Exército";"167379";"9º BATALHAO DE INFANTARIA MOTORIZADO"
964;"52000";"Ministério da Defesa";"52904";"Fundo do Exército";"167413";"BASE ADMINISTRATIVA DA GUARNICAO DE SANTA MAR"
965;"52000";"Ministério da Defesa";"52904";"Fundo do Exército";"167087";"GABINETE DO COMANDANTE DO EXERCITO"
966;"26000";"Ministério da Educação";"26422";"Instituto Federal de Educação, Ciência e Tecnologia Catarinense";"152254";"IF CATARINENSE - CAMPUS BLUMENAU"
967;"26000";"Ministério da Educação";"26439";"Instituto Federal de Educação, Ciência e Tecnologia de São Paulo";"158349";"IFSP - CAMPUS CARAGUATATUBA"
968;"26000";"Ministério da Educação";"26439";"Instituto Federal de Educação, Ciência e Tecnologia de São Paulo";"158711";"IFSP - CAMPUS MATAO"
969;"26000";"Ministério da Educação";"26405";"Instituto Federal de Educação, Ciência e Tecnologia do Ceará";"158967";"CAMPUS HORIZONTE/IFCE"
970;"26000";"Ministério da Educação";"26415";"Instituto Federal de Educação, Ciência e Tecnologia do Mato Grosso do Sul";"155848";"INST.FED.DO MS/CAMPUS DOURADOS"
971;"26000";"Ministério da Educação";"26415";"Instituto Federal de Educação, Ciência e Tecnologia do Mato Grosso do Sul";"155849";"INST.FED.DO MS/CAMPUS NAVIRAI"
972;"26000";"Ministério da Educação";"26411";"Instituto Federal de Educação, Ciência e Tecnologia do Sudeste de Minas Gerais";"158414";"INST FED SUDESTE DE MG/CAMPUS JUIZ DE FORA"
973;"25000";"Ministério da Fazenda";"25801";"Receita Federal do Brasil";"170072";"DELEGACIA DA RFB EM ARACAJU"
974;"30000";"Ministério da Justiça e Segurança Pública";"30108";"Polícia Federal";"200402";"SUPERINTENDENCIA REGIONAL NO ESTADO DO AP"
975;"44000";"Ministério do Meio Ambiente e Mudança do Cl";"20701";"Instituto Brasileiro do Meio Ambiente e dos Recursos Naturais Renováveis";"193118";"IBAMA - SUPERINTENDENCIA DO PARANA/PR"
976;"52000";"Ministério da Defesa";"52131";"Comando da Marinha";"795130";"2.BATALHAO DE INFANTARIA DE FUZILEIROS NAVAIS"
977;"52000";"Ministério da Defesa";"52131";"Comando da Marinha";"795106";"BATALHAO DE COMANDO E CONTROLE"
978;"52000";"Ministério da Defesa";"52131";"Comando da Marinha";"752100";"CENTRO DE INSTRUCAO ALMIRANTE GRACA ARANHA"
979;"52000";"Ministério da Defesa";"52131";"Comando da Marinha";"732100";"CENTRO DE INSTRUCAO ALTE. SYLVIO DE CAMARGO"
980;"52000";"Ministério da Defesa";"52131";"Comando da Marinha";"791602";"NAVIO ESCOLA BRASIL"
981;"52000";"Ministério da Defesa";"52131";"Comando da Marinha";"773202";"PAGADORIA DO PESSOAL DA MARINHA -PAPEM-OM"
982;"52000";"Ministério da Defesa";"52131";"Comando da Marinha";"710100";"TRIBUNAL MARITIMO"
983;"52000";"Ministério da Defesa";"52121";"Comando do Exército";"160409";"3º GRUPO DE ARTILHARIA DE CAMPANHA AUTOPROPU"
984;"52000";"Ministério da Defesa";"52121";"Comando do Exército";"160142";"9 BATALHAO DE SUPRIMENTO"
985;"52000";"Ministério da Defesa";"52121";"Comando do Exército";"160523";"CENTRO DE PREP. DE OFICIAIS DA RESERVA DE BH"
986;"52000";"Ministério da Defesa";"52904";"Fundo do Exército";"167133";"10 REGIMENTO DE CAVALARIA MECANIZADO"
987;"52000";"Ministério da Defesa";"52904";"Fundo do Exército";"167428";"2º REGIMENTO DE CAVALARIA MECANIZADO"
988;"52000";"Ministério da Defesa";"52904";"Fundo do Exército";"167385";"3º BATALHAO DE COMUNICACOES E GUERRA ELETRON"
989;"52000";"Ministério da Defesa";"52904";"Fundo do Exército";"167403";"6º GRUPO DE ARTILHARIA DE CAMPANHA"
990;"52000";"Ministério da Defesa";"52904";"Fundo do Exército";"167435";"7º REGIMENTO DE CAVALARIA MECANIZADO"
991;"52000";"Ministério da Defesa";"52904";"Fundo do Exército";"167523";"CENTRO DE PREP. DE OFICIAIS DA RESERVA DE BH"
992;"52000";"Ministério da Defesa";"52904";"Fundo do Exército";"167146";"COMANDO DA 18 BRIGADA DE INF DE PANTANAL"
993;"52000";"Ministério da Defesa";"52904";"Fundo do Exército";"167345";"HOSPITAL DE GUARNICAO DE NATAL"
994;"26000";"Ministério da Educação";"26201";"Colégio Pedro II";"155625";"COLEGIO PEDRO II - CAMPUS NITEROI"
995;"26000";"Ministério da Educação";"26443";"Empresa Brasileira de Serviços Hospitalares";"156654";"HOSPITAL DE CLINICAS DE UBERLANDIA"
996;"26000";"Ministério da Educação";"26422";"Instituto Federal de Educação, Ciência e Tecnologia Catarinense";"152290";"IF CATARINENSE - CAMPUS S. FRANCISCO DO SUL"
997;"26000";"Ministério da Educação";"26427";"Instituto Federal de Educação, Ciência e Tecnologia da Bahia";"158403";"INST. FED. DA BAHIA/CAMPUS CAMACARI"
998;"26000";"Ministério da Educação";"26429";"Instituto Federal de Educação, Ciência e Tecnologia de Goiás";"158153";"INST.FED.DE EDUC.,CIENC.E TEC.DE GOIAS"
999;"26000";"Ministério da Educação";"26429";"Instituto Federal de Educação, Ciência e Tecnologia de Goiás";"158430";"INST.FED.DE GOIAS/CAMPUS GOIANIA"
1000;"26000";"Ministério da Educação";"26439";"Instituto Federal de Educação, Ciência e Tecnologia de São Paulo";"158581";"IFSP - CAMPUS ARARAQUARA"
1001;"26000";"Ministério da Educação";"26439";"Instituto Federal de Educação, Ciência e Tecnologia de São Paulo";"158713";"IFSP - CAMPUS SAO JOSE DOS CAMPOS"
1002;"26000";"Ministério da Educação";"26408";"Instituto Federal de Educação, Ciência e Tecnologia do Maranhão";"158455";"IFMA/CAMPUS COELHO NETO"
1003;"26000";"Ministério da Educação";"26424";"Instituto Federal de Educação, Ciência e Tecnologia do Tocantins";"158336";"INST.FED.DO TOCANTINS/CAMPUS PALMAS"
1004;"26000";"Ministério da Educação";"26269";"Universidade Federal do Estado do Rio de Janeiro";"154034";"UNIRIO UNIVERSIDADE FEDERAL DO ESTADO RJ"
1005;"46000";"Ministério da Gestão e da Inovação em Ser";"46000";"Ministério da Gestão e da Inovação em Serviços Públicos - Unidades com vínculo direto";"170175";"SUPERINT.REG. ADM. DO MGI - RIO GRANDE SUL"
1006;"32000";"Ministério de Minas e Energia";"32263";"Departamento Nacional de Produção Mineral";"323004";"SUPERINTENDENCIA DO DNPM-SP"
1007;"22000";"Ministério da Agricultura e Pecuária";"22202";"Empresa Brasileira de Pesquisa Agropecuária";"135042";"EMBRAPA/UEP/RECIFE"
1008;"42000";"Ministério da Cultura";"20411";"Instituto do Patrimônio Histórico e Artístico Nacional";"343043";"SUPERINTENDENCIA DO IPHAN EM TOCANTINS - TO"
1009;"52000";"Ministério da Defesa";"52131";"Comando da Marinha";"795180";"BASE DE FUZILEIROS NAVAIS DA I. DO GOVERNADOR"
1010;"52000";"Ministério da Defesa";"52131";"Comando da Marinha";"795160";"BATALHAO DE ARTILHARIA DE FUZILEIROS NAVAIS"
1011;"52000";"Ministério da Defesa";"52131";"Comando da Marinha";"781600";"ESCOLA DE APRENDIZES-MARINHEIROS DO ES"
1012;"52000";"Ministério da Defesa";"52131";"Comando da Marinha";"788810";"ESTACAO NAVAL DO RIO NEGRO"
1013;"52000";"Ministério da Defesa";"52131";"Comando da Marinha";"765705";"UNIDADE INTEGRADA DE SAUDE MENTAL"
1014;"52000";"Ministério da Defesa";"52121";"Comando do Exército";"160378";"16º ESQUADRAO DE CAVALARIA MECANIZADO"
1015;"52000";"Ministério da Defesa";"52121";"Comando do Exército";"160382";"1º CENTRO DE GEOINFORMACAO"
1016;"52000";"Ministério da Defesa";"52121";"Comando do Exército";"160376";"1º REGIMENTO DE CAVALARIA MECANIZADO"
1017;"52000";"Ministério da Defesa";"52121";"Comando do Exército";"160353";"6 BATALHAO DE ENGENHARIA DE CONSTRUCAO"
1018;"52000";"Ministério da Defesa";"52121";"Comando do Exército";"160110";"COLEGIO MILITAR DE JUIZ DE FORA"
1019;"52000";"Ministério da Defesa";"52121";"Comando do Exército";"160393";"COLEGIO MILITAR DE PORTO ALEGRE"
1020;"52000";"Ministério da Defesa";"52121";"Comando do Exército";"160079";"COLEGIO MILITAR DE SANTA MARIA"
1021;"52000";"Ministério da Defesa";"52121";"Comando do Exército";"160020";"HOSPITAL MILITAR DE AREA DE MANAUS"
1022;"52000";"Ministério da Defesa";"52904";"Fundo do Exército";"167218";"COLEGIO MILITAR DE BELEM"
1023;"52000";"Ministério da Defesa";"52904";"Fundo do Exército";"167051";"PARQUE REGIONAL DE MANUTENCAO/10ª RM"
1024;"26000";"Ministério da Educação";"26405";"Instituto Federal de Educação, Ciência e Tecnologia do Ceará";"158322";"CAMPUS ACARAU/IFCE"
1025;"26000";"Ministério da Educação";"26406";"Instituto Federal de Educação, Ciência e Tecnologia do Espírito Santo";"158419";"IFES - CAMPUS ARACRUZ"
1026;"26000";"Ministério da Educação";"26415";"Instituto Federal de Educação, Ciência e Tecnologia do Mato Grosso do Sul";"158451";"INST. FED. DO MS/CAMPUS COXIM"
1027;"26000";"Ministério da Educação";"26433";"Instituto Federal de Educação, Ciência e Tecnologia do Rio de Janeiro";"158502";"CAMPUS RIO DE JANEIRO"
1028;"26000";"Ministério da Educação";"26419";"Instituto Federal de Educação, Ciência e Tecnologia do Rio Grande do Sul";"158745";"INST.FED.DO RS/CAMPUS ALVORADA"
1029;"26000";"Ministério da Educação";"26424";"Instituto Federal de Educação, Ciência e Tecnologia do Tocantins";"158557";"INST.FED.DO TOCANTINS/CAMPUS PORTO NACIONAL"
1030;"26000";"Ministério da Educação";"26434";"Instituto Federal de Educação, Ciência e Tecnologia Fluminense";"158387";"INST.FED. FLUMINENSE/CAMPUS B.JESUS DO ITABAP"
1031;"26000";"Ministério da Educação";"26434";"Instituto Federal de Educação, Ciência e Tecnologia Fluminense";"158385";"INST.FED. FLUMINENSE/CAMPUS ITAPERUNA"
1032;"26000";"Ministério da Educação";"26243";"Universidade Federal do Rio Grande do Norte";"153109";"CENTRO DE BIOCIENCIAS DA UFRN"
1033;"25000";"Ministério da Fazenda";"25801";"Receita Federal do Brasil";"170116";"SUPERINTENDENCIA REGIONAL DA RFB NA 7A RF"
1034;"30000";"Ministério da Justiça e Segurança Pública";"30802";"Polícia Rodoviária Federal";"200110";"SUPERINTENDENCIA DA PRF NO AMAZONAS"
1035;"30000";"Ministério da Justiça e Segurança Pública";"30802";"Polícia Rodoviária Federal";"200229";"UNIVERSIDADE DA POLICIA RODOVIARIA FEDERAL"
1036;"32000";"Ministério de Minas e Energia";"32396";"Agência Nacional de Mineração";"323118";"GERENCIA REGIONAL DA ANM - PB"
1037;"24000";"Ministério da Ciência, Tecnologia e Inovaç";"20301";"Comissão Nacional de Energia Nuclear";"113203";"COMISSAO NACIONAL DE ENERGIA NUCLEAR-IEN"
1038;"42000";"Ministério da Cultura";"20411";"Instituto do Patrimônio Histórico e Artístico Nacional";"343040";"SUPERINTENDENCIA DO IPHAN NO ACRE-AC"
1039;"52000";"Ministério da Defesa";"52131";"Comando da Marinha";"771100";"BASE DE ABASTEC. DA MARINHA NO RIO DE JANEIRO"
1040;"52000";"Ministério da Defesa";"52131";"Comando da Marinha";"795380";"BASE DE FUZILEIROS NAVAIS DA ILHA DAS FLORES"
1041;"52000";"Ministério da Defesa";"52131";"Comando da Marinha";"795500";"BASE DE FUZILEIROS NAVAIS DO RIO MERITI"
1042;"52000";"Ministério da Defesa";"52131";"Comando da Marinha";"795104";"BATALHAO DE BLINDADOS DE FUZILEIROS NAVAIS"
1043;"52000";"Ministério da Defesa";"52131";"Comando da Marinha";"791610";"COMANDO DO PRIMEIRO ESQUADRAO DE ESCOLTAS"
1044;"52000";"Ministério da Defesa";"52131";"Comando da Marinha";"783602";"ESCOLA DE APREND.-MARINHEIROS DE PERNAMBUCO"
1045;"52000";"Ministério da Defesa";"52131";"Comando da Marinha";"762400";"ESCOLA NAVAL"
1046;"52000";"Ministério da Defesa";"52121";"Comando do Exército";"160072";"11. DEPOSITO DE SUPRIMENTO"
1047;"52000";"Ministério da Defesa";"52121";"Comando do Exército";"160174";"15º BI MTZ - PATRIMONIAL"
1048;"52000";"Ministério da Defesa";"52121";"Comando do Exército";"160441";"28º GRUPO DE ARTILHARIA DE CAMPANHA"
1049;"52000";"Ministério da Defesa";"52121";"Comando do Exército";"160137";"3º BATALHAO DE INFANTARIA DE SELVA"
1050;"52000";"Ministério da Defesa";"52121";"Comando do Exército";"160431";"4º REGIMENTO DE CAVALARIA BLINDADO"
1051;"52000";"Ministério da Defesa";"52121";"Comando do Exército";"160415";"DEPOSITO DE SUBSISTENCIA DE SANTA MARIA"
1052;"52000";"Ministério da Defesa";"52121";"Comando do Exército";"160040";"PARQUE REGIONAL DE MANUTENCAO/6"
1053;"52000";"Ministério da Defesa";"52121";"Comando do Exército";"160200";"PARQUE REGIONAL DE MANUTENCAO/7"
1054;"52000";"Ministério da Defesa";"52904";"Fundo do Exército";"167392";"COMANDO DA 3ª REGIAO MILITAR"
1055;"52000";"Ministério da Defesa";"52904";"Fundo do Exército";"167414";"COMANDO DA 6ª BRIGADA DE INFANTARIA BLINDADA"
1056;"52000";"Ministério da Defesa";"52904";"Fundo do Exército";"167050";"HOSPITAL GERAL DE FORTALEZA"
1057;"26000";"Ministério da Educação";"26443";"Empresa Brasileira de Serviços Hospitalares";"155902";"EBSERH CHC-UFPR"
1058;"26000";"Ministério da Educação";"26283";"Fundação Universidade Federal do Mato Grosso do Sul";"154054";"FUNDACAO UNIVERS.FED. DE MATO GROSSO DO SUL"
1059;"26000";"Ministério da Educação";"26429";"Instituto Federal de Educação, Ciência e Tecnologia de Goiás";"158434";"INST.FED.DE GOIAS/CAMPUS URUACU"
1060;"30000";"Ministério da Justiça e Segurança Pública";"30802";"Polícia Rodoviária Federal";"200123";"SUPERINTENDENCIA DA PRF NO RIO GRANDE DO NORT"
1061;"32000";"Ministério de Minas e Energia";"32396";"Agência Nacional de Mineração";"323128";"GERENCIA REGIONAL DA ANM - SE"
1062;"40000";"Ministério do Trabalho e Emprego";"40000";"Ministério do Trabalho e Emprego - Unidades com vínculo direto";"400040";"GABINETE DO MINISTRO - GM"
1063;"54000";"Ministério do Turismo";"54000";"Ministério do Turismo - Unidades com vínculo direto";"540004";"SUBSECRETARIA DE ADMINISTRACAO - SAD"
1064;"22000";"Ministério da Agricultura e Pecuária";"22202";"Empresa Brasileira de Pesquisa Agropecuária";"135011";"EMBRAPA/CNPA"
1065;"52000";"Ministério da Defesa";"52131";"Comando da Marinha";"791800";"BASE NAVAL DO RIO DE JANEIRO"
1066;"52000";"Ministério da Defesa";"52131";"Comando da Marinha";"762200";"CENTRO DE INSTRUCAO ALMIRANTE WANDENKOLK"
1067;"52000";"Ministério da Defesa";"52131";"Comando da Marinha";"764000";"DIRETORIA DO PESSOAL DA MARINHA"
1068;"52000";"Ministério da Defesa";"52121";"Comando do Exército";"160469";"2º GRUPO DE ARTILHARIA DE CAMPANHA"
1069;"52000";"Ministério da Defesa";"52121";"Comando do Exército";"160160";"51º BATALHAO DE INFANTARIA DE SELVA"
1070;"52000";"Ministério da Defesa";"52121";"Comando do Exército";"160358";"6º REGIMENTO DE CAVALARIA BLINDADO"
1071;"52000";"Ministério da Defesa";"52121";"Comando do Exército";"160251";"BATALHAO ESCOLA DE COMUNICACOES"
1072;"52000";"Ministério da Defesa";"52121";"Comando do Exército";"160466";"COMANDO 11 BRIGADA INFANTARIA MECANIZADA"
1073;"52000";"Ministério da Defesa";"52121";"Comando do Exército";"160195";"COMANDO DO COMANDO MILITAR DO NORDESTE"
1074;"52000";"Ministério da Defesa";"52121";"Comando do Exército";"160088";"HOSPITAL MILITAR DE AREA DE BRASILIA"
1075;"52000";"Ministério da Defesa";"52904";"Fundo do Exército";"167433";"19º BATALHAO DE INFANTARIA MOTORIZADO"
1076;"52000";"Ministério da Defesa";"52904";"Fundo do Exército";"167056";"2º CENTRO DE GEOINFORMACAO"
1077;"52000";"Ministério da Defesa";"52904";"Fundo do Exército";"167422";"COMANDO DA 1ª BRIGADA DE CAVALARIA MECANIZAD"
1078;"52000";"Ministério da Defesa";"52904";"Fundo do Exército";"167438";"COMANDO DA 2ª BRIGADA DE CAVALARIA MECANIZAD"
1079;"26000";"Ministério da Educação";"26350";"Fundação Universidade Federal da Grande Dourados";"154502";"FUNDACAO UNIVERSIDADE FED. DA GRANDE DOURADOS"
1080;"26000";"Ministério da Educação";"26275";"Fundação Universidade Federal do Acre";"154044";"FUNDACAO UNIVERSIDADE FEDERAL DO ACRE"
1081;"26000";"Ministério da Educação";"26439";"Instituto Federal de Educação, Ciência e Tecnologia de São Paulo";"158582";"IFSP - CAMPUS AVARE"
1082;"26000";"Ministério da Educação";"26406";"Instituto Federal de Educação, Ciência e Tecnologia do Espírito Santo";"158429";"IFES - CAMPUS VENDA NOVA DO IMIGRANTE"
1083;"26000";"Ministério da Educação";"26415";"Instituto Federal de Educação, Ciência e Tecnologia do Mato Grosso do Sul";"158453";"INST. FED. DO MS/CAMPUS PONTA PORA"
1084;"26000";"Ministério da Educação";"26433";"Instituto Federal de Educação, Ciência e Tecnologia do Rio de Janeiro";"158157";"INST.FED.DE EDUC.,CIENC.E TEC.DO R.DE JANEIRO"
1085;"26000";"Ministério da Educação";"26419";"Instituto Federal de Educação, Ciência e Tecnologia do Rio Grande do Sul";"158744";"INST.FED.DO RS/CAMPUS VACARIA"
1086;"38000";"Ministério do Trabalho e Emprego";"38000";"Ministério do Trabalho e Emprego - Unidades com vínculo direto";"380044";"SUPERINT REG DO TRAB E EMPREGO/PR"
1087;"42000";"Ministério da Cultura";"42207";"Instituto Brasileiro de Museus";"423033";"COORDENACAO DE APOIO A ADM. DOS MUSEUS IBRAM"
1088;"52000";"Ministério da Defesa";"52131";"Comando da Marinha";"751212";"BASE DE HIDROGRAFIA DA MARINHA EM NITEROI"
1089;"52000";"Ministério da Defesa";"52131";"Comando da Marinha";"791010";"CENTRO DE INTENDEN. DA MARINHA EM NITEROI"
1090;"52000";"Ministério da Defesa";"52131";"Comando da Marinha";"782802";"CENTRO DE INTENDENCIA DA MARINHA EM SALVADOR"
1091;"52000";"Ministério da Defesa";"52131";"Comando da Marinha";"781000";"COMANDO DO 1.DISTRITO NAVAL"
1092;"52000";"Ministério da Defesa";"52131";"Comando da Marinha";"753000";"INSTITUTO DE EST. DO MAR ALTE PAULO MOREIRA"
1093;"52000";"Ministério da Defesa";"52131";"Comando da Marinha";"712000";"SECRETARIA DA COMISSAO INTERMINIST.P/REC.MAR"
1094;"52000";"Ministério da Defesa";"52121";"Comando do Exército";"160230";"15 COMPANHIA ENGENHARIA DE COMBATE MECANIZADA"
1095;"52000";"Ministério da Defesa";"52121";"Comando do Exército";"160005";"54 BATALHAO DE INFANTARIA DE SELVA"
1096;"52000";"Ministério da Defesa";"52121";"Comando do Exército";"160448";"5º BATALHAO DE ENGENHARIA DE COMBATE BLINDAD"
1097;"52000";"Ministério da Defesa";"52121";"Comando do Exército";"160183";"72º BATALHAO DE INFANTARIA DE CAATINGA"
1098;"52000";"Ministério da Defesa";"52121";"Comando do Exército";"160311";"ESCOLA DE APERFEICOAMENTO DE OFICIAIS"
1099;"52000";"Ministério da Defesa";"52904";"Fundo do Exército";"167418";"19º REGIMENTO DE CAVALARIA MECANIZADO"
1100;"52000";"Ministério da Defesa";"52904";"Fundo do Exército";"167410";"4º BATALHAO LOGISTICO"
1101;"52000";"Ministério da Defesa";"52904";"Fundo do Exército";"167001";"7 BATALHAO DE ENGENHARIA DE CONSTRUCAO"
1102;"52000";"Ministério da Defesa";"52904";"Fundo do Exército";"167364";"COMANDO DA 3ª BRIGADA DE CAVALARIA MECANIZAD"
1103;"26000";"Ministério da Educação";"26443";"Empresa Brasileira de Serviços Hospitalares";"156956";"HOSPITAL UNIVERSITARIO DA UNIV. FED. DO AMAPA"
1104;"26000";"Ministério da Educação";"26429";"Instituto Federal de Educação, Ciência e Tecnologia de Goiás";"158432";"INST.FED.DE GOIAS/CAMPUS INHUMAS"
1105;"26000";"Ministério da Educação";"26433";"Instituto Federal de Educação, Ciência e Tecnologia do Rio de Janeiro";"152237";"CAMPUS ARRAIAL DO CABO"
1106;"26000";"Ministério da Educação";"26231";"Universidade Federal de Alagoas";"153037";"UNIVERSIDADE FEDERAL DE ALAGOAS"
1107;"53000";"Ministério da Integração e do Desenvolvime";"22204";"Departamento Nacional de Obras Contra as Secas";"193005";"DNOCS - CEST/PB - JOAO PESSOA - PB"
1108;"30000";"Ministério da Justiça e Segurança Pública";"30802";"Polícia Rodoviária Federal";"200235";"SUPERINTENDENCIA DA PRF NO ACRE"
1109;"33000";"Ministério da Previdência Social";"33000";"Ministério da Previdência Social - Unidades com vínculo direto";"330005";"COORD. GERAL DE GESTAO E ADMINISTRACAO - CGGA"
1110;"35000";"Ministério das Relações Exteriores";"35000";"Ministério das Relações Exteriores - Unidades com vínculo direto";"240003";"MRE - ESCRITORIO DE RPRES.NO RIO DE JANEIRO"
1111;"40000";"Ministério do Trabalho e Emprego";"38901";"Fundo de Amparo ao Trabalhador";"380945";"SUPERINTENDENCIA REGIONAL DO TRABALHO/PB"
1112;"39000";"Ministério dos Transportes";"39252";"Departamento Nacional de Infraestrutura de Transportes";"393017";"SUPERINTENDENCIA REG. NO ESTADO PB - DNIT"
1113;"22000";"Ministério da Agricultura e Pecuária";"22202";"Empresa Brasileira de Pesquisa Agropecuária";"135001";"EMBRAPA/CPAF-RO"
1114;"52000";"Ministério da Defesa";"52211";"Caixa de Financiamento Imobiliário da Aeronáutica";"123001";"CAIXA FINANCIAMENTO IMOBILIARIO AERONAUTICA"
1115;"52000";"Ministério da Defesa";"52111";"Comando da Aeronáutica";"120643";"BASE AEREA DE SANTA MARIA"
1116;"52000";"Ministério da Defesa";"52131";"Comando da Marinha";"751200";"GRUPAMENTO DE NAVIOS HIDROCEANOGRAFICOS"
1117;"52000";"Ministério da Defesa";"52121";"Comando do Exército";"160056";"2º CENTRO DE GEOINFORMACAO"
1118;"52000";"Ministério da Defesa";"52904";"Fundo do Exército";"167259";"1 GRUPO DE ARTILHARIA ANTIAEREA"
1119;"52000";"Ministério da Defesa";"52904";"Fundo do Exército";"167473";"2 GRUPO DE ARTILHARIA ANTIAEREA"
1120;"26000";"Ministério da Educação";"26408";"Instituto Federal de Educação, Ciência e Tecnologia do Maranhão";"158283";"IFMA/CAMPUS BURITICUPU"
1121;"26000";"Ministério da Educação";"26419";"Instituto Federal de Educação, Ciência e Tecnologia do Rio Grande do Sul";"158674";"INST.FED.DO RS/CAMPUS FARROUPILHA"
1122;"26000";"Ministério da Educação";"26412";"Instituto Federal de Educação, Ciência e Tecnologia do Sul de Minas Gerais";"158304";"IFSULDEMINAS - CAMPUS MACHADO"
1123;"26000";"Ministério da Educação";"26436";"Instituto Federal de Educação, Ciência e Tecnologia Sul-rio-grandense";"155144";"INST.FED.SUL-RIO-GRANDENSE/CAMPUS LAJEADO"
1124;"36000";"Ministério da Saúde";"36201";"Fundação Oswaldo Cruz";"254463";"INSTITUTO OSWALDO CRUZ"
1125;"49000";"Ministério do Desenvolvimento Agrário e Agr";"22211";"Companhia Nacional de Abastecimento";"135605";"CONAB SEDE SUREG ACRE"
1126;"52000";"Ministério da Defesa";"52131";"Comando da Marinha";"791600";"COMANDO DA FORCA DE SUPERFICIE"
1127;"52000";"Ministério da Defesa";"52121";"Comando do Exército";"160295";"CMDO GRUPAMENTO UNID.ESCOLA/9ª BDA INF MTZ"
1128;"52000";"Ministério da Defesa";"52121";"Comando do Exército";"160064";"COLEGIO MILITAR DE BRASILIA"
1129;"52000";"Ministério da Defesa";"52904";"Fundo do Exército";"167064";"COLEGIO MILITAR DE BRASILIA"
1130;"26000";"Ministério da Educação";"26433";"Instituto Federal de Educação, Ciência e Tecnologia do Rio de Janeiro";"158482";"CAMPUS DUQUE DE CAXIAS"
1131;"25000";"Ministério da Fazenda";"25915";"Fundo Constitucional do Distrito Federal";"170393";"FCDF±SSP ± POLICIA MILITAR DO DF"
1132;"52000";"Ministério da Defesa";"52131";"Comando da Marinha";"740002";"COORD-GERAL PROG. DESENV. SUBMAR. NUCLEAR"
1133;"39000";"Ministério dos Transportes";"39252";"Departamento Nacional de Infraestrutura de Transportes";"393015";"SUPERINTENDENCIA REG. NO ESTADO SE - DNIT"
1134;"22000";"Ministério da Agricultura e Pecuária";"22202";"Empresa Brasileira de Pesquisa Agropecuária";"135021";"EMBRAPA/CNPS"
1135;"52000";"Ministério da Defesa";"52121";"Comando do Exército";"160177";"71º BATALHAO DE INFANTARIA MOTORIZADO"
1136;"52000";"Ministério da Defesa";"52121";"Comando do Exército";"160082";"PREFEITURA MILITAR DE BRASILIA"
1137;"26000";"Ministério da Educação";"26429";"Instituto Federal de Educação, Ciência e Tecnologia de Goiás";"158610";"INST.FED.DE GOIAS/CAMPUS APARECIDA DE GOIANIA"
1138;"26000";"Ministério da Educação";"26405";"Instituto Federal de Educação, Ciência e Tecnologia do Ceará";"158966";"CAMPUS PARACURU/IFCE"
1139;"26000";"Ministério da Educação";"26406";"Instituto Federal de Educação, Ciência e Tecnologia do Espírito Santo";"158885";"IFES - CAMPUS CENTRO SERRANO"
1140;"26000";"Ministério da Educação";"26406";"Instituto Federal de Educação, Ciência e Tecnologia do Espírito Santo";"158427";"IFES - CAMPUS VILA VELHA"
1141;"25000";"Ministério da Fazenda";"25801";"Receita Federal do Brasil";"170121";"DELEGACIA DA RFB EM NITEROI"
1142;"49000";"Ministério do Desenvolvimento Agrário e Agr";"22211";"Companhia Nacional de Abastecimento";"135315";"CONAB SEDE SUREG RIO GRANDE DO SUL"
1143;"40000";"Ministério do Trabalho e Emprego";"40000";"Ministério do Trabalho e Emprego - Unidades com vínculo direto";"400045";"COORDENACAO-GERAL DE RECURSOS LOGISTICOS"
1144;"40000";"Ministério do Trabalho e Emprego";"40000";"Ministério do Trabalho e Emprego - Unidades com vínculo direto";"400068";"SUPERINTENDENCIA REGIONAL DO TRABALHO/MT"
1145;"52000";"Ministério da Defesa";"52111";"Comando da Aeronáutica";"120013";"CENTRO DE LANCAMENTO DE ALCANTARA"
1146;"52000";"Ministério da Defesa";"52131";"Comando da Marinha";"765710";"CENTRO DE MEDICINA OPERATIVA DA MARINHA"
1147;"52000";"Ministério da Defesa";"52131";"Comando da Marinha";"780000";"COMANDO DE OPERACOES NAVAIS"
1148;"26000";"Ministério da Educação";"26443";"Empresa Brasileira de Serviços Hospitalares";"155126";"HOSPITAL UNIVERSITARIO PROF ALBERTO ANTUNES"
1149;"26000";"Ministério da Educação";"26408";"Instituto Federal de Educação, Ciência e Tecnologia do Maranhão";"158288";"IFMA/CAMPUS C.HISTORICO"
1150;"49000";"Ministério do Desenvolvimento Agrário e Agr";"22211";"Companhia Nacional de Abastecimento";"135325";"CONAB - SEDE SUREG SAO PAULO"
1151;"40000";"Ministério do Trabalho e Emprego";"40000";"Ministério do Trabalho e Emprego - Unidades com vínculo direto";"400072";"SUPERINTENDENCIA REGIONAL DO TRABALHO/PE"
1152;"22000";"Ministério da Agricultura e Pecuária";"22202";"Empresa Brasileira de Pesquisa Agropecuária";"135050";"EMBRAPA/CNPM"
1153;"24000";"Ministério da Ciência, Tecnologia e Inovaç";"24000";"Ministério da Ciência, Tecnologia e Inovação - Unidades com vínculo direto";"240107";"INSTITUTO NACIONAL DE PESQ. ESPACIAIS-INPE"
1154;"42000";"Ministério da Cultura";"20411";"Instituto do Patrimônio Histórico e Artístico Nacional";"343030";"CENTRO NACIONAL DE FOLCLORE E CULTURA POPULAR"
1155;"52000";"Ministério da Defesa";"52131";"Comando da Marinha";"771210";"DEPOSITO DE COMBUSTIVEIS_DA MB NO RIO JANEIRO"
1156;"52000";"Ministério da Defesa";"52121";"Comando do Exército";"160383";"12º REGIMENTO DE CAVALARIA MECANIZADO"
1157;"52000";"Ministério da Defesa";"52121";"Comando do Exército";"160371";"29º GRUPO DE ARTILHARIA DE CAMPANHA AUTOPROP"
1158;"52000";"Ministério da Defesa";"52121";"Comando do Exército";"160474";"4 BATALHAO DE INFANTARIA MECANIZADO"
1159;"52000";"Ministério da Defesa";"52121";"Comando do Exército";"160175";"BASE ADMINISTRATIVA DA GUARNICAO DE JP"
1160;"52000";"Ministério da Defesa";"52904";"Fundo do Exército";"167526";"3ª COMPANHIA DE ENGENHARIA DE COMBATE MECANI"
1161;"52000";"Ministério da Defesa";"52904";"Fundo do Exército";"167113";"4º BATALHAO DE ENGENHARIA DE COMBATE"
1162;"52000";"Ministério da Defesa";"52904";"Fundo do Exército";"167432";"CENTRO DE LOGISTICA DE MISSEIS E FOGUETES"
1163;"26000";"Ministério da Educação";"26422";"Instituto Federal de Educação, Ciência e Tecnologia Catarinense";"152253";"IF CATARINENSE - CAMPUS IBIRAMA"
1164;"26000";"Ministério da Educação";"26405";"Instituto Federal de Educação, Ciência e Tecnologia do Ceará";"158317";"CAMPUS SOBRAL/IFCE"
1165;"26000";"Ministério da Educação";"26411";"Instituto Federal de Educação, Ciência e Tecnologia do Sudeste de Minas Gerais";"158412";"INST FED SUDESTE DE MG/CAMPUS RIO POMBA"
1166;"26000";"Ministério da Educação";"26412";"Instituto Federal de Educação, Ciência e Tecnologia do Sul de Minas Gerais";"154809";"IFSULDEMINAS - CAMPUS POCOS DE CALDAS"
1167;"26000";"Ministério da Educação";"26448";"Universidade Federal do Sul e Sudeste do Pará";"158718";"UNIVERSIDADE FEDERAL DO SUL E SUDESTE DO PARA"
1168;"40000";"Ministério do Trabalho e Emprego";"40000";"Ministério do Trabalho e Emprego - Unidades com vínculo direto";"400056";"SECRETARIA DE INSPECAO DO TRABALHO - SIT"
1169;"40000";"Ministério do Trabalho e Emprego";"40000";"Ministério do Trabalho e Emprego - Unidades com vínculo direto";"400064";"SUPERINTENDENCIA REGIONAL DO TRABALHO/CE"
1170;"40000";"Ministério do Trabalho e Emprego";"40000";"Ministério do Trabalho e Emprego - Unidades com vínculo direto";"400075";"SUPERINTENDENCIA REGIONAL DO TRABALHO/PB"
1171;"42000";"Ministério da Cultura";"20411";"Instituto do Patrimônio Histórico e Artístico Nacional";"343039";"SUPERINTENDENCIA DO IPHAN NO RIO G. NORTE/RN"
1172;"52000";"Ministério da Defesa";"52111";"Comando da Aeronáutica";"120633";"GRUPAMENTO DE APOIO DE SAO PAULO"
1173;"52000";"Ministério da Defesa";"52131";"Comando da Marinha";"784810";"CENTRO DE INTENDENCIA DA MARINHA EM BELEM"
1174;"52000";"Ministério da Defesa";"52131";"Comando da Marinha";"787000";"COMANDO DO 7º DISTRITO NAVAL"
1175;"52000";"Ministério da Defesa";"52121";"Comando do Exército";"160547";"22º BATALHAO DE INFANTARIA MECANIZADO"
1176;"52000";"Ministério da Defesa";"52121";"Comando do Exército";"160401";"5º REGIMENTO DE CAVALARIA MECANIZADO"
1177;"52000";"Ministério da Defesa";"52121";"Comando do Exército";"160146";"COMANDO DA 18 BRIGADA DE INF DE PANTANAL"
1178;"52000";"Ministério da Defesa";"52904";"Fundo do Exército";"167375";"27º GRUPO DE ARTILHARIA DE CAMPANHA"
1179;"52000";"Ministério da Defesa";"52904";"Fundo do Exército";"167102";"41º BATALHAO DE INFANTARIA MECANIZADO"
1180;"26000";"Ministério da Educação";"26286";"Fundação Universidade Federal do Amapá";"154215";"FUNDACAO UNIVERSIDADE FEDERAL DO AMAPA"
1181;"26000";"Ministério da Educação";"26402";"Instituto Federal de Educação, Ciência e Tecnologia de Alagoas";"158382";"INST.FED. ALAGOAS/CAMPUS SATUBA"
1182;"26000";"Ministério da Educação";"26439";"Instituto Federal de Educação, Ciência e Tecnologia de São Paulo";"158330";"IFSP - CAMPUS SAO CARLOS"
1183;"26000";"Ministério da Educação";"26436";"Instituto Federal de Educação, Ciência e Tecnologia Sul-rio-grandense";"151895";"INST.FED.SUL-RIO-GRANDENSE/VISCONDE DA GRACA"
1184;"26000";"Ministério da Educação";"26442";"Universidade da Integração Internacional da Lusofonia Afro-Brasileira";"158565";"UNIV.DA INTEG.INTERN.DA LUSOF.AFRO-BRASILEIRA"
1185;"25000";"Ministério da Fazenda";"25801";"Receita Federal do Brasil";"170279";"CORREGEDORIA-GERAL DA RFB"
1186;"36000";"Ministério da Saúde";"36000";"Ministério da Saúde - Unidades com vínculo direto";"257001";"DIRETORIA EXECUTIVA DO FUNDO NAC. DE SAUDE"
1187;"44000";"Ministério do Meio Ambiente e Mudança do Cl";"20701";"Instituto Brasileiro do Meio Ambiente e dos Recursos Naturais Renováveis";"193105";"IBAMA - SUPERINTENDENCIA DO ACRE/AC"
1188;"44000";"Ministério do Meio Ambiente e Mudança do Cl";"20701";"Instituto Brasileiro do Meio Ambiente e dos Recursos Naturais Renováveis";"193120";"IBAMA - SUPERINTENDENCIA RIO GRANDE NORTE/RN"
1189;"40000";"Ministério do Trabalho e Emprego";"37201";"Fundação Jorge Duprat Figueiredo, de Segurança e Medicina do Trabalho";"264001";"FUNDACENTRO - FUND.JORGE DUPRAT/CTN/SEDE - SP"
1190;"40000";"Ministério do Trabalho e Emprego";"40000";"Ministério do Trabalho e Emprego - Unidades com vínculo direto";"400084";"SUPERINTENDENCIA REGIONAL DO TRABALHO/TO"
1191;"39000";"Ministério dos Transportes";"39252";"Departamento Nacional de Infraestrutura de Transportes";"393024";"SUPERINTENDENCIA REG. NO ESTADO CE - DNIT"
1192;"39000";"Ministério dos Transportes";"56901";"Fundo Nacional de Segurança e Educação de Trânsito";"200320";"FUNDO NACIONAL DE SEG. E EDUCACAO DE TRANSITO"
1193;"24000";"Ministério da Ciência, Tecnologia e Inovaç";"24000";"Ministério da Ciência, Tecnologia e Inovação - Unidades com vínculo direto";"240137";"CENTRO DE TECNOLOGIAS ESTRATEG. DO NORDESTE"
1194;"42000";"Ministério da Cultura";"42000";"Ministério da Cultura - Unidades com vínculo direto";"420009";"COORD.GERAL DE LICIT., CONTRAT. E REC. LOGIST"
1195;"52000";"Ministério da Defesa";"52121";"Comando do Exército";"160435";"7º REGIMENTO DE CAVALARIA MECANIZADO"
1196;"52000";"Ministério da Defesa";"52121";"Comando do Exército";"160078";"COLEGIO MILITAR DE CAMPO GRANDE"
1197;"52000";"Ministério da Defesa";"52121";"Comando do Exército";"160438";"COMANDO DA 2ª BRIGADA DE CAVALARIA MECANIZAD"
1198;"52000";"Ministério da Defesa";"52904";"Fundo do Exército";"167046";"COLEGIO MILITAR DE FORTALEZA"
1199;"52000";"Ministério da Defesa";"52904";"Fundo do Exército";"167393";"COLEGIO MILITAR DE PORTO ALEGRE"
1200;"26000";"Ministério da Educação";"26421";"Instituto Federal de Educação, Ciência e Tecnologia de Rondônia";"158635";"INST.FED.RONDONIA/CAMPUS GUAJARA MIRIM"
1201;"26000";"Ministério da Educação";"26423";"Instituto Federal de Educação, Ciência e Tecnologia de Sergipe";"158134";"INST.FED.DE EDUC.,CIENC.E TEC.DE SERGIPE"
1202;"26000";"Ministério da Educação";"26405";"Instituto Federal de Educação, Ciência e Tecnologia do Ceará";"158313";"CAMPUS FORTALEZA/IFCE"
1203;"26000";"Ministério da Educação";"26431";"Instituto Federal de Educação, Ciência e Tecnologia do Piauí";"158146";"INST.FED.DE EDUC.,CIENC.E TEC.DO PIAUI"
1204;"58000";"Ministério da Pesca e Aquicultura";"58000";"Ministério da Pesca e Aquicultura - Unidades com vínculo direto";"580003";"COORD-GERAL DE ORC,FINANCAS E CONTAB."
1205;"22000";"Ministério da Agricultura e Pecuária";"22000";"Ministério da Agricultura e Pecuária - Unidades com vínculo direto";"130060";"SUPERINT.DE AGRICULTURA E PECUARIA - SFA/ES"
1206;"52000";"Ministério da Defesa";"52131";"Comando da Marinha";"795400";"BATALHAO DE OPERACOES ESPECIAIS DE FN"
1207;"52000";"Ministério da Defesa";"52131";"Comando da Marinha";"781100";"COMANDO DO GRUPAMENTO DE PATRULHA NAV. DO SUD"
1208;"52000";"Ministério da Defesa";"52121";"Comando do Exército";"160152";"11 REGIMENTO DE CAVALARIA MECANIZADO"
1209;"52000";"Ministério da Defesa";"52121";"Comando do Exército";"160454";"28º BATALHAO DE CACADORES"
1210;"52000";"Ministério da Defesa";"52121";"Comando do Exército";"160434";"2ª BATERIA DE ARTILHARIA ANTIAEREA"
1211;"52000";"Ministério da Defesa";"52121";"Comando do Exército";"160226";"34º BATALHAO DE INFANTARIA MECANIZADO"
1212;"52000";"Ministério da Defesa";"52121";"Comando do Exército";"160198";"7º DEPOSITO DE SUPRIMENTO"
1213;"52000";"Ministério da Defesa";"52121";"Comando do Exército";"160530";"BASE DE ADMINISTRACAO E APOIO DO CMO"
1214;"52000";"Ministério da Defesa";"52121";"Comando do Exército";"160238";"BASE DE APOIO LOGISTICO DO EXERCITO"
1215;"52000";"Ministério da Defesa";"52121";"Comando do Exército";"160317";"ESCOLA DE INSTRUCAO ESPECIALIZADA"
1216;"26000";"Ministério da Educação";"26404";"Instituto Federal de Educação, Ciência e Tecnologia Baiano";"154580";"INSTITUTO FEDERAL BAIANO - CAMPUS ITAPETINGA"
1217;"26000";"Ministério da Educação";"26417";"Instituto Federal de Educação, Ciência e Tecnologia da Paraíba";"158138";"IFPB - REITORIA"
1218;"26000";"Ministério da Educação";"26403";"Instituto Federal de Educação, Ciência e Tecnologia do Amazonas";"158142";"INST.FED.DE EDUC.,CIENC.E TEC.DO AMAZONAS"
1219;"26000";"Ministério da Educação";"26453";"Universidade Federal de Jataí";"156678";"UNIVERSIDADE FEDERAL DE JATAI"
1220;"25000";"Ministério da Fazenda";"25801";"Receita Federal do Brasil";"170262";"DELEGACIA DA RFB EM S.JOSE DOS CAMPOS"
1221;"30000";"Ministério da Justiça e Segurança Pública";"30802";"Polícia Rodoviária Federal";"200232";"SUPERINTENDENCIA DA PRF EM RORAIMA"
1222;"36000";"Ministério da Saúde";"36000";"Ministério da Saúde - Unidades com vínculo direto";"250032";"SUPERINTENDENCIA DO MINISTERIO DA SAUDE / RN"
1223;"44000";"Ministério do Meio Ambiente e Mudança do Cl";"20701";"Instituto Brasileiro do Meio Ambiente e dos Recursos Naturais Renováveis";"193121";"IBAMA - SUPERINTENDENCIA DE RONDONIA/RO"
1224;"44000";"Ministério do Meio Ambiente e Mudança do Cl";"44208";"Serviço Florestal Brasileiro";"440075";"SERVICO FLORESTAL BRASILEIRO"
1225;"40000";"Ministério do Trabalho e Emprego";"38901";"Fundo de Amparo ao Trabalhador";"380948";"SUPERINTENDENCIA REGIONAL DO TRABALHO/RN"
1226;"40000";"Ministério do Trabalho e Emprego";"40000";"Ministério do Trabalho e Emprego - Unidades com vínculo direto";"400081";"SUPERINTENDENCIA REGIONAL DO TRABALHO/SC"
1227;"52000";"Ministério da Defesa";"52121";"Comando do Exército";"160478";"13º REGIMENTO DE CAVALARIA MECANIZADO"
1228;"52000";"Ministério da Defesa";"52121";"Comando do Exército";"160484";"2 BATALHAO DE POLICIA DO EXERCITO"
1229;"52000";"Ministério da Defesa";"52121";"Comando do Exército";"160407";"29º BATALHAO DE INFANTARIA BLINDADO"
1230;"52000";"Ministério da Defesa";"52121";"Comando do Exército";"160471";"37º BATALHAO DE INFANTARIA MECANIZADA"
1231;"52000";"Ministério da Defesa";"52121";"Comando do Exército";"160414";"COMANDO DA 6ª BRIGADA DE INFANTARIA BLINDADA"
1232;"26000";"Ministério da Educação";"26404";"Instituto Federal de Educação, Ciência e Tecnologia Baiano";"154581";"IF BAIANO / CAMPUS TEIXEIRA DE FREITAS"
1233;"26000";"Ministério da Educação";"26417";"Instituto Federal de Educação, Ciência e Tecnologia da Paraíba";"158474";"IFPB - CAMPUS CABEDELO"
1234;"26000";"Ministério da Educação";"26417";"Instituto Federal de Educação, Ciência e Tecnologia da Paraíba";"155894";"IFPB - CAMPUS ITABAIANA"
1235;"26000";"Ministério da Educação";"26405";"Instituto Federal de Educação, Ciência e Tecnologia do Ceará";"158314";"CAMPUS LIMOEIRO DO NORTE/IFCE"
1236;"26000";"Ministério da Educação";"26406";"Instituto Federal de Educação, Ciência e Tecnologia do Espírito Santo";"158423";"IFES - CAMPUS SAO MATEUS"
1237;"26000";"Ministério da Educação";"26407";"Instituto Federal de Educação, Ciência e Tecnologia Goiano";"158300";"IF GOIANO - CAMPUS MORRINHOS"
1238;"49000";"Ministério do Desenvolvimento Agrário e Agr";"22211";"Companhia Nacional de Abastecimento";"135242";"CONAB SEDE SUREG PARA"
1239;"20000";"Presidência da República";"60000";"Gabinete da Vice-Presidência da República";"110766";"VICE-PRESIDENCIA DA REPUBLICA"
1240;"24000";"Ministério da Ciência, Tecnologia e Inovaç";"24000";"Ministério da Ciência, Tecnologia e Inovação - Unidades com vínculo direto";"240121";"INST.BRAS.DE INFORM. EM CIENCIA E TECNOLOGIA"
1241;"42000";"Ministério da Cultura";"20411";"Instituto do Patrimônio Histórico e Artístico Nacional";"343032";"SUPERINTENDENCIA DO IPHAN NA PARAIBA,IPHAN-PB"
1242;"42000";"Ministério da Cultura";"20411";"Instituto do Patrimônio Histórico e Artístico Nacional";"343010";"SUPERINTENDENCIA DO IPHAN NO PARANA, IPHAN-PR"
1243;"42000";"Ministério da Cultura";"20411";"Instituto do Patrimônio Histórico e Artístico Nacional";"343011";"SUPERINTENDENCIA DO IPHAN S.CATARINA,IPHAN-SC"
1244;"52000";"Ministério da Defesa";"52121";"Comando do Exército";"160185";"14 BATALHAO LOGISTICO"
1245;"52000";"Ministério da Defesa";"52121";"Comando do Exército";"160081";"23 ESQUADRAO DE CAVALARIA DE SELVA"
1246;"52000";"Ministério da Defesa";"52121";"Comando do Exército";"160403";"6º GRUPO DE ARTILHARIA DE CAMPANHA"
1247;"52000";"Ministério da Defesa";"52121";"Comando do Exército";"160100";"CMDO DA 3ª BRIGADA DE INFANTARIA MECANIZADA"
1248;"52000";"Ministério da Defesa";"52121";"Comando do Exército";"160046";"COLEGIO MILITAR DE FORTALEZA"
1249;"52000";"Ministério da Defesa";"52121";"Comando do Exército";"160141";"COMISSAO REGIONAL DE OBRAS DA 9ª RM"
1250;"52000";"Ministério da Defesa";"52222";"Fundação Osório";"164204";"FUNDACAO OSORIO"
1251;"26000";"Ministério da Educação";"26419";"Instituto Federal de Educação, Ciência e Tecnologia do Rio Grande do Sul";"158264";"INST.FED.DO RS/CAMPUS BENTO GONCALVES"
1252;"30000";"Ministério da Justiça e Segurança Pública";"30000";"Ministério da Justiça e Segurança Pública - Unidades com vínculo direto";"110795";"AUTORIDADE NACIONAL DE PROTECAO DE DADOS"
1253;"36000";"Ministério da Saúde";"36201";"Fundação Oswaldo Cruz";"254420";"FUNDACAO OSWALDO CRUZ"
1254;"35000";"Ministério das Relações Exteriores";"35000";"Ministério das Relações Exteriores - Unidades com vínculo direto";"240013";"DIVISAO DE LOGISTICA E INFRAESTRUTURA - DLI"
1255;"42000";"Ministério da Cultura";"20411";"Instituto do Patrimônio Histórico e Artístico Nacional";"343036";"SUPERINTENDENCIA DO IPHAN NO PIAUI, IPHAN-PI"
1256;"52000";"Ministério da Defesa";"52131";"Comando da Marinha";"742050";"CENTRO DE INTEND. TECNOL. DA MARINHA EM SP"
1257;"52000";"Ministério da Defesa";"52131";"Comando da Marinha";"788820";"CENTRO DE INTENDENCIA DA MARINHA EM MANAUS"
1258;"52000";"Ministério da Defesa";"52121";"Comando do Exército";"160150";"4ª COMPANHIA DE ENGENHARIA COMBATE MECANIZAD"
1259;"52000";"Ministério da Defesa";"52121";"Comando do Exército";"160196";"BASE DE ADMINISTRACAO E APOIO DA 8ª RM"
1260;"52000";"Ministério da Defesa";"52121";"Comando do Exército";"160287";"BIBLIOTECA DO EXERCITO"
1261;"52000";"Ministério da Defesa";"52121";"Comando do Exército";"160315";"CENTRO DE CAP.FISIC.DO EXERCIT. FORT.SAO JOAO"
1262;"52000";"Ministério da Defesa";"52121";"Comando do Exército";"160352";"COMANDO DE FRONTEIRA DE RORAIMA/7 BIS"
1263;"52000";"Ministério da Defesa";"52121";"Comando do Exército";"160346";"COMANDO DE FRONTEIRA RONDONIA/6 BIS"
1264;"52000";"Ministério da Defesa";"52904";"Fundo do Exército";"167404";"4º REGIMENTO DE CARROS DE COMBATE"
1265;"26000";"Ministério da Educação";"26429";"Instituto Federal de Educação, Ciência e Tecnologia de Goiás";"158611";"INST.FED.DE GOIAS/CAMPUS CIDADE DE GOIAS"
1266;"26000";"Ministério da Educação";"26429";"Instituto Federal de Educação, Ciência e Tecnologia de Goiás";"158431";"INST.FED.DE GOIAS/CAMPUS JATAI"
1267;"26000";"Ministério da Educação";"26439";"Instituto Federal de Educação, Ciência e Tecnologia de São Paulo";"158344";"IFSP - CAMPUS BRAGANCA PAULISTA"
1268;"26000";"Ministério da Educação";"26406";"Instituto Federal de Educação, Ciência e Tecnologia do Espírito Santo";"158886";"IFES - CAMPUS BARRA DE SAO FRANCISCO"
1269;"49000";"Ministério do Desenvolvimento Agrário e Agr";"22211";"Companhia Nacional de Abastecimento";"135141";"CONAB SEDE SUREG GOIAS"
1270;"52000";"Ministério da Defesa";"52131";"Comando da Marinha";"777100";"SERVICO DE DOCUMENTACAO DA MARINHA"
1271;"52000";"Ministério da Defesa";"52121";"Comando do Exército";"160149";"COMANDO 4 BRIGADA DE CAVALARIA MECANIZADA"
1272;"52000";"Ministério da Defesa";"52121";"Comando do Exército";"160244";"COMANDO DE ARTILHARIA DIVISIONARIA DA 1 DE"
1273;"52000";"Ministério da Defesa";"52121";"Comando do Exército";"160021";"PARQUE REGIONAL DE MANUTENCAO/12"
1274;"52000";"Ministério da Defesa";"52904";"Fundo do Exército";"167158";"COMANDO 13 BDA DE INFANTARIA MOTORIZADA"
1275;"26000";"Ministério da Educação";"26417";"Instituto Federal de Educação, Ciência e Tecnologia da Paraíba";"158471";"IFPB - CAMPUS PRINCESA ISABEL"
1276;"26000";"Ministério da Educação";"26418";"Instituto Federal de Educação, Ciência e Tecnologia de Pernambuco";"158136";"INST.FED.DE EDUC.,CIENC.E TEC.DE PERNAMBUCO"
1277;"26000";"Ministério da Educação";"26405";"Instituto Federal de Educação, Ciência e Tecnologia do Ceará";"158958";"CAMPUS ARACATI/IFCE"
1278;"26000";"Ministério da Educação";"26432";"Instituto Federal do Paraná";"158399";"INST. FED. DO PARANA/CAMPUS TELEMACO BORBA"
1279;"36000";"Ministério da Saúde";"36000";"Ministério da Saúde - Unidades com vínculo direto";"250105";"HOSPITAL FEDERAL DA LAGOA"
1280;"40000";"Ministério do Trabalho e Emprego";"40000";"Ministério do Trabalho e Emprego - Unidades com vínculo direto";"400077";"SUPERINTENDENCIA REGIONAL DO TRABALHO/RJ"
1281;"52000";"Ministério da Defesa";"52904";"Fundo do Exército";"167213";"5º BATALHAO LOGISTICO"
1282;"26000";"Ministério da Educação";"26417";"Instituto Federal de Educação, Ciência e Tecnologia da Paraíba";"158279";"IFPB - CAMPUS SOUSA"
1283;"26000";"Ministério da Educação";"26428";"Instituto Federal de Educação, Ciência e Tecnologia de Brasília";"152143";"IFB - CAMPUS RECANTO DAS EMAS"
1284;"26000";"Ministério da Educação";"26412";"Instituto Federal de Educação, Ciência e Tecnologia do Sul de Minas Gerais";"154810";"IFSULDEMINAS - CAMPUS PASSOS"
1285;"52000";"Ministério da Defesa";"52233";"Amazônia Azul Tecnologia de Defesa S.A.";"710300";"AMAZONIA AZUL TECNOL. DE DEFESA S.A - AMAZUL"
1286;"52000";"Ministério da Defesa";"52131";"Comando da Marinha";"772100";"CENTRO DE INST. E ADEST. ALM. NEWTON BRAGA"
1287;"52000";"Ministério da Defesa";"52131";"Comando da Marinha";"720000";"ESTADO-MAIOR DA ARMADA"
1288;"52000";"Ministério da Defesa";"52131";"Comando da Marinha";"765703";"ODONTOCLINICA CENTRAL DA MARINHA"
1289;"52000";"Ministério da Defesa";"52132";"Comando da Marinha - Fundo Naval";"686810";"CENTRO DE INTENDENCIA DA MARINHA EM LADARIO"
1290;"52000";"Ministério da Defesa";"52121";"Comando do Exército";"160102";"41º BATALHAO DE INFANTARIA MECANIZADO"
1291;"52000";"Ministério da Defesa";"52904";"Fundo do Exército";"167371";"29º GRUPO DE ARTILHARIA DE CAMPANHA AUTOPROP"
1292;"52000";"Ministério da Defesa";"52904";"Fundo do Exército";"167416";"HOSPITAL GERAL DE SANTA MARIA"
1293;"26000";"Ministério da Educação";"26417";"Instituto Federal de Educação, Ciência e Tecnologia da Paraíba";"158281";"IFPB - CAMPUS CAMPINA GRANDE"
1294;"40000";"Ministério do Trabalho e Emprego";"40000";"Ministério do Trabalho e Emprego - Unidades com vínculo direto";"400061";"SUPERINTENDENCIA REGIONAL DO TRABALHO/AL"
1295;"25201";"Banco Central do Brasil - Orçamento Fiscal e";"25201";"Banco Central do Brasil - Orçamento Fiscal e Seguridade Social - Unidades com vínculo direto";"173051";"BANCO CENTRAL DO BRASIL - RIO DE JANEIRO"
1296;"52000";"Ministério da Defesa";"52111";"Comando da Aeronáutica";"120637";"BASE AEREA DE BOA VISTA"
1297;"52000";"Ministério da Defesa";"52121";"Comando do Exército";"160207";"3º REGIMENTO DE CARROS DE COMBATE"
1298;"52000";"Ministério da Defesa";"52904";"Fundo do Exército";"167098";"BASE ADMINISTRATIVA DO CMDO DE OP ESPECIAIS"
1299;"52000";"Ministério da Defesa";"52904";"Fundo do Exército";"167059";"BATALHAO DE GUARDA PRESIDENCIAL"
1300;"26000";"Ministério da Educação";"26406";"Instituto Federal de Educação, Ciência e Tecnologia do Espírito Santo";"158272";"IFES - CAMPUS COLATINA"
1301;"26000";"Ministério da Educação";"26412";"Instituto Federal de Educação, Ciência e Tecnologia do Sul de Minas Gerais";"158305";"IFSULDEMINAS - CAMPUS INCONFIDENTES"
1302;"26000";"Ministério da Educação";"26238";"Universidade Federal de Minas Gerais";"153278";"ESCOLA EDUCACAO FISICA FISIOT.TERAP.OCUP/UFMG"
1303;"25000";"Ministério da Fazenda";"25801";"Receita Federal do Brasil";"170271";"DELEGACIA DA RFB EM PALMAS"
1304;"47000";"Ministério do Planejamento e Orçamento";"61201";"Instituto de Pesquisa Econômica Aplicada";"113601";"INSTITUTO DE PESQUISA ECONOMICA APLICADA"
1305;"52000";"Ministério da Defesa";"52131";"Comando da Marinha";"765741";"LABORATORIO FARMACEUTICO DA MARINHA"
1306;"52000";"Ministério da Defesa";"52121";"Comando do Exército";"160252";"1º BATALHAO DE ENGENHARIA DE COMBATE"
1307;"52000";"Ministério da Defesa";"52121";"Comando do Exército";"160093";"38º BATALHAO DE INFANTARIA"
1308;"52000";"Ministério da Defesa";"52121";"Comando do Exército";"160363";"3º REGIMENTO DE CAVALARIA MECANIZADO"
1309;"52000";"Ministério da Defesa";"52121";"Comando do Exército";"160171";"8º BATALHAO DE ENGENHARIA DE CONSTRUCAO"
1310;"52000";"Ministério da Defesa";"52121";"Comando do Exército";"160426";"DEPOSITO DE SUBSISTENCIA DE SANTO ANGELO"
1311;"26000";"Ministério da Educação";"26256";"Centro Federal de Educação Tecnológica Celso Suckow da Fonseca";"153010";"CENTRO FED.DE EDUC.TECNOL.CELSO S.DA FONSECA"
1312;"26000";"Ministério da Educação";"26418";"Instituto Federal de Educação, Ciência e Tecnologia de Pernambuco";"151911";"IFPE - CAMPUS AFOGADOS DA INGAZEIRA"
1313;"26000";"Ministério da Educação";"26414";"Instituto Federal de Educação, Ciência e Tecnologia do Mato Grosso";"158497";"INST.FED.MATO GROSSO/CAMPUS BARRA DO GARCAS"
1314;"26000";"Ministério da Educação";"26411";"Instituto Federal de Educação, Ciência e Tecnologia do Sudeste de Minas Gerais";"158415";"INST FED SUDESTE DE MG/CAMPUS MURIAE"
1315;"49000";"Ministério do Desenvolvimento Agrário e Agr";"22211";"Companhia Nacional de Abastecimento";"135626";"CONAB SEDE SUREG DISTRITO FEDERAL E ENTORNO"
1316;"44000";"Ministério do Meio Ambiente e Mudança do Cl";"20701";"Instituto Brasileiro do Meio Ambiente e dos Recursos Naturais Renováveis";"193113";"IBAMA - SUPERINTENDENCIA DO MATO GROSSO/MT"
1317;"52000";"Ministério da Defesa";"52131";"Comando da Marinha";"791180";"BASE AEREA NAVAL DE SAO PEDRO DA ALDEIA"
1318;"52000";"Ministério da Defesa";"52131";"Comando da Marinha";"744021";"CENTRO DE MANUTENCAO DE SISTEMAS DA MARINHA"
1319;"52000";"Ministério da Defesa";"52131";"Comando da Marinha";"720300";"DIR-GERAL DE DESEN.NUCLEAR E TEC.DA MARINHA"
1320;"52000";"Ministério da Defesa";"52121";"Comando do Exército";"160356";"12º BATALHAO DE ENGENHARIA DE COMBATE BLINDA"
1321;"52000";"Ministério da Defesa";"52904";"Fundo do Exército";"167349";"COMANDO DA 17 BRIGADA DE INFANTARIA DE SELVA"
1322;"26000";"Ministério da Educação";"26291";"Fundação Coordenação de Aperfeiçoamento de Pessoal de Nível Superior";"154003";"FUND.COORD.DE APERF.DE PESSOAL NIVEL SUPERIOR"
1323;"47000";"Ministério do Planejamento e Orçamento";"47000";"Ministério do Planejamento e Orçamento - Unidades com vínculo direto";"201010";"MINISTERIO DO PLANEJAMENTO E ORCAMENTO"
1324;"40000";"Ministério do Trabalho e Emprego";"40000";"Ministério do Trabalho e Emprego - Unidades com vínculo direto";"400086";"SUPERINTENDENCIA REGIONAL DO TRABALHO/AP"
1325;"22000";"Ministério da Agricultura e Pecuária";"22202";"Empresa Brasileira de Pesquisa Agropecuária";"135020";"EMBRAPA/CTAA"
1326;"52000";"Ministério da Defesa";"52111";"Comando da Aeronáutica";"120632";"GRUPAMENTO DE APOIO DE RECIFE"
1327;"52000";"Ministério da Defesa";"52121";"Comando do Exército";"160255";"1 BATALHAO DE POLICIA DO EXERCITO"
1328;"52000";"Ministério da Defesa";"52121";"Comando do Exército";"160361";"25º GRUPO DE ARTILHARIA DE CAMPANHA"
1329;"52000";"Ministério da Defesa";"52121";"Comando do Exército";"160014";"COMANDO 12 REGIAO MILITAR"
1330;"52000";"Ministério da Defesa";"52904";"Fundo do Exército";"167055";"16 BATALHAO LOGISTICO"
1331;"26000";"Ministério da Educação";"26422";"Instituto Federal de Educação, Ciência e Tecnologia Catarinense";"158459";"IF CATARINENSE - CAMPUS ARAQUARI"
1332;"26000";"Ministério da Educação";"26417";"Instituto Federal de Educação, Ciência e Tecnologia da Paraíba";"155895";"IFPB - CAMPUS CATOLE DO ROCHA"
1333;"26000";"Ministério da Educação";"26417";"Instituto Federal de Educação, Ciência e Tecnologia da Paraíba";"155893";"IFPB - CAMPUS ESPERANCA"
1334;"26000";"Ministério da Educação";"26417";"Instituto Federal de Educação, Ciência e Tecnologia da Paraíba";"156690";"IFPB - CAMPUS SANTA LUZIA"
1335;"26000";"Ministério da Educação";"26409";"Instituto Federal de Educação, Ciência e Tecnologia de Minas Gerais";"158475";"INST.FED. MINAS GERAIS/CAMPUS OURO PRETO"
1336;"26000";"Ministério da Educação";"26414";"Instituto Federal de Educação, Ciência e Tecnologia do Mato Grosso";"158496";"INST.FED.MATO GROSSO/CAMPUS CONFRESA"
1337;"26000";"Ministério da Educação";"26238";"Universidade Federal de Minas Gerais";"153276";"ESCOLA DE BELAS ARTES/UFMG"
1338;"25000";"Ministério da Fazenda";"25801";"Receita Federal do Brasil";"170122";"DELEGACIA DA RFB EM NOVA IGUACU"
1339;"25000";"Ministério da Fazenda";"25208";"Superintendência de Seguros Privados";"173039";"SUPERINTENDENCIA DE SEGUROS PRIVADOS - RJ"
1340;"53000";"Ministério da Integração e do Desenvolvime";"22203";"Companhia de Desenvolvimento dos Vales do São Francisco e do Parnaíba";"195019";"CIA DE DES.DOS VALES DO S.FRANC E DO PARNAIBA"
1341;"41000";"Ministério das Comunicações";"41231";"Agêncial Nacional de Telecomunicações";"413007";"AGENCIA NACIONAL DE TELECOMUNICACOES-PE"
1342;"20000";"Presidência da República";"20101";"Presidência da República";"110809";"SECRETARIA DE ADMINISTRACAO - PECULIARIDADES"
1343;"22000";"Ministério da Agricultura e Pecuária";"22000";"Ministério da Agricultura e Pecuária - Unidades com vínculo direto";"130023";"SUPERINT.DE AGRICULTURA E PECUARIA - SFA/RN"
1344;"24000";"Ministério da Ciência, Tecnologia e Inovaç";"20301";"Comissão Nacional de Energia Nuclear";"113210";"COMISSAO NACIONAL DE ENERGIA NUCLEAR-LAPOC"
1345;"52000";"Ministério da Defesa";"52131";"Comando da Marinha";"732400";"CENTRO DE EDUCACAO FISICA ALTE ADALBE. NUNES"
1346;"52000";"Ministério da Defesa";"52131";"Comando da Marinha";"713000";"COMISSAO DE PROMOCOES DE OFICIAIS"
1347;"52000";"Ministério da Defesa";"52121";"Comando do Exército";"160463";"2º BATALHAO LOGISTICO"
1348;"52000";"Ministério da Defesa";"52121";"Comando do Exército";"160387";"3º CENTRO DE GESTAO, CONT. E FIN. DO EXERCIT"
1349;"52000";"Ministério da Defesa";"52121";"Comando do Exército";"160304";"BATALHAO MANUTENCAO E SUPRIMENTO DE ARMAMENTO"
1350;"52000";"Ministério da Defesa";"52121";"Comando do Exército";"160536";"COMANDO DE FRONTEIRA JURUA E 61º BIS"
1351;"52000";"Ministério da Defesa";"52121";"Comando do Exército";"160482";"COMANDO/1A BRIGADA DE INFANTARIA DE SELVA"
1352;"52000";"Ministério da Defesa";"52904";"Fundo do Exército";"167149";"COMANDO 4 BRIGADA DE CAVALARIA MECANIZADA"
1353;"26000";"Ministério da Educação";"26417";"Instituto Federal de Educação, Ciência e Tecnologia da Paraíba";"158280";"IFPB - CAMPUS CAJAZEIRAS"
1354;"26000";"Ministério da Educação";"26403";"Instituto Federal de Educação, Ciência e Tecnologia do Amazonas";"158447";"IFAM - CAMPUS COARI"
1355;"26000";"Ministério da Educação";"26408";"Instituto Federal de Educação, Ciência e Tecnologia do Maranhão";"158289";"IFMA/CAMPUS ZE DOCA"
1356;"26000";"Ministério da Educação";"26419";"Instituto Federal de Educação, Ciência e Tecnologia do Rio Grande do Sul";"158141";"INST.FED.DE EDUC.,CIENC.E TEC.DO RS"
1357;"26000";"Ministério da Educação";"26419";"Instituto Federal de Educação, Ciência e Tecnologia do Rio Grande do Sul";"158325";"INST.FED.DO RS/CAMPUS ERECHIM"
1358;"26000";"Ministério da Educação";"26432";"Instituto Federal do Paraná";"156542";"INST. FED. DO PARANA/CAMPUS CAPANEMA"
1359;"36000";"Ministério da Saúde";"36211";"Fundação Nacional de Saúde";"255000";"FUNDACAO NACIONAL DE SAUDE - DF"
1360;"35000";"Ministério das Relações Exteriores";"35000";"Ministério das Relações Exteriores - Unidades com vínculo direto";"240031";"ESCRIT.DE REP.DO MINIST.RELAC.EXTERIORES/SP"
1361;"49000";"Ministério do Desenvolvimento Agrário e Agr";"22211";"Companhia Nacional de Abastecimento";"135192";"CONAB SEDE SUREG MATO GROSSO DO SUL"
1362;"52000";"Ministério da Defesa";"52131";"Comando da Marinha";"741000";"ARSENAL DE MARINHA_DO RIO DE JANEIRO"
1363;"52000";"Ministério da Defesa";"52131";"Comando da Marinha";"795700";"BATALHAO DE COMBATE AEREO"
1364;"52000";"Ministério da Defesa";"52131";"Comando da Marinha";"787010";"CENTRO DE INTENDENCIA DA MARINHA EM BRASILIA"
1365;"52000";"Ministério da Defesa";"52131";"Comando da Marinha";"760000";"DIRETORIA-GERAL DO PESSOAL DA MARINHA"
1366;"52000";"Ministério da Defesa";"52131";"Comando da Marinha";"765701";"HOSPITAL CENTRAL_DA MARINHA"
1367;"52000";"Ministério da Defesa";"52904";"Fundo do Exército";"167161";"2 BATALHAO DE INFANTARIA DE SELVA"
1368;"52000";"Ministério da Defesa";"52904";"Fundo do Exército";"167057";"3 ESQUADRAO DE CAVALARIA MECANIZADO"
1369;"52000";"Ministério da Defesa";"52904";"Fundo do Exército";"167130";"36º BATALHAO DE INFANTARIA MECANIZADO"
1370;"52000";"Ministério da Defesa";"52904";"Fundo do Exército";"167207";"3º REGIMENTO DE CARROS DE COMBATE"
1371;"52000";"Ministério da Defesa";"52904";"Fundo do Exército";"167151";"9 GRUPO DE ARTILHARIA DE CAMPANHA"
1372;"26000";"Ministério da Educação";"26443";"Empresa Brasileira de Serviços Hospitalares";"155901";"HOSPITAL ESCOLA DA UFPEL"
1373;"26000";"Ministério da Educação";"26298";"Fundo Nacional de Desenvolvimento da Educação";"153173";"FUNDO NACIONAL DE DESENVOLVIMENTO DA EDUCACAO"
1374;"26000";"Ministério da Educação";"26428";"Instituto Federal de Educação, Ciência e Tecnologia de Brasília";"152147";"IFB - CAMPUS RIACHO FUNDO"
1375;"26000";"Ministério da Educação";"26406";"Instituto Federal de Educação, Ciência e Tecnologia do Espírito Santo";"158892";"IFES - CAMPUS PIUMA"
1376;"53000";"Ministério da Integração e do Desenvolvime";"22203";"Companhia de Desenvolvimento dos Vales do São Francisco e do Parnaíba";"195017";"CIA DE DES.DOS VALES DO S.FRANC E DO PARNAIBA"
1377;"55000";"Ministério do Desenvolvimento e Assistência";"55000";"Ministério do Desenvolvimento e Assistência Social, Família e Combate à Fome - Unidades com vín";"550005";"COORDENACAO GERAL DE LICITACOES E CONTRATOS."
1378;"24000";"Ministério da Ciência, Tecnologia e Inovaç";"20301";"Comissão Nacional de Energia Nuclear";"113207";"COMISSAO NACIONAL DE ENERGIA NUCLEAR-CRCN-CO"
1379;"42000";"Ministério da Cultura";"42207";"Instituto Brasileiro de Museus";"423034";"ESCRITORIO DE REPRESENTACAO DO IBRAM/MG-ES"
1380;"52000";"Ministério da Defesa";"52131";"Comando da Marinha";"762600";"CENTRO DE INSTRUCAO ALMIRANTE ALEXANDRINO"
1381;"52000";"Ministério da Defesa";"52131";"Comando da Marinha";"765700";"CENTRO MEDICO ASSISTENCIAL DA MARINHA"
1382;"52000";"Ministério da Defesa";"52131";"Comando da Marinha";"789101";"COMANDO DO GRUPAM. DE PATRULHA NAV DO SUL-SUD"
1383;"52000";"Ministério da Defesa";"52131";"Comando da Marinha";"781331";"DELEG. DA CAPIT. DOS PORTOS EM ANGRA DOS REIS"
1384;"52000";"Ministério da Defesa";"52121";"Comando do Exército";"160108";"12º BATALHAO DE INFANTARIA LEVE - MONTANHA"
1385;"52000";"Ministério da Defesa";"52121";"Comando do Exército";"160274";"25 BATALHAO LOGISTICO (ES)"
1386;"52000";"Ministério da Defesa";"52121";"Comando do Exército";"160163";"COMANDO DA 8 REGIAO MILITAR/8 DE"
1387;"52000";"Ministério da Defesa";"52133";"Fundo de Desenvolvimento do Ensino Profissional Marítimo";"888310";"CAPITANIA FLUVIAL DA AMAZONIA OCIDENTAL"
1388;"52000";"Ministério da Defesa";"52904";"Fundo do Exército";"167387";"3º CENTRO DE GESTAO, CONT. E FIN. DO EXERCIT"
1389;"52000";"Ministério da Defesa";"52904";"Fundo do Exército";"167004";"59 BATALHAO DE INFANTARIA MOTORIZADO"
1390;"26000";"Ministério da Educação";"26431";"Instituto Federal de Educação, Ciência e Tecnologia do Piauí";"155214";"INST. FED. PIAUI/CAMPUS COCAL"
1391;"26000";"Ministério da Educação";"26419";"Instituto Federal de Educação, Ciência e Tecnologia do Rio Grande do Sul";"158326";"INST.FED.DO RS/CAMPUS PORTO ALEGRE - RESTINGA"
1392;"26000";"Ministério da Educação";"26432";"Instituto Federal do Paraná";"154675";"INST. FED. DO PARANA/CAMPUS IVAIPORA"
1393;"26000";"Ministério da Educação";"26432";"Instituto Federal do Paraná";"156545";"INST. FED. DO PARANA/CAMPUS PITANGA"
1394;"52000";"Ministério da Defesa";"52121";"Comando do Exército";"160023";"10ª COMPANHIA DE ENGENHARIA DE COMBATE"
1395;"52000";"Ministério da Defesa";"52121";"Comando do Exército";"160254";"1º BATALHAO DE INFANTARIA MECANIZADO (ES)"
1396;"52000";"Ministério da Defesa";"52121";"Comando do Exército";"160402";"6º BATALHAO DE ENGENHARIA DE COMBATE"
1397;"52000";"Ministério da Defesa";"52121";"Comando do Exército";"160151";"9 GRUPO DE ARTILHARIA DE CAMPANHA"
1398;"52000";"Ministério da Defesa";"52904";"Fundo do Exército";"167482";"COMANDO/1A BRIGADA DE INFANTARIA DE SELVA"
1399;"26000";"Ministério da Educação";"26405";"Instituto Federal de Educação, Ciência e Tecnologia do Ceará";"158955";"CAMPUS JAGUARIBE/IFCE"
1400;"26000";"Ministério da Educação";"26414";"Instituto Federal de Educação, Ciência e Tecnologia do Mato Grosso";"158498";"INST.FED.MATO GROSSO/CAMPUS RONDONOPOLIS"
1401;"26000";"Ministério da Educação";"26433";"Instituto Federal de Educação, Ciência e Tecnologia do Rio de Janeiro";"158483";"CAMPUS NILOPOLIS"
1402;"26000";"Ministério da Educação";"26432";"Instituto Federal do Paraná";"158398";"INST. FED. DO PARANA/CAMPUS PARANAVAI"
1403;"44000";"Ministério do Meio Ambiente e Mudança do Cl";"20701";"Instituto Brasileiro do Meio Ambiente e dos Recursos Naturais Renováveis";"193115";"IBAMA - SUPERINTENDENCIA DA PARAIBA/PB"
1404;"52000";"Ministério da Defesa";"52121";"Comando do Exército";"160338";"1º ESQUADRAO DE CAVALARIA LEVE"
1405;"52000";"Ministério da Defesa";"52121";"Comando do Exército";"160498";"2º BATALHAO DE INFANTARIA LEVE"
1406;"26000";"Ministério da Educação";"26201";"Colégio Pedro II";"155628";"COLEGIO PEDRO II - CAMPUS CENTRO"
1407;"26000";"Ministério da Educação";"26417";"Instituto Federal de Educação, Ciência e Tecnologia da Paraíba";"155892";"IFPB - CAMPUS SANTA RITA"
1408;"26000";"Ministério da Educação";"26418";"Instituto Federal de Educação, Ciência e Tecnologia de Pernambuco";"158466";"IFPE - CAMPUS BARREIROS"
1409;"39000";"Ministério dos Transportes";"29209";"VALEC Engenharia, Construções e Ferrovias S.A.";"275075";"VALEC ENGENHARIA, CONSTRUCOES E FERROVIAS S.A"
1410;"26000";"Ministério da Educação";"26421";"Instituto Federal de Educação, Ciência e Tecnologia de Rondônia";"158636";"INST.FED.RONDONIA/CAMPUS JARU"
1411;"26000";"Ministério da Educação";"26405";"Instituto Federal de Educação, Ciência e Tecnologia do Ceará";"158965";"CAMPUS ITAPIPOCA/IFCE"
1412;"52000";"Ministério da Defesa";"52132";"Comando da Marinha - Fundo Naval";"691500";"COMANDO DA FORCA DE SUBMARINOS"
1413;"26000";"Ministério da Educação";"26443";"Empresa Brasileira de Serviços Hospitalares";"155007";"HU BRASIL/EMPRESA BRAS.DE SERV.HOSPITALARES"
1414;"26000";"Ministério da Educação";"26417";"Instituto Federal de Educação, Ciência e Tecnologia da Paraíba";"158473";"IFPB - CAMPUS PICUI"
1415;"26000";"Ministério da Educação";"26418";"Instituto Federal de Educação, Ciência e Tecnologia de Pernambuco";"151910";"IFPE - CAMPUS GARANHUNS"
1416;"26000";"Ministério da Educação";"26421";"Instituto Federal de Educação, Ciência e Tecnologia de Rondônia";"158376";"INST.FED.RONDONIA/CAMPUS JI-PARANA"
1417;"26000";"Ministério da Educação";"26234";"Universidade Federal do Espírito Santo";"153046";"UNIVERSIDADE FEDERAL DO ESPIRITO SANTO"
1418;"44000";"Ministério do Meio Ambiente e Mudança do Cl";"20701";"Instituto Brasileiro do Meio Ambiente e dos Recursos Naturais Renováveis";"193114";"IBAMA - SUPERINTENDENCIA DO PARA/PA"
1419;"39000";"Ministério dos Transportes";"39252";"Departamento Nacional de Infraestrutura de Transportes";"393012";"SUPERINTENDENCIA REG. NO ESTADO RS - DNIT"
1420;"52000";"Ministério da Defesa";"52121";"Comando do Exército";"160375";"27º GRUPO DE ARTILHARIA DE CAMPANHA"
1421;"44000";"Ministério do Meio Ambiente e Mudança do Cl";"20701";"Instituto Brasileiro do Meio Ambiente e dos Recursos Naturais Renováveis";"193100";"IBAMA - SUPERINTENDENCIA DO AMAZONAS/AM"
1422;"24000";"Ministério da Ciência, Tecnologia e Inovaç";"24000";"Ministério da Ciência, Tecnologia e Inovação - Unidades com vínculo direto";"240127";"CENTRO DE TECNOLOGIA MINERAL"
1423;"42000";"Ministério da Cultura";"20411";"Instituto do Patrimônio Histórico e Artístico Nacional";"343013";"SUPERINTENDENCIA DO IPHAN M. GERAIS, IPHAN-MG"
1424;"52000";"Ministério da Defesa";"52131";"Comando da Marinha";"785810";"CENTRO DE INTENDENCIA DA MARINHA EM RIO GRAND"
1425;"52000";"Ministério da Defesa";"52131";"Comando da Marinha";"765000";"DIRETORIA DE SAUDE DA MARINHA"
1426;"52000";"Ministério da Defesa";"52904";"Fundo do Exército";"167233";"COMANDO DA 5ª BRIGADA DE CAVALARIA BLINDADA"
1427;"26000";"Ministério da Educação";"26443";"Empresa Brasileira de Serviços Hospitalares";"157249";"HOSPITAL UNIVERSITARIO DA UFRR"
1428;"26000";"Ministério da Educação";"26429";"Instituto Federal de Educação, Ciência e Tecnologia de Goiás";"158523";"INST.FED.DE GOIAS/CAMPUS FORMOSA"
1429;"26000";"Ministério da Educação";"26437";"Instituto Federal de Educação, Ciência e Tecnologia de Roraima";"158510";"INST.FED.RORAIMA - CAMPUS AMAJARI"
1430;"26000";"Ministério da Educação";"26403";"Instituto Federal de Educação, Ciência e Tecnologia do Amazonas";"158563";"IFAM - CAMPUS MAUES"
1431;"26000";"Ministério da Educação";"26434";"Instituto Federal de Educação, Ciência e Tecnologia Fluminense";"158386";"INST.FED. FLUMINENSE/CAMPUS GUARUS"
1432;"26000";"Ministério da Educação";"26432";"Instituto Federal do Paraná";"156543";"INST. FED. DO PARANA/CAMPUS JAGUARIAIVA"
1433;"24000";"Ministério da Ciência, Tecnologia e Inovaç";"24000";"Ministério da Ciência, Tecnologia e Inovação - Unidades com vínculo direto";"240101";"COORDENACAO-GERAL DE RECURSOS LOGISTICOS"
1434;"52000";"Ministério da Defesa";"52111";"Comando da Aeronáutica";"120014";"BASE AEREA DE FORTALEZA"
1435;"52000";"Ministério da Defesa";"52904";"Fundo do Exército";"167150";"4ª COMPANHIA DE ENGENHARIA COMBATE MECANIZAD"
1436;"52000";"Ministério da Defesa";"52904";"Fundo do Exército";"167175";"BASE ADMINISTRATIVA DA GUARNICAO DE JP"
1437;"26000";"Ministério da Educação";"26201";"Colégio Pedro II";"155629";"COLEGIO PEDRO II - CAMPUS HUMAITA II"
1438;"26000";"Ministério da Educação";"26431";"Instituto Federal de Educação, Ciência e Tecnologia do Piauí";"155199";"INST. FED. PIAUI/CAMPUS VALENCA DO PIAUI"
1439;"26000";"Ministério da Educação";"26435";"Instituto Federal de Educação, Ciência e Tecnologia do Rio Grande do Norte";"158155";"INST.FED.DE EDUC.,CIENC.E TEC.DO RN"
1440;"26000";"Ministério da Educação";"26411";"Instituto Federal de Educação, Ciência e Tecnologia do Sudeste de Minas Gerais";"154762";"INST FED SUDESTE MG CAMPUS S. J. DEL REI"
1441;"26000";"Ministério da Educação";"26412";"Instituto Federal de Educação, Ciência e Tecnologia do Sul de Minas Gerais";"158303";"IFSULDEMINAS - CAMPUS MUZAMBINHO"
1442;"26000";"Ministério da Educação";"26407";"Instituto Federal de Educação, Ciência e Tecnologia Goiano";"155063";"IF GOIANO - CAMPUS IPAMERI"
1443;"26000";"Ministério da Educação";"26455";"Universidade Federal do Delta do Parnaíba";"156680";"UNIVERSIDADE FEDERAL DO DELTA DO PARNAIBA"
1444;"24000";"Ministério da Ciência, Tecnologia e Inovaç";"24000";"Ministério da Ciência, Tecnologia e Inovação - Unidades com vínculo direto";"240256";"INSTITUTO NACIONAL DE PESQUISA DO PANTANAL"
1445;"52000";"Ministério da Defesa";"52131";"Comando da Marinha";"784311";"CAPITANIA FLUVIAL DE SANTAREM"
1446;"26000";"Ministério da Educação";"26417";"Instituto Federal de Educação, Ciência e Tecnologia da Paraíba";"155890";"IFPB - CAMPUS ITAPORANGA"
1447;"26000";"Ministério da Educação";"26428";"Instituto Federal de Educação, Ciência e Tecnologia de Brasília";"152142";"IFB - CAMPUS BRASILIA"
1448;"26000";"Ministério da Educação";"26414";"Instituto Federal de Educação, Ciência e Tecnologia do Mato Grosso";"158334";"INST.FED.MATO GROSSO/CAMPUS CACERES"
1449;"26000";"Ministério da Educação";"26415";"Instituto Federal de Educação, Ciência e Tecnologia do Mato Grosso do Sul";"158448";"INST.FED.DO MS/CAMPUS AQUIDAUANA"
1450;"44000";"Ministério do Meio Ambiente e Mudança do Cl";"20701";"Instituto Brasileiro do Meio Ambiente e dos Recursos Naturais Renováveis";"193129";"IBAMA - SUPERINTENDENCIA DE SAO PAULO/SP"
1451;"22000";"Ministério da Agricultura e Pecuária";"22202";"Empresa Brasileira de Pesquisa Agropecuária";"135007";"EMBRAPA/CNPASA"
1452;"52000";"Ministério da Defesa";"52121";"Comando do Exército";"160011";"4º CENTRO DE GEOINFORMACAO"
1453;"52000";"Ministério da Defesa";"52121";"Comando do Exército";"160329";"BATALHAO CENTRAL DE MANUTENCAO E SUPRIMENTO"
1454;"52000";"Ministério da Defesa";"52121";"Comando do Exército";"160525";"ESCOLA DE SAUDE E FORMACAO COMPLEMENTAR DO EX"
1455;"52000";"Ministério da Defesa";"52904";"Fundo do Exército";"167021";"PARQUE REGIONAL DE MANUTENCAO/12"
1456;"26000";"Ministério da Educação";"26417";"Instituto Federal de Educação, Ciência e Tecnologia da Paraíba";"154868";"IFPB - CAMPUS GUARABIRA"
1457;"26000";"Ministério da Educação";"26418";"Instituto Federal de Educação, Ciência e Tecnologia de Pernambuco";"158463";"IFPE - CAMPUS IPOJUCA"
1458;"26000";"Ministério da Educação";"26414";"Instituto Federal de Educação, Ciência e Tecnologia do Mato Grosso";"158972";"INST.FED.MATO GROSSO/CAMPUS ALTA FLORESTA"
1459;"26000";"Ministério da Educação";"26414";"Instituto Federal de Educação, Ciência e Tecnologia do Mato Grosso";"158493";"INST.FED.MATO GROSSO/CAMPUS JUINA"
1460;"26000";"Ministério da Educação";"26435";"Instituto Federal de Educação, Ciência e Tecnologia do Rio Grande do Norte";"154582";"INST FED RN / CAMPUS SAO GONCALO DO AMARANTE"
1461;"46000";"Ministério da Gestão e da Inovação em Ser";"46000";"Ministério da Gestão e da Inovação em Serviços Públicos - Unidades com vínculo direto";"170346";"SUPERINTENDENCIA REG. ADM. DO MGI - RONDONIA"
1462;"30000";"Ministério da Justiça e Segurança Pública";"30907";"Fundo Penitenciário Nacional";"200456";"DIRETORIA DE CIDADANIA E ALTERNATIVAS PENAIS"
1463;"44000";"Ministério do Meio Ambiente e Mudança do Cl";"20701";"Instituto Brasileiro do Meio Ambiente e dos Recursos Naturais Renováveis";"193112";"IBAMA - SUPERINTENDENCIA MATO GROSSO SUL/MS"
1464;"52000";"Ministério da Defesa";"52121";"Comando do Exército";"160372";"COMANDO DA ARTILHARIA DIVISIONARIA DA 3ª DIV"
1465;"26000";"Ministério da Educação";"26443";"Empresa Brasileira de Serviços Hospitalares";"155022";"EBSERH HC-UFPE"
1466;"26000";"Ministério da Educação";"26443";"Empresa Brasileira de Serviços Hospitalares";"155915";"HOSPITAL UNIVERSITARIO ANTONIO PEDRO"
1467;"26000";"Ministério da Educação";"26404";"Instituto Federal de Educação, Ciência e Tecnologia Baiano";"154618";"INST. FED. BAIANO - CAMPUS GOV. MANGABEIRA"
1468;"26000";"Ministério da Educação";"26403";"Instituto Federal de Educação, Ciência e Tecnologia do Amazonas";"156623";"IFAM - CAMPUS IRANDUBA"
1469;"26000";"Ministério da Educação";"26403";"Instituto Federal de Educação, Ciência e Tecnologia do Amazonas";"155422";"IFAM - CAMPUS MANACAPURU"
1470;"26000";"Ministério da Educação";"26414";"Instituto Federal de Educação, Ciência e Tecnologia do Mato Grosso";"151751";"INST.FED.MATO GROSSO/CAMPUS CAMPO VERDE"
1471;"26000";"Ministério da Educação";"26414";"Instituto Federal de Educação, Ciência e Tecnologia do Mato Grosso";"155093";"INST.FED.MATO GROSSO/CAMPUS DIAMANTINO"
1472;"26000";"Ministério da Educação";"26414";"Instituto Federal de Educação, Ciência e Tecnologia do Mato Grosso";"155708";"INST.FED.MATO GROSSO/CAMPUS GUARANTA DO NORTE"
1473;"26000";"Ministério da Educação";"26410";"Instituto Federal de Educação, Ciência e Tecnologia do Norte de Minas Gerais";"158439";"INST.FED.DO NORTE DE MG/CAMPUS ALMENARA"
1474;"26000";"Ministério da Educação";"26432";"Instituto Federal do Paraná";"158396";"INST. FED. DO PARANA/CAMPUS FOZ DO IGUACU"
1475;"26000";"Ministério da Educação";"26250";"Universidade Federal de Roraima";"154080";"UNIVERSIDADE FEDERAL DE RORAIMA"
1476;"40000";"Ministério do Trabalho e Emprego";"37201";"Fundação Jorge Duprat Figueiredo, de Segurança e Medicina do Trabalho";"264008";"FUNDACENTRO/ESCRITORIO AVANCADO NA BAHIA"
1477;"40000";"Ministério do Trabalho e Emprego";"40000";"Ministério do Trabalho e Emprego - Unidades com vínculo direto";"400062";"SUPERINTENDENCIA REGIONAL DO TRABALHO/AM"
1478;"52000";"Ministério da Defesa";"52131";"Comando da Marinha";"781200";"1ºBATALHAO DE OPER.LITORANEAS DE FUZIL.NAVAI"
1479;"52000";"Ministério da Defesa";"52131";"Comando da Marinha";"771280";"CENTRO DE MUNICAO DA MARINHA"
1480;"52000";"Ministério da Defesa";"52131";"Comando da Marinha";"795100";"COMANDO DA DIVISAO ANFIBIA"
1481;"52000";"Ministério da Defesa";"52131";"Comando da Marinha";"767000";"DIRETORIA DE ASSISTENCIA SOCIAL DA MARINHA"
1482;"52000";"Ministério da Defesa";"52121";"Comando do Exército";"160006";"1 BATALHAO DE INFANTARIA DE SELVA(AEROMOVEL)"
1483;"52000";"Ministério da Defesa";"52121";"Comando do Exército";"160450";"14º REGIMENTO DE CAVALARIA MECANIZADO"
1484;"52000";"Ministério da Defesa";"52121";"Comando do Exército";"160004";"59 BATALHAO DE INFANTARIA MOTORIZADO"
1485;"52000";"Ministério da Defesa";"52121";"Comando do Exército";"160214";"5ª COMPANHIA DE COMUNICACOES BLINDADA"
1486;"52000";"Ministério da Defesa";"52121";"Comando do Exército";"160336";"DIRETORIA DE FABRICACAO"
1487;"26000";"Ministério da Educação";"26201";"Colégio Pedro II";"155632";"COLEGIO PEDRO II - CAMPUS SAO CRISTOVAO III"
1488;"26000";"Ministério da Educação";"26418";"Instituto Federal de Educação, Ciência e Tecnologia de Pernambuco";"154849";"IFPE - CAMPUS CABO DE SANTO AGOSTINHO"
1489;"26000";"Ministério da Educação";"26435";"Instituto Federal de Educação, Ciência e Tecnologia do Rio Grande do Norte";"158366";"INST.FED. DO RN/CAMPUS CURRAIS NOVOS"
1490;"40000";"Ministério do Trabalho e Emprego";"40000";"Ministério do Trabalho e Emprego - Unidades com vínculo direto";"400082";"SUPERINTENDENCIA REGIONAL DO TRABALHO/SP"
1491;"42000";"Ministério da Cultura";"20411";"Instituto do Patrimônio Histórico e Artístico Nacional";"343038";"SUPERINTENDENCIA DO IPHAN EM RORAIMA - RR"
1492;"52000";"Ministério da Defesa";"52131";"Comando da Marinha";"791540";"BASE DE SUBMARINOS DA ILHA DA MADEIRA"
1493;"52000";"Ministério da Defesa";"52121";"Comando do Exército";"160277";"31 GRUPO DE ARTILHARIA DE CAMPANHA (ES)"
1494;"52000";"Ministério da Defesa";"52904";"Fundo do Exército";"167323";"HOSPITAL GERAL DO RIO DE JANEIRO"
1495;"26000";"Ministério da Educação";"26410";"Instituto Federal de Educação, Ciência e Tecnologia do Norte de Minas Gerais";"156121";"INST. FED. DO NORTE DE MG/CAMPUS DIAMANTINA"
1496;"26000";"Ministério da Educação";"26431";"Instituto Federal de Educação, Ciência e Tecnologia do Piauí";"154701";"INST. FED. PIAUI/CAMPUS OEIRAS"
1497;"26000";"Ministério da Educação";"26430";"Instituto Federal de Educação, Ciência e Tecnologia do Sertão de Pernambuco";"158149";"INST.FED.DE ED.,CIENC.E TEC.DO S.PERNAMBUCANO"
1498;"36000";"Ministério da Saúde";"36000";"Ministério da Saúde - Unidades com vínculo direto";"250033";"SUPERINTENDENCIA DO MINISTERIO DA SAUDE / RS"
1499;"32000";"Ministério de Minas e Energia";"29208";"Companhia de Pesquisa de Recursos Minerais";"495500";"COMPANHIA DE PESQUISA DE RECURSOS MINERAIS"
1500;"52000";"Ministério da Defesa";"52111";"Comando da Aeronáutica";"120039";"GRUPAMENTO DE APOIO DO RIO DE JANEIRO"
1501;"52000";"Ministério da Defesa";"52121";"Comando do Exército";"160263";"11 GRUPO DE ARTILHARIA DE CAMPANHA"
1502;"52000";"Ministério da Defesa";"52121";"Comando do Exército";"160517";"14ª COMPANHIA DE ENGENHARIA DE COMBATE"
1503;"52000";"Ministério da Defesa";"52121";"Comando do Exército";"160178";"14º BI MTZ - PATRIMONIAL"
1504;"52000";"Ministério da Defesa";"52121";"Comando do Exército";"160059";"BATALHAO DE GUARDA PRESIDENCIAL"
1505;"52000";"Ministério da Defesa";"52904";"Fundo do Exército";"167230";"15 COMPANHIA ENGENHARIA DE COMBATE MECANIZADA"
1506;"52000";"Ministério da Defesa";"52904";"Fundo do Exército";"167498";"2º BATALHAO DE INFANTARIA LEVE"
1507;"26000";"Ministério da Educação";"26414";"Instituto Federal de Educação, Ciência e Tecnologia do Mato Grosso";"158950";"INST.FED.MATO GROSSO/CAMPUS SORRISO"
1508;"26000";"Ministério da Educação";"26414";"Instituto Federal de Educação, Ciência e Tecnologia do Mato Grosso";"155094";"INST.FED.MATO GROSSO/CAMPUS TANGARA DA SERRA"
1509;"26000";"Ministério da Educação";"26435";"Instituto Federal de Educação, Ciência e Tecnologia do Rio Grande do Norte";"158368";"INST.FED.DO RN/CAMPUS NATAL - ZONA NORTE"
1510;"26000";"Ministério da Educação";"26432";"Instituto Federal do Paraná";"154699";"INST. FED. DO PARANA/CAMPUS LONDRINA"
1511;"26000";"Ministério da Educação";"26450";"Universidade Federal do Sul da Bahia";"158720";"UNIVERSIDADE FEDERAL DO SUL DA BAHIA"
