"ID_Portador";"CPF_Portador";"Nome_Portador"
1;"***.866.951-**";"JONAS SCHOTTZ DA SILVA"
2;"***.246.902-**";"GRACE LEAO CRUZ"
3;"***.903.253-**";"FRANCISCO PEREIRA TAVARES"
4;"***.212.021-**";"SYLVIO EDGARD DE CASTRO"
5;"***.833.707-**";"MARCO AURELIO DIAS DE SOUZA LOPES"
6;"***.531.248-**";"CELIA REGINA TREVILATTO"
7;"***.803.818-**";"DANIEL DIMAZIERO FERREIRA"
8;"***.593.208-**";"SAMUEL PEREIRA"
9;"***.448.988-**";"MARIA DAS GRACAS AUGUSTO FORTE"
10;"***.291.818-**";"CARLOS ALBERTO PIAZZA"
11;"***.256.698-**";"VITORIA PANTOJA DE SOUZA"
12;"***.750.348-**";"SILVIO DOS SANTOS LIMA"
13;"***.361.648-**";"AWNY RADI MUSTAFA"
14;"***.314.248-**";"GUSTAVO AURELIO FAUSTINO"
15;"***.999.620-**";"JUVENTINO IVAN DE VARGAS BORGES"
16;"***.422.530-**";"MARCOS WEIGEL"
17;"***.123.070-**";"GABRIEL TEIXEIRA ESPINDOLA"
18;"***.409.845-**";"MARCOS VINICIUS BARRETO DE ARAUJO"
19;"***.123.415-**";"RAIMUNDO NONATO MOREIRA COSTA"
20;"***.417.725-**";"MYRNA GONCALVES PORTO"
21;"***.643.054-**";"LUCIANO GOMES DE SOUZA"
22;"***.959.904-**";"ERICK MARTINS NORAT"
23;"***.683.043-**";"BRENO DAVID BRITO"
24;"***.190.995-**";"JAGUARACI GOMES OLIVEIRA"
25;"***.521.991-**";"SIMIAO BATISTA PINHEIRO"
26;"***.372.211-**";"FREDERICO SAMPAIO VASCONCELOS VILELA"
27;"***.041.822-**";"DANILO GOMES MENDES"
28;"***.916.486-**";"GILMAR DE OLIVEIRA"
29;"***.739.400-**";"RICARDO LUIS CARLSON"
30;"***.070.139-**";"VICTOR ELIAS ROSS"
31;"***.101.501-**";"ARMANDO DE CARVALHO VAN"
32;"***.860.285-**";"ANTONIO DA SILVA SAMPAIO"
33;"***.246.128-**";"CELSO GONCALVES MORELLI"
34;"***.593.781-**";"ELEILSON DA CONCEICAO SILVA"
35;"***.826.881-**";"MARCELO AUGUSTO RODRIGUES PIMENTEL"
36;"***.355.836-**";"DIANA COELHO DE LIMA"
37;"***.421.627-**";"ALVARO ALVES DA SILVA JUNIOR"
38;"***.819.707-**";"MARIO SERGIO CONRRADO MELLO"
39;"***.672.951-**";"JOSE AMILTO FERREIRA LEAL"
40;"***.970.631-**";"KLEBER MORALES DE LIMA"
41;"***.597.771-**";"SIDNEI ANTONIO SOARES"
42;"***.583.695-**";"PABLO DE OLIVEIRA MELO"
43;"***.985.205-**";"JORGE OLIVEIRA SANTOS"
44;"***.246.905-**";"ERIVALDO FONSECA MORAES"
45;"***.700.605-**";"ISAIAS CARDOSO SILVA"
46;"***.855.814-**";"AURELIO ANTAS MIGUEL"
47;"***.319.984-**";"GILMAR FERREIRA MAIA"
48;"***.760.911-**";"CARLOS ALBERTO HONORATO DA SILVA"
49;"***.270.306-**";"ANGELO DE CASTRO DAVILA"
50;"***.493.515-**";"ITAJACY DINIZ GARRIDO"
51;"***.299.758-**";"JOAO LUIZ DA COSTA"
52;"***.474.921-**";"ITAMAR VIEIRA DE SOUZA"
53;"***.873.746-**";"LUIZ HENRIQUE SILVA SANTANA"
54;"***.282.584-**";"JOSE AMARO DA SILVA"
55;"***.769.034-**";"AERLEM CYNNARA SILVA VIEIRA"
56;"***.267.450-**";"ALINE TORRES VENTURINI"
57;"***.181.147-**";"HEITOR DAGUER"
58;"***.859.660-**";"NILTON LUIS ROSA DOS SANTOS"
59;"***.692.260-**";"GELSO ANTONIO CE"
60;"***.913.626-**";"MATEUS CARVALHO SILVA ARAUJO"
61;"***.803.498-**";"MARCIA OLIVEIRA PARREIRA"
62;"***.257.008-**";"INES APARECIDA MUNIZ DA SILVA"
63;"***.214.108-**";"MARCEL MOREIRA PINTO"
64;"***.579.347-**";"CESAR SIMAS TELES"
65;"***.055.421-**";"MARCUS VINICIUS SEGURADO COELHO"
66;"***.067.801-**";"JESULINDO NERY DE SOUZA JUNIOR"
67;"***.743.456-**";"NILSON CESAR CASTANHEIRA GUIMARAES"
68;"***.912.198-**";"PRISCILA RECH PINTO MOSER"
69;"***.411.203-**";"GUTEMBERG BARONE DE ARAUJO NOJOSA"
70;"***.488.092-**";"JORGE LUIZ HESSEL"
71;"***.390.564-**";"HELENO SANTOS DE MORAES"
72;"***.811.472-**";"LILIAM PASTANA MONTEIRO"
73;"***.274.722-**";"LUCIO DO NASCIMENTO BATISTA"
74;"***.702.385-**";"EUGENIO FERNANDO LOPES DA SILVA"
75;"***.649.185-**";"CARLOS RAIMUNDO FREIRE DE CARVALHO E AZEVEDO"
76;"***.800.305-**";"MURILO SIMOES MIDLEJ SILVA"
77;"***.022.721-**";"PAULO VI DE OLIVEIRA BARBOZA"
78;"***.182.481-**";"PAULO ANDRE TAVARES SEGURA"
79;"***.222.256-**";"ADRIANO LUCAS SILVA"
80;"***.594.466-**";"GILBERTO MAYRINK MARQUES"
81;"***.193.301-**";"REGINALDO OSHIRO"
82;"***.817.116-**";"LUIZA DE OLIVEIRA PIMENTEL"
83;"***.235.501-**";"YARA REGINA MACHADO BUENO"
84;"***.539.212-**";"VALTER LOESCHNER"
85;"***.906.839-**";"SILVIO NASU"
86;"***.400.571-**";"EVANGELISTA PEREIRA BARROS"
87;"***.544.465-**";"ANTONIO GOMES DE SOUZA"
88;"***.140.031-**";"NILO SILVA DO NASCIMENTO"
89;"***.090.002-**";"ZILA CRISTINA BACELAR SIDONIO"
90;"***.743.112-**";"RAIMUNDO AZEVEDO AROUCHE"
91;"***.938.412-**";"ANANIAS SILVA SANTA BRIGIDA"
92;"***.814.098-**";"NILSON DA SILVA VIEIRA"
93;"***.101.072-**";"LUIZ ARMANDO MATOS MEIRA"
94;"***.831.573-**";"LIBIO PEIXOTO RODRIGUES"
95;"***.154.064-**";"JONAS FRANCISCO DE OLIVEIRA"
96;"***.478.661-**";"CLENES ANTONIO INACIO OLIVEIRA"
97;"***.557.454-**";"MARCOS JOSE PEREIRA DE SOUZA"
98;"***.147.414-**";"JOAO BERQUIMAS DE ANDRADE"
99;"***.765.673-**";"LUIS FRANCISCO MENDES SILVA"
100;"***.592.749-**";"DENIS NESTOR DA SILVA"
101;"***.840.707-**";"LUIZ HENRIQUE OLIVEIRA SOARES"
102;"***.944.902-**";"JEAN ELAINE SILVA"
103;"***.781.322-**";"ANTONIO THOME NETO"
104;"***.356.202-**";"REGINA OLIVEIRA DA SILVA RASPINI RIBEIRO"
105;"***.992.113-**";"MANOEL DECIO DE LIMA"
106;"***.896.839-**";"EZEQUIEL COELHO KREMER"
107;"***.461.525-**";"NELSON BARRETO FILHO"
108;"***.632.462-**";"JORGE AFONSO LASMAR"
109;"***.083.485-**";"JOAO DE OLIVEIRA RAMOS"
110;"***.498.785-**";"ERLON SANTOS ALVES"
111;"***.499.981-**";"LETICIA VILANI MOROSINO"
112;"***.792.341-**";"ANTONIO CRISTOVAO DOS SANTOS"
113;"***.236.511-**";"JEAN CARLOS BORGES BRITO"
114;"***.661.207-**";"ANDRE LUIZ DAMASIO MARQUES"
115;"***.320.207-**";"PAULO ADRIANO DA SILVA"
116;"***.067.567-**";"ULISSES PEREIRA DE ARAUJO"
117;"***.746.181-**";"FREDERICO LUIZ ISACKSSON DE SOUZA"
118;"***.731.296-**";"MARILENE APARECIDA DE SOUZA FRANCO"
119;"***.219.584-**";"GEORGE CAMPOS PAIVA RODRIGUES"
120;"***.482.118-**";"JOAO BOSCO GILI"
121;"***.988.578-**";"ANTONIO CARLOS MARTINS PEREIRA"
122;"***.090.118-**";"BENEDITO ARAGAO DE ARAUJO DIAS"
123;"***.729.027-**";"JOAO ROMERO SANCHES"
124;"***.327.267-**";"GUILHERME VELOSO"
125;"***.670.777-**";"ARIOVALDO PINTO DAS NEVES"
126;"***.117.557-**";"JOAO ANSELMO BARBOSA"
127;"***.091.027-**";"ALEXANDRE SILVA DA COSTA"
128;"***.975.080-**";"JOSE VALENTIN BAGESTON"
129;"***.312.958-**";"JOAO BOSCO DE CASTRO"
130;"***.547.733-**";"FERNANDO HENRIQUE GAMA DE ALMEIDA"
131;"***.189.694-**";"PAULO LUCIANO DA SILVA SANTOS"
132;"***.331.086-**";"CARLOS BRAGA"
133;"***.991.696-**";"LUIZ ANTONIO MACIEL"
134;"***.793.217-**";"THIAGO DA SILVA RIBEIRO PEREIRA"
135;"***.943.417-**";"OMAR MARTINS DA FONSECA"
136;"***.674.487-**";"MARILAN DA SILVA BORGES"
137;"***.870.471-**";"JOSIMAR RODRIGUES CHAVES"
138;"***.887.544-**";"BALBINO PRAXEDES DE JESUS JUNIOR"
139;"***.933.378-**";"IVONE FRANCISCO DOS SANTOS"
140;"***.197.266-**";"FABIANE SOUZA AGUIAR MICHEL"
141;"***.407.225-**";"TATIELLE BRITO NEPOMUCENO"
142;"***.577.862-**";"RAIMUNDO NONATO DOS SANTOS CARDOSO"
143;"***.498.692-**";"LORENA FIGUEIREDO DE ALENCAR"
144;"***.014.300-**";"ADRIANO IENCZAK"
145;"***.674.741-**";"PAULO CESAR DA CRUZ CORREA"
146;"***.722.898-**";"ARTHUR SINELLI PONTES"
147;"***.207.757-**";"THIERRY RICARDO GUIMARAES ROCHA"
148;"***.184.953-**";"FRANCISCO LUIS AVELINO DE SOUZA"
149;"***.974.940-**";"ALAN SEVERO DOS REIS"
150;"***.374.309-**";"JOSE ROBERTO DE VICENTE"
151;"***.820.954-**";"TALLYS FONSECA GOMES"
152;"***.891.134-**";"DENILSON MATEUS DUARTE DA SILVA"
153;"***.093.447-**";"VITOR DOS SANTOS DE MORAES"
154;"***.435.059-**";"GUILHERME HENRIQUE TESSER DE CERQUEIRA"
155;"***.542.232-**";"TONNY SMAYLON GOMES DE CARVALHO"
156;"***.813.102-**";"VANICE DE OLIVEIRA PINTO"
157;"***.002.137-**";"PAULO VITOR JORDAO DE LIMA"
158;"***.092.840-**";"FERNANDO SNOVARESKI BARBOZA"
159;"***.153.076-**";"JULIO CEZAR FERREIRA"
160;"***.668.256-**";"FELIPE DOS ANJOS LAMAS SILVA"
161;"***.106.064-**";"OPHIR MARTINS DUARTE NETO"
162;"***.427.703-**";"FELIPE BRAGA RIBEIRO DA SILVA"
163;"***.338.877-**";"CARLOS CESAR VIEIRA DE ALMEIDA"
164;"***.011.006-**";"WILLIAN GERALDO CARDOSO"
165;"***.019.435-**";"AGRIPINO MENDES DE LIMA NETO"
166;"***.538.850-**";"FABIO BIALVA VARGAS"
167;"***.881.892-**";"JOAO PAULO SIQUEIRA DOS SANTOS"
168;"***.138.583-**";"MARIO RAULINO"
169;"***.923.703-**";"ANDERSON DA SILVA TORRES"
170;"***.249.213-**";"RONILSON ALVES DOS SANTOS"
171;"***.896.973-**";"YVES LOTHARIO NOLETO DE SOUSA"
172;"***.561.575-**";"BRUNO DOS SANTOS FLORES"
173;"***.629.220-**";"LUIS PAULO CARVALHO LISBOA"
174;"***.341.853-**";"MARCIO ROSA DE ARAUJO"
175;"***.768.731-**";"LUIZ GUSTAVO PIRES DE OLIVEIRA"
176;"***.837.113-**";"ISRAEL SOARES DE OLIVEIRA"
177;"***.722.004-**";"MAURO ALVES DE ARAUJO JUNIOR"
178;"***.629.704-**";"RAFAEL CAMPOS FRANCA"
179;"***.845.303-**";"JOAO PAULO BEZERRA DOS REIS"
180;"***.260.090-**";"GILSO BOGGIO"
181;"***.568.140-**";"CRISTIANO STIVAL"
182;"***.377.560-**";"ALESSANDER JOSE SILVEIRA TAMBESI"
183;"***.155.720-**";"ADRIANO FUMACHI LESINA"
184;"***.164.926-**";"PETERSON HENRIQUE MENDES TOLEDO"
185;"***.710.963-**";"PAULO ROBERTO MONTEIRO COSTA"
186;"***.334.071-**";"IRIS PEREIRA DE SOUZA"
187;"***.659.989-**";"VINICIUS ARAUJO"
188;"***.304.509-**";"HENZO ANGELO LUGARINI"
189;"***.372.157-**";"ANGELO ANTONIO HENRIQUE DA SILVA"
190;"***.160.427-**";"WALLACE BARBOSA QUEIROZ DA SILVA"
191;"***.673.349-**";"LUCIO MAURO PIALA DOS SANTOS"
192;"***.592.586-**";"MARCELLO GUIMARAES BREVES"
193;"***.201.477-**";"ISMARIO ALMEIDA CALIXTO"
194;"***.851.857-**";"VITOR DE SOUZA CAETANO"
195;"***.440.744-**";"MARCOS SUELIO DE MEDEIROS"
196;"***.920.202-**";"ANDERSON BATISTA MIRANDA"
197;"***.526.882-**";"MARCO AURELIO MAIA SERRAO"
198;"***.455.049-**";"CESAR ROBERTO ZIARECKI JUNIOR"
199;"***.550.101-**";"ROBERTO MARQUES DOS SANTOS"
200;"***.317.301-**";"LUIS CARLOS SOARES DOS REIS"
201;"***.001.547-**";"MATHEUS PI FERRARIO DO NASCIMENTO"
202;"***.187.890-**";"MATHEUS DA SILVA FERNANDES"
203;"***.807.100-**";"JOSE ANTONIO PACHECO DE OLIVEIRA"
204;"***.685.048-**";"MARCELO MORAIS DE SOUZA"
205;"***.158.063-**";"JOSE MENDES DE SOUZA NETO"
206;"***.791.201-**";"LEYDSON GALLI NUNES"
207;"***.789.004-**";"GHUTEMBERGUER TAVARES BARBOSA"
208;"***.756.131-**";"EDUARDO DE VASCONCELOS CORDEIRO"
209;"***.621.919-**";"WELLINGTON DRUZIAN MACHADO"
210;"***.611.001-**";"JOAS DE OLIVEIRA MACHADO"
211;"***.336.491-**";"VINICIUS CHITTOLINA"
212;"***.807.764-**";"TULIO BEZERRA CRUZ"
213;"***.766.687-**";"BRUNO BELLO DA SILVA"
214;"***.117.183-**";"FRANCISCO CARDOSO DE LIMA FILHO"
215;"***.996.830-**";"LUCAS FONSECA BOHLKE"
216;"***.588.036-**";"DIEGO MARCAL DA SILVA"
217;"***.256.509-**";"GILCEU ZORZI"
218;"***.786.494-**";"GLEISSON BATISTA DA SILVA"
219;"***.930.911-**";"MAX ROBERTO DE ALMEIDA"
220;"***.939.279-**";"EZRA TATSUMI KIMURA DE MORAES"
221;"***.158.657-**";"ERLEY PEREIRA JUNIOR"
222;"***.807.336-**";"JOSE ALUISIO DOS REIS"
223;"***.116.241-**";"DANERSON PASSOS PEREIRA"
224;"***.303.576-**";"LEONIR RODRIGUES GOMES DE OLIVEIRA"
225;"***.883.001-**";"GENILDO DUARTE GOMES"
226;"***.473.861-**";"ROGUIMAR FARIAS DE LARA PIRES"
227;"***.105.701-**";"WILLIAN DE SOUZA CHUVER"
228;"***.191.201-**";"REGINALDO DANIEL PIRES DE ALBUQUERQUE"
229;"***.812.391-**";"SEBASTIAO BRITTO NETO"
230;"***.705.025-**";"PAULO HENRIQUE DOS SANTOS CASTRO"
231;"***.505.337-**";"CARLOS MAGNO OLIVEIRA DA SILVA"
232;"***.951.477-**";"NATHALIA LEAL DA SILVA"
233;"***.447.967-**";"DURVAL ELEOTERIO SANCHES"
234;"***.337.123-**";"ANTONIO ARAUJO DA SILVA"
235;"***.614.506-**";"CELSO HERMELINDO CARNEIRO"
236;"***.603.470-**";"SERGIO MAURER"
237;"***.409.814-**";"LEONARDO FERNANDES DE LIMA"
238;"***.179.197-**";"VANESSA SOARES DE MORAES"
239;"***.953.530-**";"ARIEL LEMES DIAS"
240;"***.944.277-**";"LUCAS DE SOUZA SANTIAGO"
241;"***.454.542-**";"JOSE ALONSO CORREA RIBEIRO"
242;"***.264.576-**";"PAULO MAURICIO SCHEIBE DA LUZ"
243;"***.516.837-**";"BRENNO ROCHA RIBEIRO"
244;"***.416.587-**";"RUBEM LUIZ PACHECO CAPELLA FILHO"
245;"***.770.674-**";"GISELLE DO CARMO SILVA LEMOS"
246;"***.310.997-**";"NIXON REY CARNEIRO"
247;"***.380.010-**";"JEFFERSON VON ENDE"
248;"***.353.344-**";"GLAUCIO DOUGLAS LOPES CAVALCANTI JUNIOR"
249;"***.691.697-**";"CARLOS ROBERTO FREITAS DE SOUZA"
250;"***.105.186-**";"AILSON FLORENCIO LUZ"
251;"***.402.868-**";"IMACULADA CONCEICAO RIBEIRO"
252;"***.247.722-**";"PAULO JOSE DE OLIVEIRA ALVES"
253;"***.992.472-**";"AUGUSTO RABELO CHAVES"
254;"***.269.482-**";"FLAVIO AUGUSTO ALTIERI DOS SANTOS"
255;"***.292.501-**";"FRANKLIN FERNANDO TEIXEIRA"
256;"***.100.684-**";"MARLISON JOSE DO NASCIMENTO GONCALVES"
257;"***.215.607-**";"RUBINEI DOS SANTOS SILVA"
258;"***.177.247-**";"CARLOS EDUARDO BORNHAUSEN CARDOSO"
259;"***.297.505-**";"ERIVALDO ARAGAO"
260;"***.688.706-**";"ALISSON VICENTE PEREIRA"
261;"***.925.587-**";"MIRIAN GREICE VALENTIN DE MORAES"
262;"***.347.291-**";"ANGELA ALVES MENDES"
263;"***.160.006-**";"FLAVIO AUGUSTO FERREIRA DE SOUZA"
264;"***.493.767-**";"WILLIAM DO NASCIMENTO CARVALHO"
265;"***.041.552-**";"DENISE DE NAZARE VINHAS"
266;"***.443.137-**";"JEAN CARLO NUNES DOS SANTOS"
267;"***.831.271-**";"DIEGO MORAES DE OLIVEIRA"
268;"***.826.376-**";"ANDRE CRISTIANO PINTO"
269;"***.957.174-**";"MARIA DO SOCORRO CAMPOS ARAUJO"
270;"***.175.087-**";"LUIZ FERNANDO SILVA"
271;"***.851.826-**";"ALAN DE PAIVA LOURES"
272;"***.552.716-**";"LIVIA FRANCO PEREIRA DOS SANTOS"
273;"***.326.183-**";"RAFAEL DOS SANTOS LOPES"
274;"***.043.489-**";"DANIELA QUADROS"
275;"***.754.429-**";"TIAGO GUALBERTO DA SILVA"
276;"***.304.391-**";"FELIPE CUNHA PEREIRA"
277;"***.477.531-**";"HIRAM DEIQUES PERES"
278;"***.437.830-**";"WILMAR FLORES DE CASTRO"
279;"***.764.360-**";"RODRIGO SELIPRIN CEZAR"
280;"***.198.133-**";"JONATAS MELO NETO"
281;"***.224.634-**";"CHARBEL SHOITI SALVADOR UCHIDA"
282;"***.786.924-**";"FRANCISCO DE CASSIO DE OLIVEIRA MENDES"
283;"***.528.274-**";"JOSE EDIVAN DA SILVA ABREU"
284;"***.058.014-**";"WILSON CRUZ E SILVA FILHO"
285;"***.475.937-**";"ALBINO BARBOSA DE OLIVEIRA JUNIOR"
286;"***.326.494-**";"JOSE ERNESTO DE BARROS"
287;"***.360.494-**";"BEZALIEL ROSA DOS SANTOS"
288;"***.931.696-**";"JOSE MAURO DA SILVA DIOGO"
289;"***.679.300-**";"MARIA ISALETE NEUMANN"
290;"***.917.010-**";"BEATRIZ EINHARDT"
291;"***.856.910-**";"GILBERTO LOGUERCIO COLLARES"
292;"***.669.810-**";"CLAUDIO LUIS MOURA DA SILVA"
293;"***.422.242-**";"JULIANA BARROSO DA SILVA"
294;"***.430.332-**";"ALBERTO DRESCH WEBLER"
295;"***.098.836-**";"FABIO CHAVES"
296;"***.750.716-**";"VANESSA CASSIA SILVA FONSECA"
297;"***.876.416-**";"EDUARDO SERGIO DA SILVA"
298;"***.593.744-**";"AUGUSTO HENRYQUE COSTA DE SOUZA"
299;"***.084.830-**";"LUIZ HENRIQUE STEIN"
300;"***.008.130-**";"MARCOS VINICIUS ZINN HUBNER"
301;"***.115.480-**";"FELIPE DALBOSCO SILVEIRA"
302;"***.520.330-**";"JOAO ALVES RIBEIRO FILHO"
303;"***.896.320-**";"ALESSANDRO CAMARGO DA SILVA"
304;"***.895.730-**";"JOEL MACHADO DOS SANTOS"
305;"***.783.990-**";"BRENDA SOUSA FERREIRA"
306;"***.346.580-**";"CARLA CRISTINE COSTA"
307;"***.686.370-**";"NEIVA TERESINHA FINATO"
308;"***.773.990-**";"ELISANDRO MOURA DA SILVA"
309;"***.950.390-**";"MIGUELINA TROISI BONFRISCO"
310;"***.177.515-**";"ANCILON ARAUJO E SILVA JUNIOR"
311;"***.206.805-**";"NERY RAFHAEL BARBOSA GALVAO"
312;"***.314.500-**";"MARCEL AMARAL DAOUD"
313;"***.343.639-**";"MARIANGELA SCAPINELO"
314;"***.034.529-**";"TIAGO LOPES GONCALVES"
315;"***.358.269-**";"IGOR REGALIN"
316;"***.603.519-**";"ADRIANO BECKER"
317;"***.255.359-**";"CAROLINE COLACO"
318;"***.569.690-**";"PATRIC DOUGLAS GRISELI"
319;"***.896.739-**";"RODRIGO REIGOZA"
320;"***.246.005-**";"MARK RENER DOS SANTOS TEIXEIRA"
321;"***.495.704-**";"EDMILSON VITORINO DOS SANTOS"
322;"***.255.985-**";"LUIZ GUSTAVO DUARTE AGUIAR"
323;"***.373.926-**";"LEONARDO JUNIO FERREIRA"
324;"***.735.506-**";"MATHEUS COSTA FRADE"
325;"***.823.902-**";"NICLEIBER VIEIRA LORA"
326;"***.575.358-**";"GUILHERME AUGUSTO SPINA MONESI"
327;"***.214.112-**";"ELIETE BRITO DE AGUIAR"
328;"***.354.187-**";"WILTON MESQUITA DOS SANTOS"
329;"***.603.587-**";"RENATA CARNEIRO SOUSA KUSTER"
330;"***.088.001-**";"CAROLINE ORNELAS PAES"
331;"***.679.557-**";"RENATO BENEZATH CABELINO RIBEIRO"
332;"***.005.993-**";"MARIA SIMONE DA CONCEICAO MARTINS"
333;"***.273.603-**";"LUIS HENRIQUE DIAS FERREIRA"
334;"***.116.721-**";"ANTONIO FERREIRA SOARES FILHO"
335;"***.865.691-**";"JOSIANE LUIZA DE OLIVEIRA"
336;"***.708.741-**";"SERGIO DE SOUZA PIRES"
337;"***.763.663-**";"CARLOS HELAIDIO CHAVES DA COSTA"
338;"***.524.380-**";"JULIO MOISES DA SILVA"
339;"***.355.310-**";"ADRIANO TEIXEIRA LOPES"
340;"***.823.281-**";"REINALDO FARIAS AGUIAR"
341;"***.981.880-**";"LUCAS DE AVILA"
342;"***.766.671-**";"DAIANE MIRANDA DOS REIS"
343;"***.944.003-**";"LEOMARA DE CARVALHO SILVA"
344;"***.806.281-**";"DYEGO PEREIRA LIMA"
345;"***.272.876-**";"JULIO CESAR DE CARVALHO"
346;"***.126.937-**";"JOSE FERREIRA FILHO"
347;"***.617.597-**";"THALITA ROSARIO DE OLIVEIRA MOREIRA PAES"
348;"***.169.051-**";"BRUNO BARBOZA DOS SANTOS"
349;"***.875.261-**";"LAURO HENRIQUE MENDES RIBEIRO"
350;"***.189.130-**";"GUIDO CALGARO JUNIOR"
351;"***.440.751-**";"VILMAR MARTINS DUTRA"
352;"***.479.171-**";"EDSON LUIZ SOUCHIE"
353;"***.931.641-**";"IRAIDES JACINTO"
354;"***.346.711-**";"JOSE MIGUEL DA SILVA"
355;"***.280.190-**";"ALESSANDRO FERNANDES DELLA VECCHIA"
356;"***.315.119-**";"KARINA ANDRESSA FERRARI DE OLIVEIRA"
357;"***.064.305-**";"ALEX VIANA DE ARAUJO"
358;"***.314.149-**";"ZUELZER VIEIRA JUNIOR"
359;"***.689.849-**";"BRUNA RAPHAELA DA SILVA DE OLIVEIRA"
360;"***.030.384-**";"OVERSISE BANDEIRA"
361;"***.926.871-**";"SILVIO CEZAR DE MELO"
362;"***.137.786-**";"GERALDO ELIAS DA SILVA JUNIOR"
363;"***.829.486-**";"MARCELO SILVA SILVERIO"
364;"***.698.608-**";"SANDRO PEREIRA DA SILVA"
365;"***.713.166-**";"HALLEN PEREIRA DOS ANJOS"
366;"***.322.426-**";"ANTONIO CARLOS NERI"
367;"***.603.569-**";"JACI VALDEMIRO NUNES"
368;"***.585.829-**";"ANDERSON ROBERTO OLIVEIRA"
369;"***.400.000-**";"LUCAS DOTTO RIGHI"
370;"***.426.280-**";"ROGERIO CESAR HOPF"
371;"***.126.270-**";"JOSE JOAO MAYER AMARAIM"
372;"***.723.320-**";"RODRIGO LARANJO DE FREITAS"
373;"***.820.876-**";"JOSE LAZARO DE OLIVEIRA"
374;"***.440.616-**";"ANDERSON MATOS FERNANDES"
375;"***.825.437-**";"WELLINGTON COSTA DE OLIVEIRA"
376;"***.739.394-**";"ALANA EMILIA SOARES DE FRANCA QUEIROZ"
377;"***.532.304-**";"THAMARA TAINA SOUZA CABRAL DE OLIVEIRA"
378;"***.920.617-**";"DANIEL RIBEIRO DE OLIVEIRA"
379;"***.400.650-**";"ALEXIS ROSA NUMMER"
380;"***.345.887-**";"SERGIO VIEIRA"
381;"***.395.148-**";"EVANDRO SILVA PEREIRA COSTA"
382;"***.372.107-**";"PEDRO GONCALVES"
383;"***.320.957-**";"LUCIANO DA SILVA ALONSO"
384;"***.523.247-**";"WAGNER FERNANDES DELGADO"
385;"***.400.217-**";"EVERTON DA SILVA MATTOS"
386;"***.048.807-**";"GABRIEL JOSE DE SOUZA MESSIAS"
387;"***.487.931-**";"APRIGIO LIMA MACHADO"
388;"***.523.563-**";"CICERO SANTOS COSTA QUINTO"
389;;"Sigiloso"
390;"***.843.461-**";"BRAZ FELIZARDO DA SILVEIRA"
391;"***.381.471-**";"RAFAEL IURI SANTOS BARROS"
392;"***.829.011-**";"EDA CRISTINA ALVES RODRIGUES"
393;"***.665.301-**";"SANLAC MACHADO DA CUNHA"
394;"***.487.561-**";"ANELISE KRAUSE GUIMARAES COSTA"
395;"***.715.301-**";"EDUARDO DIAS RAMALHO"
396;"***.162.876-**";"HENES APARECIDO ALVES"
397;"***.911.671-**";"ALEXANDRE ERNO LAUERMANN"
398;"***.557.546-**";"FERNANDA ANTUNES TOFANI LOPES"
399;"***.441.158-**";"CLAUDIO VIOLATO"
400;"***.761.358-**";"TATIANA SENICIATO"
401;"***.608.531-**";"ANTONIO OLIVIO ZUZA FERREIRA"
402;"***.276.659-**";"ANA MARIA KAMINSKI RODRIGUES PIERDONA"
403;"***.873.878-**";"JOSE MARIA CAETANO"
404;"***.377.551-**";"SANDRA JAKELINE WINCKLER"
405;"***.231.121-**";"ZENIL ALVES DE ARRUDA SILVA"
406;"***.217.670-**";"SILVIA MARIA PADOVA"
407;"***.304.361-**";"WALCEMIR CARLOS DA SILVA"
408;"***.030.245-**";"ANTONIO VILAS BOAS TEIXEIRA"
409;"***.315.271-**";"JOAO PAULO DOS SANTOS"
410;"***.511.804-**";"ALUISIO FERREIRA DE SANTANA"
411;"***.257.718-**";"MARCELO SILVA LAVANINI"
412;"***.547.683-**";"ANA CAROLINA DA COSTA MATIAS"
413;"***.422.833-**";"GEOVAN DAVID DE SOUZA"
414;"***.933.992-**";"CLEIDE GUEDES FRANCA"
415;"***.614.624-**";"ERALDO ANDRE DA SILVA"
416;"***.749.114-**";"LEONARDO LIMA MEDEIROS CAVALCANTI"
417;"***.906.262-**";"PEDRO AQUINO MONTEIRO"
418;"***.796.342-**";"MARIA JOSE ASSIS AMADOR"
419;"***.652.692-**";"JEAN RAMALHO MOTA"
420;"***.333.082-**";"JULIANA HATOUM MACHADO"
421;"***.344.034-**";"ALEXANDRE RENAN ANTAS"
422;"***.384.234-**";"ANTONIO SOBRINHO DE SOUZA JUNIOR"
423;"***.680.140-**";"MARCELO GOMES RAMOS"
424;"***.244.712-**";"FRANCISCO ALMEIDA DA SILVA"
425;"***.594.828-**";"JOSE LUIZ ALVES"
426;"***.296.462-**";"MARTA DE LIMA FURTADO COSTA"
427;"***.065.570-**";"AIRTON DE OLIVEIRA TIELLET"
428;"***.940.792-**";"MAGALI MARIA FERNANDES NICOLAU"
429;"***.730.053-**";"ANTONIO MARIA CRUZ PINTO"
430;"***.236.842-**";"JULINEY FERREIRA COSTA"
431;"***.653.373-**";"MARCOS ANTONIO DA SILVA OLIVEIRA"
432;"***.124.403-**";"NEWTON DE AZEVEDO COSTA"
433;"***.591.762-**";"MAURO DE BRITO SOUSA"
434;"***.453.227-**";"NELSON DOS SANTOS ROCHA"
435;"***.128.060-**";"TIAGO FOGLIARINI"
436;"***.270.911-**";"SIMONSEY ALVES SOARES"
437;"***.347.311-**";"EDSON MACHADO FEITOSA"
438;"***.865.792-**";"MARCO AURELIO DE SOUZA ALCANTARA"
439;"***.977.552-**";"JOSE MARIA NEGRAO DIAS"
440;"***.263.641-**";"SIMONE FERREIRA DE MORAES"
441;"***.126.203-**";"FLAMARION RIBEIRO DA SILVA"
442;"***.860.374-**";"HELIO RIEDEL DE OLIVEIRA MELO JUNIOR"
443;"***.752.085-**";"VALDO NASCIMENTO AMORIM"
444;"***.780.869-**";"ADEMAR JOSE LINO DE FARIA"
445;"***.044.779-**";"ORLANDO PINTO NETO"
446;"***.153.961-**";"JORGE LUIS RODRIGUES"
447;"***.579.197-**";"FRANZ JOSE WASIELEWSKI BORBOREMA"
448;"***.754.292-**";"EDMAR BRANDAO DE SOUZA"
449;"***.502.372-**";"ANTONIO CARLOS SOARES COUTINHO"
450;"***.254.518-**";"LEILA JULIARI ARAUJO DA CUNHA"
451;"***.451.732-**";"NADIA AZEVEDO DE LIMA"
452;"***.590.547-**";"ZULMIRA BARROCA"
453;"***.998.747-**";"PAULO SERGIO ALBERTO"
454;"***.794.645-**";"MARIA DAS DORES FONTES"
455;"***.938.661-**";"SEBASTIAO FERNANDES DA SILVA"
456;"***.800.227-**";"MARILEIDE PAIVA"
457;"***.625.886-**";"HAMILTON GOMES DE OLIVEIRA"
458;"***.098.419-**";"TELMO MAZIERO PINHEIRO"
459;"***.714.371-**";"RAFAEL FONTES FERNANDES"
460;"***.002.111-**";"KAIYO EDSON MIYAKAWA"
461;"***.148.651-**";"JULIO CESAR VELASQUEZ BALBUENO"
462;"***.172.224-**";"LAIS TAVARES RANGEL"
463;"***.620.054-**";"DEBORA IONARA RODRIGUES DE MELO"
464;"***.590.445-**";"ANTONIO LAZARO SOARES DO AMPARO"
465;"***.444.170-**";"DANIELA MAZZUCO DE SOUZA PRADO"
466;"***.850.863-**";"TARCISIO MAGALHAES BENEVIDES JUNIOR"
467;"***.593.818-**";"ROBERTO LOPES DE QUEIROZ"
468;"***.138.102-**";"SONIA VALERIA PINHEIRO GUIMARAES"
469;"***.682.312-**";"DEMETRIO AUGUSTO MENDES CARDOSO"
470;"***.685.572-**";"ROSALVA CALDAS DE FREITAS"
471;"***.324.084-**";"EVALDO DE SOUSA CAVALCANTE"
472;"***.942.884-**";"EDUARDO BRITO PEREIRA DE MELO JUNIOR"
473;"***.321.029-**";"RENATO AZEVEDO"
474;"***.838.709-**";"BEATRIZ MARIA BOAZEJEWSKI FRANCO"
475;"***.014.599-**";"CAMILA FRANCA"
476;"***.441.133-**";"KERGISVALDO CORDEIRO DA SILVA"
477;"***.680.723-**";"DJALMA FURTADO DE MENDONCA NETO"
478;"***.508.175-**";"AMARILDO NASCIMENTO DO SACRAMENTO"
479;"***.719.307-**";"RICARDO LUCAS DE ALMEIDA"
480;"***.108.438-**";"ZILDA MENDONCA DE SOUZA"
481;"***.262.518-**";"MARISA FERREIRA SATRIUC"
482;"***.098.318-**";"MAURICIO ANTONIO NARDI"
483;"***.817.528-**";"PATRICIA DESSIMONI RAUCCI MENDONCA"
484;"***.128.998-**";"VALTER MARQUES RODRIGUES"
485;"***.684.638-**";"AGLAE CRISTINA DE BARROS GALVAO BRUNHARA"
486;"***.639.565-**";"JOSE VANDERLAN DOS SANTOS SOUZA"
487;"***.085.965-**";"JOSE ALVES DOS SANTOS FILHO"
488;"***.164.031-**";"REGINA LUCIA DE AMORIM"
489;"***.608.676-**";"ROBERT LUIZ DO NASCIMENTO"
490;"***.784.906-**";"ALONSO FAUSTINO MAIA"
491;"***.450.516-**";"EDSON LUIS SANTOS"
492;"***.393.044-**";"ALEXANDRE CARNEIRO CAMPELLO SOBRINHO"
493;"***.234.874-**";"ALUISIO FRANCISCO DE LIMA"
494;"***.534.744-**";"GEORGE LUIZ ALVES DE ARAUJO"
495;"***.410.404-**";"JOSE BARBOSA DUARTE FILHO"
496;"***.931.053-**";"GERSON MOTA ANDRADE"
497;"***.965.783-**";"JAILSON KLEBERTT DE MACEDO LIRA"
498;"***.274.584-**";"EMILIANO DIAS FILHO"
499;"***.347.745-**";"RINALDO DIAS GUIMARAES"
500;"***.986.034-**";"FELIPE LEANDRO DE SOUZA"
501;"***.577.505-**";"ANDRE LUIZ OLIVEIRA SANTOS"
502;"***.965.745-**";"PAULO PASSOS SILVA"
503;"***.148.934-**";"NEWTON HUMBERTO DE SOUZA"
504;"***.482.033-**";"LUIZ ANTONIO NORBERTO FILHO"
505;"***.999.435-**";"ANTONIO CARLOS ROCHA DE JESUS"
506;"***.736.624-**";"CARLOS ANTONIO EVANGELISTA"
507;"***.511.924-**";"RAFAEL MENDONCA DE SOUZA"
508;"***.900.864-**";"MARIA EDINAMAR ALVES DA FONSECA"
509;"***.848.933-**";"FRANCISCO ALVES DE ANDRADE"
510;"***.244.323-**";"ARNALDO BESSA DA SILVEIRA"
511;"***.261.278-**";"MICHEL ALEXANDRE TURCO"
512;"***.207.623-**";"GABRIEL KAJIYA GOMES FERREIRA"
513;"***.698.202-**";"MARCOS ANTONIO TAVARES DE SOUSA"
514;"***.782.304-**";"NILSON JOSE DOS SANTOS"
515;"***.776.284-**";"PAULO FERNANDO BARRETO"
516;"***.327.831-**";"ANA CAROLINA DE OLIVEIRA PASSOS"
517;"***.364.528-**";"PAULO BRISTON BARROS CRUZ"
518;"***.990.291-**";"MARCIA ALVES DE ARAUJO BENTO"
519;"***.979.717-**";"ENOQUE SOUZA DE OLIVEIRA"
520;"***.593.169-**";"JONAS DE OLIVEIRA DOS SANTOS"
521;"***.105.049-**";"HUGO CRISTIANO BASILIO PROMOCENA"
522;"***.568.941-**";"MARCELO QUARESMA INACIO SILVEIRA"
523;"***.307.208-**";"ALEXANDRE CUSTODIO NETO"
524;"***.586.262-**";"EVANGELINA CARINE DA TRINDADE MIRANDA"
525;"***.642.821-**";"ALISSON RODRIGO DE MEDEIROS"
526;"***.511.076-**";"EVANDRO MENDES DE FIGUEIREDO"
527;"***.133.748-**";"RENATO CASARINI MUZY"
528;"***.536.991-**";"ALCIUDE AYRES DA FONSECA"
529;"***.474.899-**";"LUIZ ADONIS KUHL"
530;"***.936.176-**";"EDUARDO ROBERTO ROSA"
531;"***.592.371-**";"LUIZ DANNIEL DIOGO DA SILVA"
532;"***.718.544-**";"ALDAIR RODRIGUES GOMES JUNIOR"
533;"***.569.854-**";"WAGNER TAVARES DA SILVA"
534;"***.846.504-**";"EDUARDO FRAGA DO AMARAL E SILVA"
535;"***.061.794-**";"FABIO UANDERSON BIZERRA CAVALCANTI"
536;"***.111.409-**";"PATRICIA PICOLLI DA SILVA DUARTE"
537;"***.457.920-**";"NELSON BREZOLIN ROTTA"
538;"***.843.343-**";"GLAYDSON MINEIRO AZEVEDO"
539;"***.532.863-**";"ALEXANDRE AUGUSTO MESQUITA E SILVA"
540;"***.615.803-**";"FABIA REJANE DE AZEVEDO LOPES ROCHA"
541;"***.034.924-**";"ALGACY CHAVES DE ALMEIDA"
542;"***.336.090-**";"EDUARDO BRUNET DE SOUZA"
543;"***.292.961-**";"ROBERTO FERREIRA BARBOSA"
544;"***.538.891-**";"ITALO DE SOUSA LIMA MACHADO"
545;"***.879.421-**";"RANIERY MOREIRA GONCALVES"
546;"***.173.968-**";"ALESSANDRA PONTREMOLEZ OLIVEIRA"
547;"***.963.688-**";"EVANDRO PRIOLI DUARTE"
548;"***.243.862-**";"CINTIA FERRACIOLI"
549;"***.099.161-**";"OSNI DA SILVA SANTOS"
550;"***.495.491-**";"ELMON MENDES PEREIRA"
551;"***.827.807-**";"EDUARDO FERREIRA COSTA NEGRO"
552;"***.645.326-**";"DENISE MARIA NEPOMUCENO"
553;"***.460.503-**";"FRANCISCO DAS CHAGAS LOPES SOBRINHO"
554;"***.798.057-**";"RAFAEL FERNANDES GOMES MOREIRA"
555;"***.340.147-**";"EDUARDO BERTE DE OLIVEIRA"
556;"***.662.194-**";"ROBERTO MENDES DE ALMEIDA"
557;"***.139.429-**";"SERGIO HENRIQUE MENDES"
558;"***.809.540-**";"RICARDO RONDON GOMES DORNELLES"
559;"***.133.290-**";"GILSON RODRIGUES DE ARRUDA"
560;"***.427.549-**";"JOSE DOMINGOS COSTA"
561;"***.436.569-**";"SAULO ANTONIO GARCIA"
562;"***.695.501-**";"RONI WILLIAM FERREIRA"
563;"***.800.591-**";"PEDRO HENRIQUE SILVA SANTOS"
564;"***.526.207-**";"JOSE HENRIQUE DA ROSA OLIVEIRA"
565;"***.547.271-**";"ILCO ROZA VILELA"
566;"***.101.009-**";"MARCIO FERREIRA LOPES"
567;"***.256.828-**";"TEREZA CRISTINA VIEIRA DE OLIVEIRA FRANCO"
568;"***.305.651-**";"JOSIEL VIEIRA DE SOUZA"
569;"***.217.354-**";"MANOEL SATURNINO DIAS FILHO"
570;"***.619.652-**";"MARIA JOSE MAIA DA SILVA"
571;"***.405.810-**";"LUCIANE DALLAVALLE BRASIL"
572;"***.936.156-**";"GERALDO ADENILSON DOS REIS SOARES"
573;"***.628.826-**";"LINDOLFO OLIVEIRA DE JESUS"
574;"***.164.027-**";"CARLOS AUGUSTO DE ANDRADE MEIRELLES"
575;"***.063.057-**";"LUCIANA MOUTINHO DEL ESTAL"
576;"***.486.707-**";"DEBORAH CHRISTINA DA SILVA RIBEIRO"
577;"***.225.587-**";"MANOEL LUIZ MARTINS DONAS"
578;"***.542.967-**";"JORGE DE OLIVEIRA CARIUZ"
579;"***.999.497-**";"CARLOS ALBERTO DE MORAES COSTA"
580;"***.495.665-**";"ANTONIO CARLOS DOS SANTOS"
581;"***.440.607-**";"RICARDO YANEZ NOGUEIRA"
582;"***.251.970-**";"ALDERI DA CRUZ"
583;"***.559.000-**";"DALQUI APARECIDA GIL COELHO"
584;"***.486.610-**";"JOAO ADOIR DE FRAGA"
585;"***.027.980-**";"CELSO TULIO DA ROSA MACHADO"
586;"***.580.000-**";"MARIA MONTEIRO DE ALMEIDA"
587;"***.112.970-**";"ALEXANDRE TOCCHETTO"
588;"***.454.100-**";"ADIEL COELHO DA CUNHA"
589;"***.572.170-**";"RODRIGO GARCIA"
590;"***.435.860-**";"TELMO CARDOSO VITT"
591;"***.997.200-**";"VERA LUCIA BUENO DA ROSA"
592;"***.304.501-**";"JUAREZ JUSTINO DE BARROS"
593;"***.364.287-**";"HEITOR LUIZ DE OLIVEIRA"
594;"***.037.827-**";"JOCELY DA COSTA FERREIRA"
595;"***.513.237-**";"PAULO GUILHERME DE FIGUEIREDO"
596;"***.988.447-**";"JOSE MAURICIO TEIXEIRA DA SILVA"
597;"***.241.804-**";"MARCOS ANTONIO LEITE"
598;"***.720.649-**";"CLOVIS ALBERTO MACIOSZEK"
599;"***.506.629-**";"JOAO VICTOR BATISTA DE OLIVEIRA"
600;"***.534.317-**";"ANDRE LUIS VERSIANI MOREIRA"
601;"***.311.446-**";"MARCELO DE OLIVEIRA CRUZ"
602;"***.126.956-**";"MAURICIO DE OLIVEIRA"
603;"***.754.786-**";"LUCAS ANTONIO PIMENTA FANTAUZZI"
604;"***.471.344-**";"JOSUE OLIVEIRA GOMES"
605;"***.437.174-**";"FERNANDA MARIA RAMOS LEAO DO REGO BARROS"
606;"***.150.164-**";"ROBERTO DE FARIAS SABINO"
607;"***.171.473-**";"NILTON CESAR SOARES DA SILVA LIRA"
608;"***.537.471-**";"RENATA SILVA OLIVEIRA"
609;"***.476.101-**";"HELENA MARIA DE ASSIS TORRES"
610;"***.756.957-**";"MARCOS ANTONIO COSTANZI"
611;"***.790.781-**";"JOAO DE DEUS DA SILVA"
612;"***.837.471-**";"HELIO NASCIMENTO SILVA"
613;"***.303.981-**";"LUIZ PANIAGO NEVES"
614;"***.284.472-**";"JOSE CHERMONT DA SILVA"
615;"***.318.665-**";"JAIME CUNHA MEDINA"
616;"***.094.448-**";"RODRIGO AMARAL LANFRANCHI"
617;"***.936.124-**";"ROBERTO CORDEIRO DA SILVA"
618;"***.982.303-**";"GIOVANNI FERNANDES CAVALCANTE"
619;"***.284.123-**";"MANOEL GONCALVES RODRIGUES"
620;"***.197.026-**";"YOLACIR CARLOS DE SOUZA SANTOS"
621;"***.722.446-**";"GILVAM ALVES GUIMARAES"
622;"***.917.931-**";"MARILIA FONSECA DIAS"
623;"***.312.644-**";"JOSE ULISSES CAMARA DE MELO"
624;"***.372.292-**";"AMINADABES PEREIRA RIBEIRO"
625;"***.971.706-**";"JOSE CARLOS SALES CAMPOS"
626;"***.712.216-**";"JOELMA GUALBERTO PASSOS DE OLIVEIRA"
627;"***.847.906-**";"TIAGO JOSE DE CASTRO"
628;"***.433.736-**";"LUIZ HENRIQUE PASSOS REZENDE"
629;"***.253.481-**";"CLEIA PAGANOTTI DA CONCEICAO"
630;"***.290.214-**";"MARCIO CORREIA DE AMORIM"
631;"***.204.332-**";"RAIMUNDO ITACI FERREIRA COSTA"
632;"***.801.204-**";"GIVALDO CLEMENTE BARBOSA"
633;"***.680.661-**";"FRANCISCO JOVEM PEREIRA"
634;"***.782.378-**";"RENATA DE PAULA XAVIER MORO"
635;"***.472.047-**";"FREDERICO LOPES DE QUEIROZ TROYACK"
636;"***.305.174-**";"CLAUDIO SOUSA DA SILVA"
637;"***.631.904-**";"JOSE ALVES DA COSTA NETO"
638;"***.934.442-**";"JOSE RIBAMAR DA SILVA"
639;"***.564.602-**";"IDELCI CARLOS CORTEZ"
640;"***.674.240-**";"OLDAIR JOSE SILVEIRA LAMARQUE"
641;"***.516.289-**";"MAICO DE OLIVEIRA"
642;"***.731.796-**";"ROBERTO MOREIRA CALDEIRA"
643;"***.905.654-**";"BRUNO SALES BERNARDO"
644;"***.155.097-**";"GIANCARLO DE BARROS LUTTERBACH"
645;"***.310.551-**";"WLADIMIR RIBEIRO GOMES"
646;"***.168.097-**";"NATHALIA WINKELMANN ROITBERG"
647;"***.902.172-**";"HIAGO PESSOA DE CASTRO"
648;"***.794.826-**";"REINAN BISPO SOBRAL"
649;"***.749.353-**";"MIGUEL FRANCISCO DE SOUZA CARVALHO"
650;"***.209.491-**";"CRISTOVAO EPAMINONDAS DE LIMA"
651;"***.507.776-**";"CLARICE GOMES DA SILVA"
652;"***.366.165-**";"MIRIAN PEREIRA DE SENA SOUZA"
653;"***.453.007-**";"JOSE FRANCISCO CHARPINEL DINIZ"
654;"***.836.103-**";"EVALDO LOPES DE ARAUJO"
655;"***.777.203-**";"FRANCISCO AUBARELIO MONTEIRO PINHEIRO"
656;"***.247.039-**";"PAULO HENRIQUE NUNES"
657;"***.989.522-**";"JORGE FARIAS DIAS"
658;"***.357.462-**";"DYENE MENEZES COSTA"
659;"***.100.151-**";"VALTEIR DE SOUZA LIMA"
660;"***.258.391-**";"MARCELO QUADROS"
661;"***.816.802-**";"MARIA NECY ALVES"
662;"***.987.772-**";"AURILEDO ALMADA DE MELO"
663;"***.772.260-**";"DIONISIO WESCHENFELDER"
664;"***.952.039-**";"VALDECIR CEZAR MARCON"
665;"***.797.769-**";"JORGE LUIZ VIEIRA FAUSTINO"
666;"***.261.881-**";"FRANCISCO JOSE DO NASCIMENTO ROCHA"
667;"***.649.381-**";"EDSON FORMIGA DE SOUSA"
668;"***.484.016-**";"NILO ARAUJO DE FIGUEIREDO"
669;"***.406.760-**";"LAERCIO ANDRE NOCHANG"
670;"***.571.707-**";"CARLOS LUIZ MENDES SANTOS"
671;"***.455.347-**";"ADELSON DENONI LEITE"
672;"***.526.902-**";"MANOEL SANTOS DE SOUZA"
673;"***.195.932-**";"ODA MARIA DE SOUZA MELO"
674;"***.116.802-**";"ANTENOR FONSECA DE OLIVEIRA FILHO"
675;"***.876.202-**";"ANISIO OLIVEIRA XAVIER"
676;"***.542.342-**";"JOSE ANTONIO AMARO DA SILVA"
677;"***.499.662-**";"JOSE ANTONIO PINTO"
678;"***.245.622-**";"JOSE DE RIBAMAR CARDOSO SOBRINHO"
679;"***.963.872-**";"JOAO ANTONIO FONSECA DE DEUS"
680;"***.621.942-**";"LUIZ EDUARDO PEREIRA DA COSTA"
681;"***.481.322-**";"JOSE SANDRO CAMPOS DE CASTRO"
682;"***.050.242-**";"NEIL DUARTE DE SOUZA"
683;"***.504.092-**";"MILTON VILHENA DA SILVA JUNIOR"
684;"***.037.052-**";"BENEDITO SERGIO FERREIRA"
685;"***.800.932-**";"JOAO ESTEVAM RIBEIRO RAMOS"
686;"***.127.964-**";"ERLON FERNANDES GUILHERME"
687;"***.047.211-**";"VINICIUS DEMARQUE SILVA"
688;"***.063.221-**";"FRANCISCO MIRTON DE ARAUJO"
689;"***.127.073-**";"TEODORICO BRANDAO DE SOUSA"
690;"***.487.231-**";"LUCIMAR FALCAO DE BRITO"
691;"***.324.911-**";"ADELMA FERREIRA DE SOUZA"
692;"***.670.321-**";"ANTONIO VIRGINIO DE ALENCAR"
693;"***.468.291-**";"CARLOS SILVA DOS SANTOS"
694;"***.013.223-**";"RAIMUNDO NONATO ARAUJO MASCARENHAS"
695;"***.672.008-**";"VALQUIRIA MARIA PESSOA ROCHA"
696;"***.987.684-**";"KATIA FERREIRA MUNIZ"
697;"***.507.915-**";"VINICIUS DE SOUZA NASCIMENTO"
698;"***.206.441-**";"LUCAS EDUARDO ROMITTI"
699;"***.984.922-**";"JEAM VITAL DE BRITO"
700;"***.930.112-**";"ANTONIO EDNELSON LOPES"
701;"***.581.683-**";"WILANOR AMORIM FERREIRA"
702;"***.003.603-**";"MARTFRAN ALBUQUERQUE DE SOUSA"
703;"***.695.063-**";"VANDERSON MICHELL MONTEIRO FERNANDES"
704;"***.445.403-**";"CARLOS SAUDANHA ARAUJO DE CARVALHO"
705;"***.427.363-**";"ANTONIO LISBOA MENDES FILHO"
706;"***.789.606-**";"NERIO ALVES FERREIRA JUNIOR"
707;"***.427.466-**";"ALEXANDRE MACHADO GUIMARAES"
708;"***.687.016-**";"WENDERSON RIBEIRO BARROSO"
709;"***.598.598-**";"LUIS RENATO SILVA TAVEIRA"
710;"***.436.605-**";"MARIA APARECIDA SANTIAGO DA SILVA"
711;"***.978.995-**";"MARCOS ANTONIO SILVA NERY"
712;"***.928.144-**";"JAILSON DA SILVA DO NASCIMENTO"
713;"***.234.418-**";"ARNALDO FIRMINO DOS SANTOS"
714;"***.832.901-**";"CLEUNI JOSE DA SILVA"
715;"***.757.562-**";"ARLEI DIVINO SIMAO"
716;"***.300.981-**";"DURCEGIO JOSE DE SOUZA"
717;"***.099.391-**";"ADILSON ROCHA PEREIRA"
718;"***.458.801-**";"ACIR BATISTA DE LIMA"
719;"***.502.631-**";"TIBERIO GOMES BARBOSA"
720;"***.367.011-**";"UILSON ALVES DOS SANTOS FILHO"
721;"***.766.011-**";"CRISTIANE ROCHA SANTIAGO FINOTTI"
722;"***.873.031-**";"MOZAIR LUIZ FURTADO"
723;"***.195.341-**";"ELOISIO NASCIMENTO"
724;"***.343.851-**";"ZENALDO DE SOUZA ALMEIDA"
725;"***.008.571-**";"ALMIR ALVES REGO"
726;"***.692.932-**";"EDILSON DE ARAUJO FROTA"
727;"***.510.643-**";"JOSE AMAURI DE ARAUJO"
728;"***.862.671-**";"ROGERIO MAGALHAES DE OLIVEIRA"
729;"***.686.999-**";"RONALDO JOSE DE ALMEIDA"
730;"***.984.289-**";"WALTER ALBERTO CADORE"
731;"***.607.121-**";"ARLINDO ARAUJO DA SILVA"
732;"***.694.314-**";"DANILO HOODSON BARBOSA FARIAS"
733;"***.710.807-**";"WILSON FERREIRA DE CASTRO"
734;"***.349.701-**";"ROBERTO SAMIR NEVES LEAL"
735;"***.434.071-**";"ARTUR MANIERI MAYER"
736;"***.270.610-**";"IGOR LUIZ FRAGA DA SILVA"
737;"***.880.700-**";"EUGENIO CEOLIN"
738;"***.531.227-**";"ANDERSON SILVA DE ANDRADE"
739;"***.887.780-**";"CRISTOL DE PAIVA GOUVEA"
740;"***.585.460-**";"FABIO LUIS PEREZ"
741;"***.145.430-**";"LEANDRO LUIS FREDERES"
742;"***.807.886-**";"CLAUDIO MARTINS ARRUDA"
743;"***.662.866-**";"FABIANO AUGUSTO ARAUJO DOS REIS"
744;"***.123.380-**";"DIONARA LISOT CARBONE"
745;"***.457.564-**";"DOMINGOS SAVIO DE MORAIS ARAUJO"
746;"***.377.322-**";"ANDRE LUIZ TEJO MARQUES"
747;"***.270.543-**";"ANDRE VICTOR ARAGAO SOARES"
748;"***.239.773-**";"RICARDO MADEIRA TANNUS"
749;"***.302.399-**";"ANTONIO GUILHERME CANDIDO DA SILVA"
750;"***.665.700-**";"GERALDO DE FRANCA OTTONI NETO"
751;"***.270.294-**";"FABIO ADONIS GOUVEIA CARNEIRO DA CUNHA"
752;"***.295.808-**";"OSMAR LEMES DE ASSIS"
753;"***.267.958-**";"FERNANDO ROBERTO SIVELLI"
754;"***.072.755-**";"RAFAELA CRISTINA RODEIRO DE FARIAS"
755;"***.740.448-**";"APOENA CALIXTO FIGUEIROA"
756;"***.945.360-**";"ALBERTO FELIPE KLOTZ"
757;"***.108.787-**";"YURI TEIXEIRA AMARAL"
758;"***.812.977-**";"LIOMAR FELIPE CALADO"
759;"***.686.957-**";"JUAREZ TARCIZIO SCALFONI"
760;"***.391.805-**";"JOAQUIM ROCHA DOS SANTOS NETO"
761;"***.144.017-**";"LEONARDO BRASIL DE MATOS NUNES"
762;"***.548.607-**";"GUSTAVO LUNA PEIXOTO"
763;"***.466.521-**";"FERNANDO FRANCISCO XAVIER"
764;"***.970.757-**";"NUNO RODRIGUES DA SILVA"
765;"***.940.189-**";"SORAYA FERNANDES MARTINS"
766;"***.117.118-**";"EDUARDO GODOY AIRES DE SOUZA"
767;"***.361.698-**";"LUIZ GUSTAVO GONCALVES"
768;"***.379.661-**";"SILVIA LUCIANO DE SOUZA BERALDO"
769;"***.011.328-**";"CRISTINE KAORI SUEMASU"
770;"***.917.600-**";"RODRIGO CAMBARA PRINTES"
771;"***.268.439-**";"YURI OLIVEIRA CANCELA"
772;"***.450.209-**";"CRISTINA SOUZA LEMOS"
773;"***.010.798-**";"AMARILDO SOARES DOS SANTOS"
774;"***.539.445-**";"EDILSON RIBEIRO DA ROCHA"
775;"***.282.591-**";"SANDRO RAPHAEL BORGES"
776;"***.876.166-**";"TIAGO LEAO PEREIRA"
777;"***.595.004-**";"JOSEILSON DE ASSIS COSTA"
778;"***.472.396-**";"TARCISIO TADEU NUNES JUNIOR"
779;"***.242.327-**";"ROBERTO SFORZA"
780;"***.562.420-**";"RAFAEL SUERTEGARAY ROSSATO"
781;"***.233.733-**";"NAGILA MARIA PEREIRA CAMPOS"
782;"***.001.894-**";"ANITA DA SILVA"
783;"***.728.650-**";"CLAUDIO BELLINI"
784;"***.014.287-**";"LEONY WAND DEL REY DE OLIVEIRA"
785;"***.244.716-**";"EDGARD DE SOUZA ANDRADE JUNIOR"
786;"***.297.537-**";"ELITON DE ALMEIDA LIMA"
787;"***.729.613-**";"GASPAR DA SILVA ALENCAR"
788;"***.247.963-**";"ALEXANDRE CAMINHA DE BRITO"
789;"***.824.438-**";"BIANCA THAIS ZORZI TIZIANEL"
790;"***.232.239-**";"HARRY BOOS JUNIOR"
791;"***.778.751-**";"EDILSON MENDES DA SILVA"
792;"***.870.401-**";"RENATO CEZAR DE MIRANDA"
793;"***.267.047-**";"MURILO REZENDE MACHADO"
794;"***.765.587-**";"ELZA MARIA CORREA SILVA"
795;"***.060.053-**";"MARIAN HELEN DA SILVA GOMES RODRIGUES"
796;"***.858.240-**";"HOMERO DE OLIVEIRA SALAZAR FILHO"
797;"***.740.108-**";"PAULO ROBERTO MACHADO"
798;"***.601.278-**";"CLAUDIA BUENO DE CAMPOS"
799;"***.914.448-**";"ANDRE AFONSO RIBEIRO"
800;"***.657.052-**";"WILLIAN RICARDO DA SILVA FERNANDES"
801;"***.068.704-**";"PAULO ROBERTO FERNANDES DE MEDEIROS"
802;"***.121.642-**";"LUA CARLOS ROCHA DIOGENES"
803;"***.554.922-**";"LEILA DE SENA BLOS"
804;"***.853.381-**";"PAULO ARTHUR SANTA CRUZ DOS SANTOS"
805;"***.605.164-**";"PATRICIA PEREIRA DA SILVA MACEDO"
806;"***.704.993-**";"QUITERIA CAVALCANTE PEREIRA"
807;"***.642.024-**";"IARA BRAGA SOMMER"
808;"***.514.501-**";"WELLINGTON ADRIANO MOREIRA PERES"
809;"***.237.809-**";"CAMILE LUGARINI"
810;"***.962.761-**";"MANOEL EURIPEDES DA SILVA AMORIM"
811;"***.774.047-**";"EVANDRO ARRUDA DE MARTINI"
812;"***.569.680-**";"EDENICE BRANDAO AVILA DE SOUZA"
813;"***.380.491-**";"KELLY BONACH"
814;"***.016.985-**";"UESLEI PEDRO LEAL DE ARAUJO"
815;"***.064.547-**";"VITOR DE SOUZA FERREIRA"
816;"***.913.883-**";"WALDEMAR JUSTO DO NASCIMENTO NETO"
817;"***.711.470-**";"LILIAN VIEIRA MIRANDA GARCIA"
818;"***.859.731-**";"CARMEN TEREZA AFONSO FERREIRA DE MAGALHAES FLORENCIO"
819;"***.894.171-**";"LEANDRO DO NASCIMENTO GOULART"
820;"***.559.141-**";"JAIME HELENO CORREA DE LISBOA"
821;"***.582.219-**";"LEANDRO ZAGO DA SILVA"
822;"***.046.468-**";"RICARDO JEROZOLIMSKI"
823;"***.117.037-**";"JOAO ELISIARIO LIMA DE REZENDE"
824;"***.659.417-**";"MARCO ANTONIO DE ANDRADE"
825;"***.972.777-**";"ALEXANDER FORTES DO NASCIMENTO"
826;"***.181.183-**";"RANDSON PEREIRA OLIVEIRA"
827;"***.283.371-**";"ROBERT WILLIAM CARDOSO DE PAULA"
828;"***.782.991-**";"EMIVAL LUDOVINO DE SANTANA"
829;"***.791.991-**";"MARCO TULIO PEREIRA ARANTES"
830;"***.190.281-**";"LUCAS RANGEL AGUIAR"
831;"***.109.941-**";"WANDER DE SOUZA SANTOS"
832;"***.157.721-**";"SEBASTIAO SERGIO SERRANO"
833;"***.043.181-**";"ADRIANO CARVALHO MOREIRA"
834;"***.947.731-**";"SAIMON SOUZA SILVA"
835;"***.821.221-**";"EVERTON PAES REZENDE"
836;"***.001.411-**";"ROSEMEIRE ALVARES FREITAS"
837;"***.660.771-**";"RONALDO MENDES DE LAMARE"
838;"***.662.579-**";"FABIANO HENRIQUE LEITE MACHADO IORIO"
839;"***.477.747-**";"KARLA DOS SANTOS CARNEIRO BARBOSA"
840;"***.804.418-**";"RENATA SANTANA DA CRUZ"
841;"***.808.602-**";"ANTONIA VASCONCELOS DA SILVA"
842;"***.853.781-**";"PAULO JOSE DINIZ JUNIOR"
843;"***.181.381-**";"MARTA SIMONE ALVARO DE MENEZES"
844;"***.311.949-**";"DIDIER CERVAN SCHREIBER"
845;"***.307.260-**";"ADRIANO DEPARIS STURM"
846;"***.955.580-**";"JULIANO SANTANA MARTINS"
847;"***.007.560-**";"CLADEMIR GUIELCER DE FOR"
848;"***.183.870-**";"ALEXANDRE PEDROSO E PEDROSO FILHO"
849;"***.950.340-**";"ADMAR HELINTON DORNFELD"
850;"***.703.410-**";"CARLOS HUMBERTO JUNIOR MEDEIROS VIEIRA"
851;"***.488.726-**";"LUIZ FERNANDO DINIZ MOURAO"
852;"***.696.990-**";"ALEX SENNA MANO"
853;"***.493.390-**";"KELLEN MEDINA HEDLUND"
854;"***.915.470-**";"GABRIEL TEIXEIRA ANTUNES"
855;"***.143.420-**";"DIEGO VOLPATO FINATO"
856;"***.764.250-**";"LUCAS HEUSNER SILVEIRA"
857;"***.125.160-**";"DANIEL DOS SANTOS"
858;"***.035.965-**";"REGYS LANEESI CABRAL MENDONCA"
859;"***.155.604-**";"JOSE LUIZ DE OLIVEIRA LIMA"
860;"***.455.874-**";"ROSILENE DOS SANTOS"
861;"***.771.705-**";"ADEILSON FREIRE DOS SANTOS"
862;"***.008.005-**";"ALESSANDRO ROCHA SANTANA"
863;"***.877.755-**";"VITOR OLIVEIRA ALENCAR"
864;"***.828.395-**";"DIEGO GONCALVES DOS SANTOS"
865;"***.454.735-**";"JOSE PAULO SANTOS FILHO"
866;"***.914.245-**";"LENNON SIMOES JEWELL"
867;"***.901.985-**";"ADEMIR SILVA SOUSA"
868;"***.232.185-**";"NEILTON ARGOLO ANDRADE"
869;"***.989.745-**";"ROBERT RICHARD LIMA RODRIGUES"
870;"***.587.385-**";"SAAD ARNAUT BRITO MORAES"
871;"***.001.895-**";"DANIEL MENDES ALVES"
872;"***.588.935-**";"MURILO ROMAO GAMA"
873;"***.784.525-**";"LAZARO LIMA ZACARIADES"
874;"***.013.965-**";"LUIZ MAFRA DE SANTANA"
875;"***.991.635-**";"THIAGO PIMENTEL SANTIAGO"
876;"***.234.145-**";"WECSLEY DOS REIS OLIVEIRA"
877;"***.825.955-**";"DIEGO PEREIRA CARVALHO"
878;"***.563.785-**";"OSORIO DE OLIVEIRA BITTENCOURT FILHO"
879;"***.386.455-**";"EDCO SOUZA MARTINS"
880;"***.403.795-**";"CRISTOVAL PADUA DE FRANCA"
881;"***.157.978-**";"JOAO CALDAS NETO"
882;"***.831.895-**";"JOAO REGINALDO DA SILVA NETO"
883;"***.038.643-**";"LIDIA RODRIGUES TEIXEIRA"
884;"***.286.635-**";"ALESSANDRO ROBERTO ALVES BARBOSA"
885;"***.290.155-**";"JOAO BATISTA MENDES MORAES"
886;"***.307.205-**";"GABRIEL PEREIRA COUTO"
887;"***.290.255-**";"FABRICIO ALVES REIS"
888;"***.446.275-**";"THIAGO CHAGAS VALENTE"
889;"***.872.935-**";"ERICK PASSOS DE ASSUNCAO"
890;"***.568.085-**";"LEONARDO ALVES DOURADO DE ALCANTARA"
891;"***.773.765-**";"GUILHERME FRANCA GONCALVES"
892;"***.311.285-**";"RODRIGO CABRAL DA SILVA"
893;"***.824.555-**";"CIBELLE PIRES DE CARVALHO LEITE"
894;"***.131.595-**";"NAILDO DE JESUS NOGUEIRA"
895;"***.499.915-**";"DENILTON DA PAIXAO DE ASSIS"
896;"***.040.935-**";"LAESSE RODRIGUES DA SILVA"
897;"***.757.385-**";"CLOVIS DE OLIVEIRA PITANGA JUNIOR"
898;"***.599.645-**";"ALEXANDRE SILVA SOUSA"
899;"***.785.725-**";"NEEMIAS OLIVEIRA DA SILVA"
900;"***.388.244-**";"FRANK VANUTHY DE FREITAS MENDES"
901;"***.603.824-**";"CESAR PATRICIO DE SANTANA ROSA"
902;"***.596.934-**";"THIAGO ARAUJO FELIPE DA SILVA"
903;"***.307.612-**";"GILVAN FERREIRA DA SILVA JUNIOR"
904;"***.082.512-**";"LAMIN GONCALVES SANTOS DA SILVA"
905;"***.386.382-**";"RONISONCICLEY CONDE DA ROCHA"
906;"***.429.232-**";"TASSIO CRISTIANO RIOS DE SOUZA"
907;"***.687.862-**";"ANDRE MOURA PESSOA"
908;"***.510.922-**";"ALESSANDRO LABORDA DE ARAUJO"
909;"***.193.512-**";"WASHINGTON REGINALDO DE OLIVEIRA MACIEL"
910;"***.373.852-**";"MOISES CORREA LOPES"
911;"***.325.213-**";"EDGAR WILLER XIMENES DA COSTA"
912;"***.761.684-**";"NILTON JOSE DE ANDRADE"
913;"***.916.053-**";"LUCIANO FERNANDES DA SILVA"
914;"***.815.953-**";"FRANCISCO ERIVALDO COSTA"
915;"***.927.253-**";"SILVIO ROMERO FERNANDES CARDOSO"
916;"***.272.843-**";"ANTONIO VINICIUS LOPES DE OLIVEIRA"
917;"***.579.263-**";"JOAO LUIZ DOS SANTOS MELO"
918;"***.231.055-**";"DOUGLAS RENNIER DE JESUS CAETANO"
919;"***.107.267-**";"GILSON VIGNATTI"
920;"***.468.847-**";"SIDNEY GOMES GUEDES"
921;"***.037.887-**";"RAFAEL VENTURINI TRINDADE"
922;"***.517.476-**";"DANIEL ANICETO DE SOUZA DA SILVA"
923;"***.907.777-**";"FLABIS BARBOSA MISSAGIA"
924;"***.457.367-**";"ILMAR VICENTE MOREIRA"
925;"***.816.806-**";"DOUGLAS SILVA RABBI"
926;"***.387.677-**";"ANACLETO CARLOS GAVA"
927;"***.279.627-**";"ALUIZIO DE LOURDES LOPES"
928;"***.548.867-**";"FERNANDO JAOAR VELOSO DA SILVA"
929;"***.689.737-**";"ABILIO MARINS PINTO"
930;"***.466.053-**";"FRANCISCA JOSEANE MENDES DE SOUSA"
931;"***.574.033-**";"ANTONIO EUNICIO GALVAO JUNIOR"
932;"***.426.513-**";"PERLA OLIVEIRA DOS SANTOS"
933;"***.483.273-**";"FABIANNO JOSE DA CRUZ DOS SANTOS"
934;"***.705.163-**";"THAIANNE LARA BATISTA COSTA"
935;"***.598.243-**";"IZALINA CARLA OLIVEIRA DO NASCIMENTO GOMES"
936;"***.270.063-**";"GIANO CUTRIM SILVA"
937;"***.457.613-**";"SHIRLEY CRISTINA SOARES NUNES"
938;"***.383.903-**";"WANDRESON VIANA DOS SANTOS"
939;"***.709.403-**";"STANLEY DE FREITAS SILVA"
940;"***.914.603-**";"AUDIZIO ARAUJO DOS SANTOS"
941;"***.129.053-**";"WELLINGTON FABRICIO CARVALHO SILVA"
942;"***.711.137-**";"ADRIEL SANTOS DE CARVALHO"
943;"***.337.613-**";"RAIMUNDO NONATO APOLIANO PINHEIRO"
944;"***.736.982-**";"SANDERSOM FAVERO"
945;"***.348.522-**";"LUIZ PEDRO FELGUEIRAS NETO"
946;"***.217.642-**";"MAX ELIAS CALIL GOMES"
947;"***.400.522-**";"PAULO GUILHERME SATURNINO SANTOS"
948;"***.425.312-**";"EMILIO SERGIO CARVALHO MENINEA"
949;"***.816.272-**";"MELQUISANOR GONCALVES GESTER FILHO"
950;"***.078.472-**";"ROBERTO ELIAS BRITO MOREIRA"
951;"***.732.302-**";"MOISES DE MATOS LOPES"
952;"***.924.102-**";"PAULO TADEU AMORIM DE FREITAS SILVA"
953;"***.980.402-**";"WELLINGTON DENIS COSTA PEREIRA"
954;"***.191.342-**";"TAINA SOUZA RAIOL"
955;"***.880.522-**";"TIAGO DA SILVA DE OLIVEIRA"
956;"***.238.257-**";"ANDRE LUIZ RAMOS GURGEL"
957;"***.510.142-**";"HUGO DIAS DE LUCENA"
958;"***.143.952-**";"KESIA BOHRY MOSCHEN"
959;"***.602.092-**";"NILTON DA CRUZ ROCHA"
960;"***.410.782-**";"MARCIO FRANKLIN PONTES DA SILVA"
961;"***.433.372-**";"SOLANGE DO SOCORRO OLIVEIRA PEROTES"
962;"***.066.102-**";"IVONILSON BRITO ROLIM"
963;"***.309.712-**";"ANTONIO WIDENILSON SILVA DIAS"
964;"***.852.532-**";"HELTON SELEIRO SODRE"
965;"***.366.648-**";"VALDIR BORGES DE OLIVEIRA"
966;"***.892.032-**";"BRUNO FRANCISCO PAMPLONA FREIRE"
967;"***.688.789-**";"CRISTIANO DONHA LIBERATO"
968;"***.725.899-**";"LUCIANA DE BARROS"
969;"***.250.809-**";"ROMEU UBIRAJARA MOREIRA"
970;"***.957.819-**";"DIOGO TULER FORLANI"
971;"***.344.109-**";"PAULO CARDOZO LAVADO"
972;"***.655.399-**";"MARCOS VINICIUS VICENTE"
973;"***.112.479-**";"JOSE LEOCADIO PEDROSO"
974;"***.960.169-**";"MARCELO AUGUSTO SCANDELAI"
975;"***.824.449-**";"RENAN MUNIZ FRANCO"
976;"***.261.499-**";"RENATO VIANA COSTA"
977;"***.216.698-**";"ANA LIVIA KASSEBOEHMER"
978;"***.369.131-**";"RUBENS RODRIGUES DE CARVALHO JUNIOR"
979;"***.513.249-**";"RICARDO GALINDO SOARES"
980;"***.633.769-**";"SIRVAL INACIO DA SILVA"
981;"***.535.529-**";"WILSON LEMOS MARTINS"
982;"***.868.809-**";"HERCULES ANTONIO VIEIRA"
983;"***.110.447-**";"ANDREI BEREZOWSKI"
984;"***.356.049-**";"RODRIGO CATANI"
985;"***.919.348-**";"ANTONIO CARLOS DE ALMEIDA COSTA"
986;"***.659.149-**";"MARCELO ESPLUGUES"
987;"***.190.629-**";"LUIS ALBERTO MACEDO JUNIOR"
988;"***.867.729-**";"GUILHERME ERNESTO TONIN"
989;"***.232.401-**";"SERGIO RICARDO BRAGA DA SILVA"
990;"***.159.939-**";"ALFEU CELSO CAMPIOLO"
991;"***.830.823-**";"RAIMUNDO NONATO MENDES DE SOUSA"
992;"***.749.483-**";"FRANCISCO DAS CHAGAS RODRIGUES MIRANDA"
993;"***.307.633-**";"HERMES RODRIGUES DE ARAUJO"
994;"***.463.073-**";"ISABELA DOS SANTOS ARAUJO MOURA"
995;"***.364.713-**";"RACHEL PINHEIRO DE ARAUJO COSTA"
996;"***.793.658-**";"CRISTIANA DA MATA ALMEIDA"
997;"***.472.843-**";"MARCELO ARAUJO DE SOUZA"
998;"***.282.163-**";"MANOEL SILVA DE MOURA NETO"
999;"***.623.393-**";"MACIEL RIBEIRO BATISTA"
1000;"***.152.323-**";"REGINALDO NUNES DE OLIVEIRA"
1001;"***.799.681-**";"FRANK HENRIQUE BARBOSA BOMFIM"
1002;"***.957.441-**";"DERCI ANTONIO ANDRADE JUNIOR"
1003;"***.768.663-**";"RENATO PABLO OLIVEIRA DE SOUSA"
1004;"***.640.541-**";"SARA AYRES GUERREIRO GIL"
1005;"***.138.443-**";"EXPEDITO GUEDES DOS SANTOS NETO"
1006;"***.352.561-**";"FRANCISCO DAS CHAGAS SILVA DE ASSIS"
1007;"***.546.071-**";"MATEUS CESAR CERQUEIRA ANTONIO BARBOSA"
1008;"***.515.173-**";"MANOEL OLIVEIRA CASTRO JUNIOR"
1009;"***.466.941-**";"JAILSON CARVALHO SILVA"
1010;"***.565.328-**";"LUIZ PAULO COSENTINO"
1011;"***.000.478-**";"ANGELA YATSUGAFU"
1012;"***.488.848-**";"CAMILA FERNANDES DE OLIVEIRA"
1013;"***.809.978-**";"MURILO FRISANCO SOSSAI"
1014;"***.893.660-**";"BRUNA LOPES BECKER LORENTZ"
1015;"***.446.048-**";"ANDREA CRISTINA BERTI"
1016;"***.586.548-**";"CARLOS ROBERTO DA SILVA"
1017;"***.753.287-**";"ALEXSANDRO DO AMARAL FARIAS"
1018;"***.613.808-**";"LUIZ MAURICIO GOMES ESTEVES"
1019;"***.601.388-**";"RAFAEL FURLAN"
1020;"***.360.988-**";"LUIZ HENRIQUE PINOTTI"
1021;"***.458.398-**";"MIRIAM PACHECO SOARES"
1022;"***.462.378-**";"GILBERTO FONTOLAN COSTA"
1023;"***.544.288-**";"THIAGO ESMERIO DA SILVA"
1024;"***.077.138-**";"JEAN AKIO SHIDA HASHIOKA"
1025;"***.032.668-**";"MARCUS VINICIUS BENEDETTI FIRMINO"
1026;"***.645.868-**";"VITAL PASQUARELLI JUNIOR"
1027;"***.375.538-**";"ANDRE ROBERTO TIVON MAK"
1028;"***.247.538-**";"DARLI DANIELI FAVONI LOQUETI BASSETTO"
1029;"***.513.718-**";"JOSE VANDERLEY MENDES SILVA"
1030;"***.361.786-**";"CAIO SILVA MELO"
1031;"***.802.578-**";"RODOLFO GIRADE"
1032;"***.017.108-**";"SAMUEL CLAUDIO ALO DE ALVARENGA"
1033;"***.393.138-**";"FLAVIA FONSECA FALCAO LI"
1034;"***.312.428-**";"HAMILTON RODRIGO CAMILLO DE SOUZA"
1035;"***.711.808-**";"IEDO VECCHI MACHADO"
1036;"***.879.009-**";"GEORGE AUGUSTO ANDRIONI DA SILVA"
1037;"***.418.728-**";"HENRIQUE AGUIAR SIQUEIRA"
1038;"***.954.898-**";"FERNANDA LOPES DE ARAUJO"
1039;"***.238.588-**";"PRISCILA BUENO ALVES"
1040;"***.025.248-**";"VITOR KENZO CORREGLIANO"
1041;"***.884.918-**";"CARLOS ARROYO JUNIOR"
1042;"***.629.018-**";"DANILO BOSSARINO"
1043;"***.335.608-**";"JOAO PAULO DOS SANTOS NAMIUTI"
1044;"***.184.778-**";"BRENO HENRIQUE SELMINE MATRANGOLO"
1045;"***.443.628-**";"JOAO CARLOS RODRIGUES"
1046;"***.138.108-**";"ALAN HENRIQUE DE SOUZA"
1047;"***.433.966-**";"LUIZ ROGERIO GODOY"
1048;"***.578.178-**";"THIAGO CARVALHO BAYERLEIN"
1049;"***.051.188-**";"CLEBER AURELIO DOS SANTOS SILVA"
1050;"***.233.868-**";"GUILHERME PIRES ARBACHE"
1051;"***.672.188-**";"NAYARA APARECIDA DE OLIVEIRA SILVA"
1052;"***.535.728-**";"DANILO GOMES SILVA"
1053;"***.782.698-**";"JOSE LUCAS DA SILVA BERGAMASCO"
1054;"***.469.068-**";"CAIO DE CAMPOS BUENO"
1055;"***.386.108-**";"EVA NEIDE RAGOZONI"
1056;"***.443.278-**";"CARLOS ALBERTO IANGUAS"
1057;"***.127.108-**";"ALEXANDRE MASIERO VASCONCELLOS"
1058;"***.763.818-**";"VITOR HUGO DE OLIVEIRA FARIAS"
1059;"***.524.490-**";"VIVIAN FARENZENA"
1060;"***.776.908-**";"MARCO AURELIO NEVES"
1061;"***.064.218-**";"MARINA DA COSTA FERREIRA"
1062;"***.948.748-**";"JACKSON MATOS MEDEIROS"
1063;"***.083.928-**";"JOSUE ULIANA"
1064;"***.182.598-**";"KEITH ROVERE NAKAMISHI"
1065;"***.931.786-**";"JULIO CEZAR COTTA"
1066;"***.083.626-**";"GUTEMBERG JOSE DE FREITAS FILHO"
1067;"***.505.146-**";"FABRICIO BONIFACIO DE OLIVEIRA"
1068;"***.184.106-**";"WARLEY CEZAR DE LANA HIGINO"
1069;"***.279.606-**";"ADILIO ALVES LEAL"
1070;"***.825.076-**";"TOBIAS AUGUSTO ROSA FARIA"
1071;"***.291.856-**";"LUIZ GUSTAVO GAZZOLA SANT ANA"
1072;"***.427.211-**";"MARCIO SILVA BALAO"
1073;"***.474.926-**";"RAFAEL GOMES SOARES"
1074;"***.991.016-**";"WAGNON SEBASTIAO DA SILVA"
1075;"***.122.746-**";"TULIO FIGUEIREDO GOMES"
1076;"***.437.016-**";"FLAVIO GOMES DE FREITAS"
1077;"***.418.686-**";"ADELIMARCIO LEONIDAS VIANA GONCALVES"
1078;"***.020.526-**";"TIAGO RODRIGO DE OLIVEIRA SILVA"
1079;"***.706.766-**";"LUIZ FERNANDO SANTANA LIMA"
1080;"***.090.766-**";"HELIANA MARIA RIBEIRO DA SILVA ARAUJO"
1081;"***.320.996-**";"JOSE FERREIRA RODRIGUES"
1082;"***.406.246-**";"GUSTAVO CASTANHEIRA BOLOGNANI"
1083;"***.570.306-**";"MARCELO REIS DE PAULA"
1084;"***.129.076-**";"BRUNO WELINGTON GUIMARAES"
1085;"***.659.586-**";"CLAUDIO MANOEL DE MOURA"
1086;"***.045.836-**";"JOAO MARCOS SANTANA HONORIO"
1087;"***.300.316-**";"PAULA FRANCISCA GOMES RODRIGUES"
1088;"***.377.277-**";"MICHELLE TERRA COSTA OLIVEIRA"
1089;"***.151.333-**";"BRENO ALVES FIGUEIREDO"
1090;"***.586.116-**";"JETER DE SOUSA SILVA"
1091;"***.887.346-**";"ANA CANDIDA GONTIJO DE PAIVA"
1092;"***.290.716-**";"LAIS DA CUNHA SANTOS"
1093;"***.376.316-**";"LEANDRO CARVALHO DOS SANTOS"
1094;"***.965.986-**";"LETICIA MARIA SOARES"
1095;"***.642.986-**";"ALIDA APARECIDA DE CARVALHO CAETANO"
1096;"***.406.956-**";"MARCOS MARINHO DE MEDEIROS"
1097;"***.154.768-**";"EDMILSON LAURENTINO DA SILVA"
1098;"***.110.456-**";"MARIA FRANCISCA PEREIRA DA FONSECA TOMAS"
1099;"***.703.106-**";"LORENA CARLA DA SILVA"
1100;"***.074.406-**";"GERALDO MARIANO DA SILVA"
1101;"***.307.547-**";"REINALDO CARDOSO FERREIRA"
1102;"***.527.916-**";"LUIZ FERNANDO SANTOS ANDRADE"
1103;"***.013.886-**";"ALEX SANDER REIS"
1104;"***.347.941-**";"JULIANA BARBOSA DE SOUZA"
1105;"***.173.401-**";"EVELINO MARTINS DA CRUZ"
1106;"***.984.501-**";"FRANCISCO VIEIRA DA SILVA"
1107;"***.896.051-**";"MATHEUS DOMINGOS BENICIO"
1108;"***.396.721-**";"DOUGLAS ADRIAN DE ALMEIDA PORTELA FERREIRA COELHO"
1109;"***.809.031-**";"CLAUDINEI FACINCANI"
1110;"***.019.731-**";"LUCIANO DUARTE DE ASSIS MACEDO"
1111;"***.260.461-**";"ALINE LEHMKUHL DANTAS"
1112;"***.231.308-**";"FERNANDO LOMBARDI GOUVEIA SAMPAIO"
1113;"***.950.398-**";"PABLO FERNANDO HOLLANDA DE OLIVEIRA"
1114;"***.410.464-**";"CLOUDINALDO ARAUJO DA SILVA"
1115;"***.818.024-**";"GUSTAVO SIQUEIRA ARAUJO"
1116;"***.875.484-**";"JOSE GEOVAN LIMA DE SIQUEIRA"
1117;"***.902.984-**";"PITAGORAS REIS DE MACEDO GRANJA"
1118;"***.753.217-**";"BRUNO BRANDAO PEREIRA MACHADO"
1119;"***.522.334-**";"DALSON HOLANDA CAVALCANTI DE ANDRADE"
1120;"***.999.484-**";"JOAO HELIO BESERRA GUERRA"
1121;"***.091.158-**";"GISLAINE REGINA COSTA RHEINLANDER"
1122;"***.033.050-**";"FERNANDA DO NASCIMENTO BEZERRA BONFANTI"
1123;"***.344.219-**";"GILSON WERLE"
1124;"***.146.839-**";"MARCOS ROBERTO PACHECO"
1125;"***.435.061-**";"ARLAINE SITTA LENZI"
1126;"***.768.009-**";"RODRIGO HIDEKI MINAMIZAKI RIBEIRO"
1127;"***.093.379-**";"MIGUEL ANGELO DUARTE"
1128;"***.527.519-**";"DIONEI ALBUQUERQUE"
1129;"***.874.799-**";"MARCELO DAMAZIO"
1130;"***.986.260-**";"MARCUS BRAGA KNAK"
1131;"***.069.129-**";"WAGNER PEREIRA IZIDORO"
1132;"***.034.119-**";"ADRIANA BANDEIRA SEIBERT"
1133;"***.586.469-**";"JONATHAN BERNARDI"
1134;"***.975.009-**";"EDMILSON BALDUINO MARINHO JUNIOR"
1135;"***.816.719-**";"PATRIK DAGOSTIM COSTA"
1136;"***.733.249-**";"ROBERTO THUMS"
1137;"***.348.849-**";"ALCEMIR LAMB"
1138;"***.439.869-**";"CLAUDIO HELIO RADTKE JUNIOR"
1139;"***.751.169-**";"AIRTON RIBEIRO DOS SANTOS"
1140;"***.862.869-**";"ALEXANDRE RODRIGO GOMES DOS SANTOS"
1141;"***.300.467-**";"GILENO BALBINO DOS SANTOS"
1142;"***.337.821-**";"DEVALDE SANTANA DE ASSIS"
1143;"***.834.607-**";"JOSE LUIZ WERNECK MARIA"
1144;"***.801.995-**";"TERESA MARIA SAPUCAIA VARGAS LEAL"
1145;"***.960.545-**";"LUIS ANTONIO SEVERINO BORGES"
1146;"***.232.585-**";"MARITANIA ALVES DE OLIVEIRA CRUZ"
1147;"***.286.845-**";"JOAQUIM CORREIA DE MELO NETO"
1148;"***.118.705-**";"DINALVA ARAUJO DOS SANTOS"
1149;"***.628.251-**";"DANIELA PALHANO DE FIGUEIREDO"
1150;"***.991.995-**";"NILTON ALVES DA COSTA JUNIOR"
1151;"***.214.973-**";"PAULO HENRIQUE DOS SANTOS SILVA"
1152;"***.320.327-**";"GISELLI MARTINS UCELI MAXWELL"
1153;"***.855.391-**";"MARIA DIVINA DE JESUS"
1154;"***.636.142-**";"HILDERVAL MARQUES COSTA"
1155;"***.168.803-**";"LUIS CARLOS ALVES COSTA"
1156;"***.710.023-**";"BARBARA RUBIA E SILVA VALENTE"
1157;"***.008.283-**";"ORCEMIR JOSE DA PAZ FURTADO"
1158;"***.957.273-**";"PAULO VINICIUS GOMES FERRAZ"
1159;"***.332.273-**";"VALDEMIR DA SILVA OLIVEIRA FILHO"
1160;"***.946.101-**";"ADRIANA AGUIAR REIS"
1161;"***.499.846-**";"DORMEVIL BUENO JUNIOR"
1162;"***.954.861-**";"DALVO DOS SANTOS"
1163;"***.301.841-**";"ZELIO DONIZETE GOMES DOS PASSOS"
1164;"***.760.361-**";"JOAO TRAJANO PEBA NETO"
1165;"***.546.111-**";"JOSE ROSA DA SILVA"
1166;"***.402.401-**";"HAROLDO FLAVIO GONCALVES"
1167;"***.527.301-**";"ORLANDINO JOSE DA SILVA"
1168;"***.549.921-**";"JOSE ARI DE MORAIS"
1169;"***.022.741-**";"ANTONIO DONIZETI IVO"
1170;"***.629.031-**";"JOSIMAR GOMES DE OLIVEIRA"
1171;"***.660.141-**";"ARAMIS MARTINS DA SILVA FILHO"
1172;"***.816.054-**";"JOAO EVANGELISTA MENEZES JUNIOR"
1173;"***.659.804-**";"ROMULO FRANCISCO DO NASCIMENTO JUNIOR"
1174;"***.720.977-**";"TAUMATURGO LIMA CORDEIRO"
1175;"***.206.482-**";"JACKSON SABINO DA COSTA"
1176;"***.109.005-**";"ALINALDO JOSE GOMES MELO"
1177;"***.346.667-**";"JOSE MARTINS DE OLIVEIRA"
1178;"***.325.521-**";"JOSE LUIZ DE ALMEIDA LIMA"
1179;"***.383.292-**";"MICHEL OLIVEIRA REIS"
1180;"***.917.236-**";"RAFAEL FERREIRA LOPES"
1181;"***.776.986-**";"MERCHED HANNA KHALIL DIB"
1182;"***.860.994-**";"CLARISSA ZOBY CARNEIRO LEAO"
1183;"***.174.113-**";"ROBERTO CUNHA TRINDADE"
1184;"***.050.267-**";"ROSECLEIDE DA SILVA CUSTODIO"
1185;"***.114.250-**";"MARCELO DE NARDIN"
1186;"***.566.769-**";"ANA CAROLINA MACEDO LUBCKE"
1187;"***.421.207-**";"JULIANA CLETO FERREIRA CARDOSO"
1188;"***.174.204-**";"LUIS ALBERTO DA SILVA"
1189;"***.759.849-**";"CASSIO LUIZ LIMA DA SILVA"
1190;"***.199.477-**";"RENAN FELIPE DOS SANTOS GONCALVES"
1191;"***.599.551-**";"FRANCISCO SOARES NETO"
1192;"***.741.502-**";"MARIA VALDELENE FERREIRA DA SILVA"
1193;"***.439.417-**";"LUIZ FELIPE MENDES DE ARAUJO"
1194;"***.209.161-**";"NILO DA LUZ GUTEMBERG"
1195;"***.623.848-**";"MARIA LUCIA DE JESUS SILVA"
1196;"***.109.141-**";"VALMIR MORAES DA SILVA"
1197;"***.077.598-**";"RONALDO DA SILVA FERNANDES"
1198;"***.919.570-**";"LUIS CARLOS MACHADO DA SILVA"
1199;"***.739.980-**";"LEANDRO AUGUSTO ANDERSON"
1200;"***.126.971-**";"EDMILTON PEREIRA DOS SANTOS"
1201;"***.274.381-**";"ELAINE CRISTINA BARRETO"
1202;"***.626.244-**";"LUCIANO RAMOS DE LUCENA"
1203;"***.021.021-**";"JASSON PIERRE FIRME"
1204;"***.275.143-**";"PAULO HENRIQUE GIRAO DUARTE"
1205;"***.489.083-**";"FRANCISCO RUBENS LEMOS"
1206;"***.819.813-**";"LUIZ CLAUDIO DA ROCHA EVANGELISTA"
1207;"***.791.386-**";"MARCO ANTONIO MENDES"
1208;"***.324.597-**";"ALVARO LUIZ DOS SANTOS ALVES"
1209;"***.792.126-**";"JULIO CESAR MODENA"
1210;"***.863.058-**";"CELSO BENEDITO MOREIRA"
1211;"***.695.488-**";"DANIEL DE PAIVA LEMES"
1212;"***.599.670-**";"SAMOEL SIMAO BRESOLIN"
1213;"***.771.067-**";"GIANCARLO LUCIANO GOMES"
1214;"***.692.670-**";"LEO FABRICIO PEREIRA"
1215;"***.473.728-**";"ALEXANDRE FAVARO SANCHES"
1216;"***.955.174-**";"ADRIANO AUGUSTO DA SILVA"
1217;"***.392.760-**";"ISABEL CRISTINA ROSSATO"
1218;"***.474.720-**";"SERGIO MACHADO SOARES"
1219;"***.491.170-**";"SIMONE NASCIMENTO SILVA"
1220;"***.226.739-**";"SIMONE MARTINS DE JESUS NISSOLA"
1221;"***.889.836-**";"RODRIGO VIEIRA DE MELO"
1222;"***.238.053-**";"CARLOS EDUARDO DOS SANTOS MACEDO"
1223;"***.076.003-**";"LEONARDO DE ARAUJO SOUZA"
1224;"***.249.180-**";"IVANOR ANTONIO KAYSER"
1225;"***.465.741-**";"WASHINGTON FABRICIO MARTINS"
1226;"***.204.306-**";"ADAIR DIVINO SILVA BADARO"
1227;"***.305.130-**";"LUIZ ALFREDO FERNANDES LOTTERMANN"
1228;"***.849.343-**";"FRANCYELLE GURGEL DE CASTRO ALVES"
1229;"***.528.216-**";"RAFAEL BORELA VALENTE"
1230;"***.504.211-**";"MARCIO SERRA ARAGAO"
1231;"***.655.021-**";"FILIPE RIBEIRO DE OLIVEIRA"
1232;"***.993.091-**";"ELISANGELA MARIA PEREIRA"
1233;"***.367.736-**";"MICHELL BORGES CASTANHEIRA DE CARVALHO"
1234;"***.281.242-**";"MIGUEL MAURICIO KURILO"
1235;"***.652.572-**";"EDIVALDO MARTINS NOBRE"
1236;"***.285.058-**";"DEBORA KRUGER PADRAO BARBOZA"
1237;"***.504.848-**";"IGOR LUIS PEREIRA MARTINS"
1238;"***.796.211-**";"MARCELO RODRIGUES DE OLIVEIRA"
1239;"***.333.241-**";"CARLOS ALBERTO VIEIRA CORREA"
1240;"***.735.051-**";"EDUARDO HENRIQUE LEMOS"
1241;"***.039.810-**";"MARCIA WERLANG LUNKES"
1242;"***.561.507-**";"SIDNER KAFLER"
1243;"***.339.509-**";"RENATA PICHEK"
1244;"***.403.126-**";"GUILHERME SANTANA LOPES GOMES"
1245;"***.563.456-**";"MANUEL COSTA DA SILVA"
1246;"***.298.177-**";"MARCELA RIBEIRO VIANNA"
1247;"***.231.365-**";"VALDINEIA DOS SANTOS OLIVEIRA"
1248;"***.344.739-**";"PATRICK SCHALDACH"
1249;"***.618.761-**";"HOMERINO FERREIRA DE MACEDO"
1250;"***.868.268-**";"LAYO DE JESUS ALVES"
1251;"***.801.363-**";"JOSE WILMINGTON PAES LANDIM RIBEIRO"
1252;"***.123.317-**";"DIEGO DE LEMOS ABREU"
1253;"***.715.731-**";"HONORIO MARCOS MACHADO"
1254;"***.267.532-**";"JORGE ROBERTO COIMBRA SAUMA"
1255;"***.898.815-**";"JUNIEL NASCIMENTO CRUZ"
1256;"***.851.695-**";"THIAGO EMANUEL SANTOS BORGES"
1257;"***.377.205-**";"RAFAEL LOPES NOVAIS"
1258;"***.203.977-**";"MARCIA VARGAS SANTOS MENEGUELLI"
1259;"***.703.573-**";"LEONARDO MAGNO LEITE BRANDAO"
1260;"***.858.053-**";"MARIA DE JESUS GUIMARAES"
1261;"***.657.553-**";"CLEBIO ROCHA MATOS"
1262;"***.531.763-**";"LUIS EDUARDO MORAES DE ALBUQUERQUE"
1263;"***.371.592-**";"JUAN ALVES ATAIDES"
1264;"***.284.623-**";"CARLOS FRANCISCO DE SOUSA"
1265;"***.143.773-**";"IZAEL CARLOS DA SILVA"
1266;"***.772.399-**";"EDUARDO VASCONCELOS GARCIA FRIGERIO"
1267;"***.406.718-**";"RODRIGO CARLOS ROSA"
1268;"***.503.558-**";"BRUNO ALVES DE SOUZA"
1269;"***.284.218-**";"MAISA VILLELA SANTOS REIS NOBREGA"
1270;"***.486.848-**";"CAROLINA DA COSTA ZIVIANI"
1271;"***.828.998-**";"VICTOR JOSE DO PATROCINIO GONCALVES DE SOUZA"
1272;"***.505.628-**";"VIKTOR ASCHERMANN"
1273;"***.579.828-**";"MARCELO DE SOUZA PRADO"
1274;"***.279.666-**";"PAULO HENRIQUE RODRIGUES"
1275;"***.044.971-**";"MARCELO MENDES MARQUES"
1276;"***.561.604-**";"CLAUDIO CRISTHIANO BARBOSA DE LEMOS"
1277;"***.769.214-**";"HEITOR VITOR CHAVES GALINDO"
1278;"***.504.900-**";"JOAO PAULO CADORE FLORES"
1279;"***.861.705-**";"ANDRE WAGNER DOURADO SANTOS"
1280;"***.792.371-**";"ANA LILIA LIMA DOS SANTOS"
1281;"***.131.268-**";"GEISA DANIELE LIMA BRAZ"
1282;"***.332.199-**";"MARCELO HENRIQUE CARDOSO GNOATO"
1283;"***.343.123-**";"ANA PAULA VIEGAS PEREIRA CARVALHO"
1284;"***.220.995-**";"MARCIO CUNHA DE SOUZA"
1285;"***.677.674-**";"ALESSANDRO SOUZA CONSTANTINO"
1286;"***.856.001-**";"FELIPE COELHO RODRIGUES DE FARIAS"
1287;"***.139.961-**";"FILIPE SANTOS OLIVEIRA"
1288;"***.962.251-**";"ANTONIO ALVES DE SOUZA"
1289;"***.810.209-**";"EDDIE JOHN LEHRER"
1290;"***.936.023-**";"VALQUIRIO MAIA FILHO"
1291;"***.153.343-**";"ULISSES GARCIA AMARAL"
1292;"***.594.702-**";"MARNINE LIMA DE AGUIAR"
1293;"***.899.071-**";"ODAIR JOSE FERNANDES"
1294;"***.461.071-**";"ADRIANI FERREIRA DOS SANTOS"
1295;"***.029.711-**";"ITAMAR ANTONIO PINHEIRO DOS PRASERES"
1296;"***.850.922-**";"EDIANA DOS SANTOS MATIAS"
1297;"***.829.404-**";"MARIA ELIJANE DA SILVA MARTINS"
1298;"***.105.718-**";"ELI SUARES DE ALMEIDA"
1299;"***.877.957-**";"RONALDO MARINS DE CARVALHO"
1300;"***.909.763-**";"LEONARDO ROCHA DA SILVA"
1301;"***.640.052-**";"KILDERY RENIER PIMENTEL SERRAO"
1302;"***.651.030-**";"CRISTIANO MENNA BARRETO BROGLIO"
1303;"***.199.047-**";"MARCIO LUIS ALVES DA SILVA"
1304;"***.277.960-**";"KAUE CEZAR NITSCHKE"
1305;"***.934.357-**";"WALEF SANTOS LIMA"
1306;"***.093.351-**";"MATEUS SANCHES HAMMERSCHMIDT"
1307;"***.059.213-**";"ALAN ALVES DA SILVA"
1308;"***.704.078-**";"WILLIAM PEREIRA SANTIAGO"
1309;"***.703.076-**";"JOCEMAR JOSE DE REZENDE"
1310;"***.270.946-**";"JOSE CARLOS DA SILVA NETO"
1311;"***.179.857-**";"EMERSON BASTOS DE BARROS"
1312;"***.758.610-**";"GUSTAVO PEIXOTO MARQUES"
1313;"***.926.961-**";"WIBER GOMES CARDOSO ROCHA"
1314;"***.868.890-**";"RENAN FELIPE PARIZOTTI"
1315;"***.931.373-**";"PEDRO DE AMORIM DOURADO JUNIOR"
1316;"***.153.957-**";"CLEYBSON PAES DE OLIVEIRA GALVAO"
1317;"***.911.956-**";"ALOISIO DE OLIVEIRA BERNARDES"
1318;"***.506.746-**";"WILIANS PATRIC DA SILVA"
1319;"***.242.056-**";"LUCIANO RIBEIRO DE CASTRO"
1320;"***.365.646-**";"JUCILENE DE VILAS BOAS SANTANA"
1321;"***.796.007-**";"MIGUEL PEREIRA FILHO"
1322;"***.751.498-**";"WISLEY HUMBERTO BONAMICHI"
1323;"***.960.686-**";"GILMER JACINTO PERES"
1324;"***.604.502-**";"JOSE CARLOS DA SILVA"
1325;"***.248.711-**";"MARIANA RAMOS CORREA"
1326;"***.212.651-**";"JADER DE ALENCAR VASCONCELOS"
1327;"***.138.441-**";"PEDRO ALVES JUNIOR BEZERRA"
1328;"***.382.134-**";"DAVIDSON ROGERIO DE MEDEIROS FLORENTINO"
1329;"***.743.041-**";"RAQUEL BRAZ ASSUNCAO BOTELHO"
1330;"***.997.366-**";"ADRIANO PEREIRA BOTELHO"
1331;"***.234.019-**";"RENATA GRESPAN"
1332;"***.979.730-**";"AMARANTE MENEZES DE OLIVEIRA"
1333;"***.171.220-**";"VIVIAN SPESSATTO"
1334;"***.434.720-**";"ALDINA JACOB QUINTANA"
1335;"***.143.595-**";"EDVALDO PEREIRA DOS SANTOS FILHO"
1336;"***.422.395-**";"KERDOVAL DA SILVA SOUZA"
1337;"***.929.629-**";"DIEGO CARLOS MULLER"
1338;"***.747.679-**";"HELMUTH DOS SANTOS"
1339;"***.273.050-**";"RAFAEL DA ROSA COUTO"
1340;"***.119.086-**";"WILLIAM SILVA TOMAZ"
1341;"***.356.916-**";"RODRIGO DE ANDRADE REIS"
1342;"***.479.276-**";"LEONARDO DE PAIVA BARBOSA"
1343;"***.118.156-**";"ALEX DE ANDRADE FERNANDES"
1344;"***.792.496-**";"PETER FRANKLIN RIBEIRO DE SOUZA"
1345;"***.515.066-**";"RODRIGO GONCALVES DE OLIVEIRA"
1346;"***.226.196-**";"MATHEUS LINO FERREIRA GONCALVES"
1347;"***.011.906-**";"PAULO MODESTO DE CAMPOS"
1348;"***.817.686-**";"RAMON PAES GUIMARAES"
1349;"***.267.989-**";"LUIZ CARLOS MARTINS"
1350;"***.703.267-**";"WILSON PANCIERI"
1351;"***.924.447-**";"FABIO ADONIAS MONTEIRO"
1352;"***.357.481-**";"ISADORA TIBALDI BATISTA"
1353;"***.446.947-**";"ELIO ALVES DE MOURA"
1354;"***.017.381-**";"HANDEL BEZERRA DIAS"
1355;"***.261.501-**";"JECIVAN BARBOSA RODRIGUES"
1356;"***.420.071-**";"EDMUNDO COSTA DE OLIVEIRA"
1357;"***.700.070-**";"ISRAEL LEMOS DOS SANTOS"
1358;"***.986.001-**";"ANA CRISTINA SILVA REBELO"
1359;"***.595.406-**";"MARCIO DE OLIVEIRA RESENDE SOUZA"
1360;"***.248.516-**";"REINALDO DA COSTA SILVA"
1361;"***.482.636-**";"SOCRATES DUMONT SOBRINHO"
1362;"***.936.504-**";"FRANKLIN DANTAS FREIRE"
1363;"***.256.344-**";"VANESSA TEIXEIRA DE LIMA OLIVEIRA"
1364;"***.336.946-**";"GUILHERME PETRONE SOARES DE OLIVEIRA"
1365;"***.665.546-**";"JOSIMAR RODRIGUES OLIVEIRA"
1366;"***.354.344-**";"ANDRE MENEZES DO VALE"
1367;"***.231.287-**";"REGINALDO ALMEIDA NEGROMONTE"
1368;"***.842.631-**";"MAURO AZEVEDO COELHO"
1369;"***.106.231-**";"MARCO ANTONIO DE SOUSA FERNANDES"
1370;"***.343.341-**";"AROLDO BRANDAO"
1371;"***.921.636-**";"SERGIO CARNEIRO GUIMARAES"
1372;"***.588.000-**";"PAULO ROBERTO DA SILVA CAMPELO"
1373;"***.748.962-**";"MARIA HELENA QUEIROZ DE ARAUJO"
1374;"***.551.608-**";"NILZA FERREIRA DAMASCENO"
1375;"***.319.612-**";"IRACY CARVALHO DOS SANTOS"
1376;"***.431.568-**";"SILVIA REGINA CASTILHO"
1377;"***.283.937-**";"MARTA REGINA BARBOSA"
1378;"***.114.656-**";"GERALDO PAMPLONA FILHO"
1379;"***.688.100-**";"GUSTAVO DOS SANTOS AIDOS"
1380;"***.261.847-**";"PAULO CARDOSO AGUIAR"
1381;"***.225.488-**";"PEDRO FRANCA GUIMARAES FERREIRA"
1382;"***.692.727-**";"JULIO CESAR REIS PAIVA"
1383;"***.857.094-**";"JESSICA BREDA FROTA DE ALMEIDA"
1384;"***.836.541-**";"ANNA JULIA LEITE LACERDA SAMPAIO"
1385;"***.408.288-**";"PAULO ANTONIO MARTINS JUNIOR"
1386;"***.928.061-**";"MARIO ALBERTO JIMENEZ DE ALMEIDA"
1387;"***.874.164-**";"ELIAS KLEITON SANTOS OLIVEIRA"
1388;"***.133.875-**";"HELIO DE SOUSA CARVALHO"
1389;"***.549.262-**";"EVERSON MACHADO DE ANDRADE"
1390;"***.726.001-**";"BERNARDO SORDO DE AQUINO PEIXE"
1391;"***.480.897-**";"FRANCISCO EDUARDO GONCALVES MARTINS"
1392;"***.824.161-**";"FERNANDO QUEIROZ SEGOVIA OLIVEIRA"
1393;"***.283.047-**";"CARLOS FERNANDES SILVA"
1394;"***.115.219-**";"FABIANO DOMINGOS PEREIRA"
1395;"***.781.381-**";"MARCELO DE SOUZA BRITO"
1396;"***.884.601-**";"JOSE DE RIBAMAR FURTADO JUNIOR"
1397;"***.194.794-**";"MIGUEL FARIAS PONTES"
1398;"***.379.362-**";"HILTON CAMPOS DE FRANCA FILHO"
1399;"***.302.577-**";"CAMILA DA SILVA MACIEL"
1400;"***.561.093-**";"ALDENIR SANTANA NEVES"
1401;"***.013.673-**";"FERNANDO JOSE BARBOSA DE MOURA CASTRO"
1402;"***.339.005-**";"DOALCEY GEORGE SILVA SANTOS"
1403;"***.779.253-**";"RAIFRAN VIANA DOS SANTOS"
1404;"***.181.257-**";"ALISSON ANDRION DE AGUIAR"
1405;"***.421.937-**";"JOSE CARLOS AMADURO"
1406;"***.017.131-**";"CLAUDIO PARENTE SOUSA"
1407;"***.729.355-**";"BERGSON MACARIO COSTA"
1408;"***.255.341-**";"DANIELLE APARECIDA DE SOUZA"
1409;"***.651.017-**";"FABIANA PEREIRA LINS"
1410;"***.348.936-**";"LUANA GUIMARAES CURY"
1411;"***.565.922-**";"CLAUDIO AMIRTON PEREIRA DE MELLO"
1412;"***.338.307-**";"SEVERINO GABRIEL DOS SANTOS"
1413;"***.482.172-**";"CELIO ALFREDO MACEDO BAIA"
1414;"***.360.811-**";"MICHELLE RODRIGUES CORREIA"
1415;"***.302.588-**";"RAFAEL MUNIZ MORI"
1416;"***.492.890-**";"DANIEL LOPES RODRIGUES"
1417;"***.811.827-**";"CARLOS PEREIRA"
1418;"***.044.247-**";"ADRIANA LEITE ARANTES"
1419;"***.075.857-**";"ELAINE IRENE DE OLIVEIRA MENDES"
1420;"***.390.292-**";"MANOEL CORREA DE MIRANDA"
1421;"***.771.832-**";"DANIEL MELO ALMEIDA"
1422;"***.476.407-**";"JOSIAS DA SILVA"
1423;"***.404.267-**";"ADRIANA BATISTA DO NASCIMENTO GONCALVES"
1424;"***.948.667-**";"CARLOS EDUARDO CHITA RODRIGUES DA COSTA"
1425;"***.538.431-**";"HENRIQUE ULISSES DE ABREU"
1426;"***.926.781-**";"JOSE TARCISIO ROCHA"
1427;"***.882.441-**";"MARINA CORBUCCI CAMPOS"
1428;"***.327.096-**";"MARLUCIO DIAS DE SOUZA"
1429;"***.007.456-**";"LEONARDO PEDROSA"
1430;"***.593.506-**";"RENAN COUTINHO GUIMARAES"
1431;"***.167.904-**";"ELIASIBE ALVES DE JESUS"
1432;"***.107.867-**";"RAFAEL CRUZ COUTINHO FERREIRA"
1433;"***.486.236-**";"EDER MARCIO SILVA DE OLIVEIRA"
1434;"***.566.343-**";"JULIANA PETRONILLIO HERNANDES"
1435;"***.244.899-**";"GUILHERME DE OLIVEIRA FERRONATO"
1436;"***.348.778-**";"CARLOS HIROAKI OBA"
1437;"***.984.604-**";"VALDEMIR PEREIRA DA SILVA FILHO"
1438;"***.413.347-**";"RAFAEL DUARTE FERREIRA DA SILVA"
1439;"***.297.345-**";"JOSIANE OLIVEIRA DAMACENO"
1440;"***.239.329-**";"THIAGO FERNANDO BONETTI"
1441;"***.227.381-**";"LUIZA DE SOUSA FARIAS"
1442;"***.974.520-**";"HUMBERTO ZECHLINSKI XAVIER DE FREITAS"
1443;"***.983.910-**";"LEONARDO VARASCHIN GASPERIN"
1444;"***.019.602-**";"ROSA CRISTINA FERREIRA BEZERRA"
1445;"***.493.108-**";"JOAO ALBERTO XAVIER JUNIOR"
1446;"***.228.489-**";"EMERSON DE BARROS PINHEIRO"
1447;"***.116.720-**";"REINALDO FERREIRA DE ARAUJO"
1448;"***.313.521-**";"ELTON DE SOUZA ARAGAO"
1449;"***.796.251-**";"WILLIAN FRANCO DE CAMARGOS"
1450;"***.377.721-**";"CARLOS AUGUSTO CANEDO"
1451;"***.418.068-**";"LEANDRO CABRAL DOS SANTOS"
1452;"***.042.661-**";"KAIO WILLY TAKAHA SILVA TANAKA"
1453;"***.905.431-**";"FERNANDO GIORDANI COIMBRA DE OLIVEIRA"
1454;"***.042.710-**";"OSCAR TERRA NETO"
1455;"***.279.532-**";"WEVERTHON THAVISSON DE SOUZA"
1456;"***.169.602-**";"KAROLINE COSTA MENDES ROMUALDO"
1457;"***.730.404-**";"ANTONIO NIRVANDO MACIEL ROCHA"
1458;"***.876.975-**";"HAMILTON GONCALVES DA SILVA JUNIOR"
1459;"***.945.605-**";"LAURO ALISSON SOUZA CRUZ DE ASSIS"
1460;"***.003.845-**";"EDUARDO SENA DA COSTA"
1461;"***.523.745-**";"RONNIE VON DA SILVA BRAGA"
1462;"***.648.345-**";"SHIRLENE TEIXEIRA LOPES"
1463;"***.669.565-**";"DEREK DE ALMEIDA SILVA"
1464;"***.653.885-**";"HUMBERTO SOARES PRAZERES"
1465;"***.808.904-**";"ANTONIO FELIX DOS SANTOS"
1466;"***.161.724-**";"RAFAEL MARCONI DOS SANTOS"
1467;"***.545.822-**";"JOAO PAULO FEITOSA COUTO"
1468;"***.475.032-**";"EDINEIA FERREIRA MACEDO"
1469;"***.399.266-**";"LUAN DA SILVA REZENDE"
1470;"***.763.183-**";"NEY FACUNDO ONOFRE"
1471;"***.827.787-**";"GILBERTO DE MARTIN OLIVEIRA"
1472;"***.126.047-**";"DAIANE BENEVIDES NASCIMENTO"
1473;"***.762.377-**";"MARCUS VINICIUS SIQUEIRA DE MENDONCA"
1474;"***.100.407-**";"GUSTAVO CARVALHO BELLOTI"
1475;"***.559.463-**";"ERISNALDO DE OLIVEIRA SILVA"
1476;"***.861.074-**";"FRANKLIN FERNANDES DA SILVA"
1477;"***.778.183-**";"JEAN CARLOS MARINHO MARTINS"
1478;"***.013.542-**";"ERYKA PAMELLA RODRIGUES DA SILVA"
1479;"***.980.732-**";"ENILSON SARDINHA COSTA"
1480;"***.194.492-**";"RENALDO FERREIRA DO CARMO"
1481;"***.451.069-**";"JAIR IMAY"
1482;"***.878.589-**";"CESAR LEANDRO PARAPINSKI"
1483;"***.325.959-**";"HENRY MAZER"
1484;"***.004.339-**";"ANTONIO NORBERTO SCHNEIDER"
1485;"***.247.009-**";"RAFAEL MURARI DE ARAUJO"
1486;"***.849.201-**";"ANTONIA RODRIGUES SILVA"
1487;"***.147.303-**";"ROBERTH ENOQUE RIBEIRO FRANCO"
1488;"***.075.133-**";"JOSE FRANCISCO SANTANA"
1489;"***.414.078-**";"IVANA MARIA MORANDI LUSTOSA"
1490;"***.515.793-**";"RAIMUNDO FLAVIO SOARES"
1491;"***.314.713-**";"GIL ALVES CABRAL"
1492;"***.731.601-**";"SILVEIRINHA GUIMARAES LIMA"
1493;"***.964.008-**";"JHONATAN PEDRAL FERNANDEZ"
1494;"***.374.688-**";"FLAVIO AUGUSTO DE PAULA"
1495;"***.176.888-**";"DENISE SERNAGLIA CAPOANO MANTOVANI"
1496;"***.782.268-**";"FREDERICO SILVA TONUS"
1497;"***.547.228-**";"MARCELO GODOY ALVES LIMA"
1498;"***.134.978-**";"RICARDO VERZEGNASSI VERISSIMO"
1499;"***.978.468-**";"NILDO EDUARDO MARTINS"
1500;"***.707.166-**";"JOAO RAFAEL GARCIA"
1501;"***.344.088-**";"CELIO ROBERTO STANQUINI"
1502;"***.246.758-**";"DANILO FUJINAMI ARATANI"
1503;"***.173.368-**";"SABRINA LEONZI D ALESSANDRO"
1504;"***.754.948-**";"ALESSANDRA CRISTINA FRANCHI"
1505;"***.488.608-**";"ANDREY GOGORA DOS SANTOS"
1506;"***.455.038-**";"SHIRLEY SILVA BEZERRA"
1507;"***.123.297-**";"GABRIEL DE CARVALHO"
1508;"***.196.618-**";"HEBER HENRIQUE CAMARGO"
1509;"***.961.888-**";"VANESSA PERESSONI WALTRICK"
1510;"***.393.688-**";"PEDRO ROBERTO KRUGER"
1511;"***.017.438-**";"RONALDO CESAR GOMES DA SILVA"
1512;"***.243.212-**";"DANIEL GARCIA ALVARENGA"
1513;"***.838.476-**";"MARCELO AUGUSTO DE OLIVEIRA"
1514;"***.012.386-**";"KLEO FIDELIS"
1515;"***.185.256-**";"MARCOS ROBERTO BERALDO DE OLIVEIRA"
1516;"***.949.406-**";"JHONNY ALBERT SILVA DOMINGOS"
1517;"***.252.186-**";"ANA LUIZA BERNARDES"
1518;"***.281.606-**";"PEDRO VICENTE FERREIRA MOREIRA"
1519;"***.416.036-**";"DANIEL RIBEIRO MENDONCA"
1520;"***.417.556-**";"ROBERTO GONCALVES DE SOUZA"
1521;"***.401.788-**";"MARSHAL DE ALMEIDA DA SILVA MARANGONI"
1522;"***.640.646-**";"JOAO ALMEIDA FILHO"
1523;"***.757.716-**";"ANDRE TUPINAMBA FIGUEIREDO MOTA"
1524;"***.913.426-**";"PEDRO HENRIQUE CUNHA SOARES"
1525;"***.212.116-**";"MUNIRA MARIA OTSUKA NASSIF ZEHURI"
1526;"***.818.526-**";"DANIEL PEREIRA GONCALVES"
1527;"***.234.131-**";"EDMAIONS DA SILVA CARVALHO"
1528;"***.728.181-**";"EVERTON LUIS DA SILVA CARVALHO"
1529;"***.464.618-**";"LUCIANO ALVES DA SILVA"
1530;"***.331.524-**";"NIELTON CLEITON FIRMINO PEREIRA"
1531;"***.242.154-**";"ROBSON MOURA DE LIMA"
1532;"***.384.819-**";"GILMAR DA SILVA COELHO"
1533;"***.086.097-**";"GABRIEL SOUSA DOS SANTOS"
1534;"***.364.819-**";"VILMAR LUIZ DREY"
1535;"***.351.609-**";"ODILON MAURICIO WALTER"
1536;"***.136.029-**";"AMILTON MARINHO MACHADO"
1537;"***.710.858-**";"EURICO SILVA CAMPOS"
1538;"***.056.429-**";"JECKESAN FERRAZ DE DEUS"
1539;"***.453.809-**";"FILIPE MARCEL BRITO DE SOUZA"
1540;"***.375.573-**";"JOSE WEYNE NUNES MARCELINO"
1541;"***.845.427-**";"CARLOS FERNANDO OLIVEIRA MORAES"
1542;"***.702.818-**";"WILLIAM YAU HAN CHUANG"
1543;"***.001.103-**";"SERGIO CLAUDIO GOMES PEREIRA"
1544;"***.181.734-**";"AUGUSTO CARLOS DINIZ COSTA FILHO"
1545;"***.028.564-**";"OSNY PEREIRA DA SILVA"
1546;"***.587.712-**";"JUAN PABLO MARTINS AMORIM"
1547;"***.287.461-**";"MARCELO MATTA DOS SANTOS"
1548;"***.145.348-**";"ROBERTO ORLANDI"
1549;"***.449.018-**";"MEGUMI FUZIMOTO NAKAMURA"
1550;"***.343.048-**";"TIAGO BRIGITE"
1551;"***.698.428-**";"MARIA DE LOURDES RODRIGUES GAIAO"
1552;"***.346.209-**";"ALEXANDRINA DE LIMA ROSA"
1553;"***.716.124-**";"TANIA LUCIA RAMOS CAVALCANTI DE LIMA"
1554;"***.401.785-**";"MARCELO DA SILVA CARUCA"
1555;"***.625.934-**";"SILVANA MARIA GALINDO OLIVEIRA PIMENTEL"
1556;"***.492.683-**";"FERNANDO LEITE MATOS"
1557;"***.799.486-**";"CARLA AUGUSTA SOUSA GONDIM"
1558;"***.600.146-**";"CINTIA MARIA FAVARO DO PRADO"
1559;"***.400.719-**";"GLADSTONE FERREIRA DE ASSIS"
1560;"***.062.414-**";"HENRIQUE VASCONCELOS BEZERRA ALVES"
1561;"***.588.328-**";"LUIZ VICENTE PEREIRA"
1562;"***.105.301-**";"RICARDO MONTEIRO DOS SANTOS"
1563;"***.845.591-**";"ROMERO SERRAO TEIXEIRA"
1564;"***.753.302-**";"ODEMAR DA CONCEICAO SILVA"
1565;"***.855.052-**";"JOSE MARIA DE SOUSA NUNES"
1566;"***.629.562-**";"FRANCISCO DAS CHAGAS DE MEDEIROS COSTA"
1567;"***.189.235-**";"GERALDO SOUSA COSTA"
1568;"***.659.561-**";"WANDO WELLINTON PEREIRA DE SA"
1569;"***.535.837-**";"MARCOS SODRE GRUND"
1570;"***.842.801-**";"LUCIMAR DOS SANTOS"
1571;"***.468.016-**";"ENIO PEIXOTO SOARES"
1572;"***.156.578-**";"JOSE CARLOS BARBOSA"
1573;"***.677.877-**";"RENATO DE BARROS GOVEIA"
1574;"***.067.408-**";"CARLOS ROBERTO GERMANO"
1575;"***.935.037-**";"JOICE DA SILVA TAVARES"
1576;"***.297.663-**";"GIANNINI VERAS MAGALHAES"
1577;"***.761.617-**";"MARCIO DE LIMA SILVA"
1578;"***.369.450-**";"JOSE JOACI BARCELLOS DA SILVA"
1579;"***.005.052-**";"PAULO HENRICK FRANCO DE OLIVEIRA"
1580;"***.186.552-**";"ALANE FERREIRA SILVA ESPINDOLA"
1581;"***.615.959-**";"BRUNO MURILO PINHEIRO EUCLIDES"
1582;"***.975.990-**";"LEONARDO GABRIEL FONTOURA GARCIA"
1583;"***.649.456-**";"DELCIO CORREIA DE ANDRADE"
1584;"***.598.257-**";"ERNESTO FRANCISCO REIS FILHO"
1585;"***.739.449-**";"MATEUS CASAGRANDE"
1586;"***.160.511-**";"FRANCISCO FRANCA FERREIRA FILHO"
1587;"***.711.290-**";"FELIPE ROCHA DE AQUINO"
1588;"***.494.250-**";"PATRIQUE SEVERO CACERES"
1589;"***.201.646-**";"GABRIEL PASCOAL ZANATELI ZAPPI SILVA"
1590;"***.735.426-**";"RODRIGO VIEIRA ANGELO"
1591;"***.084.107-**";"ENIO LUIZ BRAGA"
1592;"***.291.482-**";"AURELIO COLARES MACIEL"
1593;"***.233.160-**";"CLAUDIOMIRO DE MORAIS DA SILVEIRA"
1594;"***.509.107-**";"DIOGO DE ARAUJO GUALBERTO"
1595;"***.452.067-**";"MARCUS VINICIUS SANTANA DA SILVA"
1596;"***.300.564-**";"FRANKLIM DA SILVA AZEVEDO"
1597;"***.302.947-**";"LUIZ CLAUDIO GOMES PEREIRA"
1598;"***.496.766-**";"ANDRE LUIS FRANK DA SILVA"
1599;"***.607.246-**";"RONE VIEIRA LIMA"
1600;"***.334.346-**";"ROGERIO MAIA DA SILVA"
1601;"***.499.060-**";"KARINE VAY DIAS"
1602;"***.514.607-**";"HUDSON DA SILVA ROSA"
1603;"***.395.627-**";"LINCON DAVI DE ANDRADE DINIZ"
1604;"***.235.656-**";"EDUARDO DE RESENDE LACERDA"
1605;"***.567.346-**";"IGGOR MATHEUS DE MOURA SILVA"
1606;"***.828.536-**";"ALEXSANDRO MARTINS FONSECA"
1607;"***.513.386-**";"ROBERTO DE MELO BORGES"
1608;"***.972.117-**";"MICHEL ESTEFANO PEREIRA"
1609;"***.621.279-**";"ROBERTO CZREMETA"
1610;"***.630.020-**";"EVERSON MAGNI DA SILVA"
1611;"***.182.396-**";"ANDRE LUIZ DA SILVA"
1612;"***.580.356-**";"RONAN BATISTA DE OLIVEIRA"
1613;"***.789.830-**";"JEFFERSON DJALMA VIEIRA BANDEIRA"
1614;"***.244.049-**";"JEAN CARLO STAUB"
1615;"***.356.250-**";"ALESSANDRO BOZZETTO"
1616;"***.261.866-**";"JOSE DOS REIS DA SILVA"
1617;"***.610.696-**";"MARCUS HENRIQUE VICTOR"
1618;"***.654.761-**";"RONALDO DOMINGUES"
1619;"***.583.776-**";"MARIA DAS DORES RIBEIRO"
1620;"***.229.386-**";"MATHEUS TEIXEIRA ROCHA"
1621;"***.106.146-**";"RODRIGO GONCALVES RIBEIRO"
1622;"***.961.043-**";"MARIA ZELIA DE ARAUJO MADEIRA"
1623;"***.068.104-**";"EDNA MARIA DA SILVA"
1624;"***.900.051-**";"TIAGO MENDONCA DE SOUZA"
1625;"***.049.423-**";"MARCIO ROBERTO MACHADO DANNI"
1626;"***.295.972-**";"CESAR WEIGLY TARABOSSI REIS"
1627;"***.127.886-**";"ANTONIO AMERICO CARDOSO JUNIOR"
1628;"***.450.538-**";"EDSON LUIS LAZARINI"
1629;"***.159.841-**";"RODRIGO FERREIRA DE AZEVEDO"
1630;"***.019.163-**";"RAIMUNDO FALCAO NETO"
1631;"***.044.676-**";"RODRIGO DE CASTRO TAVARES"
1632;"***.660.099-**";"LUIZ MARCOS ZAMBONATO"
1633;"***.096.429-**";"NEIDE CRISTIANE DANNENHAUER"
1634;"***.147.909-**";"JAQUIEL SALVI FERNANDES"
1635;"***.002.436-**";"RINALDO ALVES DE OLIVEIRA"
1636;"***.695.806-**";"CRISTINA MARIA SOARES DE SOUZA"
1637;"***.636.689-**";"PATRICIA OLIVEIRA REBELO LEITE"
1638;"***.473.059-**";"DIEGO GOLTARA GOMES"
1639;"***.665.670-**";"CLEONE FATIMA ZOHLER THIESEN"
1640;"***.101.659-**";"DANIEL DE LIMA CICHELLA"
1641;"***.442.149-**";"SABRINA MIRANDA COVALSKI"
1642;"***.123.379-**";"ALEXANDRE SILVEIRA DE SOUZA"
1643;"***.613.209-**";"LUCIANO WAGNER BEHR"
1644;"***.809.088-**";"SABRINE FERREIRA KINOSHITA"
1645;"***.290.967-**";"NELSON OSCARANHA GONSALES DA COSTA"
1646;"***.156.044-**";"JOAO CARLOS SOARES DE MELO"
1647;"***.071.406-**";"JOSE RICARDO DA FONSECA"
1648;"***.076.496-**";"VITOR LEONARDO PEREIRA"
1649;"***.088.080-**";"ATILA LUCAS PAIVA"
1650;"***.566.101-**";"HIATHA ANDERSON FERREIRA SANTOS"
1651;"***.222.346-**";"RAFAEL DE PAIVA PEREIRA THIERS VIEIRA"
1652;"***.393.766-**";"GIOVANI SALOMAO TEIXEIRA"
1653;"***.141.466-**";"JOSE GERALDO GONCALVES DA SILVA"
1654;"***.845.956-**";"REGINALDO DE SOUZA MONTEIRO"
1655;"***.311.051-**";"JOSIMARA APARECIDA MAGNANI"
1656;"***.409.820-**";"MICHEL FURIAN LIBRELOTTO"
1657;"***.087.537-**";"LUCIA ABREU ANDRADE"
1658;"***.377.810-**";"ANDREA EDOM MORALES"
1659;"***.601.087-**";"ANA PAULA CABRAL COUTO PEREIRA"
1660;"***.692.867-**";"BENICIO JORGE BRASIL NETO"
1661;"***.110.967-**";"JORGE EDUARDO FARIA ROCHA COSTA"
1662;"***.169.994-**";"RODRIGO DA SILVA BATISTA"
1663;"***.632.527-**";"NILO JORGE PICCOLI"
1664;"***.210.387-**";"MARCO ANTONIO CORREA DA SILVA JUNIOR"
1665;"***.191.817-**";"DANIEL ARRUDA NASCIMENTO"
1666;"***.026.607-**";"PAULO SERGIO CAMPOS JUNIOR"
1667;"***.128.327-**";"LUCAS ESTEVES MENDES"
1668;"***.943.307-**";"RENAN CANUTO"
1669;"***.536.299-**";"MELCHIOR GONCALVES MOREIRA DA SILVA"
1670;"***.056.569-**";"IRINEU KOVALSKI"
1671;"***.488.269-**";"ELIANE OLIARI RISTOF"
1672;"***.442.281-**";"ALEXANDRE HUDSON MASCARENHAS SOARES"
1673;"***.224.321-**";"DANIELA NOGUEIRA DE CARVALHO"
1674;"***.191.941-**";"GILSON BARROS MATIAS LINS"
1675;"***.880.684-**";"FRANCISCO CANINDE MENDES"
1676;"***.606.972-**";"MARIA KATIA CABRAL DA SILVA"
1677;"***.375.141-**";"ALLAN DE SOUZA DELVIZIO"
1678;"***.308.909-**";"RAFAEL CHARNOVSCKI"
1679;"***.932.682-**";"JOSE LUIZ BEZERRA PACHECO"
1680;"***.212.227-**";"CLEBER FERNANDES BARBOSA"
1681;"***.610.590-**";"GLAUCIO NASCIMENTO DE ABREU"
1682;"***.375.651-**";"PAULO DIAS MATTIOLI"
1683;"***.120.181-**";"FERNANDO DE JESUS DE SOUSA SANTOS"
1684;"***.899.549-**";"CLAUDIO ERNESTO LEMOS"
1685;"***.598.008-**";"CAROLINA CASTELLO BRANCO OTONI"
1686;"***.607.572-**";"NAZARENO FRANCISCO DO NASCIMENTO"
1687;"***.533.844-**";"ADRIANO PLATINY TORQUATO DO REGO"
1688;"***.762.654-**";"FRANCISCO ARCANJO DE ALBUQUERQUE FILHO"
1689;"***.976.724-**";"NORMANDO GOMES CAVALCANTI"
1690;"***.348.398-**";"REINALDO HOLDSCHIP"
1691;"***.058.434-**";"TATIANA NAEDJA SILVA DE OLIVEIRA"
1692;"***.256.806-**";"MATHEUS MARINHO DE FARIA"
1693;"***.535.301-**";"PAULO ROBERTO DA SILVA"
1694;"***.632.061-**";"WILSON RIBEIRO CUNHA"
1695;"***.915.414-**";"VINICIUS AUGUSTO DIAS FILHO"
1696;"***.157.115-**";"LILIA CLEIDE ALVES GOMES"
1697;"***.266.703-**";"MARCELO LUIZ CAVALCANTI TEIXEIRA"
1698;"***.841.885-**";"MARCOS ANTONIO MACEDO DA SILVA"
1699;"***.942.313-**";"GABRIELA MOITA RAPOSO E EVANGELISTA"
1700;"***.008.081-**";"HUGO ATAIDES GOMES"
1701;"***.241.202-**";"JANDER SANTIAGO DA FROTA"
1702;"***.136.011-**";"AVILA DE CASIO GONCALVES"
1703;"***.816.299-**";"AMANDA JAQUELINE TEIXEIRA"
1704;"***.738.531-**";"ANA CAROLINA GONCALVES DE SOUSA FERREIRA"
1705;"***.250.327-**";"CAROLINA DIAS DA SILVA"
1706;"***.157.869-**";"JORGE CHASTALO FILHO"
1707;"***.247.181-**";"ENELSON CANDEIA DA CRUZ FILHO"
1708;"***.992.409-**";"MARCUS VINICIUS TAVARES DA SILVA"
1709;"***.942.733-**";"CLELIO SIDNEY REBOUCAS CAVALCANTE"
1710;"***.588.124-**";"GUILHERME DELGADO MOREIRA"
1711;"***.702.454-**";"EMERSON CLEMENTE DOS SANTOS"
1712;"***.120.151-**";"DONIZETTI ANTONIO DE ANDRADE"
1713;"***.736.334-**";"ERALDO JOSE VITAL DE MELO"
1714;"***.463.898-**";"GLEIDSTON PAINS PAMPLONA"
1715;"***.991.057-**";"ALEXANDRE SALGADO JUNQUEIRA"
1716;"***.902.043-**";"JOSE HAROLDO DE OLIVEIRA"
1717;"***.034.230-**";"ROGER LISBOA MOTHCY"
1718;"***.529.767-**";"CIRILO MAX MACEDO DE MORAIS"
1719;"***.679.073-**";"LUIS ALBERTO LINHARES RUFINO"
1720;"***.411.233-**";"JOSE DE RIBAMAR ATAIDE"
1721;"***.470.193-**";"WAGNER EDUARDO LISBOA CUNHA EWERTON"
1722;"***.523.390-**";"MARCELLO LISBOA MELO VARGAS"
1723;"***.071.067-**";"ALEXANDRE PIRES DIAS TEIXEIRA"
1724;"***.953.012-**";"ERIKA ALMEIDA DOS SANTOS"
1725;"***.416.974-**";"EDVALDO PIRES DA SILVA JUNIOR"
1726;"***.900.501-**";"RODRIGO OLIVEIRA DOS REIS"
1727;"***.410.286-**";"MAURO OLIVEIRA MARTINHO"
1728;"***.321.057-**";"IGOR COELHO CABRAL"
1729;"***.262.854-**";"LEANDRO RICARDO DEUD SALOMAO RAMEH"
1730;"***.047.479-**";"JAERILSON HUYER KLIPPEL JUNIOR"
1731;"***.464.589-**";"ANDRE SAUL DO NASCIMENTO"
1732;"***.443.745-**";"SERGIO ROBERTO SOARES SANTOS FILHO"
1733;"***.495.903-**";"VALTER FALCAO NETO"
1734;"***.331.127-**";"CARLOS MAXIMO COIMBRA DE ALMEIDA"
1735;"***.433.813-**";"ANISIO GOMES DE ALMEIDA NETO"
1736;"***.078.953-**";"EVANDRO DE MATOS SENA"
1737;"***.095.017-**";"LUIZ CLAUDIO DOS SANTOS SILVA"
1738;"***.348.947-**";"EDUARDO FERREIRA REGO"
1739;"***.639.431-**";"PAULO CELIO JORGE RODRIGUES"
1740;"***.757.856-**";"ANTONIO VERSIANI QUEIROZ"
1741;"***.103.240-**";"VIVIANE BANDINELLI"
1742;"***.666.887-**";"FABIANO BATISTA SOUZA"
1743;"***.939.797-**";"LUCIANO MAGNO DE ARAUJO"
1744;"***.196.141-**";"MIRIS ROCHA DA SILVA"
1745;"***.896.564-**";"WILSON FRANCELINO DE MORAIS JUNIOR"
1746;"***.349.447-**";"PAULA DE ALMEIDA LIMA"
1747;"***.572.904-**";"JOAO PEREIRA NUNES"
1748;"***.542.671-**";"DENILSON DOS SANTOS OLIVEIRA"
1749;"***.017.197-**";"IGOR CARDOSO DE LEMOS"
1750;"***.670.527-**";"RICARDO ANDRADE SANTOS"
1751;"***.830.220-**";"AIRTON DA SILVA"
1752;"***.629.642-**";"DIEGO REYMAO MOREIRA"
1753;"***.832.051-**";"JOAO LOPES DE OLIVEIRA NETO"
1754;"***.184.177-**";"ANDRE SVENSON"
1755;"***.784.177-**";"CHRISTIANE CIAFRINO"
1756;"***.364.703-**";"JOSE JOAQUIM SILVA COSTA"
1757;"***.203.762-**";"AUGUSTO PEREIRA CORDEIRO"
1758;"***.816.377-**";"JOAO JOSE DE CASTRO SILVA"
1759;"***.028.837-**";"ANTONIO LOPES TAVARES"
1760;"***.683.111-**";"WANTEILDO ANTUNES AYRES DE LIMA"
1761;"***.563.454-**";"VIVIANE NOBREGA DE FARIAS"
1762;"***.229.424-**";"ALLAN TEIXEIRA BRANDAO"
1763;"***.692.232-**";"EDILA NEILE PIRES DA SILVA"
1764;"***.963.241-**";"THIAGO ANTONIO ALVES"
1765;"***.931.362-**";"WAGNER DA SILVA SIQUEIRA"
1766;"***.596.626-**";"CLAUDINEI OLIVEIRA CRUZ"
1767;"***.716.656-**";"NATHALIA FREITAS CARRARO"
1768;"***.941.656-**";"MARIA DAS GRACAS SILVA FILGUEIRAS"
1769;"***.784.907-**";"ANDRE LUIS DE AGUIAR CAVALCANTE"
1770;"***.726.371-**";"ARNALDO BEZERRA LOPES DE ALMEIDA"
1771;"***.373.977-**";"FABIO DA SILVA GUEDES"
1772;"***.249.451-**";"JOSE GUILHERME DA CRUZ"
1773;"***.212.589-**";"ROOSEVELT JOSE MIRANDA"
1774;"***.091.030-**";"GUSTAVO DIEFENTHAELER FILHO"
1775;"***.478.934-**";"REAGAN TARGINO SANTOS"
1776;"***.805.672-**";"REGINO DA SILVA BRITO"
1777;"***.644.910-**";"JOAO LUIZ ORSO"
1778;"***.958.912-**";"VERONICA MOURA DA COSTA"
1779;"***.614.504-**";"SEVERINO DO RAMO DOS SANTOS"
1780;"***.443.198-**";"IVALDO MARQUES DA SILVA"
1781;"***.530.609-**";"RICARDO PENG"
1782;"***.189.549-**";"CRISLLER SUZANA PEREIRA"
1783;"***.293.776-**";"LAURA VALLE FRANCA"
1784;"***.105.469-**";"MARCELA DE MARINS"
1785;"***.674.337-**";"ANDRE SOARES DE MELLO"
1786;"***.999.362-**";"ADELAR JESUS DE ALCANTAR"
1787;"***.896.866-**";"MARIO DOUGLAS FORTINI DE OLIVEIRA"
1788;"***.569.800-**";"LEONARDO TORTORIELLO MESSIAS"
1789;"***.559.449-**";"DANIEL LUIS ZANELLA KANTEK"
1790;"***.867.290-**";"LEONARDO VIANNA MOHR"
1791;"***.313.217-**";"LEONARDO MARTINS GOMES"
1792;"***.323.312-**";"ELLEN MONIQUE BARBOSA NASCIMENTO"
1793;"***.418.701-**";"CINTIA MARIA SANTOS DA CAMARA BRAZAO"
1794;"***.600.808-**";"MARCELO LEANDRO FEITOSA DE ANDRADE"
1795;"***.225.498-**";"ANGELO DEMETRIUS GUILHERME"
1796;"***.355.161-**";"CARLOS ROBERTO VIEIRA SILVA"
1797;"***.604.191-**";"RAFAEL GOMES PEREIRA"
1798;"***.868.544-**";"RICARDO BELIDO VEIGA"
1799;"***.145.781-**";"GARDY ALVES SUAREZ"
1800;"***.818.746-**";"JULYA DOS SANTOS MATOS PEREZ"
1801;"***.153.091-**";"ARTHUR GOMES YAMAMOTO"
1802;"***.158.027-**";"CARLA PATRICIA RODRIGUES RIBEIRO"
1803;"***.686.860-**";"LUIS BENTO DALCORTIVO JUNIOR"
1804;"***.096.920-**";"JOSE ANTONIO INSABRALDE DOS SANTOS"
1805;"***.118.600-**";"CLAUDIA PIOLA DA LUZ"
1806;"***.471.840-**";"DANIEL DE PIETRO DA ROCHA"
1807;"***.668.910-**";"BRUNO DIEGO DE MELLO"
1808;"***.024.724-**";"JULIO SOARES COSTA NETO"
1809;"***.431.382-**";"ASCLE BRITO DE SOUZA"
1810;"***.364.793-**";"ITTALO NYXON SOUSA COSTA"
1811;"***.217.092-**";"DANILO CORREA SALES"
1812;"***.612.365-**";"CARLA JULIANA SANTOS ALENCAR"
1813;"***.441.025-**";"LEDSON FREIRE SANTOS"
1814;"***.976.115-**";"SAULO ALVES DE ALMEIDA"
1815;"***.447.005-**";"RAMON SOUZA NASCIMENTO"
1816;"***.652.895-**";"ANA MARIA LOBO DE MELO"
1817;"***.396.754-**";"MARCIO BRITO BONIFACIO"
1818;"***.092.274-**";"FRANCISCO DE ASSIS NOBREGA"
1819;"***.162.694-**";"LEONARDO MEDEIROS JUNIOR"
1820;"***.990.228-**";"GUILHERME PASCHOAL LIMA"
1821;"***.372.784-**";"DAVID JOSE COSTA FERREIRA"
1822;"***.232.524-**";"JOAO PAULO ALMEIDA SANTANA"
1823;"***.397.214-**";"ERIOGENIL ALVES DE ARAUJO"
1824;"***.332.158-**";"FRANCISCO CHAGAS DOS SANTOS FILHO"
1825;"***.716.252-**";"JESSIKA PALOMA VIEIRA LIMA"
1826;"***.313.112-**";"JECIVAN VIEIRA BRAGA"
1827;"***.402.121-**";"SIMPLICIO OLIVEIRA DE ALMEIDA"
1828;"***.133.202-**";"JOSE CARLOS SANTIAGO MAGALHAES"
1829;"***.508.413-**";"LEANDRO FEITOSA LEITE"
1830;"***.790.817-**";"LUIZA MARCIANO TIMM"
1831;"***.494.247-**";"MAURICIO MARTO PESSANHA FERRAZ"
1832;"***.125.557-**";"MATHEUS LIEVORE ALVES"
1833;"***.837.813-**";"ROSANGELA PEREIRA VALUAR"
1834;"***.160.483-**";"LUANA SANTANA DOS SANTOS"
1835;"***.257.583-**";"ARTUR FERNANDO LIMA BATISTA"
1836;"***.688.602-**";"BRUNO DE OLIVEIRA SERRAO"
1837;"***.098.653-**";"ELIZALDO PEREIRA QUIXABA"
1838;"***.099.533-**";"JOSE DE RIBAMAR JACOME ERICEIRA"
1839;"***.355.663-**";"JOSE RIBAMAR MATOS BORGES"
1840;"***.998.143-**";"ADALBERTO SOUSA PEREIRA"
1841;"***.491.142-**";"ITAMAR BATISTA VANZELER"
1842;"***.719.619-**";"ROBERTO ANTONIO DE LIMA SOUZA"
1843;"***.306.192-**";"DAYANE DA GAMA MACHADO OLIVEIRA"
1844;"***.647.802-**";"ROBSON DA SILVA FERREIRA"
1845;"***.665.842-**";"ANTONIO LUIZ NOGUEIRA OLIVEIRA"
1846;"***.507.312-**";"MIRNA ARAUJO TAVARES SILVA"
1847;"***.928.212-**";"JOAO AUGUSTO PALMITESTA NETO"
1848;"***.892.552-**";"MARIA TEREZA DA SILVA PENHA"
1849;"***.737.177-**";"ROBERTO JOSE LUBE TELES"
1850;"***.275.579-**";"ANDRESSA SCHAFASCHECK"
1851;"***.236.089-**";"BRUNA NUNES VIEIRA"
1852;"***.071.201-**";"FRANCISCO WILSON DA SILVA"
1853;"***.010.893-**";"ANDRE FELIPE JOSE DE FREITAS"
1854;"***.044.073-**";"JANNETE MARIA DE JESUS"
1855;"***.904.296-**";"HELIO LUCIO CALAIS"
1856;"***.770.057-**";"KLEISSON PINHEIRO DA SILVA"
1857;"***.816.787-**";"CARLOS EDUARDO PORTELLA BERNARDE"
1858;"***.491.924-**";"PABLO RENAN OLIVEIRA CARLOS"
1859;"***.236.271-**";"CARLOS EDUARDO DOS SANTOS LINDOSO"
1860;"***.702.418-**";"ALEXANDRE ALMEIDA LOPES"
1861;"***.084.098-**";"GUILHERME RIBEIRO PEIXOTO"
1862;"***.694.658-**";"MICHELLE CRISTIANE YOSHIDA DA SILVA"
1863;"***.424.818-**";"NADINE CRISTINA FERREIRA VIEIRA"
1864;"***.757.318-**";"NATALIA SALOTTI GUARDABAXO LOPES"
1865;"***.769.338-**";"ANTONIO ROGERIO UEHARA SILVA"
1866;"***.820.648-**";"PAULA MARQUES MEYER"
1867;"***.460.508-**";"JANIO ALMEIDA TEIXEIRA"
1868;"***.590.728-**";"SIDNEI DIAS DE ALMEIDA JUNIOR"
1869;"***.397.188-**";"FERNANDA SILVA GAUY"
1870;"***.582.686-**";"JULIO CESAR TERCETTI BELLI"
1871;"***.515.486-**";"RAFAEL MARQUES DOS SANTOS"
1872;"***.947.066-**";"MAURICIO DO NASCIMENTO"
1873;"***.982.768-**";"LUCAS SCOMBATTI MARTINS"
1874;"***.809.296-**";"FABIO ARAUJO FLORENCIO"
1875;"***.137.296-**";"EDSON RODRIGUES DE OLIVEIRA"
1876;"***.751.486-**";"LEONARDO PEREIRA RAMOS"
1877;"***.521.536-**";"ORSINI LOPES VIEIRA SOBRINHO"
1878;"***.929.431-**";"EUNICE NERY DA SILVA"
1879;"***.633.786-**";"CARLOS HENRIQUE MESQUITA DE CARVALHO"
1880;"***.698.476-**";"RAPHAEL ANTUNES DO AMARAL SANTOS"
1881;"***.930.686-**";"THEO ALCIR LOURENCO DE PAULA"
1882;"***.899.796-**";"CHRISTIANE AVILA DE LIMA MASCARENHAS"
1883;"***.460.306-**";"NICOLE MENDES FLORES"
1884;"***.611.471-**";"WISLLEY VINICIUS DE LIMA BATISTA"
1885;"***.889.801-**";"RICARDO LUIZ FERRAZ"
1886;"***.593.351-**";"PEDRO NESSI SNIZEK JUNIOR"
1887;"***.523.981-**";"FABIO BATISTA GARCIA"
1888;"***.822.681-**";"NIVALDO DE SOUZA LIMA"
1889;"***.907.228-**";"RENATA BORTOLETTO SILVA"
1890;"***.498.601-**";"JULIA JANICE LOFFLER VICENSOTTI"
1891;"***.529.669-**";"PEDRO SPOLADORE FERREIRA DOS REIS"
1892;"***.536.113-**";"LUCILANY DE JESUS LIRA"
1893;"***.554.158-**";"MATEUS SALVADOR DE OLIVEIRA"
1894;"***.864.424-**";"RAFAEL AUGUSTO MACIEL BEZERRA"
1895;"***.178.824-**";"RAFAEL MELLO VIEIRA"
1896;"***.336.948-**";"FELIPE AUGUSTO PAIVA"
1897;"***.175.799-**";"LEANDRO VINICIUS DE AZEVEDO"
1898;"***.222.379-**";"DARLAN DE ANDRADE GUAREZI"
1899;"***.989.437-**";"ANA PAULA DA SILVA RIBEIRO"
1900;"***.140.469-**";"DORIVAL SILVESTRE ARANTES"
1901;"***.757.597-**";"LIVIA DOS SANTOS FERREIRA"
1902;"***.216.331-**";"ALMIR AUGUSTO CHAVES"
1903;"***.146.586-**";"HUMBERTO MONTEIRO CAMASMIE"
1904;"***.179.246-**";"FELIPE GOMES FERREIRA"
1905;"***.260.951-**";"NERES BARBOZA JUNIOR"
1906;"***.165.549-**";"ROSIANE MITSU CARMONA"
1907;"***.776.181-**";"PEDRO IVO CLEMENTE"
1908;"***.435.091-**";"WALDEVAN BATISTA DE LIMA"
1909;"***.384.652-**";"CARLOS EPAMINONDAS GOMES DA SILVA"
1910;"***.322.227-**";"MARCELO TEIXEIRA DE SOUZA"
1911;"***.804.561-**";"JOSE DE JESUS"
1912;"***.455.455-**";"SANDRA MARIA DA ROCHA NASCIMENTO"
1913;"***.061.482-**";"CRISTINA SILVA CAMARA DOS SANTOS"
1914;"***.818.625-**";"MARIA SEILMA NEVES SOUZA"
1915;"***.456.993-**";"TATIANA RODRIGUES BRITO XIMENES"
1916;"***.177.215-**";"MARIA DAS GRACAS FERREIRA BARATA"
1917;"***.685.006-**";"LEONARDO MAYWALD"
1918;"***.696.978-**";"VALTER FERREIRA DE ARAUJO"
1919;"***.897.123-**";"MARCOS ANTONIO GOMES DA SILVA"
1920;"***.954.418-**";"LUCIANO WAGNER JORGE"
1921;"***.080.361-**";"MARIA JOSE RODRIGUES ALMEIDA"
1922;"***.910.341-**";"ANA CRISTINA ALVES"
1923;"***.540.701-**";"NELIO FLEURY FILHO"
1924;"***.751.291-**";"HUMBERTO ALVES VALADAO"
1925;"***.004.456-**";"MARDOCHEU MOREIRA SANTOS FILHO"
1926;"***.977.562-**";"ARNALDO COSTA DA SILVA"
1927;"***.060.001-**";"ANGELO DE QUEIROZ MAURICIO"
1928;"***.953.157-**";"ELISANGELA LUIZA DE SOUZA"
1929;"***.332.605-**";"ANTONIA MARIA PEREIRA"
1930;"***.412.511-**";"ALEXANDRE MACEDO DE OLIVEIRA"
1931;"***.623.113-**";"THAIS DURANS ABREU"
1932;"***.371.997-**";"MARCO AURELIO MONTEIRO DUTRA"
1933;"***.142.737-**";"DANIELE DE AZEVEDO BAETA"
1934;"***.938.540-**";"ALEXANDRO ROCHA SCISLEWSKI"
1935;"***.202.204-**";"ELIAS SEVERINO SANTOS NASCIMENTO"
1936;"***.777.894-**";"ELIANE VALENTIM HONORATO"
1937;"***.496.978-**";"MARCOS SANTOS DA SILVEIRA"
1938;"***.062.268-**";"GILBERTO MAGALHAES"
1939;"***.408.708-**";"TARCISIO SOUZA ALVES"
1940;"***.783.408-**";"RONALD DA CONCEICAO DE SA"
1941;"***.311.928-**";"CARLOS ROBERTO RABELO"
1942;"***.715.397-**";"CRISTIANO CABRAL DE OLIVEIRA"
1943;"***.771.973-**";"NORMA REGINA COUTINHO ROCHA"
1944;"***.535.744-**";"ROBERTO TADEU CARDOSO DE MORAES"
1945;"***.892.087-**";"PAULO MADEIRA JUNIOR"
1946;"***.638.877-**";"EUDES FELIPE DE AQUINO OLIVEIRA"
1947;"***.142.678-**";"LUIZ ANTONIO DOMINGOS SEBASTIAO"
1948;"***.797.964-**";"REUMER GUEDES ALMEIDA"
1949;"***.556.047-**";"MARCOS EDUARDO IGNACIO REGO"
1950;"***.588.249-**";"IAGO BORBA"
1951;"***.697.758-**";"DAVID CARDOSO DO NASCIMENTO"
1952;"***.006.068-**";"LUCAS HENRIQUE VIEIRA DA SILVA"
1953;"***.092.296-**";"RAINER RODRIGUES DE SOUZA"
1954;"***.569.196-**";"LEANDRO CRUZ FERREIRA"
1955;"***.121.459-**";"PHELIPE ALVES BAUMGARTNER"
1956;"***.385.257-**";"MARCELO DE BRITO"
1957;"***.703.152-**";"MARCOS ROBERTO DE ARAUJO"
1958;"***.084.388-**";"RAPHAEL DE SOUZA CIRINO TONON"
1959;"***.952.606-**";"LEANDRO RODRIGUES VIEIRA"
1960;"***.994.367-**";"YURI OLIVEIRA FIGUEIRA"
1961;"***.933.641-**";"ROMEU NERES CAVASSA"
1962;"***.396.947-**";"THIAGO DE PAIVA NOGUEIRA FRANCISCO"
1963;"***.501.157-**";"LUIS CARLOS NOGUCHI"
1964;"***.218.336-**";"ANDRE VINICIUS DE MELO"
1965;"***.090.761-**";"GUILHERME GONCALVES BARBOSA"
1966;"***.527.291-**";"ROGERIO DEVECHIO MOREIRA"
1967;"***.285.356-**";"EMERSON DO NASCIMENTO FERRAZ"
1968;"***.293.227-**";"CARLOS CYPRIANO VALLIM JUNIOR"
1969;"***.804.774-**";"DEIVISON BERNARDO DE LIMA"
1970;"***.438.946-**";"EUDES LOPES MIRANDA"
1971;"***.388.957-**";"RICARDO ANUNCIACAO"
1972;"***.647.512-**";"JOSE BATISTA DE OLIVEIRA SANTANA"
1973;"***.768.578-**";"RICARDO ZUCCHI"
1974;"***.075.396-**";"MARISTELA BRUM DE OLIVEIRA LIMA"
1975;"***.849.175-**";"PAULO ROBERTO DOS SANTOS"
1976;"***.016.393-**";"ALEXANDRE PEIXOTO BEZERRA"
1977;"***.834.516-**";"JULIANA MARIA ARAUJO"
1978;"***.201.095-**";"JOAO NYLSON FAGUNDES SOARES"
1979;"***.790.858-**";"ALBERTO LUCIANO CARMASSI"
1980;"***.750.370-**";"FRANK SAMMER BEULCK PAHIM"
1981;"***.098.890-**";"MARCELO CHIBIAQUI DA CUNHA"
1982;"***.846.310-**";"MARCIO LUCIANO DOS SANTOS CAMPOS"
1983;"***.062.290-**";"CATARINA DE FATIMA DA SILVA"
1984;"***.360.103-**";"GENIVAL CELSO PEREIRA DA SILVA"
1985;"***.695.446-**";"DANIEL FRANCA FONSECA"
1986;"***.183.196-**";"PATRICIO MAGALHAES NASCIMENTO"
1987;"***.360.142-**";"RUDINER VEZ DE OLIVEIRA"
1988;"***.161.892-**";"ELISANDRO DE MOURA MARTINS"
1989;"***.708.849-**";"PATRICK ELIZIO"
1990;"***.243.579-**";"KATHILCE MARTINS AMORIM"
1991;"***.779.923-**";"MICHEL DA SILVA REIS"
1992;"***.952.913-**";"JOSE FLAVIO FERREIRA DE SOUSA"
1993;"***.556.463-**";"DIELSON DA SILVA ROCHA"
1994;"***.874.545-**";"GABRIEL GOMES DOS REIS"
1995;"***.662.674-**";"JOAO VICENTE NETO"
1996;"***.711.791-**";"ADRIANO RIBEIRO DA SILVA"
1997;"***.317.836-**";"FERNANDO DA SILVA ALMEIDA"
1998;"***.880.090-**";"DIRCEU BORGES VALENTE"
1999;"***.789.779-**";"CARLOS ALBERTO SACZK"
2000;"***.491.919-**";"EDINEIA PAULA SARTORI SCHMITZ"
2001;"***.067.006-**";"MARISA DE OLIVEIRA LOPES"
2002;"***.662.126-**";"ANDRE GUERREIRO DA MOTTA"
2003;"***.108.106-**";"VANTUIL CORREA DE OLIVEIRA"
2004;"***.643.440-**";"NELSON MORAIS DE QUEVEDO"
2005;"***.395.149-**";"JOCASTA DA SILVA"
2006;"***.812.864-**";"GEORGE DANTAS DE AZEVEDO"
2007;"***.945.577-**";"SHAIANNE MACEDO FONTES ROSA DE SOUZA"
2008;"***.387.097-**";"VINICIUS FARIA DE SOUZA"
2009;"***.759.617-**";"FABIO OTERO ASCOLI"
2010;"***.022.107-**";"MARCO ANTONIO FURTADO AUGUSTO"
2011;"***.754.067-**";"LEANDRA COSTA RIBEIRO"
2012;"***.035.267-**";"SUZANNY BARRETO DA SILVA"
2013;"***.710.284-**";"ALEXANDRE OLIVEIRA SILVA"
2014;"***.741.551-**";"JOAO VICENTE DE FIGUEIREDO LATORRACA"
2015;"***.599.596-**";"MARIA LUCIA ALMEIDA MARTINS"
2016;"***.960.567-**";"ALEXANDRE HERCULANO BORGES DE ARAUJO"
2017;"***.222.599-**";"PAULO CESAR BORGES"
2018;"***.371.479-**";"AGENOR FERRI"
2019;"***.596.148-**";"ROGERIO EDUARDO CUNHA DE OLIVEIRA"
2020;"***.913.579-**";"BRUNO RICARDO WOLFF DA SILVA"
2021;"***.188.739-**";"GISELLE ALVES DA ROCHA COGO"
2022;"***.117.811-**";"VITOR BAPTISTA PEREIRA"
2023;"***.790.001-**";"ADILSON SILVA REBELO DE MELO"
2024;"***.275.498-**";"ANA CAROLINA HUMANES"
2025;"***.375.858-**";"ALEXANDRE JUN OKAJIMA"
2026;"***.561.209-**";"ROGERIO PUSCH GARCIA"
2027;"***.805.108-**";"FABIO LUIS LOBO TINTI"
2028;"***.099.221-**";"MARIO SERGIO SILVA DOS SANTOS"
2029;"***.233.281-**";"MARA LOURDES SILVEIRA JARA"
2030;"***.863.601-**";"ANTONIO JOSE DE ARAUJO FILHO"
2031;"***.279.052-**";"SILEA CAVALCANTE DE OLIVEIRA"
2032;"***.102.542-**";"PAULO SERGIO SANTOS GONCALVES"
2033;"***.024.772-**";"ATANIEL JOSE MENDES DOS SANTOS"
2034;"***.214.064-**";"CHRYSTIANO FLAVIO DE MORAES GOMES"
2035;"***.589.743-**";"BERNARDO DE ARAUJO SOUSA"
2036;"***.684.324-**";"CHRISTIANE MARIA DA CUNHA CAVALCANTI"
2037;"***.992.323-**";"RICARDO FERNANDES BRITO"
2038;"***.547.422-**";"AUGUSTO DANIEL TEIXEIRA DO NASCIMENTO"
2039;"***.266.214-**";"LEONARDO BRUNO RAMOS DOS SANTOS"
2040;"***.704.994-**";"CIREMY CALDAS BRANCO"
2041;"***.916.411-**";"VERISSIMO PEREIRA DA CRUZ DOS SANTOS"
2042;"***.926.058-**";"BRUNO ROMANO DE OLIVEIRA"
2043;"***.398.396-**";"OLIMAR JOSE COSTA"
2044;"***.982.274-**";"ROZZANNO ANTONIO CAVALCANTI REIS DE FIGUEIREDO"
2045;"***.496.304-**";"MARIA DAS GRACAS GONCALVES DE FREITAS"
2046;"***.510.071-**";"ARCELINO VIEIRA DAMASCENO"
2047;"***.362.008-**";"JULIO MITSUO FUJIKI"
2048;"***.829.446-**";"REINALDO LOSCHI MARQUES DA SILVA"
2049;"***.202.904-**";"LEOPOLDO AUGUSTO DE SOUZA DUARTE"
2050;"***.010.609-**";"RICARDO COSTA ESPIGA"
2051;"***.783.915-**";"ANDRE FERNANDES BRITTO"
2052;"***.222.942-**";"PERICLES TAVARES VIEIRA NETO"
2053;"***.805.023-**";"CLAUDIA TATIANE DA SILVA COSTA"
2054;"***.575.673-**";"AUGUSTO CEZAR ALMEIDA SANTOS"
2055;"***.859.680-**";"FELIPE JORGE BAUM CONTINO"
2056;"***.527.811-**";"ZAQUEU VELOSO DA SILVA"
2057;"***.898.801-**";"FLAVIO DE ALMEIDA ARAUJO"
2058;"***.601.596-**";"ALAMEN JOSE ABREU ROSA"
2059;"***.284.786-**";"JOAO EUSTAQUIO RAMOS"
2060;"***.533.614-**";"ALDEMAR CORDEIRO DE FARIAS JUNIOR"
2061;"***.257.769-**";"CRISTIAN RODRIGO MACAGNAN"
2062;"***.456.377-**";"MARCELO RAMOS DE RESENDE NEVES"
2063;"***.947.657-**";"RAFAEL MAGALHAES DE CARVALHO SILVA"
2064;"***.186.753-**";"ALEXANDRE PONTE MENDES"
2065;"***.416.131-**";"DALVELINA DA COSTA LEITE"
2066;"***.005.218-**";"JOSE RODRIGUES DE MATOS"
2067;"***.355.369-**";"CLAUDIA MARA BORGES"
2068;"***.238.677-**";"FABIO BARRA RAMOS"
2069;"***.890.810-**";"EDUARDO BOHMGAHREN DOS SANTOS"
2070;"***.203.747-**";"GABRIELA VIEIRA PACHECO"
2071;"***.387.911-**";"ROGERIO DE SALES LOPES"
2072;"***.924.461-**";"VICENTE DE PAULA ALMEIDA"
2073;"***.943.502-**";"RENEI DOS ANJOS QUEIROZ"
2074;"***.311.407-**";"DAISE MARA MARTINS NUNES DE LIMA"
2075;"***.132.657-**";"FERNANDO PECANHA ROCHA"
2076;"***.536.624-**";"SERGIO MARCELINO DO NASCIMENTO"
2077;"***.134.673-**";"MARCOS ALEXANDRE NUNES D ALBUQUERQUE"
2078;"***.620.256-**";"JANE MIRANDA MOREIRA"
2079;"***.033.388-**";"ANDREIA TERCIOTI DIOCLECIO"
2080;"***.796.060-**";"VITOR JACKSON XAVIER FILHO"
2081;"***.738.342-**";"ALMIR CANTO DE CARVALHO"
2082;"***.116.079-**";"ANDERSON CARLOS SANTANA"
2083;"***.455.543-**";"LUCIANO MOREIRA DE SOUSA NETO"
2084;"***.430.355-**";"ANDRES FEDERICO SUGASTI"
2085;"***.337.087-**";"MARCELO CASTELO DE CARVALHO"
2086;"***.185.287-**";"ADILSON DOS SANTOS"
2087;"***.212.282-**";"VALDELINO RABELO ALVES"
2088;"***.174.297-**";"MAXMILIANO RUBIM MOREIRA"
2089;"***.301.342-**";"GUILHERME DA GRACA FEIO BOULHOSA"
2090;"***.983.362-**";"ELIAS HUMBELINO DE LIMA"
2091;"***.514.772-**";"OBEDI PEREIRA BARBOSA"
2092;"***.164.202-**";"ANTONIO AUGUSTO LEITE DE OLIVEIRA"
2093;"***.553.651-**";"PATRICIA CARLA LIMA"
2094;"***.768.332-**";"LOURIVAL DE ARAUJO"
2095;"***.335.817-**";"LETICIA MENEGHEL FONSECA"
2096;"***.572.144-**";"EVERTON OLIVEIRA MIRANDA"
2097;"***.648.647-**";"OLIVEIRO FERREIRA DE SOUZA"
2098;"***.442.294-**";"JOAO LUIZ XAVIER DO NASCIMENTO"
2099;"***.488.237-**";"LETICIA DOMINGUES BRANDAO"
2100;"***.476.539-**";"DEONIR GEOLVANE ZIMMERMANN"
2101;"***.340.802-**";"AQUILAS FERREIRA MASCARENHAS"
2102;"***.675.066-**";"KELEN LUCIANA LEITE"
2103;"***.688.271-**";"ADRIANA CILENE ROZAN PRESTES"
2104;"***.226.138-**";"ADRIANO RICARDO DAMATO ROCHA DE SOUZA"
2105;"***.491.755-**";"JOSE TIAGO ALMEIDA DOS SANTOS"
2106;"***.380.898-**";"WAGNER CALDANA"
2107;"***.129.281-**";"ERICO VITORINO ALVES"
2108;"***.598.770-**";"MATEUS NASCENTE DA CONCEICAO"
2109;"***.302.090-**";"JORGE BENHUR BILHAR"
2110;"***.215.050-**";"THIAGO BENIZ BIEGER"
2111;"***.734.800-**";"LUIZ EDUARDO BRAGA"
2112;"***.285.180-**";"LUIZ MAURICIO DIHL BITELO"
2113;"***.150.030-**";"LEANDRO BRUNHOLI RAMOS"
2114;"***.476.412-**";"MARILTON GOMES VIEIRA"
2115;"***.630.125-**";"CEZAR OLIVEIRA FREITAS"
2116;"***.806.565-**";"SAULO MASCARENHAS FROES"
2117;"***.626.755-**";"DIONISIO COSTA CRUZ JUNIOR"
2118;"***.893.985-**";"WESINER MEYER PITTA"
2119;"***.073.836-**";"LUIS EDUARDO SILVA DE ANDRADE"
2120;"***.567.888-**";"ADJOP MAGNO DE SOUZA LIMA"
2121;"***.434.172-**";"DEYNA BENTES VIEIRA"
2122;"***.206.293-**";"ROBESPIERRE ROCHA FONTES"
2123;"***.132.003-**";"MARIA CRISTINA GOMES"
2124;"***.700.473-**";"ADRIANO LEITE SOBRINHO"
2125;"***.597.939-**";"LEONARDO HENRIQUE SANTOS TULIO"
2126;"***.206.179-**";"ALESSANDRO FRANCISCO TRINDADE DE OLIVEIRA"
2127;"***.225.479-**";"FABRICIO LEOPOLDO FAGUNDES DA SILVA"
2128;"***.852.159-**";"PATRICIA CATANI"
2129;"***.731.859-**";"FERNANDO ENDO"
2130;"***.094.803-**";"MARCIEL BORGES DA SILVA"
2131;"***.983.193-**";"TIAGO GOMES VIANA"
2132;"***.902.008-**";"MAURICIO SINEZIO SARQUIS PINTO"
2133;"***.600.308-**";"PAULO ROBERTO DEVIDES"
2134;"***.792.158-**";"TEOFANES ANTONIO STACCIARINI DUARTE"
2135;"***.567.636-**";"EDSON MENDES NASCIMENTO"
2136;"***.402.906-**";"LETICIA CARDOSO PENA FAGUNDES"
2137;"***.165.476-**";"ANA MARLA MAGALHAES GONCALVES"
2138;"***.830.928-**";"DIEGO IRIARTE MARTINS"
2139;"***.110.986-**";"GABRIELA DORNELAS BATISTA"
2140;"***.441.386-**";"MATHEUS RIBEIRO DE BARROS PEREIRA"
2141;"***.272.831-**";"PEDRO HENRIQUE DE PAIVA ARTUR"
2142;"***.732.871-**";"DAIANE JUSTEN DE MORAIS"
2143;"***.488.071-**";"POLYANA OLIVEIRA RIBEIRO"
2144;"***.127.197-**";"ALEXANDRE FRAZAO GARCIA"
2145;"***.930.998-**";"CRISTIANO ROCHA"
2146;"***.930.101-**";"RAPHAEL BISPO DA SILVA"
2147;"***.317.684-**";"CRISTOVAO JACKSOM ALVES"
2148;"***.979.089-**";"TALITA SCHRODER"
2149;"***.368.259-**";"LAERCIO LOPES"
2150;"***.381.090-**";"RICARDO BIZOTTO"
2151;"***.020.633-**";"EDILENE MARIA VALENTIM SANTOS"
2152;"***.062.021-**";"MARCIA ALVES ABREU"
2153;"***.402.671-**";"KILDER PEREIRA MENDES DE ARAUJO"
2154;"***.228.758-**";"ANDRE LUIS DE AGUIAR"
2155;"***.997.044-**";"HELI ANDRE BENTO COSTA"
2156;"***.869.911-**";"GILVAN FERREIRA DE MENESES"
2157;"***.724.277-**";"RODRIGO MADEIRA DE CASTRO"
2158;"***.031.481-**";"SANDRO MIGUEL BAEZA"
2159;"***.070.988-**";"RODRIGO YAWATA CHAGAS"
2160;"***.171.687-**";"ROSANA BENINCASA DA SILVA"
2161;"***.987.401-**";"CARLOS ALBERTO FANTE"
2162;"***.598.068-**";"DIRLENE BLASEK NASCIMENTO"
2163;"***.550.961-**";"DEISE BRUSAMARELLO"
2164;"***.712.448-**";"SILVANA ALVES FERREIRA"
2165;"***.225.730-**";"ANA LUCIA OBALSKI WALTER"
2166;"***.299.005-**";"ALCIO RIBEIRO BRITTO"
2167;"***.737.984-**";"ENNIO CARLOS DE OLIVEIRA SILVA"
2168;"***.989.934-**";"LUCIMAR CORTES DE ARRUDA CARRICO"
2169;"***.448.204-**";"FRANCISCO DE ASSIS CAMARA DE OLIVEIRA ARAUJO"
2170;"***.945.744-**";"LUIS CARLOS DE ARAUJO JUNIOR"
2171;"***.274.398-**";"ANTONIO CARLOS PEREIRA ROSA"
2172;"***.803.758-**";"MARCELO DE MELO ABDO GANEU"
2173;"***.409.661-**";"ROMULO CUNHA DO NASCIMENTO"
2174;"***.098.793-**";"ALEX ANTONIO TORRES CORTES DE SOUSA"
2175;"***.509.901-**";"JOSE URIAS CAMARA"
2176;"***.900.001-**";"ANTONIO CARDOSO DE MOURA"
2177;"***.203.993-**";"ALEX QUEIROZ CYSNE"
2178;"***.638.205-**";"JOSE CARLOS RODRIGUES PEREIRA"
2179;"***.906.560-**";"ILDOMAR ENGROFF DOS SANTOS"
2180;"***.382.302-**";"BENEDITO PONTES SILVA"
2181;"***.092.243-**";"CRISTIANE DE BRITO SOUSA"
2182;"***.809.521-**";"JOSE AZONIL DA SILVA MARTINS"
2183;"***.058.041-**";"PATRICIA MARMORI BORGES"
2184;"***.179.291-**";"UBIRACI RAFAEL GOMES"
2185;"***.275.451-**";"ANTONIO CARLOS DE SANTANA"
2186;"***.255.172-**";"ADRIANO BENICIO VALADARES"
2187;"***.682.241-**";"MARCO AURELIO DOS SANTOS PEREIRA"
2188;"***.731.314-**";"SILVANA CORREIA DE MENDONCA"
2189;"***.799.930-**";"CESAR AUGUSTO DE NARDI OLIVEIRA"
2190;"***.067.167-**";"ALINO ZAVARISE BIS"
2191;"***.033.454-**";"ANDRE LUIS BARRETO PAES"
2192;"***.753.068-**";"CLAUDINEY COSMO DE MELO"
2193;"***.399.833-**";"REGINALDO DE JESUS CORREA DE ARAUJO"
2194;"***.043.378-**";"RICARDO AUGUSTO DOS SANTOS REIS"
2195;"***.603.611-**";"ROBERTO ROSA DE JESUS"
2196;"***.302.102-**";"GABRIELA BERNARDES FREITAS OLIVEIRA"
2197;"***.868.158-**";"DENNYS LEANDRO AGOSTINI ROCHA"
2198;"***.251.806-**";"HALYSON GUIMARAES DOS SANTOS"
2199;"***.292.932-**";"ERICKSON IBIAPINO DA SILVA"
2200;"***.366.533-**";"ANDERSON MOREIRA CASTRO"
2201;"***.062.029-**";"RODRIGO CLAUDIO IARGAS"
2202;"***.382.837-**";"MATHEUS NETO SANTOS"
2203;"***.449.303-**";"JOSE MARIA GOMES CARDOSO JUNIOR"
2204;"***.763.633-**";"FRANCISCO HELES DO NASCIMENTO"
2205;"***.142.614-**";"THIAGO CESAR DA SILVA RAMOS"
2206;"***.349.105-**";"VANILDO RIBEIRO DOS SANTOS"
2207;"***.507.783-**";"ANGELO MARCIO PEREIRA MARTINS"
2208;"***.803.799-**";"GABRIEL FONTOURA MARCHAUCOSKI"
2209;"***.428.959-**";"GABRIEL DIAS DA SILVA"
2210;"***.072.920-**";"SILVANO DANELE PINTO"
2211;"***.521.982-**";"LEOPOLDO SILVEIRA HAAG"
2212;"***.574.693-**";"EDUARDO GOMES LIMA"
2213;"***.563.940-**";"VAINER GOMES DE PIETRO"
2214;"***.066.320-**";"CRISTIANO UBERTI ANSELVA"
2215;"***.384.131-**";"ANDREY EDUARDO RODRIGUES"
2216;"***.800.709-**";"JORGE LUIZ SCHIEL GIGOLOTTI"
2217;"***.324.963-**";"DEMETRIUS ALBERTO AZEDO DE MELO"
2218;"***.770.452-**";"AMARILDO PINTO"
2219;"***.844.372-**";"GABRIEL OLIVEIRA ALBUQUERQUE DA SILVA"
2220;"***.407.984-**";"JOSE NIVALDO ALVES DA SILVA FILHO"
2221;"***.192.741-**";"RODRIGO DA SILVA COSTA"
2222;"***.967.267-**";"CASSIANO JOAO DA SILVA"
2223;"***.602.951-**";"EDSON LUIZ VIDEIRA"
2224;"***.918.438-**";"MARCOS ARLINDO COGO"
2225;"***.195.631-**";"MAURICIO FLORESTE SILVEIRA"
2226;"***.585.140-**";"ANDRE ANDRADE LONGARAY FILHO"
2227;"***.725.430-**";"JULMIR MARIO TONI"
2228;"***.235.186-**";"LEANDRO GERALDO COSTA"
2229;"***.298.421-**";"VITORUGO DE OLIVEIRA MANIQUE"
2230;"***.891.723-**";"TIAGO LOPES BARBOZA CURY"
2231;"***.496.157-**";"SAMUEL SOUZA AMARAL"
2232;"***.032.026-**";"LUANA APARECIDA BARBOSA BRAGA"
2233;"***.173.737-**";"VINICIUS VARGAS TRINDADE"
2234;"***.017.904-**";"ALEX JOSE FERNANDES JUNIOR"
2235;"***.331.090-**";"IVAN CANDIDO VIEIRA DE FREITAS"
2236;"***.063.840-**";"GUSTAVO DE CARVALHO LUIZ"
2237;"***.825.300-**";"CAREN HARTWIG MILECH DE OLIVEIRA"
2238;"***.619.944-**";"ANDERSON MIRANDA DE SOUZA"
2239;"***.441.922-**";"JOSE EDCARLOS DA SILVA"
2240;"***.943.519-**";"JEANE APARECIDA SILVEIRA"
2241;"***.634.218-**";"VITOR OLIVEIRA DE SOUSA"
2242;"***.413.467-**";"VITOR LOYOLA PREST"
2243;"***.310.763-**";"MANOEL DA COSTA ALVES"
2244;"***.152.103-**";"JOSEIAS LOPES AZEVEDO"
2245;"***.748.214-**";"MIRELLY KAROLINNY DE MELO MEIRELES"
2246;"***.519.487-**";"JEAN FELIPE CASTRO QUEIROZ"
2247;"***.139.647-**";"ESTEFANO RIBEIRO DE SOUZA"
2248;"***.581.691-**";"WANESSA DE SOUZA BENATI"
2249;"***.920.800-**";"RAFAEL COSTA SILVEIRA"
2250;"***.681.615-**";"ALANO JOSE SOARES SANDES"
2251;"***.740.420-**";"EDUARDO SCHWANCK SARAIVA"
2252;"***.009.990-**";"JOICE GASPARY ALVES"
2253;"***.182.380-**";"TOSHIO NISHIJIMA"
2254;"***.033.420-**";"PAULO ROBERTO LANGWINSKI"
2255;"***.242.967-**";"WANDERLEY FERREIRA DA SILVA"
2256;"***.452.577-**";"PEDRO FERNANDES NETO"
2257;"***.143.807-**";"HELCIO DE ALMEIDA ROCHA"
2258;"***.265.837-**";"OSIRIS RICARDO BEZERRA MARQUES"
2259;"***.386.597-**";"LUIZA CALDAS PEREIRA GOMES"
2260;"***.167.387-**";"CLAYTON LUIZ DA SILVA MOREIRA"
2261;"***.908.207-**";"DIOGO MONTEIRO ALVES"
2262;"***.499.137-**";"RITA MARIA BOTELHO RUIZ"
2263;"***.355.607-**";"ROSENALDO ALVES DA SILVA"
2264;"***.889.079-**";"MASSAYUKI MARIO HARA"
2265;"***.153.541-**";"ALESSANDRA FREITAS COSTA"
2266;"***.726.731-**";"SIDNEY CAMPOS PEREIRA"
2267;"***.196.756-**";"ANDERSON CLEITON RESENDE"
2268;"***.957.851-**";"VALTERLY DE SOUSA COELHO"
2269;"***.306.262-**";"VERIDIANE FERREIRA DOS SANTOS"
2270;"***.306.760-**";"VALTER JOSE GOMES DE MEDEIROS"
2271;"***.840.238-**";"HENRIQUE FRANCHIOSE"
2272;"***.506.201-**";"GREISON FERREIRA DE SOUSA"
2273;"***.121.067-**";"RICARDO TELES FONTENELES"
2274;"***.930.337-**";"RAPHAEL EUGENIO DE SOUZA"
2275;"***.132.929-**";"VANESSA CLAUDINO GUIMARAES"
2276;"***.667.601-**";"ESDRAS MARIO DE OLIVEIRA"
2277;"***.605.186-**";"HUMBERTO RIBEIRO PEIXOTO"
2278;"***.301.202-**";"JESUS GALVAO DE FREITAS LIMA"
2279;"***.566.944-**";"CARLOS ANTONIO RODRIGUES DINIZ"
2280;"***.761.977-**";"ANA MARIA BATISTA SOARES"
2281;"***.013.985-**";"JULYANA LODI E GOMES"
2282;"***.484.797-**";"DASIO NEPOMUCENO LEITE"
2283;"***.926.568-**";"DEISE XAVIER"
2284;"***.447.658-**";"CELIA CRISTINA KNAPP CERDEIRA"
2285;"***.926.413-**";"FRANCISCO DIEGO CORDEIRO DE ANDRADE"
2286;"***.371.205-**";"RICARDO PEREIRA"
2287;"***.055.624-**";"ANTONIO ALVES DA SILVA"
2288;"***.772.081-**";"LUIZ CARLOS RAMOS PORTO"
2289;"***.230.911-**";"ESTER LACERDA DA SILVA"
2290;"***.398.729-**";"ADALTON DE ALMEIDA MARTINS"
2291;"***.235.021-**";"DOMINGOS SAVIO PINZON RODRIGUES"
2292;"***.102.061-**";"FABIANA REZENDE LELES"
2293;"***.868.459-**";"BRUNO HENRIQUE GOBBO VARGAS ILARIO"
2294;"***.799.006-**";"CLEWTON LAERCIO SOUZA OLIVEIRA"
2295;"***.496.589-**";"DENIS PETERS"
2296;"***.850.355-**";"LUIS HENRIQUE DE ALMEIDA"
2297;"***.678.090-**";"PAULO AUGUSTO TATSCH"
2298;"***.612.613-**";"WALKER DE ALMEIDA JUNIOR"
2299;"***.484.552-**";"LUIS THEOTONIO BRITO FONTELLE"
2300;"***.493.327-**";"ALEXANDRE SILVA DE OLIVEIRA"
2301;"***.589.794-**";"PATRICIO LEITE DE SOUZA"
2302;"***.811.379-**";"MARCEL MATIAS PONTES"
2303;"***.544.389-**";"CARLA CRISTINA FILUS"
2304;"***.478.143-**";"KENMUELL DE SOUSA MACIEL"
2305;"***.143.857-**";"ERICA DOS SANTOS DE FREITAS"
2306;"***.242.171-**";"ALMIR EUSTAQUIO DA SILVA"
2307;"***.539.804-**";"GENIVALDO FRANCISCO DE PAULA"
2308;"***.039.241-**";"VANESSA VON PFUHL ZANGANELLI"
2309;"***.294.653-**";"ROSANA DE OLIVEIRA CASTRO"
2310;"***.027.780-**";"JOANA DARC PAZ TEIXEIRA JOBIM"
2311;"***.963.771-**";"ROSANA DOS SANTOS LOPES"
2312;"***.470.976-**";"FERNANDO ALVES DRUMMOND DE OLIVEIRA"
2313;"***.904.581-**";"KLEBER BOLIVAR MENEGHEL VARGAS"
2314;"***.326.385-**";"VLADIMIR SOUSA COSTA"
2315;"***.414.170-**";"GABRIELA COSTA STOLL"
2316;"***.338.662-**";"ARDILES GIMAX HENRIQUE"
2317;"***.260.567-**";"ELENICE RIBEIRO DOS SANTOS"
2318;"***.431.619-**";"MELISSA SWAROSKI"
2319;"***.201.204-**";"PATRICIA ARAUJO PAPARIELLO"
2320;"***.918.247-**";"DANIELA RIBEIRO CALDELLAS QUADROS"
2321;"***.021.560-**";"HUMBERTO CLOVIS KOTHE"
2322;"***.419.168-**";"WANDERLEY DE OLIVEIRA BRITO"
2323;"***.379.886-**";"MELCHIOR AUGUSTO DE MELO"
2324;"***.297.812-**";"PEDRO CARLOS ROSA DA SILVA"
2325;"***.947.082-**";"FABIO DA SILVA MUNIZ"
2326;"***.471.467-**";"ALECSSANDRO SILVA DA COSTA"
2327;"***.769.692-**";"BERNALDO GONCALVES DA SILVA FILHO"
2328;"***.830.696-**";"ROBERTO CABRAL BORGES"
2329;"***.369.830-**";"ANA CAROLINA COTTA DE MELLO CANARY"
2330;"***.736.687-**";"GISELE SILVA DE MEDEIROS"
2331;"***.841.179-**";"DAN JACOBS PRETTO"
2332;"***.553.527-**";"FERNANDA DA SILVA XAVIER"
2333;"***.661.968-**";"BEATRIZ DE MELLO BEISIEGEL"
2334;"***.743.922-**";"DOMINGOS DOS SANTOS RODRIGUES"
2335;"***.376.821-**";"MURILO SERGIO ARANTES"
2336;"***.191.939-**";"ELAINE TEIXEIRA DA SILVA"
2337;"***.845.511-**";"ANA LUIZA CASTELO BRANCO FIGUEIREDO"
2338;"***.596.772-**";"MARCELO SANTOS MELO"
2339;"***.589.831-**";"SILVESTRE FERNANDES DE OLIVEIRA"
2340;"***.595.780-**";"MARIO DE AVILA"
2341;"***.169.820-**";"APOLONIO VELVITES FERREIRA"
2342;"***.305.460-**";"JONAS HUBNER"
2343;"***.270.730-**";"LAIANE CASTRO LOPES"
2344;"***.425.500-**";"ELINTON DA SILVA VASCONCELOS"
2345;"***.331.850-**";"WILLIAN MATHEUS HEINECK"
2346;"***.773.900-**";"ELIS REGINA MANHABOSCO ALLEGRANZZI"
2347;"***.147.002-**";"LEANDRO DIAS DA SILVA"
2348;"***.535.595-**";"ESMERALDO DE ARAUJO SANTOS"
2349;"***.944.165-**";"ELIAS FERREIRA DOS SANTOS"
2350;"***.304.425-**";"MARCOS ROGERIO PAIXAO PESTANA"
2351;"***.896.945-**";"OLIVIO BARBOSA VIEIRA"
2352;"***.922.605-**";"TARCISIO COUTINHO COSTA"
2353;"***.046.868-**";"LUAN LUCENA MARTINS"
2354;"***.421.132-**";"ANDRE DE JESUS CASTELO BRANCO"
2355;"***.307.973-**";"LUCAS JORDAO DE OLIVEIRA MANTESSO"
2356;"***.928.242-**";"SAMIO COSTA DE SOUSA"
2357;"***.302.362-**";"MARCOS CALDAS GONCALVES"
2358;"***.583.212-**";"ALEXANDRE EXPEDITO VIEIRA DA SILVA JUNIOR"
2359;"***.955.292-**";"BRUNO REIS BEMERGUY"
2360;"***.200.559-**";"FABIO SARTORI"
2361;"***.109.189-**";"LIDIANE SABINO DA SILVA"
2362;"***.899.919-**";"MAX NUNI CESCA BATTISTI"
2363;"***.665.209-**";"VANDRE BORBA TREVISAN FERREIRA"
2364;"***.350.459-**";"ROGERIO GONCALVES ALVES"
2365;"***.001.059-**";"HENRIQUE LEANDRO BORGES ISIDORO"
2366;"***.547.459-**";"EDISLEI MARIA DE JESUS"
2367;"***.819.989-**";"LUCAS VINICIUS DE OLIVEIRA GUERGOLETI"
2368;"***.111.107-**";"LINDOMAR RODRIGUES"
2369;"***.225.788-**";"ANDRE PROTO"
2370;"***.493.548-**";"NATALIA DE CAMPOS FURLAN"
2371;"***.793.868-**";"EDUARDO PATRIK AUGUSTO DOS SANTOS"
2372;"***.826.198-**";"JOSE VITORINO DE SOUZA"
2373;"***.272.268-**";"RODRIGO PUCCI DA CONCEICAO"
2374;"***.522.928-**";"RAPHAEL MOURA DE ALMEIDA"
2375;"***.507.108-**";"RUBENS TADEU DE CARVALHO"
2376;"***.480.778-**";"EDJANIO CORREIA DE OLIVEIRA"
2377;"***.397.988-**";"MARCIO MENDES OLIVEIRA"
2378;"***.134.758-**";"ALYSON CRYSTIAN LOPES DA SILVA"
2379;"***.882.268-**";"BEATRIZ CAMPANELI GRANADO"
2380;"***.263.948-**";"EDICLEIA DE AVILA"
2381;"***.577.578-**";"THALES GONZAGA ANTONIETTI"
2382;"***.193.428-**";"MARCOS ELI DE ALMEIDA BARBOSA"
2383;"***.899.258-**";"JULIO CESAR FERREIRA DA SILVA"
2384;"***.092.747-**";"LIVIO ALUIZIO DE CARVALHO"
2385;"***.434.518-**";"MARIO SERGIO DE ALENCAR"
2386;"***.898.188-**";"RENAN HENRIQUE DA SILVA NOGUEIRA"
2387;"***.758.038-**";"RUBENS PAULO DE LAZARI PASTANA"
2388;"***.954.726-**";"ULISSES DE SOUZA JUNIOR"
2389;"***.625.426-**";"EMANUEL FONSECA DOS SANTOS"
2390;"***.159.046-**";"ERICO FERNANDO SOARES DE BRITO"
2391;"***.106.666-**";"ANDRE FILIPE MENDONCA DUARTE"
2392;"***.257.696-**";"ADILSON DE ALMEIDA"
2393;"***.134.106-**";"PEDRO JOSE FREIRE NETO"
2394;"***.669.841-**";"HELIO SOARES PEREIRA"
2395;"***.059.501-**";"ROOSEMARY DE CARITAS AZEVEDO DE SOUZA"
2396;"***.359.016-**";"LUIS EDUARDO DA SILVA MOREIRA"
2397;"***.199.839-**";"GLEISON ROSA SENA"
2398;"***.456.131-**";"ELVYS ROSA DE BRITO"
2399;"***.194.799-**";"NADIA IONE MALDANER"
2400;"***.610.584-**";"MANOEL OLIMPIO NOGUEIRA"
2401;"***.445.008-**";"DAVI LAURENCE PREZOTO GOMES"
2402;"***.637.699-**";"GUILHERMO ALVES ZEREDO"
2403;"***.653.471-**";"MANUELA DE OLIVEIRA CASTRO MARIANI"
2404;"***.634.601-**";"JOAO HENRIQUE SUHET DE MESQUITA"
2405;"***.470.591-**";"WILTON CESAR MAIA SANTANA"
2406;"***.337.052-**";"DEMERVAL PANTOJA DA CRUZ"
2407;"***.552.642-**";"JEANNE NORONHA DOS SANTOS"
2408;"***.725.752-**";"VIVIANE CORREA LIMA"
2409;"***.151.357-**";"HELIO MESQUITA"
2410;"***.316.268-**";"THAIS ANGELICA TETZLAFF"
2411;"***.175.314-**";"EVELAR DOS SANTOS PAULA FILHO"
2412;"***.830.814-**";"CLAUDIA MARIA LOPES DA SILVA DINIZ"
2413;"***.780.515-**";"JORDEAN MARTINS DA SILVA"
2414;"***.292.334-**";"WILKA MARQUES DOS SANTOS PEREIRA"
2415;"***.558.506-**";"CINARA DE MELO"
2416;"***.885.976-**";"JOSE LUIZ ALVES DE LIMA"
2417;"***.719.222-**";"JULIO ALBERTO RAPOSO PINHEIRO"
2418;"***.058.100-**";"CLEUNICE ROCHA MAURER"
2419;"***.429.892-**";"JOSE ALBERTO DO NASCIMENTO BRANDAO"
2420;"***.332.592-**";"PAULO OSCAR SERRAO FERREIRA"
2421;"***.087.705-**";"ANTONIO NOLASCO DE CARVALHO NETO"
2422;"***.275.221-**";"ELOISA LEITE VAZES FOSSATI"
2423;"***.703.701-**";"TIAGO PAULINO JORGE"
2424;"***.555.212-**";"AMARILDO MIRANDA DO ROSARIO"
2425;"***.156.252-**";"LUANA HELENE OLIVEIRA DAS CHAGAS"
2426;"***.886.032-**";"FRANCISCO DAS CHAGAS OLIVEIRA AGUIAR"
2427;"***.532.622-**";"KEPLER JOSE BRAUN GUIMARAES"
2428;"***.049.512-**";"ANA PAULA DE SIQUEIRA ROSENDO"
2429;"***.277.101-**";"EDIVALDO SOUSA GONCALVES"
2430;"***.001.488-**";"EDSON DE OLIVEIRA ROLIM"
2431;"***.421.314-**";"RENAN XAVIER DE PAIVA TERRA FERREIRA"
2432;"***.496.180-**";"EDSON BARATTO"
2433;"***.170.078-**";"JONAS SILVIO DO NASCIMENTO"
2434;"***.431.547-**";"THIAGO PIMENTEL DE SOUZA SCALDINI"
2435;"***.874.880-**";"CLAUDIO VANDERLEI TIERLING"
2436;"***.265.930-**";"DAIANE CASTILHO ANSCHAU"
2437;"***.879.351-**";"ALEX SOUZA CAMARGO"
2438;"***.090.239-**";"JENIVAL CICERO PIMENTEL"
2439;"***.874.913-**";"LAERMENSON KELSON CARDOSO DE SOUSA"
2440;"***.361.197-**";"PAULO SERGIO ALVES DA SILVA"
2441;"***.815.780-**";"GIOVANE SCHNORR RODRIGUES"
2442;"***.371.100-**";"RAFAEL ALVIRA DOS SANTOS"
2443;"***.043.244-**";"THAIANE CARVALHO FALCAO FERREIRA"
2444;"***.380.603-**";"GERALDO MAGELA SOARES"
2445;"***.998.357-**";"GUSTAVO DO NASCIMENTO MARTORELLI"
2446;"***.125.184-**";"ESTEVAO SILVA BEZERRA"
2447;"***.890.505-**";"RONILTON LIRA DA SILVA"
2448;"***.343.979-**";"ALEXANDRE GONCALVES DE OLIVEIRA"
2449;"***.180.458-**";"ADRIANO LINDO VITAL"
2450;"***.609.849-**";"OTAVIO FERREIRA DE ALBUQUERQUE"
2451;"***.033.977-**";"VICTOR NEVES SALGADO"
2452;"***.169.789-**";"JOAO CARLOS SILVA ALMEIDA"
2453;"***.374.166-**";"VITOR DE JESUS NEVES"
2454;"***.546.207-**";"IGOR SILVA BARBOSA"
2455;"***.856.742-**";"JOAO BATISTA SANTA ROSA DE SOUZA"
2456;"***.485.032-**";"MATHEUS DE LIMA FERREIRA"
2457;"***.725.887-**";"ANTONIO JOAO DE OLIVEIRA VIANNA JUNIOR"
2458;"***.640.547-**";"PEDRO CARDOSO DA SILVA ALVIM"
2459;"***.230.667-**";"LUIZ FABIO CANDIDO DE CASTRO"
2460;"***.089.087-**";"RODRIGO DE SILVA MENDES"
2461;"***.284.208-**";"BRANDINARTE RODRIGUES NETO"
2462;"***.989.596-**";"CRISTIANO DE JESUS SILVA"
2463;"***.694.881-**";"GUSTAVO ROCHA SOUTO"
2464;"***.994.358-**";"LEONARDO ANDRADE DE MACEDO"
2465;"***.107.758-**";"BRUNO MAGNANI CRESPILHO"
2466;"***.854.243-**";"FELIPE COSTA HOLANDA"
2467;"***.936.264-**";"BRUNO CESAR DA SILVA GUEDES"
2468;"***.084.625-**";"VALTER OLIVEIRA NOVAIS"
2469;"***.283.891-**";"ROSENILDO BENEDITO GARCIA DA CUNHA"
2470;"***.979.277-**";"GUILHERME SALERA WILLEMIN"
2471;"***.027.111-**";"THIAGO LUZ CAMPOS DA SILVEIRA"
2472;"***.574.227-**";"ALBERTO CARLOS RODRIGUES LOBO"
2473;"***.775.187-**";"JORGE NELSON FERREIRA FIGUEIREDO"
2474;"***.522.607-**";"GUSTAVO PIMENTA DO NASCIMENTO"
2475;"***.125.157-**";"ISAQUE FERRARI GONCALVES"
2476;"***.109.453-**";"THALES RANIERY AQUINO DE SOUSA"
2477;"***.433.210-**";"TOBIAS ESBER DA SILVA"
2478;"***.216.728-**";"MAYKON WELLINGTON SILVA VIEIRA"
2479;"***.319.139-**";"MARCUS VINICIUS DE OLIVEIRA CARDOSO"
2480;"***.499.223-**";"ESLI FRANCA OLIVEIRA"
2481;"***.560.466-**";"EMANUEL ARCANGELO LACERDA"
2482;"***.679.373-**";"ENOQUE ALVES SOARES"
2483;"***.326.607-**";"JOAO CARLOS MUSSER DE FARIA"
2484;"***.473.096-**";"ILIO ARAUJO DE OLIVEIRA JUNIOR"
2485;"***.137.127-**";"JOEL LIMA SILVA"
2486;"***.157.582-**";"PAULO SERGIO MELO SILVA"
2487;"***.219.354-**";"ALDINELYSON DE LIMA FERNANDES"
2488;"***.256.646-**";"POLLYANA ALVES DE FARIA CUNHA"
2489;"***.464.600-**";"TATIANE MARQUES DE OLIVEIRA"
2490;"***.673.000-**";"EVELTON MACHADO FERREIRA"
2491;"***.416.467-**";"EMERSON SUBTIL DENICOLI"
2492;"***.162.730-**";"FRANCINE DOS REIS PINHEIRO"
2493;"***.985.980-**";"ANTONIO MARCOS CECCONELLO"
2494;"***.617.704-**";"IVALDO DOS REIS VIEIRA"
2495;"***.644.686-**";"PHILIPE FIORAVANTE DA SILVA"
2496;"***.194.639-**";"EUCLESIO DE OLIVEIRA SILVERIO"
2497;"***.187.980-**";"MATHEUS BALDEZ REIS"
2498;"***.210.828-**";"MARCELO DIAS DE OLIVEIRA"
2499;"***.031.848-**";"MATHEUS FELIX DE ANDRADE"
2500;"***.382.757-**";"DENNIS CAZELI FERREIRA"
2501;"***.146.067-**";"PAULO SERGIO SUBTIL MARCHESI"
2502;"***.953.273-**";"ATHMAR NASCIMENTO CARVALHO"
2503;"***.705.743-**";"FRANCISCO FERREIRA MORENO FILHO"
2504;"***.765.573-**";"WALDIR BATISTA SERRA"
2505;"***.718.753-**";"ELIZEU DE SOUSA FARIAS"
2506;"***.286.631-**";"ALINE MARUSE MONTEIRO MARIANO ZOTELLI"
2507;"***.896.611-**";"LOHANNA SANTOS PAIVA"
2508;"***.828.876-**";"HELENO ALEXANDRINO DE LIMA FILHO"
2509;"***.249.341-**";"ALEX DA SILVA MOUREIRA"
2510;"***.365.379-**";"RICARDO FERNANDO DA SILVA RAMOS"
2511;"***.898.057-**";"TEREZINHA DE FATIMA PONCIO"
2512;"***.564.150-**";"CRISTIELE SPAT"
2513;"***.326.842-**";"TAMIRES BENEDITA DA SILVA MAIA"
2514;"***.053.457-**";"RAFAEL DUARTE XAVIER"
2515;"***.421.126-**";"LETICIA LOPES TAVARES DE LIMA BARBOSA"
2516;"***.096.167-**";"JULIENNE DELLECRODE REBOUCAS"
2517;"***.926.737-**";"JEAN PIERRE DE MENEZES MARTINEZ"
2518;"***.774.961-**";"MARIA GABRIELA FERREIRA DA MATA"
2519;"***.761.987-**";"MILIANE MOREIRA SOARES DE SOUZA"
2520;"***.818.677-**";"AYLTON DIAS"
2521;"***.286.479-**";"KETLYN FERRAZ STEIN"
2522;"***.164.508-**";"LUCAS SEIDY SAKURAMOTO BONILHA"
2523;"***.058.318-**";"ELIS REGINA RABELO E SILVA SOUSA"
2524;"***.954.901-**";"MARCIA CRISTINI E SILVA"
2525;"***.597.901-**";"EDUARDO GOMES LOURENCO"
2526;"***.652.481-**";"ANTONIO BARBOSA ABREU JUNIOR"
2527;"***.183.411-**";"MARCIA CRISTINA BARROS E SILVA DOS REIS"
2528;"***.595.051-**";"DIOVANI DE SOUZA DRUMOND"
2529;"***.653.931-**";"WENDO SILVA DE OLIVEIRA"
2530;"***.637.381-**";"JEFTE PEREIRA ALVES"
2531;"***.244.831-**";"SELMA ANTONIA DOS SANTOS LUIZ"
2532;"***.525.624-**";"GILBSON DA SILVA LEITE"
2533;"***.626.689-**";"JOSE CARLOS QUEIROZ"
2534;"***.206.371-**";"OTACIO SILVA MOREIRA"
2535;"***.803.130-**";"JOSEANE RECH HAGELIN"
2536;"***.902.005-**";"GILSON PEDRO DO NASCIMENTO"
2537;"***.328.302-**";"GERALDA MARGARIDA MENDONCA"
2538;"***.205.709-**";"MAURICIO BORGES CARDIN"
2539;"***.323.119-**";"ANDERSON PEREIRA SILVY"
2540;"***.585.158-**";"TIAGO ABI RIOS"
2541;"***.287.527-**";"LEANDRO CALVOSO CAVALCANTI"
2542;"***.451.224-**";"SAMANTHA PEIXOTO DUARTE"
2543;"***.555.504-**";"JOAO PAULO FERREIRA BRANDAO"
2544;"***.988.448-**";"LUCIA FELLEGGER FERNANDES ALVES"
2545;"***.746.008-**";"EDUARDO BOATO"
2546;"***.034.331-**";"CELINA CUNHA E SILVA"
2547;"***.358.604-**";"DANIEL DE OLIVEIRA LOPES"
2548;"***.965.366-**";"JOSE LEONARDO FERREIRA DA CRUZ"
2549;"***.656.632-**";"JOESLEY PEREIRA MENDES"
2550;"***.429.241-**";"DENNIS WILBER RODRIGUES DA SILVA"
2551;"***.605.304-**";"MAXWELL ANDERSON DE AZEVEDO PINHEIRO"
2552;"***.649.899-**";"ELVIS APARECIDO SECCO"
2553;"***.657.700-**";"FELIPE AUGUSTO SPENGLER"
2554;"***.917.821-**";"KARINNE SILVERIA BATALHA"
2555;"***.322.706-**";"AMILTON SOARES JUNIOR"
2556;"***.134.336-**";"LINCOLN DE JESUS BUSTAMANTE"
2557;"***.585.458-**";"GUSTAVO FERNANDES ARAUJO"
2558;"***.024.904-**";"PAULO GUSTAVO GALINDO LEITE DE ARAUJO"
2559;"***.561.064-**";"VALDIR PIO CAVALCANTE"
2560;"***.736.597-**";"BRUNO DUARTE DA MOTA"
2561;"***.652.007-**";"DANIEL PACHECO POLITANO"
2562;"***.617.867-**";"MARCOS TADEU ANDERSON MONTEIRO"
2563;"***.238.003-**";"WILLIAM MATOS AGUIAR"
2564;"***.228.573-**";"RONALD PINTO DOS REIS"
2565;"***.774.903-**";"LUANDA XAVIER BELO"
2566;"***.334.010-**";"RENATO SERPA RODRIGUES"
2567;"***.917.700-**";"GILNEI FORTES DA SILVA"
2568;"***.413.614-**";"FRANCISCO RODRIGUES DE OLIVEIRA NETO"
2569;"***.097.361-**";"JOSIEL PEREIRA SILVA"
2570;"***.019.801-**";"IVAN SOUZA E SILVA"
2571;"***.496.614-**";"MARIA LUIZA DIAS GANDRA CIRNE DE AZEVEDO"
2572;"***.009.791-**";"ADILON MARTINS DA SILVA"
2573;"***.437.463-**";"DELZULINA MADALENA DINIZ SANTANA"
2574;"***.175.983-**";"EXPEDITO CHARLTON RIBEIRO DO NASCIMENTO"
2575;"***.933.427-**";"MICHELLE MOTHE ESCOCARD"
2576;"***.799.961-**";"SANDRO AGRELLO NUNES OLIVEIRA"
2577;"***.040.182-**";"MARIO GAMA DA SILVA"
2578;"***.950.347-**";"RODRIGO FONSECA DA SILVA RAMOS"
2579;"***.232.302-**";"FLAUDEMIR MENDES DA SILVA"
2580;"***.465.226-**";"JOSE MARIA DA SILVA"
2581;"***.493.344-**";"SEVERINO JUNIO DE SANTANA"
2582;"***.127.601-**";"EZIO JOSE DA SILVA"
2583;"***.658.982-**";"SEBASTIAO RODRIGUES BEZERRA"
2584;"***.194.782-**";"IAGO SILVA BARBOSA"
2585;"***.094.281-**";"THIAGO VIDAL ARAUJO ABRAO"
2586;"***.314.421-**";"HELDER GEOVANNI MARTINS FERREIRA"
2587;"***.721.441-**";"BATMAISTERSON SCHMIDT"
2588;"***.096.437-**";"ADROALDO GONCALVES DA SILVA"
2589;"***.944.702-**";"RICARDO JAREDY ZANETTE NOVAKOWSKI"
2590;"***.658.738-**";"RENATO JOSE DOS SANTOS FILHO"
2591;"***.301.152-**";"JANDIROCY TEIXEIRA BISPO"
2592;"***.625.862-**";"OCTACILIO DE SOUZA NEVES JUNIOR"
2593;"***.348.213-**";"KURTIS FRANCOIS TEIXEIRA BASTOS"
2594;"***.425.043-**";"FRANCINETE CORREA PACHECO"
2595;"***.738.016-**";"LIETH FERNANDES DE SOUZA SANTOS"
2596;"***.544.828-**";"SELMA SAMIKO MIYAZAKI"
2597;"***.282.986-**";"BEATRIZ DE AQUINO RIBEIRO"
2598;"***.604.177-**";"AFONSO HENRIQUE SANTOS MAIA LEAL GANTUS FRANCISCO"
2599;"***.163.076-**";"MARCOS DA SILVA CUNHA"
2600;"***.567.275-**";"KLEBER GOMES DE OLIVEIRA"
2601;"***.737.088-**";"ERIC KOITI MOTOYAMA"
2602;"***.478.340-**";"ADAO LUIZ DA COSTA GULLICH"
2603;"***.233.487-**";"MAITE ALVES GUEDES"
2604;"***.815.580-**";"EDIANE ANDREIA BULIGON"
2605;"***.955.641-**";"ROBSON AMERICO DE OLIVEIRA"
2606;"***.856.601-**";"ERIC BECKER DENARDI"
2607;"***.392.250-**";"MILENA VARGAS CAMBRAIA"
2608;"***.911.330-**";"TALES SILVEIRA DE SOUZA"
2609;"***.003.122-**";"AIRTON JOSE DALPIAS"
2610;"***.541.595-**";"RODRIGO MAGALHAES DE SOUZA"
2611;"***.431.135-**";"ISRAEL NOGUEIRA OLIVEIRA"
2612;"***.868.462-**";"EVERTON NEGREIROS LIRA"
2613;"***.112.252-**";"RODRIGO TEIXEIRA BAIA"
2614;"***.007.861-**";"CARLOS REGINALDO DE FREITAS FIGUEIREDO"
2615;"***.543.507-**";"ANTONIO SERGIO FREIRE DA SILVA"
2616;"***.309.033-**";"LEANDRO NUNES SAMPAIO"
2617;"***.016.603-**";"GUSTAVO DE MELLO PEREIRA"
2618;"***.845.183-**";"LEONARDO COSTA SENA"
2619;"***.521.462-**";"BRUNO ALENCAR DA COSTA"
2620;"***.200.821-**";"EVERT CESAR RODRIGUES"
2621;"***.376.369-**";"JULIO CEZAR SOARES"
2622;"***.820.679-**";"CARLOS EDUARDO JAREMA BOZZA"
2623;"***.583.069-**";"PRISCILA DE MOURA PORTELA BAMBINI"
2624;"***.455.653-**";"GILVAN CARVALHO CORREIA"
2625;"***.484.257-**";"MURILO NOGUEIRA DE JESUS SILVA"
2626;"***.982.817-**";"EWERTON NICACIO JUNIOR"
2627;"***.516.704-**";"JOSE WANDERLEY DOS SANTOS"
2628;"***.209.978-**";"JONATHAN MITSUO JISAKA"
2629;"***.744.098-**";"DEIVIDE MARTINS SARTORI"
2630;"***.254.788-**";"HENRIQUE CARVALHO LUCAS"
2631;"***.705.718-**";"VICTOR ALEXANDRE DE BIAGI"
2632;"***.985.638-**";"DANIELA NEVES GARCIA DE OLIVEIRA"
2633;"***.712.856-**";"BRENO MEIRICE SANTOS ANDRADE"
2634;"***.684.667-**";"VALTIR HAMMER CALIXTO"
2635;"***.348.816-**";"AILSON LIMA MIRANDA"
2636;"***.953.895-**";"FERNANDO NASCIMENTO RICARDO"
2637;"***.710.836-**";"JAINE APARECIDA COTA"
2638;"***.237.716-**";"HELDER ALVES DOS SANTOS"
2639;"***.805.196-**";"OBEDE EDON DA SILVA"
2640;"***.161.971-**";"WELLINGTON LUIZ DE OLIVEIRA"
2641;"***.608.494-**";"FRANCISCO ESMERALDO NUNES JANUARIO"
2642;"***.463.624-**";"RAFFAEL DE LIRA FREIRE"
2643;"***.019.965-**";"GUMERCINDO SILVA DOS SANTOS"
2644;"***.954.961-**";"MARIVALDO PEREIRA BENTIVI"
2645;"***.358.634-**";"IZABEL CRISTINA XAVIER DE PONTES"
2646;"***.527.084-**";"FERNANDO HENRIQUE MAIA LUNDGREN"
2647;"***.801.049-**";"RICARDO ALEXANDRE HONORIO ALVES"
2648;"***.348.348-**";"MAGNO PIMENTA RIGA"
2649;"***.812.664-**";"EDILBERTO MEDEIROS JUNIOR"
2650;"***.365.502-**";"ANDRE AMANCIO TRAJANO"
2651;"***.989.850-**";"ALINE JURACH"
2652;"***.072.770-**";"RITA DE CACIA MACHADO DA PAIXAO"
2653;"***.279.320-**";"HELENICE PINTO DE MELLO"
2654;"***.541.564-**";"FELLIPE JOSE DA ROCHA MUNT"
2655;"***.229.944-**";"MARCELO FERREIRA DE ALCANTARA BARRETTO"
2656;"***.017.725-**";"JUSCILENE PEREIRA DOS SANTOS"
2657;"***.017.161-**";"ABEL TAVEIRA DE MORAES JUNIOR"
2658;"***.882.730-**";"RODRIGO BARCELLOS HOFF"
2659;"***.652.991-**";"JOSE RAIMUNDO MARCULINO"
2660;"***.552.267-**";"GILBERTO ALENCAR BELO"
2661;"***.789.309-**";"CELSO FERNANDES HONORATO"
2662;"***.903.795-**";"ZILTAMAR EVANGELISTA DE ARAUJO GOES"
2663;"***.937.665-**";"CID EDSON LIMA POVOAS"
2664;"***.521.502-**";"LAURINDO FERNANDES NETO"
2665;"***.906.842-**";"VANDERLY CARPINA FARIAS CASARA"
2666;"***.531.617-**";"EDILENE DOS SANTOS FERREIRA"
2667;"***.142.416-**";"ALBERTO GERALDO FARIA DOS SANTOS"
2668;"***.845.476-**";"SHARINE MACHADO CABRAL MELO"
2669;"***.479.104-**";"JAILTON JOSE DOS SANTOS"
2670;"***.064.881-**";"OCIMAR SOARES DA COSTA"
2671;"***.899.342-**";"MARIO JORGE DOS SANTOS LIMA"
2672;"***.101.998-**";"GILBERTO CAMARGO DE CAMACHO"
2673;"***.001.954-**";"EDSON QUEIROZ DE OLIVEIRA"
2674;"***.319.257-**";"CARLOS EDUARDO MARTINS CRESPO"
2675;"***.328.231-**";"MURYLO FELICIANO MENEZES DE SOUZA"
2676;"***.389.134-**";"KAYO CESAR OLIVEIRA DO NASCIMENTO"
2677;"***.015.009-**";"FABIAM DE SOUZA MACHADO"
2678;"***.644.650-**";"LEONARDO BARBIERI"
2679;"***.847.510-**";"JEFERSON LAGUNA DA SILVA"
2680;"***.779.341-**";"HUAN VITOR DE SOUSA BALENA"
2681;"***.232.047-**";"HELDER MARTINS RIBEIRO"
2682;"***.319.847-**";"LUIZ FERNANDO DE SOUZA OLIVEIRA"
2683;"***.573.157-**";"PEDRO VINICIUS TEIXEIRA DA SILVA"
2684;"***.047.497-**";"CARLOS ROBERTO MIRANDA MARMELLO"
2685;"***.609.630-**";"DELMAR FIUZA DOS SANTOS"
2686;"***.618.299-**";"WESLLEY BURMANN DE OLIVEIRA"
2687;"***.099.466-**";"FELIPPE CALANDRINI DE AZEVEDO MIRANDA"
2688;"***.776.496-**";"RAFAEL FURTADO OLIVEIRA SILVA"
2689;"***.594.956-**";"GUILHERME AUGUSTO ALVES DE AGUIAR"
2690;"***.120.996-**";"EVALDO RODRIGUES DE ALMEIDA"
2691;"***.717.769-**";"FLAUBERT ECHNATON RIBAS BOURGUIGNON"
2692;"***.287.722-**";"FABIO SILVEIRA RIBEIRO"
2693;"***.276.067-**";"JOAO VINICIUS DOS SANTOS LINDOLFO"
2694;"***.964.933-**";"FRANCIELTON FEITOSA ALCOFORADO"
2695;"***.141.881-**";"JONER ALVES DOS SANTOS"
2696;"***.652.108-**";"EDER FLOIDY VALERIO DE MELO SANTOS SILVA"
2697;"***.992.623-**";"MARCOS VASCONCELOS DINIZ"
2698;"***.211.123-**";"RAYLTON MATHEUS RODRIGUES CAVALCANTE"
2699;"***.189.031-**";"REINER NOGUEIRA DE CARVALHO JUNIOR"
2700;"***.833.111-**";"JONATHAN WILLIAM DA SILVA CORTEZ"
2701;"***.963.388-**";"BRENO ROBAZZI BRAGA"
2702;"***.170.556-**";"GEOVANE DAMASCENO RAMOS"
2703;"***.276.845-**";"GILSON RIBEIRO DA SILVA JUNIOR"
2704;"***.403.445-**";"LUIS FELIPE LOPES CERQUEIRA"
2705;"***.697.556-**";"HUGO LOPES SANTANA"
2706;"***.951.640-**";"MARCOS IVAN DAMATILDE RAGAZZON"
2707;"***.309.699-**";"JOAO MARCOS MENDES DA SILVA"
2708;"***.631.608-**";"DJALMA SILVA DOS SANTOS"
2709;"***.105.228-**";"SERGIO MURILO DANTAS DOS SANTOS"
2710;"***.891.225-**";"JOAQUIM DE SOUZA NETO"
2711;"***.791.664-**";"ALMIR GREGORIO DE LIMA NETO"
2712;"***.208.637-**";"MATHEUS PEREIRA NETTO FELISBERTO"
2713;"***.309.424-**";"SIRLEY NASCIMENTO DE PONTES"
2714;"***.040.227-**";"MARCOS VINICIUS ALVES ANDRADE"
2715;"***.191.271-**";"VITOR MEDEIROS DE LIMA"
2716;"***.953.271-**";"JOVENILDO FERNANDES DA SILVA"
2717;"***.868.760-**";"GUILHERME ALBERTI BRESSAN"
2718;"***.228.920-**";"CESAR SOMAVILLA"
2719;"***.803.334-**";"ALDOMARIUS GRANGES E DANTAS"
2720;"***.798.068-**";"CARLOS AUGUSTO LOURENCO SILVA"
2721;"***.992.987-**";"ANILTON MACHADO DOILE"
2722;"***.172.000-**";"MOYSES ELYSEU DE LIMA"
2723;"***.667.428-**";"GUILHERME ANTONIO RODRIGUES DANTAS DOS SANTOS"
2724;"***.283.732-**";"EDER SARAH DE LUCENA"
2725;"***.953.287-**";"FERNANDO HENRIQUE ALMEIDA TEIXEIRA"
2726;"***.472.236-**";"FILIPE COSTA DE ALMEIDA"
2727;"***.656.311-**";"RAFAEL FERNANDES DE SOUZA"
2728;"***.596.747-**";"SAVIO LOZZER BITTENCOURT"
2729;"***.465.215-**";"CADSON DE SOUZA BARBOZA"
2730;"***.974.930-**";"LUIZ FERNANDO ISLABAO SWENSON"
2731;"***.315.014-**";"JOAO LUCAS RAMOS DE MEDEIROS"
2732;"***.630.486-**";"CARLOS EDUARDO DE MACEDO"
2733;"***.175.456-**";"ALEXANDRE MAGNO DE CARVALHO"
2734;"***.128.956-**";"LEONARDO KREMPSER DA SILVA"
2735;"***.153.531-**";"PAULO CESAR DOMINGOS DA SILVA"
2736;"***.328.687-**";"ANDRE LUIZ DE SOUZA RODRIGUES"
2737;"***.956.777-**";"MATEUS MARTINS GOMES"
2738;"***.411.627-**";"IGOR LUCAS SILVA DE SOUSA"
2739;"***.195.783-**";"PEDRO HENRIQUE MARQUES VIEIRA"
2740;"***.123.041-**";"MAURICIO SILVA"
2741;"***.149.051-**";"GUSTAVO GONCALVES COELHO"
2742;"***.857.116-**";"PAULO DIONISIO FERREIRA"
2743;"***.615.243-**";"JAILSON DA CUNHA PASSOS"
2744;"***.625.061-**";"JHONATAN TORRES NOLASCO"
2745;"***.945.047-**";"TIAGO JOSE MORAES DA SILVA"
2746;"***.856.192-**";"ARIOSVALDO FERREIRA DURANS"
2747;"***.963.731-**";"RENATO CARVALHO ROCHA"
2748;"***.314.335-**";"NUBIA DE ARAUJO PAIVA"
2749;"***.261.021-**";"ANTONIO MENDES DE CARVALHO"
2750;"***.206.652-**";"HELMA DOS SANTOS BONFIM"
2751;"***.934.806-**";"MARY ANN GARCIA SANTOS LANGONI PENA"
2752;"***.356.701-**";"JOSE GUILHERME DA SILVA MOURA"
2753;"***.735.121-**";"JANSEN MAURO MAGALHAES CARNEIRO"
2754;"***.871.900-**";"DANTON PEREIRA DA SILVA JUNIOR"
2755;"***.399.443-**";"JOSE MARIANO SILVA LEITE JUNIOR"
2756;"***.118.311-**";"HUGO ALMEIDA PEREIRA"
2757;"***.157.564-**";"JOEDNA SILVA"
2758;"***.891.816-**";"PAULO CESAR GERMINIANI DA SILVA"
2759;"***.675.166-**";"RICARDO CUNHA GRUNEWALD ZARANTONELI"
2760;"***.617.616-**";"ANTONIO CARLOS DA SILVA"
2761;"***.015.258-**";"RENATA ALVES DE OLIVEIRA E CASTRO"
2762;"***.892.440-**";"ALEX ITAUBA BITENCOURT"
2763;"***.967.340-**";"CLAUDIO FIGUEIRO"
2764;"***.207.250-**";"ALLAN CRISTIAN KLEIN"
2765;"***.267.006-**";"PAULO CESAR DA CUNHA"
2766;"***.159.997-**";"WALKIR PONTES DOS SANTOS"
2767;"***.501.877-**";"LEANDRO DE ANDRADE CUNHA"
2768;"***.781.397-**";"ELIANE DOS ANJOS DA SILVA DA CONCEICAO"
2769;"***.586.817-**";"LEONARDO HONORATO AMORIM"
2770;"***.218.187-**";"MARCOS LUIS ALVES VERAS"
2771;"***.682.847-**";"SAULO CABRAL BOURGUIGNON"
2772;"***.741.674-**";"NATHALYA NOGUEIRA DO NASCIMENTO MELO"
2773;"***.575.536-**";"ANA PAULA CARVALHO DA SILVA FERREIRA"
2774;"***.786.311-**";"EDINELSON DO AMARAL SERPA"
2775;"***.905.141-**";"JOSE WASHINGTON MARQUES FABRICIO"
2776;"***.415.221-**";"PAULO ROBERTO LEWINTER"
2777;"***.598.891-**";"RONEY CARVALHO DOS SANTOS"
2778;"***.296.721-**";"ROBERTO BUENO DE ASSUNCAO"
2779;"***.966.901-**";"GIAN LUCCA MATIAS"
2780;"***.687.695-**";"BRIGIDA MARIA LOPES CARDOSO DE ALMEIDA"
2781;"***.922.752-**";"FRANCISCA DAS CHAGAS FREIRE DA SILVA"
2782;"***.262.931-**";"GENAR MEDEIROS JUNIOR"
2783;"***.531.447-**";"ANDERSON BAPTISTA"
2784;"***.669.212-**";"EDSON SANTA BRIGIDA FRAGOSO"
2785;"***.713.901-**";"MARIO BRENO CORDEIRO SANTANA"
2786;"***.195.705-**";"FABIO DOS SANTOS"
2787;"***.738.064-**";"LAILTON ALENCAR CAVALCANTI"
2788;"***.072.354-**";"EURIPEDES JOSE FERREIRA DE LIMA"
2789;"***.967.291-**";"MAURO MENDONCA MAGLIANO"
2790;"***.350.256-**";"VINICIUS MALUF FERNANDES"
2791;"***.341.809-**";"EDUARDO APARECIDO TOLEDO"
2792;"***.005.004-**";"RAPHAEL LUIS TELES"
2793;"***.691.774-**";"JOAO ROBERTO GARCEZ BARCONI"
2794;"***.986.575-**";"EDUARDO ARAUJO SA TELES"
2795;"***.814.607-**";"MARCELO FREIRE COZZOLINO"
2796;"***.980.443-**";"JARDEL FERREIRA CAVALCANTE"
2797;"***.420.054-**";"JOAO CARLOS FREIRE NOGUEIRA FILHO"
2798;"***.191.031-**";"HELDER HELIAS CHAGAS"
2799;"***.881.341-**";"BRENO LUIZ DE OLIVEIRA"
2800;"***.573.051-**";"LEANDRO SOUZA COELHO MARCAL"
2801;"***.474.266-**";"BIANCA TOMICH ALVES"
2802;"***.973.882-**";"VEIMISON FREIRE DA SILVA"
2803;"***.540.419-**";"ANTONIO CARLOS STANISLAU AFONSO CUNHA"
2804;"***.162.353-**";"MILENA MENEZES DE OLIVEIRA"
2805;"***.722.527-**";"THIAGO ARRUDA"
2806;"***.864.831-**";"EDGAHIR PEREIRA VILLELA ALVES"
2807;"***.590.409-**";"JACSON HINZELMANN"
2808;"***.749.137-**";"RODRIGO PEREIRA JOIA"
2809;"***.426.091-**";"RENATO CARNEIRO LINO DA SILVA"
2810;"***.764.593-**";"JORGE ALBERTO DE SOUZA"
2811;"***.125.507-**";"GLAUCIA REGINA DE OLIVEIRA RODRIGUES"
2812;"***.181.612-**";"LUIS OLIVEIRA DA SILVA"
2813;"***.103.702-**";"CARLOS ALBERTO FARIAS CORDEIRO"
2814;"***.867.312-**";"ALZIRA BARROS CARDOSO"
2815;"***.526.763-**";"SAMUEL RIBEIRO DE SOUSA"
2816;"***.655.570-**";"THIAGO DE MELLO RECK"
2817;"***.427.389-**";"JOAO MARIA FERREIRA FILHO"
2818;"***.602.361-**";"ROSELI SLAVIERO LAUX"
2819;"***.690.417-**";"GIRLEY VIEIRA DA SILVA"
2820;"***.656.342-**";"MOISES PEREIRA CASTRO"
2821;"***.719.542-**";"MARIA DE FATIMA ALVES FONTINELE DE LIMA"
2822;"***.302.199-**";"ALICE LEITE LUCHTEMBAG"
2823;"***.733.505-**";"BRUNO GOMES CUNHA"
2824;"***.530.515-**";"WALLACE ANDERSON DE SOUZA SILVA"
2825;"***.116.475-**";"ALTAIR NERE DA CONCEICAO"
2826;"***.380.373-**";"FELIPE DE OLIVEIRA BARROS NETO"
2827;"***.702.198-**";"JOSE ANTONIO FREGONE"
2828;"***.662.731-**";"RAONI JAPIASSU MERISSE"
2829;"***.519.933-**";"GILSON LUIZ SOUTO MOTA"
2830;"***.566.845-**";"LEIA LOBO DE SOUZA CARVALHO"
2831;"***.453.158-**";"ADELVAN PEREIRA"
2832;"***.892.732-**";"SHEYLA DA SILVA LEAO"
2833;"***.584.071-**";"NILSON DE SOUZA BATISTA"
2834;"***.260.880-**";"PAULO RICARDO HAMESTER"
2835;"***.022.580-**";"VINICIUS DA SILVA MADRUGA"
2836;"***.997.900-**";"MARCELO CRISTIANO ARGENTA"
2837;"***.453.883-**";"JORGE LUIS LISBOA CARDOSO"
2838;"***.144.003-**";"SAULO CARVALHO PIRES"
2839;"***.568.993-**";"DIONISIO DOS SANTOS PEREIRA JUNIOR"
2840;"***.262.933-**";"MARCOS HENRIQUE DE SOUSA HONORATO"
2841;"***.616.252-**";"RONALDO BARROSO SINIMBU"
2842;"***.551.929-**";"ALEXANDRO JOSE CASTAGNARO"
2843;"***.638.678-**";"MAURICIO MOREIRA BERTGES"
2844;"***.160.177-**";"ABELARDO FLORIANO DE PAULO"
2845;"***.207.754-**";"CARLOS EDUARDO DANTAS GOMES"
2846;"***.406.398-**";"GABRIEL HIROTO MEDEIROS TASHIMA"
2847;"***.279.938-**";"MATEUS DO AMARAL BUENO ARRUDA"
2848;"***.556.498-**";"THIAGO MACEDO GASTAO PINHEIRO"
2849;"***.162.757-**";"RENATO SOBRINHO MENESES DANTAS"
2850;"***.947.886-**";"ANDREA SATIE AMARAL HAYASHIDA RESENDE COSTA"
2851;"***.324.364-**";"GENIVALDO GONCALVES DE QUEIROZ JUNIOR"
2852;"***.444.944-**";"JOSE MATHEUS BEZERRA DOS SANTOS AMORIM"
2853;"***.315.864-**";"ANA CAROLINA LIMA DA SILVA"
2854;"***.269.341-**";"HOBSON APARECIDO CORREA"
2855;"***.729.271-**";"ANDREA HAMER DE OLIVEIRA"
2856;"***.823.661-**";"MARCIO DE OLIVEIRA MIRANDA"
2857;"***.295.571-**";"MARILUCIA FARIA MALHEIROS"
2858;"***.411.654-**";"JOSECI ALVES CABRAL"
2859;"***.523.564-**";"GILDEVAN VIEIRA DA SILVA"
2860;"***.661.635-**";"ADROALDO MOTA LIMA JUNIOR"
2861;"***.287.159-**";"JANI RODRIGUES DE ABREU"
2862;"***.627.802-**";"TAINARA DANTAS DA SILVA"
2863;"***.663.648-**";"ROGERIO MARIANO DA SILVA"
2864;"***.800.304-**";"LUCIA MARIA MONTEIRO DE SANTANA SANTOS"
2865;"***.107.375-**";"DILAILSON PEREIRA MENDES"
2866;"***.693.773-**";"SANDRO DE BRITO CUNHA"
2867;"***.145.196-**";"ELAINE CRISTINA MARTINS OLIVEIRA"
2868;"***.459.535-**";"WAGSTON SIQUEIRA DE ANDRADE"
2869;"***.414.324-**";"WALTER SOARES COSTA FILHO"
2870;"***.471.111-**";"ERICO SILVA PIRES"
2871;"***.158.446-**";"ILTON DOS REIS PEREIRA"
2872;"***.360.756-**";"BIVANILDA ALMEIDA TAPIAS"
2873;"***.441.252-**";"MARCELO CORDEIRO ARARIPE"
2874;"***.042.259-**";"VICTOR VILAS BOAS GONCALVES RAMOS"
2875;"***.111.802-**";"MONICA COSTA NORONHA"
2876;"***.391.593-**";"CLAUDIA SPONHOLZ BELMINO"
2877;"***.236.712-**";"WILSON ARAUJO DE OLIVEIRA"
2878;"***.839.212-**";"HERDIMIR DE ASSIS MOREIRA"
2879;"***.755.266-**";"VLADMIR SALVADOR SAMPAIO"
2880;"***.697.807-**";"MARCELO SOARES DE OLIVEIRA"
2881;"***.816.752-**";"ALISSON MONTEIRO DA SILVA"
2882;"***.414.764-**";"FELIPE SOBREIRA CAMPOS DA COSTA"
2883;"***.233.022-**";"CARLOS ALEXANDRE LOURINHO GOMES"
2884;"***.713.634-**";"RAPHAEL JOSE SIMAO DA SILVA"
2885;"***.250.506-**";"ALYSSON GONCALVES OLIVEIRA"
2886;"***.130.431-**";"BRUNO RODRIGUES DA ROCHA"
2887;"***.526.227-**";"DEMERSON FERREIRA"
2888;"***.801.518-**";"LAURIANI APARECIDA INACIO DA SILVA"
2889;"***.524.090-**";"LAIS ANI ZUHL"
2890;"***.095.044-**";"CASSIO RUAN VIANA BARBOSA"
2891;"***.617.096-**";"EDVALDO JORGE DA COSTA"
2892;"***.541.038-**";"RUDMAR BRITO DE SOUZA"
2893;"***.946.390-**";"DOUGLAS BONOTO DA COSTA"
2894;"***.884.837-**";"MARIO FERREIRA E SILVA"
2895;"***.501.167-**";"PAULO VITOR DO AMARAL GOMES"
2896;"***.913.776-**";"PAULO CESAR FERREIRA"
2897;"***.025.620-**";"JOAO BATISTA WOLL SEVERO"
2898;"***.713.356-**";"SAUL GONCALVES DA LUZ"
2899;"***.178.507-**";"EVANDRO DA SILVA DIAS"
2900;"***.785.429-**";"MOACIR CAMARGO TURMAM"
2901;"***.885.390-**";"KASSIO CEZAR NITSCHKE"
2902;"***.823.307-**";"LEVI MARCOS DA SILVA CUNHA"
2903;"***.039.812-**";"LANDERSON JERNES VIEIRA BELARMINO"
2904;"***.719.443-**";"AGILDO CICERO DA SILVA SANTANA"
2905;"***.628.914-**";"RAFAEL BUARQUE DE GUSMAO GOMES"
2906;"***.906.923-**";"MARCIO LUCIANO AGUIAR FURTADO JUNIOR"
2907;"***.164.942-**";"LEONARDO MANUEL LIVINALLI DECOL"
2908;"***.452.281-**";"CARLOS ALBERTO MORAES JUNIOR"
2909;"***.327.714-**";"JONATHAN MATHEUS OLIVEIRA FLOR DA SILVA"
2910;"***.986.786-**";"JANDER ANTONIO DE SOUZA VIEIRA"
2911;"***.392.884-**";"IAGO GOMES ANDRADE ROCHA"
2912;"***.665.846-**";"FILIPE BERG MENDONCA REIS"
2913;"***.526.247-**";"MATEUS DRUMOND DE SOUZA"
2914;"***.696.097-**";"ALEX DUARTE DE FREITAS"
2915;"***.012.283-**";"ERLON MARCOS FERNANDES ALVES DA SILVA"
2916;"***.051.730-**";"MAURICIO ISSLER FRANZEN"
2917;"***.032.351-**";"RICHARDSON SOUZA PEREIRA"
2918;"***.836.821-**";"JOSE RUBENS RIBEIRO ROTONDO"
2919;"***.701.391-**";"ELVIS JOSE SALES DE OLIVEIRA"
2920;"***.323.359-**";"JOAO ADELSON SILVA"
2921;"***.429.511-**";"LUIZ EDUARDO SOLANO SILVA"
2922;"***.947.945-**";"JOSE RIBEIRO DE ALMEIDA"
2923;"***.813.190-**";"LEONARDO HENRIQUE ROSS LANDIM"
2924;"***.553.020-**";"ANDRE LOPES RODRIGUES"
2925;"***.306.917-**";"THIAGO VICENTE RODRIGUES ARAUJO"
2926;"***.407.521-**";"UDSON FRETE"
2927;"***.828.552-**";"HUGO RAFAEL CASTRO SILVA"
2928;"***.053.232-**";"JOAO DE JESUS CORREA JUNIOR"
2929;"***.550.457-**";"EDERSON LUIZ DA ROCHA"
2930;"***.942.244-**";"DEMOSTENES DIAS DE LIMA JUNIOR"
2931;"***.840.699-**";"WILLIAN RANGEL ACLENDES DE LIMA"
2932;"***.703.815-**";"VICTOR DAS CHAGAS MARTINS"
2933;"***.418.921-**";"ANDERSON DE ALCANTARA CORREIA"
2934;"***.844.319-**";"ELIAS CRISTOVO SILVEIRA MARTINS"
2935;"***.325.628-**";"MARCELO AUGUSTO VAZ DE CARVALHO"
2936;"***.253.409-**";"SERGIO GUTIERREZ PEDROSO"
2937;"***.822.581-**";"WELDER PASSOS MOSSI"
2938;"***.022.832-**";"WILLIAMS BRUCE GONZAGA"
2939;"***.985.010-**";"LUCAS FARIA DOS SANTOS"
2940;"***.198.202-**";"DIEGO FONSECA PANTOJA"
2941;"***.586.902-**";"TIAGO LOPES"
2942;"***.367.548-**";"MARCELA DE PAULA CAMERINI"
2943;"***.747.467-**";"WELLINGTON VANER DA SILVA"
2944;"***.254.070-**";"EZEQUIAS DA SILVA LEMES"
2945;"***.035.051-**";"ALLAN DOS ANJOS LINHARES DE OLIVEIRA"
2946;"***.000.379-**";"EDSON LUIZ TRINDADE GALVES"
2947;"***.830.413-**";"ALEXANDRE MEIRELES VIEIRA"
2948;"***.938.790-**";"FERNANDO JONES MACHADO CORREA JUNIOR"
2949;"***.672.101-**";"JADIR PEREIRA DAMASCENO JUNIOR"
2950;"***.708.547-**";"ALEXANDRE GOMES PINHAO DA SILVEIRA"
2951;"***.140.266-**";"JOSE DIAS DOS SANTOS"
2952;"***.562.267-**";"DAVIS SILVA MOURA"
2953;"***.652.627-**";"IGOR AZEVEDO TRINDADE"
2954;"***.464.748-**";"CLEBER MEIRA JUNIOR"
2955;"***.384.621-**";"EDEN PASSOS LUCIANO"
2956;"***.354.901-**";"HEBERT VIDAL BITTENCOURT"
2957;"***.696.390-**";"PAULO SERGIO GNOATTO"
2958;"***.288.624-**";"SAMUEL DA SILVA ALVES"
2959;"***.659.111-**";"CRISTIAN RODRIGUES VERDUN"
2960;"***.845.856-**";"JOAO MARCIO ARANTES BALIEIRO"
2961;"***.194.542-**";"GEISA CLAUDIA GOMES"
2962;"***.969.288-**";"MASAKI CESAR LONGHI NINOMIYA"
2963;"***.188.332-**";"RIVALDO PINHEIRO BARBOZA"
2964;"***.482.856-**";"GERALDO DE SOUZA FONSECA"
2965;"***.179.654-**";"NIUREMBERG AQUINO TRAJANO"
2966;"***.119.294-**";"GUTEMBERG NICACIO DA SILVA"
2967;"***.548.997-**";"ALLAN FELIPE GONCALVES CASTRO"
2968;"***.153.586-**";"JOAO VITOR CASAGRANDE"
2969;"***.397.249-**";"JHONATAN MEZZARI CAMARGO PINTO"
2970;"***.665.997-**";"GABRIEL AUGUSTO OLIVEIRA DA SILVA"
2971;"***.808.900-**";"PATRICIA SOARES VIEIRA"
2972;"***.880.406-**";"MARIO HENRIQUE CUBBI"
2973;"***.322.647-**";"LUCIANO FERREIRA BATISTA"
2974;"***.613.406-**";"ALVARO GONCALVES DA SILVA NETO"
2975;"***.874.491-**";"JONYS BERTH BAZANO OCAMPOS"
2976;"***.410.266-**";"BISMARCK JEFFERSON DA SILVA"
2977;"***.559.721-**";"DIEGO MAIKA COSTA LINHARES"
2978;"***.212.437-**";"HENRI DA SILVA TORRES"
2979;"***.749.474-**";"HIGOR FELIPE PYRRHO DE MELO"
2980;"***.603.604-**";"ELIAS AGUIAR DE SOUZA"
2981;"***.588.801-**";"GABRIELLA ARAUJO DE FREITAS"
2982;"***.952.981-**";"CATIA REGINA BATISTA LIMA"
2983;"***.572.617-**";"ANDRE LUIZ GAMEIRO RODRIGUES"
2984;"***.304.746-**";"LEONARDO VASCONCELOS ALVES"
2985;"***.342.065-**";"RODRIGO MELO NUNES"
2986;"***.327.375-**";"MARCOS JOSE RIBEIRO BARRETO"
2987;"***.337.410-**";"PAULO CESAR HUCKEMBECK NUNES"
2988;"***.923.050-**";"ANGELA FATIMA OLIVEIRA DA CRUZ"
2989;"***.090.232-**";"ROSANA MARIA LIMA OLIVEIRA"
2990;"***.065.909-**";"ELDER COMIN PERRARO"
2991;"***.852.869-**";"GEANCARLO VIEIRA WERNER"
2992;"***.026.879-**";"MILENA MACHADO CORTELINI"
2993;"***.445.317-**";"FABIANA SALIM"
2994;"***.064.338-**";"SERGIO ALBERTO BATISTA"
2995;"***.143.217-**";"GENESIO GUEDES DE MORAIS"
2996;"***.568.987-**";"REGIANE TEODORO DO AMARAL"
2997;"***.279.763-**";"ALEX JHONNE BARBOSA CARVALHO"
2998;"***.961.803-**";"CARLOS GUILHERME MORAES CERQUEIRA"
2999;"***.457.711-**";"LEANDRO DIAS CURVO"
3000;"***.555.097-**";"ROBSON WILLIAM RIBEIRO MARTINS"
3001;"***.399.405-**";"CELIO BASTOS NOGUEIRA JUNIOR"
3002;"***.483.205-**";"ANTONIO CARLOS SAMPAIO AMARAL"
3003;"***.167.934-**";"JULIO GUILHERME GLASNER DE MAIA CHAGAS"
3004;"***.910.070-**";"LUIS ANDRE PEREIRA GODINHO"
3005;"***.516.216-**";"LUIS CARLOS COELHO"
3006;"***.957.787-**";"JOANA D ARC DE OLIVEIRA"
3007;"***.209.579-**";"VITOR RAMALHO LEITE"
3008;"***.380.106-**";"FELIPE RODRIGUES MAYNART"
3009;"***.338.487-**";"VICTOR DA SILVA DE OLIVEIRA"
3010;"***.597.397-**";"BRUNO AZEVEDO QUINTINO"
3011;"***.754.097-**";"LEILA GATTI SOBREIRO"
3012;"***.222.757-**";"LUIZ CARLOS ESTRELLA SARMENTO"
3013;"***.401.304-**";"JORGE LUIZ DE OLIVEIRA CUNHA"
3014;"***.246.619-**";"CASSIANO THIMOTEO GOMES DE LIMA"
3015;"***.849.501-**";"CINTHIA VERSIANI PONTES"
3016;"***.530.101-**";"RODRIGO GUILHERME ROCHA ALTINO"
3017;"***.246.911-**";"ANA MARIA CANDIDO SALATIN"
3018;"***.584.442-**";"HELYANA DE CARVALHO SALUM HAGE"
3019;"***.456.341-**";"SAMUEL COSTA SANTOS"
3020;"***.052.861-**";"ALEXANDRE TRAVERSI ANTUNES"
3021;"***.809.732-**";"GUIOMAR DE ALMEIDA BARBOSA"
3022;"***.456.793-**";"JOSE AGENOR FREIRE CARACAS SIMOES"
3023;"***.916.744-**";"JOAO JOSE DA SILVA"
3024;"***.447.235-**";"VILMA PINTO DE CARVALHO"
3025;"***.687.247-**";"SERGIO DE SOUZA"
3026;"***.911.962-**";"RAIMUNDO NONATO DE SOUZA"
3027;"***.220.311-**";"BRUNO SOARES DE SOUSA SILVA"
3028;"***.187.092-**";"CARLOS SERGIO PESSOA NOGUEIRA"
3029;"***.067.175-**";"ROELINGTON SANTOS GOMES"
3030;"***.892.361-**";"MARCOS GONCALVES NOLETO"
3031;"***.536.351-**";"EDSON MOREIRA DE OLIVEIRA"
3032;"***.310.112-**";"NILBERTO NILSON DE MATOS MENDES"
3033;"***.398.292-**";"TIAGO MESQUITA SILVA"
3034;"***.028.869-**";"ELEN CRISTINA BORCATO FABRIN"
3035;"***.214.668-**";"DACIER MARTINS DE ALMEIDA"
3036;"***.766.374-**";"SOLANGE MARIA DOS SANTOS OLIVEIRA"
3037;"***.730.265-**";"HUMBERTO COSTA DANTAS"
3038;"***.623.594-**";"ARTHUR CANUTO BESERRA"
3039;"***.975.952-**";"ANDERSON TARDELLY CONCEICAO NASCIMENTO"
3040;"***.733.472-**";"ERLON VELOSO DA SILVA"
3041;"***.227.292-**";"RINALDO RIBEIRO MORAES"
3042;"***.412.071-**";"CECILIA SILVA FRANCO"
3043;"***.318.902-**";"HELTON BIANCHI"
3044;"***.657.499-**";"DIOGO LACERDA RUPNIEWSKI"
3045;"***.002.243-**";"ROMINA ERICA DA CUNHA SOUTO"
3046;"***.820.306-**";"HANS NICK JUNIOR"
3047;"***.902.828-**";"WAGNER MARCELO FLAUSINO"
3048;"***.557.783-**";"BRUNO RIBEIRO DIAS"
3049;"***.175.547-**";"RAFAEL ZEGUR CERQUEIRA DE SOUZA"
3050;"***.533.702-**";"HELDER ALCIONE LIMA SILVA"
3051;"***.127.948-**";"VILTER CROQUI MARCONDES"
3052;"***.658.075-**";"CYRO CARVALHO SANTOS NOGUEIRA"
3053;"***.531.214-**";"TEILA CIBELE MENEZES BARBOSA"
3054;"***.299.202-**";"LUCIO FIRMINO RAMOS"
3055;"***.915.308-**";"REGINALDO LUIZ DE SANTANA JUNIOR"
3056;"***.548.647-**";"PAULO CESAR DO NASCIMENTO CORREA"
3057;"***.663.692-**";"GIOVANA PINHEIRO DA CONCEICAO"
3058;"***.233.016-**";"HENRIQUE DE ASSIS FERREIRA COELHO"
3059;"***.857.502-**";"JORGE LUIS SANCHES DA SILVA"
3060;"***.300.854-**";"FERNANDO ALVES DA SILVA"
3061;"***.777.018-**";"ROSELY INACIO DOS SANTOS"
3062;"***.297.442-**";"ADAILTON JESUS PEREIRA LIMA"
3063;"***.478.613-**";"DJALMA MOURAO ALBANO"
3064;"***.472.112-**";"ALEX RODRIGUES DE FREITAS"
3065;"***.206.637-**";"RONI PEREZ DE MELLO"
3066;"***.821.727-**";"ALEXANDRE PALMIERI FLORAMBEL"
3067;"***.114.781-**";"MAURICIO RODRIGUES LIBARDI"
3068;"***.497.467-**";"FLAINI PEREIRA RAMOS"
3069;"***.906.396-**";"ALEXANDRE TEIXEIRA LACERDA"
3070;"***.886.291-**";"GENESIO DUTRA DE MOURA"
3071;"***.177.902-**";"MARCIO CLEY FERREIRA CUNHA"
3072;"***.472.339-**";"GUILHERME FABIANO MAASS"
3073;"***.864.057-**";"GABRIELE DE JESUS GROSSO CHAGAS"
3074;"***.384.082-**";"MIGUEL ANGELO NUNES FIGUEIREDO"
3075;"***.321.627-**";"LUCIA CRISTINA ALMEIDA DOS REIS"
3076;"***.602.246-**";"WANER GONCALVES LIMA"
3077;"***.096.902-**";"RONILSON VASCONCELOS BARBOSA"
3078;"***.337.336-**";"ESTEVAO JOSE MARCHESINI FONSECA"
3079;"***.413.198-**";"RONALDO GONCALVES MORATO"
3080;"***.070.346-**";"LUIZ FERNANDO SCHNEIDER LOUREIRO"
3081;"***.460.466-**";"WALDOMIRO DE PAULA LOPES"
3082;"***.525.111-**";"PAULO CESAR PEREIRA AQUINO CAMPOS"
3083;"***.098.791-**";"MARCELO FONTANA DA SILVEIRA"
3084;"***.097.797-**";"LEANDRO ALBERTINI LEITE"
3085;"***.621.101-**";"GEYSA LOPES MOREIRA COSTA"
3086;"***.048.911-**";"SELY BATISTA CAVALCANTE"
3087;"***.802.702-**";"RAFAEL YUZO ROCHA NAKAJIMA"
3088;"***.670.640-**";"LEONARDO PEDRETTI DOLEJAL"
3089;"***.767.760-**";"ANGELO MIGUEL DOS SANTOS XAVIER"
3090;"***.154.624-**";"ANDERSON GUSTAVO DE MENDONCA SIQUEIRA"
3091;"***.618.354-**";"TOMAS BARREIROS DE MELLO"
3092;"***.445.965-**";"MATHEUS RIBEIRO BRANDAO CANARIO"
3093;"***.300.554-**";"HILDEBRANDO FERREIRA FILHO"
3094;"***.857.822-**";"VITOR NASCIMENTO ALBUQUERQUE"
3095;"***.462.652-**";"EDNALDO DA SILVA LIMA JUNIOR"
3096;"***.044.752-**";"LEANDRO COSTA DE OLIVEIRA"
3097;"***.754.902-**";"RITER LUCAS MIRANDA GARCIA"
3098;"***.468.513-**";"ANTONIO CESAR FERREIRA LIMA"
3099;"***.516.603-**";"WILSON PEREIRA MARTINS NETO"
3100;"***.836.543-**";"JOAO MARCIO FERNANDES MENDONCA"
3101;"***.611.943-**";"WELLINGTON GEORGES COSTA DA SILVA"
3102;"***.705.983-**";"IVALDO DE SOUZA SANTOS"
3103;"***.401.272-**";"ARTEMIO DE BRITO MACHADO"
3104;"***.814.652-**";"RAPHAEL DA SILVA AZEVEDO"
3105;"***.276.172-**";"ALAN SILVA ALMEIDA"
3106;"***.048.419-**";"SILAS GERSON AYRES FILHO"
3107;"***.693.878-**";"HIRAN HERNANE HURPIA"
3108;"***.199.379-**";"SHARON CALEFFI"
3109;"***.317.559-**";"PAULO ROBERTO DE FREITAS"
3110;"***.964.073-**";"FRANCISCO WANDERLEY CAMPOS SILVA"
3111;"***.137.707-**";"FELLIPE MACEDO SOARES TAVARES"
3112;"***.171.424-**";"SAMUEL APOLINARIO MARQUES"
3113;"***.313.474-**";"MARIA JOSE VEIGA DE MEDEIROS"
3114;"***.541.710-**";"CYNTHYA ANTINORI NOBREGA"
3115;"***.394.708-**";"EVANDRO AFONSO NAKAO"
3116;"***.648.568-**";"AFONSO MARIA NOGUEIRA"
3117;"***.039.698-**";"CALEBE DE ALMEIDA SASS"
3118;"***.634.368-**";"LUCAS VIEIRA FANTIN"
3119;"***.090.898-**";"FERNANDA GALVAO GALDINO"
3120;"***.489.098-**";"MARCOS TIBURCIO GALVAO"
3121;"***.802.918-**";"MILTON IWAO ISHIKAWA"
3122;"***.309.168-**";"ANTONIO IZIDIO DE SOUZA FILHO"
3123;"***.874.836-**";"LUANA BREDER BARCELOS"
3124;"***.673.336-**";"TATIANA OLIVEIRA MAIA ANICETO"
3125;"***.340.806-**";"ANTONIO RODRIGUES CARDOSO JUNIOR"
3126;"***.615.326-**";"RAPHAELL HENRIKE MARTINS DE ANDRADE"
3127;"***.531.404-**";"JOAO MARCELO SAMPAIO DOS SANTOS"
3128;"***.946.344-**";"MARCELO MEDEIROS GALVAO"
3129;"***.060.403-**";"MARIA DE JESUS FERREIRA SILVA E SILVA"
3130;"***.905.864-**";"MARCIO REZENDE FERREIRA"
3131;"***.730.603-**";"FRANCISCO REGINALDO RODRIGUES"
3132;"***.681.994-**";"OZEAS DA SILVA FREITAS"
3133;"***.337.293-**";"LUIZ CARLOS BATISTA DA CUNHA"
3134;"***.026.233-**";"JOSE RODRIGUES NETO"
3135;"***.180.441-**";"JURACY TEIXEIRA BATISTA"
3136;"***.964.612-**";"JOSE VICENTE DA SILVA"
3137;"***.647.022-**";"MANOEL ARGEMIRO DE OLIVEIRA"
3138;"***.546.411-**";"ADAO CABRAL FORMIGA"
3139;"***.562.861-**";"ANTONIO CARLOS MELO DOS SANTOS"
3140;"***.564.988-**";"JULIO CESAR VARSONI SALOMAO"
3141;"***.804.164-**";"DOMINGOS COSTA LOPES FERNANDES"
3142;"***.562.794-**";"FABIO NOBRE CALIFE"
3143;"***.093.673-**";"FRANCISCO GEOVA LIMA"
3144;"***.706.414-**";"HENRIQUE SERGIO PINHEIRO DE ARAUJO"
3145;"***.000.060-**";"MARCOS GERHARDT LINDENMAYER"
3146;"***.708.699-**";"ALESSANDRO KREMER"
3147;"***.939.601-**";"LUCAS BARRETO DE PAULA FERREIRA"
3148;"***.362.941-**";"CARLOS MARCELINO DA SILVA CORREA"
3149;"***.979.608-**";"BRUNO ROSARIO BRAGA"
3150;"***.837.275-**";"EPAMINONDAS BARBOSA DA SILVA FILHO"
3151;"***.382.262-**";"EVANDRO DE OLIVEIRA CLAUDINO"
3152;"***.433.407-**";"DANIEL MIGUEL DA SILVA"
3153;"***.537.811-**";"ALESSANDRA RODRIGUES GOMES"
3154;"***.274.917-**";"CAMILE DA COSTA RAMOS"
3155;"***.281.874-**";"FERNANDA MARTINS FEIJO PINHEIRO"
3156;"***.216.002-**";"DIONATAN SOUZA DE OLIVEIRA"
3157;"***.338.667-**";"HELENO MOREIRA OLIVEIRA DA ENCARNACAO"
3158;"***.466.094-**";"HUGO VINICIUS PESSOA DA SILVA"
3159;"***.263.732-**";"WLADIMIR FAVACHO SANTIAGO"
3160;"***.607.864-**";"PAULO SERGIO DE SOUZA MATOS"
3161;"***.542.051-**";"THIAGO LUIZ ITO MOREIRA"
3162;"***.189.267-**";"PEDRO HENRIQUE GERWING OLIVA"
3163;"***.244.850-**";"ALEX SANDRO SANTOS GARCIA"
3164;"***.375.692-**";"EDUARDO SOUZA BRANDAO MUNIZ"
3165;"***.964.433-**";"JOSE DE ARIMATEA MAGALHAES"
3166;"***.696.937-**";"MARIA AUGUSTA MINGUTA DE OLIVEIRA"
3167;"***.726.453-**";"DAVI CHAVES SILVA"
3168;"***.765.643-**";"ARTHUR ZANCHETTA DE FIGUEIREDO"
3169;"***.181.929-**";"JESSICA QUINATTO"
3170;"***.334.320-**";"MOACIR MATOS SERPA"
3171;"***.034.417-**";"LUCAS ROBERTO DA SILVA"
3172;"***.310.329-**";"WELINGTON ALVES NUNES"
3173;"***.383.033-**";"JOAQUIM FERRAZ DOS SANTOS FILHO"
3174;"***.993.994-**";"PEDRO VITOR ARAUJO XAVIER"
3175;"***.626.199-**";"CIRO ALBERTO MACHADO"
3176;"***.115.657-**";"PLINIO JOSE MOREIRA DA SILVA"
3177;"***.190.682-**";"MARCOS EDUARDO ALMEIDA PEREIRA"
3178;"***.221.384-**";"HILIO MAX CARDOSO DE ARAUJO"
3179;"***.574.118-**";"LUCAS CONDE VIEIRA DOS SANTOS"
3180;"***.341.833-**";"WILLIAN MARINHO DOS SANTOS"
3181;"***.141.957-**";"IGOR LUIZ MENEZES DE ARAUJO"
3182;"***.997.250-**";"MALAQUIAS MARTINI STEDILE"
3183;"***.634.816-**";"ZIGLER VINICIUS DA ROCHA COSTA"
3184;"***.289.307-**";"ANDERSON DE ASSIS ORNELAS"
3185;"***.611.439-**";"ERIC MATEUS ALMEIDA DA CUNHA"
3186;"***.803.596-**";"DANIEL FERNANDES BRITO"
3187;"***.584.460-**";"FELIPE DA SILVA BARROS"
3188;"***.079.502-**";"MONIQUE ABINADER FRANCO"
3189;"***.147.334-**";"LUCAS ARAUJO CORREIA LIMA"
3190;"***.032.652-**";"JEFFERSON DA SILVA RIBEIRO"
3191;"***.948.634-**";"RODRIGO DE SOUZA FARIAS"
3192;"***.675.150-**";"MARCELO MARTINS D AVILA"
3193;"***.165.250-**";"LUIS HENRIQUE DA SILVA PEREIRA"
3194;"***.003.637-**";"MARCELO DE MELLO RIBEIRO JUNIOR"
3195;"***.608.768-**";"BRUNO ALESSI DE CASTRO"
3196;"***.736.007-**";"THIAGO SILVA DIAMANTINO"
3197;"***.994.727-**";"ANDRE MORAES MATTOZINHO"
3198;"***.402.027-**";"CLAUDIO FELIPE MOURA DA SILVA SANTOS"
3199;"***.731.633-**";"JOSE EVANGELISTA RIBEIRO JUNIOR"
3200;"***.821.966-**";"LEANDRO ARAUJO DA SILVA"
3201;"***.724.568-**";"CAIO ROSCHEL LUCIANO DE SOUZA"
3202;"***.962.074-**";"SAULO MAGALHAES DE CARVALHO VILA NOVA"
3203;"***.808.646-**";"HELDER CAMARGO PORTEIRO"
3204;"***.700.426-**";"ISAQUE COSTA PEREIRA"
3205;"***.700.437-**";"THIAGO ANTONIO DE OLIVEIRA COUTO"
3206;"***.118.482-**";"SERGIO FURTADO PEREIRA"
3207;"***.199.138-**";"VICTOR FERREIRA MARCELO"
3208;"***.049.115-**";"TIAGO SANTOS DE SOUSA"
3209;"***.542.701-**";"FERNANDO MARCOS DA SILVA"
3210;"***.190.167-**";"JEAN RICARDO SOUZA CRUZ"
3211;"***.024.160-**";"OSMAR ARCHANJO SOARES JUNIOR"
3212;"***.722.997-**";"ANTONIO CARLOS PIMENTA DOS SANTOS"
3213;"***.566.477-**";"GABRIEL FREIRE SANTOS BARROS"
3214;"***.533.362-**";"RODRIGO ARAUJO DE MELO"
3215;"***.496.437-**";"PEDRO PAULO GAMBARRA JUNIOR"
3216;"***.135.800-**";"MURILO DA SILVEIRA GUERRA"
3217;"***.534.506-**";"LEONARDO BRUNELLI DA SILVA"
3218;"***.899.286-**";"PEDRO LUCAS DE ARAUJO OLIVEIRA"
3219;"***.060.628-**";"ANDRE CARELLI SHERVIS"
3220;"***.400.333-**";"FRANCISCO WALKYNALDO AZEVEDO VIEIRA"
3221;"***.355.148-**";"CRISTIANE AKEMI UEHARA"
3222;"***.270.972-**";"MARCUS VINICIUS OLIVEIRA BRAGA"
3223;"***.847.302-**";"LUAN GOUVEA ALVES ESTACIO"
3224;"***.521.772-**";"RUTH RAFAELA DA SILVA HOLANDA"
3225;"***.290.251-**";"WESLEY BATISTA AKAHOSHI"
3226;"***.157.866-**";"ALTAIR ALVES DA SILVA"
3227;"***.124.136-**";"DANIEL FERNANDES AFONSO"
3228;"***.157.116-**";"GUILHERME COSTA CIPRIANI"
3229;"***.978.924-**";"MARIA DO CARMO MAIA DIAS FERNANDES"
3230;"***.447.956-**";"BILIANE CONCEICAO DOS SANTOS COSTA"
3231;"***.610.656-**";"CLEITON RODRIGUES DE OLIVEIRA MARTINS"
3232;"***.762.569-**";"ALESSANDRO BECKER"
3233;"***.716.240-**";"GILMAR DE OLIVEIRA VELOSO"
3234;"***.305.706-**";"ROBERT LUIZ GOMES"
3235;"***.644.864-**";"CHRISTIAN DI SALVO"
3236;"***.180.718-**";"JOAO PAULO NUNES DA SILVA"
3237;"***.924.048-**";"HILARIO PAES DE ALMEIDA"
3238;"***.767.748-**";"CAMILA ZAZINI BENEDITO"
3239;"***.139.941-**";"FERNANDA ASSIS DE OLIVEIRA NASCIMENTO"
3240;"***.435.083-**";"FRANCISCO EDIMAR FURTADO MELO"
3241;"***.790.926-**";"MATEUS BASTOS LOPES"
3242;"***.509.340-**";"CLANDIO SOARES BANDEIRA JUNIOR"
3243;"***.585.270-**";"ANTONIO LUIS RAMOS LOPES"
3244;"***.129.247-**";"IZAQUE JERONIMO COSTA JUNIOR"
3245;"***.769.637-**";"UBIRATAN ALVES DA SILVA"
3246;"***.239.637-**";"LUIZ FELIPE BRANDAO OSORIO"
3247;"***.658.267-**";"ALDEN PERES DE OLIVEIRA DA SILVA"
3248;"***.834.689-**";"LUCIANE AGNOLETTI DOS SANTOS PEDOTTI"
3249;"***.333.909-**";"ROMILDO ALVES DOS PRAZERES"
3250;"***.047.721-**";"PEDRO JUSTINO ALVES JUNIOR"
3251;"***.247.211-**";"KLAUSS FICHER SOUZA"
3252;"***.200.132-**";"RODRIGO GROTTI NASCIMENTO"
3253;"***.723.920-**";"LAURA VIVIANE DE SOUZA PEREIRA LOPES"
3254;"***.724.139-**";"MARIO LUIZ FERREIRA DO NASCIMENTO"
3255;"***.444.039-**";"JOSE MARIA ANDRADE"
3256;"***.367.549-**";"TARIK DEQUECH CARDOSO"
3257;"***.498.741-**";"JAILDO ALVES DE ALMEIDA"
3258;"***.286.919-**";"MARCELO LUIZ AGUIAR"
3259;"***.328.841-**";"BRENON DE ARRUDA FARIAS"
3260;"***.788.522-**";"OSMAR NILO DE JESUS LIMA BEZERRA NETO"
3261;"***.090.782-**";"ARNALDO CARDOSO DE FREITAS FILHO"
3262;"***.947.839-**";"MARICY APARECIDA DE SOUZA"
3263;"***.393.675-**";"FRANCISCO CHAGAS DOS SANTOS"
3264;"***.970.931-**";"MESSIAS CARVALHO DA SILVA"
3265;"***.560.548-**";"PRISCILA MELO FERNANDES"
3266;"***.771.304-**";"ODORICO PORFIRIO DE LIMA JUNIOR"
3267;"***.367.426-**";"HAROLDO GUIMARAES MONTEIRO DE CASTRO"
3268;"***.075.148-**";"MARCO GIOVANNI CLEMENTE CONDE"
3269;"***.491.831-**";"WILLY HAUFFE NETO"
3270;"***.748.656-**";"LUIZ ALEXANDRE RIBEIRO VERCOSA"
3271;"***.079.451-**";"CLAUDIO AUGUSTO CUNHA NASCIMENTO"
3272;"***.748.394-**";"ANDRE ASFORA RABELO"
3273;"***.031.064-**";"EDUARDO OSORIO DE CERQUEIRA"
3274;"***.940.134-**";"CARLOS CESAR PEREIRA DE MELO"
3275;"***.437.382-**";"MICHELLY SANTOS DE SA"
3276;"***.896.431-**";"JEFERSON APARECIDO AFONSO"
3277;"***.000.020-**";"ANA CAROLINA SCHWANKE"
3278;"***.108.673-**";"MAYKELLANE SILVA SANTOS"
3279;"***.064.767-**";"RODOLFO LESSA RIBEIRO"
3280;"***.955.959-**";"VINICIUS ALENCAR MORETTO"
3281;"***.637.557-**";"CRISTIANE DA SILVA RIBEIRO"
3282;"***.009.477-**";"FERNANDO ROMANO DA SILVA"
3283;"***.612.007-**";"LUCIANO BORGES DA SILVA"
3284;"***.692.017-**";"JULIO CESAR ARAUJO DE CARVALHO"
3285;"***.239.911-**";"CLAUDINEY RAMOS DA SILVA"
3286;"***.127.498-**";"RONALDO AZEVEDO PATRICIO"
3287;"***.548.949-**";"DARLAN DE SOUZA MARIA"
3288;"***.783.268-**";"PETTERSON GENTIL DE AQUINO SILVA"
3289;"***.850.695-**";"DANILO SANTOS ALMEIDA"
3290;"***.070.840-**";"ANDRE LUIS PEREIRA DUARTE"
3291;"***.100.279-**";"KATIA REGINA VIEIRA DIAS"
3292;"***.975.805-**";"MARIANA REBELLO PEREIRA"
3293;"***.854.186-**";"FABRICIO DA COSTA FERREIRA"
3294;"***.083.004-**";"CARLOS ROBERTO SA BARRETO BARROS FILHO"
3295;"***.364.941-**";"HUGO MARTINS MELO"
3296;"***.019.337-**";"IRAMAYA SEPULCRI SALAROLI"
3297;"***.563.382-**";"FERNANDO COELHO DE BARROS"
3298;"***.552.377-**";"ADRIANA MENDES DINIZ"
3299;"***.813.635-**";"MARCUS VINICIUS CRUZ SANTOS"
3300;"***.079.992-**";"ALISSON AUGUSTO SILVA DE ALMEIDA"
3301;"***.969.445-**";"GEOCASSIA DE OLIVEIRA SANTANA"
3302;"***.900.890-**";"JOCELITO ZANATTA"
3303;"***.698.292-**";"ANTONIO EUCIR SOUZA BEZERRA"
3304;"***.321.622-**";"EVERALDO ROBERTO PAIVA DE OLIVEIRA"
3305;"***.773.102-**";"JOSE MARIA ALVES BEZERRA"
3306;"***.652.301-**";"EDIVAN CARLOS DA SILVA"
3307;"***.361.502-**";"HILTON DE PAULA CORDEIRO"
3308;"***.602.036-**";"JOSE OLINTO COSTA"
3309;"***.294.972-**";"DARIO MENEZES DE AGUIAR"
3310;"***.095.566-**";"PEDRO AUGUSTO DA SILVA FILHO"
3311;"***.460.104-**";"WALTER DOS SANTOS SILVA"
3312;"***.823.851-**";"EUCLIDES PEREIRA DA SILVA FILHO"
3313;"***.454.057-**";"FERNANDA DA ROCHA LEITE DE MORAES"
3314;"***.793.551-**";"THADEU DELUQUE COSTA PEREIRA"
3315;"***.014.886-**";"ROGERIO OLIVEIRA SOUZA"
3316;"***.086.966-**";"ALEXANDRE DAVID DANTAS"
3317;"***.789.471-**";"JOSE GERALDO DA SILVA"
3318;"***.198.612-**";"FLAVIA GALUCIO PINTO"
3319;"***.453.957-**";"LAURO HENRIQUE DE PAIVA JR"
3320;"***.926.165-**";"OSMAR BARRETO BORGES"
3321;"***.839.998-**";"RAFAEL FERREIRA COSTA"
3322;"***.700.661-**";"EVERTON BATISTA REZENDE"
3323;"***.637.080-**";"NATALIA BESSEGA"
3324;"***.239.340-**";"FRANCISCO JORGE BOFILL FILHO"
3325;"***.360.430-**";"HENRIQUE POSSEBON SAUER"
3326;"***.368.614-**";"TELMA OLIVEIRA MEDEIROS"
3327;"***.761.435-**";"MARCELO ANISIO LADEIA SILVA"
3328;"***.249.685-**";"VITOR ALVES FERREIRA"
3329;"***.730.912-**";"MARIO PICANCO FLEXA"
3330;"***.692.123-**";"RENAN DE OLIVEIRA ALBUQUERQUE"
3331;"***.415.142-**";"BARBARA PADILHA MARTINS"
3332;"***.790.089-**";"SEBASTIAO APARECIDO DE AZEVEDO"
3333;"***.650.521-**";"JEDIELSO SALES DE SOUZA"
3334;"***.880.957-**";"THIAGO BADIA PICCININI"
3335;"***.893.454-**";"TEMISTOCLES BARROS DA ROCHA"
3336;"***.978.464-**";"JOAO MARIA DE GOIS JUNIOR"
3337;"***.022.081-**";"ANGELA BRITO ANES"
3338;"***.196.498-**";"FERNANDO AFONSO GOMES DOS SANTOS"
3339;"***.409.958-**";"FELIPE FANTACUSSI DE OLIVEIRA"
3340;"***.225.578-**";"DEISE SALLES GARCIA"
3341;"***.612.748-**";"ELPIDIO BELO DE SOUZA"
3342;"***.092.218-**";"GERALDO JUNIOR CARNEIRO"
3343;"***.034.568-**";"CRISTINE VIEIRA DE MORAIS MARTINS FONTES MELO"
3344;"***.303.816-**";"PATRICK JULIAN VERSIANE REZENDE"
3345;"***.975.206-**";"GILBERTO ARANTES JUNQUEIRA"
3346;"***.415.386-**";"FABIANE FAGUNDES DA SILVA"
3347;"***.193.581-**";"BRUNO BEIRAL RIBEIRO"
3348;"***.795.475-**";"JORGE AUGUSTO LIMA PIRES"
3349;"***.496.205-**";"RUAN CARLOS ARAUJO DE OLIVEIRA"
3350;"***.518.702-**";"GABRIEL FREITAS DAMASCENO"
3351;"***.656.203-**";"ROLDAO ALVES DE MOURA"
3352;"***.008.667-**";"LEONARDO OLIVEIRA DE BRITO"
3353;"***.142.337-**";"DARITA MADURO"
3354;"***.511.358-**";"WAGNER NATALICIO CAETANO"
3355;"***.975.442-**";"MARIA JOCILENE DE SOUZA ROGERIO"
3356;"***.978.072-**";"JOSE MARIA DE SOUSA TRINDADE"
3357;"***.427.280-**";"JULIO CEZAR PERTILE LEAL"
3358;"***.658.430-**";"ROGERIO NEVES FAGUNDES"
3359;"***.735.897-**";"RODOLPHO RODRIGUES SILVA"
3360;"***.163.641-**";"CARLOS JESUS DOS SANTOS"
3361;"***.262.328-**";"CARLOS AUGUSTO PISSUTTI"
3362;"***.034.927-**";"ROBERTO CARLOS ZUCCON"
3363;"***.779.918-**";"ROSANGELA MARIA ALVES"
3364;"***.327.251-**";"FERNANDO ANDRADE MARTINS DE ARAUJO"
3365;"***.476.401-**";"MARCO ANTONIO DE OLIVEIRA SANTOS"
3366;"***.292.901-**";"CARLOS JUAREZ SANTANA"
3367;"***.245.712-**";"ALAN PANTOJA BRAGA"
3368;"***.586.861-**";"DALCI DE JESUS BAGOLIN"
3369;"***.136.315-**";"LUIS MARIO DE FREITAS"
3370;"***.340.423-**";"SHIRLEY MARIA DA SILVA MAPURUNGA"
3371;"***.812.602-**";"LUIZ CLAUDIO SOUSA"
3372;"***.801.292-**";"RUBENS CLAUDIO VELASCO DE ALMEIDA"
3373;"***.132.382-**";"JORGE RIBEIRO DOS REIS"
3374;"***.028.014-**";"ANTONIO RODRIGUES DE LIMA"
3375;"***.331.949-**";"DIRCEU MARCZYNSKI"
3376;"***.516.850-**";"GERMANO DREWS"
3377;"***.815.541-**";"SEBASTIAO FLORES DA CUNHA"
3378;"***.476.986-**";"MARIA OLIVIA CORDEIRO CINTRA"
3379;"***.712.134-**";"KARINA FERREIRA DOS SANTOS CARVALHO"
3380;"***.694.657-**";"LUCIANO LOMEU DE AVELAR"
3381;"***.341.997-**";"CLAUDIO DE AZEVEDO LIMA"
3382;"***.408.440-**";"ROBERTO GUILHERME DOS SANTOS ALVES"
3383;"***.424.707-**";"RAFAEL OLIVEIRA CAVALCANTI DE HOLANDA"
3384;"***.999.207-**";"ELCIMAR GOMES DE LIMA"
3385;"***.857.952-**";"MARCELO DOS SANTOS MAIA"
3386;"***.584.876-**";"LIDIA DA SILVA GERWING"
3387;"***.205.127-**";"FABIO SILVA LOPES"
3388;"***.478.217-**";"FELIPE LOBAO DA COSTA"
3389;"***.059.817-**";"ALEXANDRE DE ARAUJO"
3390;"***.543.762-**";"MATHEUS RIBEIRO SOARES"
3391;"***.045.580-**";"MATHEUS DOS SANTOS CUPERTINO"
3392;"***.169.580-**";"CARLOS EDUARDO FIGUEIREDO CAMARGO"
3393;"***.083.352-**";"RENAN PAULO SANTANA DE SOUSA"
3394;"***.388.457-**";"GREGORY DA SILVA RIBEIRO"
3395;"***.989.709-**";"FELIPE DREHER"
3396;"***.537.187-**";"ILGNER SOUSA DA SILVA"
3397;"***.915.361-**";"FELIPE MATOS VIANA"
3398;"***.901.797-**";"JAYME DA SILVA NETO"
3399;"***.424.785-**";"DIEGO AZEVEDO FERNANDES DE SOUSA"
3400;"***.247.451-**";"ALEXANDRE MARTINS DUARTE"
3401;"***.022.827-**";"NATANAEL PORTO DOS SANTOS"
3402;"***.873.024-**";"JARDEL ADRIANO DE AZEVEDO SANTOS"
3403;"***.057.408-**";"EDUARDO SOUZA DA CONCEICAO"
3404;"***.148.389-**";"CARLOS ADRIANO LONGO BUENO"
3405;"***.153.556-**";"MARCO ANTONIO MEDEIROS ROSA"
3406;"***.532.900-**";"DIEGO GOMES TEIXEIRA"
3407;"***.383.598-**";"PEDRO HENRIQUE SILVA CESTARIOLI"
3408;"***.398.020-**";"NICOLAS MIRANDA SKOWRONSKI"
3409;"***.699.166-**";"MATEUS CARDOSO CYPRIANO"
3410;"***.026.914-**";"MAURILIO VIEIRA BARBOSA"
3411;"***.361.555-**";"HEIDY PEREIRA BARBOSA"
3412;"***.787.940-**";"JEAN PALMEIRA CAMPOS FRAGA"
3413;"***.250.630-**";"SILIANO FRANCISCO FORNECK DA COSTA"
3414;"***.364.947-**";"CAIO FELIPE DE SOUZA COSTA"
3415;"***.535.458-**";"MATHEUS CARVALHO ABRAHAO"
3416;"***.110.000-**";"CLANDIO DE MATOS MARQUES"
3417;"***.205.262-**";"RAFAEL HENRIQUE RODRIGUES DE SOUZA"
3418;"***.318.030-**";"RENAN HENRIQUE DUARTE FERREIRA"
3419;"***.517.477-**";"ALEXANDRE CORREA DE ALMEIDA"
3420;"***.181.137-**";"RENNAN BRASIL DE MELO BRITO"
3421;"***.125.968-**";"RAFAEL APARECIDO LUDOLF"
3422;"***.288.477-**";"EDGAR NUNES COLONIA"
3423;"***.907.928-**";"VITO DE DONATO DUARTE PEREIRA"
3424;"***.321.568-**";"BRUNO GONCALVES DE OLIVEIRA"
3425;"***.266.157-**";"AMERICO GOMES DE SIQUEIRA CAMPOS"
3426;"***.049.103-**";"OBERDAN COSTA MORAES"
3427;"***.246.716-**";"CHRISTEN ALEXANDER NASCIMENTO"
3428;"***.347.460-**";"LUAN FERREIRA DE FREITAS ROCHA"
3429;"***.622.819-**";"FELIPE AUGUSTO FURLAN"
3430;"***.685.698-**";"JOAO ROBERTO ABREU DE SOUZA"
3431;"***.110.726-**";"GILSON DE OLIVEIRA AQUINO"
3432;"***.510.891-**";"MAGNO RAMOS DA SILVA"
3433;"***.737.629-**";"LUIZ FELIPE HAISI"
3434;"***.098.167-**";"RANDSON DE SOUZA PINHEIRO"
3435;"***.971.942-**";"CLEMILTON OSSAME DE LIMA"
3436;"***.858.574-**";"EDNALDO ALVES DOS SANTOS JUNIOR"
3437;"***.042.854-**";"JOSE EXPEDITO DE LIMA LUDUGERIO FILHO"
3438;"***.963.483-**";"CHARLLES DE FREITAS MOREIRA"
3439;"***.283.018-**";"FLAVIO MASSAO SAKAI"
3440;"***.022.555-**";"LINDOMAR ZACARIAS DA SILVA"
3441;"***.153.646-**";"MARCOS DE MATTOS RODRIGUES"
3442;"***.604.030-**";"LUCAS OLIVEIRA SANFELICE"
3443;"***.048.159-**";"ANDRE LUCAS SILVA REIS"
3444;"***.323.343-**";"JOAO HERBES DA SILVA SAMPAIO"
3445;"***.519.961-**";"EMILIO DA CUNHA GOMES"
3446;"***.177.301-**";"VALTEBRAR ANTUNES FIGUEIREDO JUNIOR"
3447;"***.611.683-**";"OSMARILDO DE SOUZA"
3448;"***.498.461-**";"VINICIUS SANTOS BOTELHO"
3449;"***.392.977-**";"ANDRE LUIZ DOS SANTOS COSTA"
3450;"***.178.066-**";"MARCOS FERNANDO DOS SANTOS"
3451;"***.833.086-**";"VANIA APARECIDA DE PAULA BARROS E PAULA"
3452;"***.995.251-**";"FERNANDO HENRIQUE VIEIRA LACERDA"
3453;"***.099.804-**";"MONICA MARIA OLIVEIRA DA SILVA"
3454;"***.708.734-**";"EDNA CORREA DE OLIVEIRA"
3455;"***.806.300-**";"FERNANDA CRISTINA POSSAMAI ROSSATTO"
3456;"***.628.570-**";"MIRIAN RIBEIRO GALVAO MACHADO"
3457;"***.046.888-**";"ADEMIR PADILHA ARRUDA JUNIOR"
3458;"***.312.910-**";"JOAO TIMOTEO DE LOS SANTOS"
3459;"***.464.300-**";"DIOGO LARRI SPENCER ALVES"
3460;"***.916.729-**";"ADENILSON TRINDADE"
3461;"***.455.064-**";"JACKSON FURTUOSO DA SILVA"
3462;"***.832.448-**";"JEAN LOUIS RABELO DE MORAIS"
3463;"***.929.933-**";"RAFAELLA OLIVEIRA DA SILVA"
3464;"***.760.414-**";"JASSIO PEREIRA DE MEDEIROS"
3465;"***.734.974-**";"JOSE ALVARO DE PAIVA"
3466;"***.282.781-**";"JUSSARA CARDOSO SILVA FREITAS"
3467;"***.626.235-**";"IRACEMA SANTOS VELOSO"
3468;"***.004.757-**";"ALEXANDRE FAGUNDES DE LIMA"
3469;"***.172.596-**";"THIAGO DE ALMEIDA PRADO"
3470;"***.435.646-**";"SILVILENE GIOVANE MARTINS PEREIRA"
3471;"***.001.467-**";"MARIA CRISTINA GRACA DA SILVA"
3472;"***.023.757-**";"MERICE SANTIAGO SILVA"
3473;"***.379.467-**";"ANTONIO RUDIO CERQUEIRA DO NASCIMENTO"
3474;"***.471.227-**";"CAMILA ARLOTTA"
3475;"***.255.871-**";"VALERIA RAQUEL PEREIRA MARTIRENA"
3476;"***.404.311-**";"FABRICIO VIEIRA ROCHA"
3477;"***.011.281-**";"RENAN RIOS TRINDADE"
3478;"***.613.011-**";"WALTER PEREIRA DE OLIVEIRA JUNIOR"
3479;"***.637.648-**";"ANTONIO CARLOS SOARES"
3480;"***.017.074-**";"SHACKLETON EMANUEL ARAUJO ELISEU"
3481;"***.003.252-**";"DILMA ELEUTERIO FRANCA"
3482;"***.826.702-**";"RONELSON DA SILVA CASTRO"
3483;"***.200.502-**";"ELAINNE CRISTYNE DA SILVA GOMES"
3484;"***.002.882-**";"EUGENIO CARLOS ALBUQUERQUE DEL CASTILO"
3485;"***.280.639-**";"LAIZ GHIORZI VARELA JORGE"
3486;"***.111.809-**";"KLEBER OLIVEIRA FONSECA"
3487;"***.665.439-**";"CLEISE MARA BITTENCOURT"
3488;"***.898.107-**";"ROBERTO LUIZ FELIX RAMOS"
3489;"***.682.223-**";"DAVID CUTRIM ARAGAO JUNIOR"
3490;"***.677.218-**";"ALEXANDRE GONTSCHAROW"
3491;"***.629.132-**";"JOSE CLINIO TIMOTEO CORREIA"
3492;"***.002.392-**";"YASMIN BRUNO CUEVO"
3493;"***.932.892-**";"DALVIMARA FERNANDES PEREIRA"
3494;"***.366.192-**";"SIDNEY DO AMARAL FREITAS"
3495;"***.132.252-**";"TANIA REGINA ALMEIDA GUIMARAES BRITO"
3496;"***.378.576-**";"CLARICE ALVES DE OLIVEIRA"
3497;"***.478.832-**";"FERNANDO EVANGELISTA RODRIGUES VILHENA"
3498;"***.700.501-**";"RUBEM ACCIOLY PIRES"
3499;"***.609.445-**";"FABIANO RAMOS CARDOSO"
3500;"***.253.524-**";"MARIO CESAR LOPES JUNIOR"
3501;"***.066.495-**";"JOAO CARLOS LUZ FREIRE"
3502;"***.812.757-**";"RAIMUNDO NONATO DE ARAUJO JUNIOR"
3503;"***.604.233-**";"EUFRASIO BEZERRA DE SOUSA FILHO"
3504;"***.804.863-**";"RAIMUNDO NICOMEDES DOS REIS SILVA"
3505;"***.397.049-**";"GABRIEL LUNARDELLI AYROSO"
3506;"***.071.966-**";"ANTONIO AUGUSTO RODRIGUES DIAS"
3507;"***.843.596-**";"FLAVIO LOURES DE BARROS"
3508;"***.624.074-**";"IVO JOSE DE BRITO"
3509;"***.259.472-**";"CARLOS ALBERTO RODRIGUES DE BRITO JUNIOR"
3510;"***.652.379-**";"MAYCON DE OLIVEIRA VEIT"
3511;"***.404.988-**";"DENISE RODRIGUES SENA"
3512;"***.842.603-**";"ERIC COLLYER DE AGUIAR"
3513;"***.815.801-**";"NELIO DE BASTOS MORAIS"
3514;"***.223.450-**";"CARMEN LUCIA BAIRROS DOS SANTOS"
3515;"***.921.734-**";"ANTONIO DE CARVALHO SA"
3516;"***.217.466-**";"RICARDO DE ALENCAR SILVA"
3517;"***.886.600-**";"RAQUEL BARROS BINOTTO"
3518;"***.903.600-**";"CEZAR AUGUSTO PETERSEN"
3519;"***.287.110-**";"LAVITOR BENVENUTTI"
3520;"***.331.109-**";"GEOVANI DE COSTA"
3521;"***.519.812-**";"PAULO RODRIGUES DOS SANTOS"
3522;"***.377.504-**";"LUIZ EVANGELISTA DOS SANTOS"
3523;"***.012.565-**";"EDELZUITA DE ARAUJO SANTOS"
3524;"***.906.946-**";"DELCIO AUGUSTO SANTOS"
3525;"***.000.716-**";"CESAR MARTINS BISSOLOTTI"
3526;"***.441.974-**";"ANDRESSA GONDIN TORRES"
3527;"***.227.057-**";"ESDRAS RAMOS DA SILVA"
3528;"***.881.260-**";"ROBSON TRIBOLI DOS SANTOS"
3529;"***.325.842-**";"DANIEL DE SA BARBOSA"
3530;"***.536.111-**";"JOAO ROBERTO MELO DOS SANTOS"
3531;"***.767.764-**";"LUIZ OTAVIO DE ARAUJO CORREA"
3532;"***.947.512-**";"MARCELO SILVA DE CARVALHO"
3533;"***.082.301-**";"ALEXANDRE DA SILVEIRA BARBOSA"
3534;"***.942.208-**";"MAURICIO MARCON REBELO DA SILVA"
3535;"***.572.430-**";"RICARDO CASTELLI VIEIRA"
3536;"***.300.701-**";"CECILIA BAPTISTOTTE"
3537;"***.579.108-**";"LEONARDO TEOFILO DA SILVA CANDIDO"
3538;"***.415.038-**";"LUIS CARLOS ANDREATTA"
3539;"***.547.277-**";"NEWTON MALTA DE SOUZA MARQUES"
3540;"***.840.301-**";"ELISBETH MENESES DE LEMOS"
3541;"***.959.271-**";"JORGE AIDAR SILVESTRE"
3542;"***.435.511-**";"MARCUS ADRIEL CAIXETA DE ARAUJO"
3543;"***.047.781-**";"EVERTON ALVES TOLEDO"
3544;"***.096.788-**";"EMILIO FLAVIO VIEIRA"
3545;"***.654.630-**";"RODRIGO BALBINOT"
3546;"***.343.510-**";"CAROLINA RETTORE GARBIN"
3547;"***.549.374-**";"VALDEMIR FERREIRA SILVA"
3548;"***.136.174-**";"LEANDRO TALLES DOS SANTOS FEITOZA"
3549;"***.360.008-**";"FELIPE LEONARDO DE ALMEIDA"
3550;"***.159.394-**";"THOMAZIO BERGSON FARIAS CORREIA"
3551;"***.232.704-**";"ALCIDES BRUNO DE OLIVEIRA LOPES"
3552;"***.218.595-**";"MANOEL MESSIAS ALVES"
3553;"***.811.434-**";"LEONARDO SOUZA LEAO LEITE DE SA"
3554;"***.801.115-**";"MARIA JOSE COSTA LEITE DOS SANTOS"
3555;"***.762.785-**";"RONALD BERNARDO SAMPAIO DE OLIVEIRA"
3556;"***.697.015-**";"IVAN JACUIPENSE MASCARENHAS FILHO"
3557;"***.132.615-**";"ANTONIO CARLOS DA SILVA PEREIRA"
3558;"***.883.835-**";"EVERSON COSTA LOPES"
3559;"***.760.995-**";"DERIVAL ALVES RIBEIRO"
3560;"***.237.225-**";"MATEUS RODAMILANS BASTOS"
3561;"***.840.313-**";"SAUL REGIS LIMA ALVES"
3562;"***.015.154-**";"FELIPE BATISTA"
3563;"***.268.402-**";"DENNIS ALBERTO LOPES PEREIRA"
3564;"***.380.402-**";"DIRLEY MENEZES DO NASCIMENTO"
3565;"***.045.702-**";"CARLOS ELEOTERIO DE MORAES"
3566;"***.060.152-**";"FRANCISCO BRAZ DA SILVA PORTELA"
3567;"***.927.563-**";"TAMIRES AMANCIO FERREIRA"
3568;"***.150.973-**";"GISELLA COLARES GOMES"
3569;"***.434.633-**";"ARTHUR PARENTE FROTA"
3570;"***.034.347-**";"EVERTON DE SOUZA BRAUN"
3571;"***.696.257-**";"WANDERLEY ROCHA"
3572;"***.228.697-**";"RAFAEL GOTTARDO MARQUETTI"
3573;"***.770.692-**";"HELIO ARAUJO DOS REIS E SILVA"
3574;"***.710.502-**";"EDILBERTO FIGUEIRA DE CASTRO"
3575;"***.807.918-**";"MARCOS ANTONIO MELO"
3576;"***.682.633-**";"CONCEICAO DE MARIA DA SILVA BORGES LEAL"
3577;"***.716.043-**";"JANIO PONCIANO DE OLIVEIRA"
3578;"***.119.517-**";"JOAO FLAVIO COSTA DOS SANTOS"
3579;"***.260.164-**";"FRANCISCO SINESIO FERREIRA VILACA"
3580;"***.233.076-**";"BIANCA MARQUES BIANCHINI NOGUEIRA"
3581;"***.163.458-**";"AIRTON ROMANINI JUNIOR"
3582;"***.882.748-**";"JORGE LUIZ ANTONIO"
3583;"***.109.918-**";"FABIO CEZAR DE ASSIS"
3584;"***.049.818-**";"CRISTIANE SANTOS"
3585;"***.703.658-**";"LAUDO KIYOHIRO NATSUI"
3586;"***.563.318-**";"LUCAS RIBEIRO DOS SANTOS"
3587;"***.435.428-**";"JOYANE FERREIRA SILVA"
3588;"***.260.178-**";"ELIOENAI WILCESKY TOSINI NEVES"
3589;"***.458.328-**";"RAFAEL BEDOIA ALBUQUERQUE"
3590;"***.405.908-**";"LEANDRO AUGUSTO FEICHTENBERGER"
3591;"***.860.658-**";"GUSTAVO JOSE FERMIANO"
3592;"***.778.421-**";"MARCILIO QUIRINO DE OLIVEIRA FILHO"
3593;"***.354.097-**";"GILBERTO MACHADO DOS SANTOS"
3594;"***.933.476-**";"JULIA GROSSI FERREIRA"
3595;"***.918.646-**";"HELIO HELENO DE SOUZA"
3596;"***.499.756-**";"PEDRO PAULO GUIMARAES TEIXEIRA"
3597;"***.435.356-**";"DANIELA RIBEIRO RODRIGUES"
3598;"***.926.604-**";"ARTHUR MUNIZ FERNANDES"
3599;"***.723.191-**";"JAIRO CORTES VILLELA"
3600;"***.167.686-**";"SERGIO DE OLIVEIRA SOFIATI"
3601;"***.213.306-**";"ANTONIO JOAO DE SOUZA"
3602;"***.060.268-**";"JOSE OSMAR MENDES DA SILVA"
3603;"***.243.366-**";"JOAO GONCALVES FILHO"
3604;"***.641.026-**";"RAYSSA CARDOSO BONISSATTO"
3605;"***.680.481-**";"LEOCARMO VIEIRA DA SILVA"
3606;"***.329.471-**";"JAIRO SOUZA DA SILVA"
3607;"***.106.281-**";"STEFANO DA SILVA OLIVEIRA"
3608;"***.299.341-**";"WILLIAM FOSCHIERA"
3609;"***.480.001-**";"WANDERLEY SEBASTIAO DA SILVA FRAGA"
3610;"***.553.941-**";"MICAEL ETIENE DE SOUZA"
3611;"***.053.251-**";"GABRIEL SOUTO DE CASTRO COUTINHO"
3612;"***.701.594-**";"RICARDO JORGE DE MELO FORTUNATO"
3613;"***.170.919-**";"GABRIEL WEISS MACIEL"
3614;"***.056.459-**";"ALESSANDRO NEUMANN"
3615;"***.358.232-**";"MARCELA JANE DA SILVA MOTA DE ALMEIDA"
3616;"***.610.302-**";"LUCENILDE PEREIRA SA"
3617;"***.418.582-**";"RAIMUNDO AUDENOR DA SILVA"
3618;"***.825.070-**";"HENRIQUE MANDAGARA DE SOUZA"
3619;"***.941.615-**";"SIOMAR CARIBE DE OLIVEIRA"
3620;"***.842.638-**";"RAFAEL MOYA FERNANDES LOPES"
3621;"***.438.609-**";"FABIANA CARVALHO DA SILVA"
3622;"***.976.643-**";"FRANCISCO DAS CHAGAS DE JESUS OLIVEIRA LIRA"
3623;"***.319.037-**";"GIL DE MELO COSTA"
3624;"***.495.901-**";"ADRIANO FRANCO BEZERRA"
3625;"***.177.590-**";"EDSON LUIS GARCIA FAGUNDES"
3626;"***.983.922-**";"JANIO SILVA DUO"
3627;"***.986.867-**";"FREDERICO THOMAZ DE AQUINO FRANZOSI"
3628;"***.400.778-**";"ANA MARIA DE ABREU"
3629;"***.541.268-**";"MARIA CECILIA FARIA MARTINS"
3630;"***.682.944-**";"LUCIA DAS DORES SILVA DIAS"
3631;"***.234.896-**";"HELNATA DUARTE CAMPOS"
3632;"***.643.596-**";"ANY EMILIA BRAUN"
3633;"***.855.429-**";"TEREZINHA DE JESUS MAZZA"
3634;"***.975.192-**";"JORQUEAN BRITO NASCIMENTO"
3635;"***.533.322-**";"FERNANDO SERGIO COELHO"
3636;"***.278.923-**";"JOAO FRANCISCO DA ROCHA"
3637;"***.164.854-**";"VALDERES MORAES DE ALMEIDA"
3638;"***.634.027-**";"PRISCILA DA SILVA SOUZA ARANHA"
3639;"***.598.147-**";"OCTACILIO COSTA CARVALHO"
3640;"***.431.331-**";"SERGIO WAGNER GRIPP DA SILVEIRA"
3641;"***.979.735-**";"ANDRESSON NUNES SALMEIRO"
3642;"***.074.767-**";"MIRIAM NECCO RODRIGUES"
3643;"***.050.778-**";"JOAO MARCOS LINO"
3644;"***.702.440-**";"RUDIMAR ULIANA"
3645;"***.088.811-**";"PAULO MENDES FROES"
3646;"***.789.930-**";"VINICIUS MARTINI PEREZ"
3647;"***.776.546-**";"NATANIEL NASCENTES PEREIRA"
3648;"***.577.483-**";"FELIPE DE PAIVA FREITAS"
3649;"***.668.506-**";"FLAVIO DE AVILA GONZAGA"
3650;"***.224.518-**";"LEOPOLDO AUGUSTO DE ALMEIDA LUZ"
3651;"***.827.660-**";"TATIANA GROSSER WOLKMANN EILERT"
3652;"***.076.827-**";"RAQUEL VIEIRA DO NASCIMENTO BARCELLOS"
3653;"***.856.990-**";"REGIS LUIZ SANTOS DOS SANTOS"
3654;"***.350.166-**";"LIVIA MARIA VIOL"
3655;"***.511.588-**";"CAIO FABIO DE CASTRO SANTOS"
3656;"***.182.938-**";"ALAN DE OLIVEIRA RODRIGUES"
3657;"***.938.317-**";"PRISCILLA BARBOSA DA SILVA"
3658;"***.213.057-**";"BRUNO LEONARDO CARDOSO DOS SANTOS MENDONCA"
3659;"***.335.173-**";"DANIEL BRANDAO CANDIDO"
3660;"***.600.796-**";"DANIEL DE OLIVEIRA MIRANDA"
3661;"***.911.558-**";"ALBERT STENIO SANTOS GIUNCHETTI"
3662;"***.604.267-**";"SHERRYNGTON DE AZEVEDO SURET GUIMARAES"
3663;"***.495.359-**";"GIULIANO DE OLIVEIRA BUCKOSKI"
3664;"***.747.011-**";"DIEFERSON DOS SANTOS BARRETO"
3665;"***.197.740-**";"PIETRO MACHADO CANTO GOMEZ"
3666;"***.667.750-**";"GUILHERME SEIXAS NASCIMENTO"
3667;"***.896.116-**";"EVALDO DA SILVA EDUARDO"
3668;"***.540.810-**";"GUILHERME AROCHA BRAGA"
3669;"***.478.360-**";"ERICK STEINHORST"
3670;"***.186.717-**";"CAETANO DE ALMEIDA SANTOS"
3671;"***.123.477-**";"GUILHERME HENRIQUE MOTTA RIBAS"
3672;"***.905.501-**";"DIVINO BEZERRA DA SILVA"
3673;"***.424.386-**";"JUAN MARQUES ROCHA"
3674;"***.893.011-**";"FELIPE FRANCISCO DOS SANTOS GOMES"
3675;"***.227.673-**";"FRANCISCO DANILO ALBUQUERQUE DA CUNHA"
3676;"***.651.047-**";"JONATAS WESLEN PEREIRA DA SILVA"
3677;"***.750.013-**";"DEMETRIUS SILVA DE CASTRO LIMA"
3678;"***.380.973-**";"PEDRO IGOR SILVA BATISTA DE BARROS"
3679;"***.161.409-**";"ARTHUR PROENCA FILIETAZ"
3680;"***.909.823-**";"GUILHERME BARBOSA VIEIRA"
3681;"***.886.744-**";"ITALO LINS DE MELO"
3682;"***.191.234-**";"VITOR SODRE PEREIRA"
3683;"***.225.244-**";"LAMEC MELO DE OLIVEIRA FILHO"
3684;"***.940.305-**";"GABRIEL BARBOSA DE OLIVEIRA"
3685;"***.079.260-**";"PEDRO PEREIRA COSTA"
3686;"***.820.130-**";"GUSTAVO HENRIQUE NAZARI"
3687;"***.780.700-**";"JOSE VITOR DE OLIVEIRA"
3688;"***.934.377-**";"FELIPE OLIVEIRA STAMACO DE FRANCA"
3689;"***.556.440-**";"IGOR KASPARY TEIXEIRA"
3690;"***.814.830-**";"LUISA LEMOS SILVEIRA"
3691;"***.962.173-**";"WOLKER DA ROCHA VIANA"
3692;"***.778.748-**";"LUCAS ALVES DE PAIVA"
3693;"***.712.976-**";"MARCOS ANTONIO DE MENDONCA"
3694;"***.779.281-**";"GUILHERME ADILSON DE FREITAS"
3695;"***.122.701-**";"VICTOR MARTINS VILLAR"
3696;"***.765.110-**";"JOSE CARLOS BORTOLETTI"
3697;"***.816.500-**";"LUIZ EDUARDO MARTINS SPOTTI"
3698;"***.294.147-**";"ENOCK MARQUES DA COSTA JUNIOR"
3699;"***.099.618-**";"NATANIEL POZZANI"
3700;"***.003.417-**";"LUCAS DELGADO GONCALVES"
3701;"***.162.942-**";"VALTER MELO DIAS"
3702;"***.194.214-**";"LUCAS SILVA CIRIMELE"
3703;"***.012.242-**";"ANTONIO ARLAN OLIVEIRA MAGALHAES"
3704;"***.670.304-**";"BREDLEY LORHAD DE FONTES"
3705;"***.307.012-**";"WESLLEN WILLIAM MELO FERREIRA"
3706;"***.045.742-**";"ANDREY LUIS LOBO DE LIMA"
3707;"***.900.642-**";"MATHEUS BARROS BALIEIRO DA SILVA"
3708;"***.650.780-**";"EDUARDO FOCCHESATTO TENHER"
3709;"***.403.877-**";"WELLINGTON DO ESPIRITO SANTO DAS CHAGAS"
3710;"***.088.197-**";"IGOR LUIS DA SILVA NOVO"
3711;"***.763.826-**";"FREDERICO SILVA FILGUEIRAS"
3712;"***.523.463-**";"ELVIS SARAIVA PEREIRA"
3713;"***.386.817-**";"JONATHAN DE PAULA SILVA"
3714;"***.620.314-**";"ANTONIO CARLOS RAMOS CAMARA SILVA"
3715;"***.297.190-**";"JONATHAN FARINHA FERREIRA"
3716;"***.471.946-**";"WILLIAN RIBEIRO MEIRELLES"
3717;"***.411.370-**";"MARCELO TUPAIBA NUNEZ ALVES"
3718;"***.953.320-**";"MATHEUS ALVES FREITAS"
3719;"***.191.575-**";"LUCAS ALMEIDA CORREIA NEGRAO"
3720;"***.091.811-**";"JOAO VICTOR BANDEIRA SOARES"
3721;"***.183.851-**";"GUILHERME JOSE VEDOVATO NEPOMUCENO"
3722;"***.323.486-**";"KAIQUE DO NASCIMENTO RODRIGUES"
3723;"***.816.121-**";"KARINE ALVES BORGES DE SOUSA"
3724;"***.051.548-**";"FELIPE HANSEN POLESI"
3725;"***.111.927-**";"MICHEL SILVA BARROS"
3726;"***.444.678-**";"JHONATHAN PEDROSO DE CARVALHO"
3727;"***.307.230-**";"MARCIO MOREIRA PEDROSO WILLERS"
3728;"***.346.238-**";"HELBER VINICIUS CAMPOS FERREIRA"
3729;"***.333.302-**";"GLAUCIJANDER MELO DE FREITAS"
3730;"***.028.480-**";"LUCA POWARCZUK WINANDY"
3731;"***.469.325-**";"EDMUNDO SOUZA SANTOS JUNIOR"
3732;"***.566.040-**";"RONALDO FOSTER ALMEIDA"
3733;"***.553.190-**";"CELSO FLORES DOS REIS"
3734;"***.719.156-**";"FRANCISCO DA SILVA MATTOS"
3735;"***.229.147-**";"RICARDO DE PAULA GUIMARAES"
3736;"***.957.027-**";"MARCOS VINICIUS DO NASCIMENTO"
3737;"***.822.853-**";"MAYK FERNANDO ARAUJO NUNES"
3738;"***.748.336-**";"NILTON CARLOS FERREIRA MOURA"
3739;"***.865.010-**";"ROQUE FERNANDO ALVES"
3740;"***.041.907-**";"LUIZ CARLOS GONZAGA DOS SANTOS"
3741;"***.748.477-**";"MARCOS FELIPE AVELINO DA CUNHA"
3742;"***.554.471-**";"THONPSON PABLO VILLA DE CAMARGO"
3743;"***.469.846-**";"LUIZ RENATO DIAS FARIA"
3744;"***.445.602-**";"RENALDO GONZAGA DE ALMEIDA FILHO"
3745;"***.997.757-**";"ALDO TEIXEIRA BIAS"
3746;"***.406.907-**";"ANDERSON RAMOS"
3747;"***.685.752-**";"ANA CLEICE DA COSTA SILVA"
3748;"***.075.981-**";"GIULIANA ZAGO GERALDINO"
3749;"***.274.164-**";"SILVANA BARBOSA LIRA DE ARAUJO"
3750;"***.439.780-**";"SANDRA DOS SANTOS SILVEIRA"
3751;"***.096.102-**";"JAMES SANTOS TEIXEIRA"
3752;"***.278.398-**";"KARINA MARTINS"
3753;"***.871.240-**";"LILIANE CARVALHO BICA POITEVIN"
3754;"***.406.500-**";"ROSA MARIA RAPHAEL"
3755;"***.760.302-**";"EMERSON DE ARAUJO ALVES"
3756;"***.880.986-**";"ROSELAINE FERREIRA RODRIGUES PEREIRA"
3757;"***.058.518-**";"PAULA CRISTIANE CAMPOS"
3758;"***.902.923-**";"EMANUELLE RIBEIRO PESSOA"
3759;"***.298.458-**";"PAULO ANDERSON MARTINS"
3760;"***.990.233-**";"RYAN DOUGLAS BORGES MENDES"
3761;"***.496.223-**";"ISABELLY CAVALCANTE ROGERIO"
3762;"***.195.003-**";"JORGE ANTONIO CARVALHO"
3763;"***.218.602-**";"GENTIL CAETANO FERREIRA"
3764;"***.275.311-**";"VALMIR CESAR DE QUEIROZ"
3765;"***.806.021-**";"ROSEMARY CONCEICAO MEDINA BARBOSA"
3766;"***.389.241-**";"RAMON JOSE RIBEIRO DA FONSECA"
3767;"***.804.823-**";"LARA ELY SENA DA SILVA"
3768;"***.750.394-**";"TERCIO GRACIANO MACHADO"
3769;"***.838.546-**";"NARLA SATHLER MUSSE DE OLIVEIRA"
3770;"***.810.384-**";"ANA JUDITE DE OLIVEIRA MEDEIROS"
3771;"***.878.193-**";"ANNA PAULA LIMA COSTA"
3772;"***.507.493-**";"ENNE KAROL VENANCIO DE SOUSA"
3773;"***.117.384-**";"MARIA LUIZA DE MEDEIROS GALVAO"
3774;"***.877.114-**";"FELIPE SAMPAIO DANTAS DA SILVA"
3775;"***.978.919-**";"PATRICIA PERTILE"
3776;"***.365.851-**";"ROMEL GOMES DE LIMA"
3777;"***.191.546-**";"DANIELE DA SILVA ALTERA"
3778;"***.341.826-**";"KASSANDRO CARDOSO BURMANN"
3779;"***.603.268-**";"FABIANA QUEIROZ"
3780;"***.194.726-**";"LETICIA LINHARES DA SILVA"
3781;"***.826.214-**";"IURY HENRIQUE MONTEIRO MENDONCA"
3782;"***.470.314-**";"CECI FIGUEIREDO DE MOURA SANTIAGO"
3783;"***.405.767-**";"KAREN DA SILVA CUNHA MARIANO"
3784;"***.496.034-**";"ERIKA PAULA SILVA FREITAS DE OLIVEIRA"
3785;"***.663.296-**";"WESLEY ESDRAR SANTIAGO"
3786;"***.423.257-**";"MARIA LUCIA ALMEIDA FERREIRA GOMES"
3787;"***.605.297-**";"LEANDRO SANTOS XIMENES"
3788;"***.568.007-**";"ANA CRISTINA SOUZA DOS SANTOS"
3789;"***.196.887-**";"DOUGLAS SIQUEIRA DE ALMEIDA CHAVES"
3790;"***.381.289-**";"NARA FISCHER BOGO"
3791;"***.624.711-**";"ROBINSON PEREIRA VALADAO"
3792;"***.654.181-**";"VANIA RIBEIRO GOMES"
3793;"***.791.491-**";"SANDRO DA COSTA E CARVALHO FARIA"
3794;"***.257.551-**";"LUANA GAMARRA GUIMARAES"
3795;"***.644.521-**";"NIVALDO MENDES"
3796;"***.213.094-**";"ADILSON TERTULINO DA FONSECA"
3797;"***.174.442-**";"PRISCILA COSTA GUIMARAES"
3798;"***.404.205-**";"JOSE DE CARVALHO ABREU FILHO"
3799;"***.283.921-**";"GILMAR INACIO DA SILVA"
3800;"***.329.934-**";"DJAIR BRITO DE AZEVEDO JUNIOR"
3801;"***.776.201-**";"JOSE OSMAR COELHO LINS"
3802;"***.785.428-**";"DIEGO PINHEIRO DE MENEZES"
3803;"***.304.861-**";"NELMA LUCIA BARROS DE OLIVEIRA"
3804;"***.196.193-**";"MARCOS PEREIRA DA SILVA FILHO"
3805;"***.781.814-**";"JOAO FRANCA DOS SANTOS"
3806;"***.075.169-**";"CRISTINA FUDIHARA MATSUNAGA"
3807;"***.363.439-**";"EDEGAR GARUS"
3808;"***.802.754-**";"GIDEAO GOMES FERREIRA"
3809;"***.737.351-**";"VINICIUS VIEIRA SOARES"
3810;"***.797.766-**";"FABIO SILVA DIAS"
3811;"***.876.341-**";"ALINE CARNEIRO CAMARGO"
3812;"***.620.600-**";"DANIEL JUSTO MADRUGA"
3813;"***.711.399-**";"ALEXANDRE CRISTOVAO MEES"
3814;"***.436.554-**";"FABIO CORDEIRO DA SILVA"
3815;"***.339.006-**";"LUIS EDUARDO BALISA PEREIRA"
3816;"***.613.431-**";"LAURO FERNANDES VIEIRA"
3817;"***.962.725-**";"LUIZ FERNANDO BARBOSA VIEIRA DE OLIVEIRA"
3818;"***.886.538-**";"ALCEIR FRANCISCO GOMES"
3819;"***.724.203-**";"ARTUR FREIRE DE SOUSA REIS"
3820;"***.823.942-**";"AMARILDO JORGE VILHENA DE SOUZA"
3821;"***.722.970-**";"VINICIUS MARCELINO ILHA"
3822;"***.636.279-**";"LUIZ ANTONIO GIARDINO GRAZIANO"
3823;"***.549.414-**";"VICTOR LEONARDO SALES DE MEDEIROS"
3824;"***.271.878-**";"CHRISTIANO HARUKI HIROI BATISTA"
3825;"***.254.197-**";"BRENO SIMAO BOSCAGLIA"
3826;"***.920.297-**";"LEONARDO BRUNO NASCIMENTO"
3827;"***.419.657-**";"LEONEL POLICIANO PRIMO"
3828;"***.309.766-**";"ROBSON DE OLIVEIRA SOUZA"
3829;"***.654.520-**";"ADRIANO CASTRO DA SILVA"
3830;"***.105.129-**";"DANIEL VIEGAS CARDOSO"
3831;"***.997.386-**";"LUCIANO MUNIZ OLIVEIRA"
3832;"***.684.620-**";"ANA THOMAZZI SUSIN"
3833;"***.016.501-**";"WILLIAN FARIAS DUARTE"
3834;"***.375.709-**";"FERNANDO DIAS DA SILVA"
3835;"***.193.711-**";"MARIANA RODRIGUES BOAVISTA LEITE"
3836;"***.329.122-**";"CLAUDIO JOSE MELO DE SOUZA"
3837;"***.834.201-**";"EDELZA TOMIE SANTOS DE MORAIS"
3838;"***.574.933-**";"ROMULO CASTRO FIGUEIREDO"
3839;"***.431.856-**";"RENATO RIBEIRO MENDONCA"
3840;"***.937.102-**";"ROBSON GOMES TOLENTINO"
3841;"***.000.230-**";"MATIAS PACHECO DE OLIVEIRA"
3842;"***.638.625-**";"RAILDO FELISBERTO SANTOS"
3843;"***.213.505-**";"ROBERTO LUCAS SANTOS FREIRE"
3844;"***.245.263-**";"JOSE MARIA MENDES DE OLIVEIRA"
3845;"***.705.859-**";"CARLOS EDUARDO GARCIA DO VALE"
3846;"***.759.951-**";"ELVIS RICHARD PIRES GOULARTE"
3847;"***.720.382-**";"ADRIANA ERIKO DUARTE HIRATA"
3848;"***.073.921-**";"LARISSA MOURA DIEHL"
3849;"***.250.278-**";"PABLO LACAZE DE CAMARGO CASELLA"
3850;"***.232.052-**";"RAQUEL HELLEM TRINDADE FERREIRA"
3851;"***.695.737-**";"PRISCILA MARIA DA COSTA SANTOS"
3852;"***.018.306-**";"LUIS HENRIQUE MOTA DE FREITAS NEVES"
3853;"***.327.297-**";"ELEANDRO BATISTA DE OLIVEIRA"
3854;"***.359.000-**";"RAUL CANDIDO DA TRINDADE PAIXAO COELHO"
3855;"***.109.538-**";"DANIEL DE MIRANDA PINTO DE CASTRO"
3856;"***.819.661-**";"MAURO JOSE MARTINS LELIS"
3857;"***.536.026-**";"CARLOS ALBERTO MONTEIRO DE ALMEIDA"
3858;"***.834.897-**";"ELIAS ANTONIO DOS SANTOS"
3859;"***.396.071-**";"MAURICIO TAVARES ANDRADE"
3860;"***.528.941-**";"FAUSTO FREIRE DE MESQUITA"
3861;"***.068.611-**";"HELDER FREITAS MARTINS DE MELO"
3862;"***.708.611-**";"DANILO BORGES NOGUEIRA"
3863;"***.466.601-**";"FERNANDO GALLINA"
3864;"***.058.220-**";"CLEOVANE SELBACH"
3865;"***.046.580-**";"LEILA CLAUDETE SCHMITZ"
3866;"***.131.040-**";"LUCIANO MACHADO MARINS"
3867;"***.770.997-**";"ANTONIO CARLOS DA MATTA PEIXOTO VIEIRA"
3868;"***.276.900-**";"MIGUEL ANGELO TEIXEIRA MOURA"
3869;"***.846.314-**";"MAYCON RAMOS DE MELO"
3870;"***.021.204-**";"BRUNO LEONARDO TAVARES VASCONCELOS"
3871;"***.887.794-**";"MILENA KELLY DE ARAUJO MACEDO"
3872;"***.674.002-**";"MARIA DE FATIMA PAIVA XAVIER"
3873;"***.796.965-**";"ALEXANDRE DUMAS SOARES DE ALMEIDA"
3874;"***.899.955-**";"ALTINO PEDREIRA MACEDO NETO"
3875;"***.643.305-**";"JANAINA DA SILVA AZEVEDO HAYNE"
3876;"***.402.715-**";"JOAO VITORIO DE SOUZA NETTO"
3877;"***.324.345-**";"SAULO GUIMARAES DA SILVA"
3878;"***.528.695-**";"LUIZ EDUARDO FREIRE DE LIMA OLIVEIRA"
3879;"***.235.902-**";"ADRIANO COSTA DA ROCHA"
3880;"***.740.162-**";"LEONARDO GIOVANNI VERONESE"
3881;"***.551.062-**";"ARGEMIRO NOGUEIRA DO NASCIMENTO NETO"
3882;"***.482.712-**";"JOSE ROBERVAL CALHEIROS GONZAGA"
3883;"***.135.857-**";"MARCOS ANTONIO DE ARAUJO"
3884;"***.870.347-**";"NATASHA TELLES STORNI"
3885;"***.436.243-**";"LUIS FERNANDO FARIAS"
3886;"***.136.573-**";"MARIA LUZENIR UCHOA DINIZ"
3887;"***.667.042-**";"MATEUS MAIA SANTOS"
3888;"***.987.532-**";"SUANNY GOMES GUIMARAES"
3889;"***.416.342-**";"JOSE DANUZIO PINTO POMPEU"
3890;"***.222.849-**";"DELMO DE CARVALHO"
3891;"***.504.809-**";"LUCAS CORTEZ GRESELE"
3892;"***.472.969-**";"MARCOS VINICIUS DA SILVA"
3893;"***.751.519-**";"MARCOS ROBERTO LEITE"
3894;"***.048.859-**";"CLAYTON FERNANDES"
3895;"***.213.407-**";"MARIA BERNADETE DE ALMEIDA SANCHES"
3896;"***.156.944-**";"JOAO EDUARDO GALVAO GUIMARAES"
3897;"***.878.078-**";"NICOLAS RAPHAEL BORGES GONCALVES PENNA"
3898;"***.911.572-**";"LIEZER HERNANDEZ PINO"
3899;"***.489.651-**";"NEREU RIBEIRO SOARES JUNIOR"
3900;"***.456.258-**";"MARIA VIRGINIA TERAN CREMONESI"
3901;"***.638.838-**";"ERIC DANIELE"
3902;"***.419.428-**";"MARCO ANTONIO COCHIOLITO"
3903;"***.392.638-**";"ALESSANDRO AKIRA XAVIER"
3904;"***.230.018-**";"JOSE PAULO BUENO DE SOUZA"
3905;"***.863.918-**";"BRUNO DAL MEDICO HIRSCH"
3906;"***.604.278-**";"ERIC NUSSBAUMER"
3907;"***.081.886-**";"GIOVANI SOARES SILVA"
3908;"***.876.796-**";"EDUARDO SCARQUETTE DE SOUZA"
3909;"***.217.556-**";"JAIRO DE SOUZA PINHEIRO"
3910;"***.892.517-**";"GILBERTO MARINHO GOMES"
3911;"***.876.346-**";"SARA DE ALVARENGA ANDRADE"
3912;"***.643.181-**";"PEDRO VICTOR OLIVEIRA DA SILVA PINTO"
3913;"***.889.771-**";"ADALTRO LEANDRO DALTRO"
3914;"***.976.754-**";"BRUNO SANTOS DA SILVEIRA"
3915;"***.146.784-**";"FRANCISCO EUDES PEREIRA"
3916;"***.068.404-**";"JONATHAN DE MIRANDA LEITE"
3917;"***.402.174-**";"ROSIANE BASTOS PEREIRA DE FRANCA"
3918;"***.291.759-**";"PAULO IVAR PERUZZO FILHO"
3919;"***.003.389-**";"CRISTIANE LAZZARIN STRADA"
3920;"***.298.879-**";"CLEITON FERNANDO REMOR"
3921;"***.716.505-**";"HILTON ALVES BARRETO"
3922;"***.384.685-**";"TONI MARLEI ROCHA DE OLIVEIRA"
3923;"***.737.545-**";"IONE VIEIRA MAIA WANDERLEY"
3924;"***.869.426-**";"JOSUE FERREIRA DA SILVA"
3925;"***.078.273-**";"LADYDAIANA DE SOUZA NOBRE"
3926;"***.694.094-**";"JOSE LUIZ DE SOUZA"
3927;"***.660.507-**";"CLAUDIO SECCHIN"
3928;"***.893.455-**";"PAULO JORGE OLIVEIRA DA CONCEICAO"
3929;"***.182.344-**";"IVAN TEOTONIO RODRIGUES"
3930;"***.499.787-**";"EDUARDO GUIMARAES DA SILVA"
3931;"***.976.111-**";"LEANDRO DE SOUZA MARQUES"
3932;"***.653.191-**";"CLEITON CHAVES FERNANDES"
3933;"***.728.928-**";"DIMAS ALEXANDRE SOLDI"
3934;"***.974.078-**";"SERGIO AMBAR JUNIOR"
3935;"***.207.061-**";"PAULA LABOISSIERE E CUNHA"
3936;"***.220.228-**";"GIOVANE GOMES DA SILVA"
3937;"***.438.036-**";"EDSON LUIZ NASSAR GOUVEA"
3938;"***.934.198-**";"ANA LUCIA PEREIRA"
3939;"***.532.675-**";"HELDER DE ALMEIDA CUNHA"
3940;"***.505.851-**";"LUSETE ARANTES THEODORO ROCHA"
3941;"***.566.292-**";"JOSE LIRA"
3942;"***.207.642-**";"VINICIUS PICANCO LOPES"
3943;"***.076.708-**";"CICERO ESTEVAO DE SOUSA"
3944;"***.755.962-**";"CARLOS ALBERTO MELEM DA SILVA"
3945;"***.511.972-**";"MARCIO ANTONIO PIANI PEREIRA"
3946;"***.013.824-**";"ANTONIO HENRIQUES LIRA MENEZES FILHO"
3947;"***.305.757-**";"ANNA KARINA VIEGAS"
3948;"***.746.502-**";"FRANKEMBERG MELO DA SILVA"
3949;"***.997.662-**";"BRUNO ALAN RIBEIRO PINHO"
3950;"***.482.422-**";"JORGE LUIZ CAMPOS CAMPELO"
3951;"***.880.752-**";"JOSE MARCIO NEVES"
3952;"***.901.820-**";"BRUNA BARROZO DALCIN"
3953;"***.827.797-**";"SUELLEN CRISTINA CHAVES SOUZA"
3954;"***.770.832-**";"DEBORA GOMES NEVES"
3955;"***.644.522-**";"ANTONIO KARDSON DE OLIVEIRA MOLDES"
3956;"***.439.776-**";"RODRIGO FALCI RODRIGUES"
3957;"***.785.979-**";"ANDERSON CESAR MAYER"
3958;"***.468.781-**";"IRANI VAZ"
3959;"***.865.389-**";"ALESSANDRO DA ROSA PAZ"
3960;"***.764.125-**";"IVAN CARVALHO LEITE"
3961;"***.313.075-**";"ITALO CAIAN BRANDAO OLIVEIRA"
3962;"***.943.784-**";"FABIANO TOMAZ DO NASCIMENTO"
3963;"***.851.518-**";"RAUL SOELTL BORGES"
3964;"***.193.402-**";"SUSANNE CARVALHO VIEIRA"
3965;"***.759.288-**";"HICHEM TANNOURI"
3966;"***.805.739-**";"ANDREI CARLOS KOPROWSKI"
3967;"***.623.148-**";"JOAO MARCELO REIS DINIZ"
3968;"***.849.208-**";"RODRIGO LOPES GUIMARAES"
3969;"***.970.729-**";"IRINEU AUGUSTO SCHWABE CARDOZO"
3970;"***.469.178-**";"DANIEL FRANCISCO BET"
3971;"***.546.526-**";"LUCAS HENRIQUE DE SOUZA RAFAEL"
3972;"***.525.757-**";"VINICIUS SILVA ARAUJO"
3973;"***.371.277-**";"LUAN NASCIMENTO GONCALVES"
3974;"***.332.567-**";"FABIO STOFEL LELLES"
3975;"***.698.339-**";"GUILHERME DELA TORRES"
3976;"***.315.077-**";"ANDRE LUIS GOUVEIA NEVES"
3977;"***.033.107-**";"MARCIO HENRIQUE SOUSA DA SILVA"
3978;"***.091.241-**";"TATIANA BORGES SKAF"
3979;"***.193.941-**";"MONALISA ALBERTIM SILVA"
3980;"***.015.425-**";"GUACIRA SILVA FRAGA"
3981;"***.987.803-**";"DANIELE VIEIRA GOMES DA SILVA"
3982;"***.262.309-**";"RAFAEL MARCOS FERNANDES"
3983;"***.617.805-**";"ALEX FRANCISCO DE MEDEIROS"
3984;"***.429.983-**";"MARIVALDO GONCALVES"
3985;"***.791.354-**";"THIAGO AZEVEDO DE OLIVEIRA"
3986;"***.066.104-**";"DAVI SEVERIANO SILVA"
3987;"***.505.894-**";"HANDSON CLAUDIO DIAS PIMENTA"
3988;"***.864.744-**";"DJALMA VALERIO RIBEIRO NETO"
3989;"***.585.407-**";"MARIA DA GLORIA FERNANDES DO NASCIMENTO ALBINO"
3990;"***.738.654-**";"ALEXANDRO VLADNO DA ROCHA"
3991;"***.920.884-**";"FLANELSON MACIEL MONTEIRO"
3992;"***.935.664-**";"ANA KARLA COSTA DE OLIVEIRA"
3993;"***.058.937-**";"GUSTAVO ANDRE PEREIRA DE BRITO"
3994;"***.479.314-**";"MARILIA ARANHA FREIRE"
3995;"***.612.951-**";"MATHEUS LEVI PARANAGUA PINHEIRO"
3996;"***.908.510-**";"DIEGO DE SOUZA BOENO"
3997;"***.357.306-**";"ANTONIO CARLOS GUEDES ZAPPALA"
3998;"***.936.284-**";"CLAUDIA ALVES DE SOUSA MUNIZ"
3999;"***.833.191-**";"WALLENSTEIN GOMES DE ANDRADE"
4000;"***.449.683-**";"MAIRDON MONTEIRO ALVES DE ANDRADE"
4001;"***.786.601-**";"JOSE IVAIDE GOMES"
4002;"***.967.667-**";"ARTHUR VINICIUS DA COSTA FERREIRA PINTO"
4003;"***.136.022-**";"ANTONIO MARCOS CAVALCANTE DA SILVA"
4004;"***.507.112-**";"TALES DE SOUZA CAMURCA LIMA"
4005;"***.864.192-**";"WALDEMAR FARIAS NETO"
4006;"***.580.503-**";"DANIEL PEREIRA COSTA"
4007;"***.962.314-**";"WELLINGTON DIAS LOPES JUNIOR"
4008;"***.829.107-**";"EMMANUEL ALI NOVAES FARIA"
4009;"***.984.704-**";"CIDE FERREIRA ROMAO"
4010;"***.424.058-**";"JOAO PAULO DONDELLI"
4011;"***.916.814-**";"ALEXANDRE DE ARAUJO CAVALCANTI JUNIOR"
4012;"***.147.391-**";"LUIZ ARTHUR VEIGA BATISTA BENTES"
4013;"***.355.200-**";"WILLIAM THOMAS"
4014;"***.670.401-**";"JOSE RODRIGUES VIEIRA JUNIOR"
4015;"***.949.465-**";"UILSON FIAES PINTO DA SILVA"
4016;"***.941.193-**";"ERIKA DOS SANTOS COUTINHO DO NASCIMENTO"
4017;"***.273.661-**";"LIVIA MIYUKI KOGA TAVARES"
4018;"***.423.908-**";"KATARINA REMPEL"
4019;"***.468.258-**";"EDMILSON SOUZA ANASTACIO"
4020;"***.253.344-**";"DANIEL RODRIGUES DA SILVA"
4021;"***.109.392-**";"CARLOS CELSO BARROS MARTINS"
4022;"***.530.731-**";"ROGERIO BATISTA SILVA"
4023;"***.213.657-**";"CASSIUS RODRIGO DE ALMEIDA SILVA"
4024;"***.747.765-**";"DOUGLAS SOUZA DE JESUS"
4025;"***.028.522-**";"JOAO RAIMUNDO MARTINS"
4026;"***.495.402-**";"MAURO MACHADO BARBOSA"
4027;"***.994.287-**";"RONALDO PINHEIRO"
4028;"***.315.992-**";"MARIA DAS GRACAS DOS REMEDIOS ROCHA"
4029;"***.888.371-**";"ALEXANDRE MARQUES"
4030;"***.795.807-**";"VICTOR PAULO AZEVEDO VALENTE DA SILVA"
4031;"***.684.901-**";"MOISES DIAS DA COSTA"
4032;"***.194.638-**";"THAIS FARIAS RODRIGUES"
4033;"***.110.017-**";"MARCOS VINICIUS AMARAL DE SOUZA"
4034;"***.706.601-**";"RAFAEL BARBOSA CAETANO"
4035;"***.387.931-**";"RENAN NOGUEIRA GONCALVES JUNIOR"
4036;"***.140.641-**";"CESAR ADRIANO DE LIMA FERREIRA"
4037;"***.650.771-**";"CLEONICE NEPUMUCENO GASPAR"
4038;"***.517.390-**";"ELISABETE CRISTINA SANTANA"
4039;"***.984.350-**";"CINTIA TUSSET"
4040;"***.926.280-**";"BRUNO FOLHA DO ROSARIO"
4041;"***.458.664-**";"VINICIUS NEGREIROS DE ARAUJO"
4042;"***.209.044-**";"FLAVIO FERREIRA SILVA LIMA"
4043;"***.000.632-**";"ADEMILSON UCHOA MATOS"
4044;"***.165.742-**";"RAMON DELL ARMELINA ROCHA"
4045;"***.017.545-**";"TIAGO ANDRADE CAMPOS"
4046;"***.103.007-**";"JEOVAL BATISTA BARROS"
4047;"***.932.955-**";"RAFAEL CONCEICAO FLORIANO"
4048;"***.065.972-**";"JOSE ELEUTERIO SANTIAGO BATALHA"
4049;"***.926.772-**";"CELIO DE SOUZA SACCO JUNIOR"
4050;"***.126.822-**";"AUGUSTO CESAR PIRES BORGES"
4051;"***.587.502-**";"MARCONI EDSON SILVA UCHOA"
4052;"***.009.742-**";"JONATAS MONTEIRO DE CARVALHO"
4053;"***.005.354-**";"JOAO BATISTA CANARIO NETO"
4054;"***.512.773-**";"AIRTON LUIS MARTINS MOTA"
4055;"***.187.413-**";"JOSE ARIMATEA BALDEZ"
4056;"***.091.902-**";"RODRIGO SIQUEIRA NASCIMENTO"
4057;"***.509.039-**";"ELISANGELA BORGA"
4058;"***.809.399-**";"PAULO SERGIO DE ANDRADE"
4059;"***.210.039-**";"LUIZ CARLOS RUSINEK"
4060;"***.634.359-**";"DIVONEI ROSENILSON DA SILVA"
4061;"***.742.679-**";"THAYARA CHRISTINA OSSWALD DE OLIVEIRA"
4062;"***.491.833-**";"AMAURY PEREIRA DE MOURA"
4063;"***.396.263-**";"GISZELHA MARIA PORTO FLORENCIO"
4064;"***.355.057-**";"CHRISTIAN SANTOS DE ALMEIDA"
4065;"***.553.957-**";"JULIA BRANDAO TEIXEIRA DE FREITAS"
4066;"***.880.004-**";"YALE CLECINO MARTINS"
4067;"***.429.054-**";"MANOEL GOMES DE MEDEIROS NETO"
4068;"***.883.831-**";"CARLOS ANTONIO DA SILVA PEREIRA"
4069;"***.930.288-**";"JOAO MARCOS DE OLIVEIRA SILVA"
4070;"***.399.568-**";"ROBERTO HAUCK REICHERT FILHO"
4071;"***.003.608-**";"PAULO ROBERTO GAUDIO DE ALMEIDA"
4072;"***.850.317-**";"MIRIAN CABRAL BRAGA DE OLIVEIRA"
4073;"***.301.128-**";"VERA LUCIA CAPPOBIANCO DA SILVA"
4074;"***.881.968-**";"MARIA JOSE ALVES FELIPPE"
4075;"***.484.338-**";"ADALBERTO MIRANDA JARDIM"
4076;"***.328.268-**";"MARCOS PAULO SANTOS GALLO"
4077;"***.513.968-**";"FERNANDO HENRIQUE RIBEIRO CANATO"
4078;"***.535.768-**";"TAMI MAEKAWA"
4079;"***.664.988-**";"ANDRE PASTRELO CAVALLIERI"
4080;"***.687.636-**";"FLAVIO JOSE NOGUEIRA COELHO"
4081;"***.590.748-**";"FILIPE VIEIRA FERNANDES DOS SANTOS"
4082;"***.729.578-**";"VITOR BERTO MICAS"
4083;"***.529.026-**";"EDUARDO ANTONIO PINTO"
4084;"***.244.706-**";"BRUNO FERNANDES MOURAO"
4085;"***.492.786-**";"MARIA CECILIA DE SANTANA PARREIRAS"
4086;"***.980.166-**";"CAROLINA GALLIAC VILLAS BOAS"
4087;"***.185.786-**";"HERCULANO VINICIUS CARDOSO PEREIRA"
4088;"***.458.341-**";"BIANCA CORREA DE MORAIS"
4089;"***.184.831-**";"BRENNO CAMPOS DE OLIVEIRA"
4090;"***.566.421-**";"LIVIO OLIVEIRA TELES"
4091;"***.398.451-**";"HELLEN HELOYZE DOS SANTOS BORGES"
4092;"***.156.351-**";"LUIZ FERNANDO MENDES RIBEIROS"
4093;"***.905.441-**";"THYCIANE JOANIL GARCIA DA COSTA LEITE"
4094;"***.894.481-**";"AILTON GOVEIA"
4095;"***.284.104-**";"FRANCISCO RODRIGUES DE LIMA"
4096;"***.629.864-**";"FABIO WILLIAM CORREIA DINIZ"
4097;"***.833.374-**";"WELLINGTON BEZERRA"
4098;"***.764.799-**";"SANDRIANE NASPOLINI DE OLIVEIRA"
4099;"***.417.489-**";"FABIO PEDRINHO ZIMMERMANN"
4100;"***.893.349-**";"JAIR AGUILAR QUARESMA"
4101;"***.468.288-**";"GUILHERME DE BARROS SIMOES COELHO"
4102;"***.363.348-**";"SAULO DE CASTRO LIMA"
4103;"***.956.469-**";"ANDERSON WILHELMS"
4104;"***.826.159-**";"JORGE LUIZ DA SILVA TEIXEIRA"
4105;"***.384.105-**";"JOAO VITOR BOA SORTE PRATES"
4106;"***.391.125-**";"MANUEL BISPO DE SOUZA FILHO"
4107;"***.160.116-**";"OTAVIO MORAIS FLOR"
4108;"***.310.344-**";"FRANCIELLE SOUSA SACRAMENTO"
4109;"***.782.421-**";"WARLEY FELIPE DE ANDRADE"
4110;"***.992.199-**";"GILVANI MOLETTA"
4111;"***.276.400-**";"ANDRE DI DOMENICO"
4112;"***.258.693-**";"BRUNO SAVIO ALEXANDRE SALES"
4113;"***.996.800-**";"EDUARDO ZIANI NUNES"
4114;"***.440.300-**";"RAYAN SCHNEIDER BENTZ"
4115;"***.679.489-**";"JOACIR SARTOR"
4116;"***.085.277-**";"ALEXANDRO LINS CALE BARBOSA"
4117;"***.940.067-**";"ANDREA DA SILVA ARAUJO MARQUES NOVO"
4118;"***.451.637-**";"SAMIRA MELLO GUIMARAES DE CARVALHO"
4119;"***.045.508-**";"FERNANDO HENRIQUE FERRARI ALVES"
4120;"***.082.254-**";"PATRICIA SILVA REBOUCAS DE ARAUJO"
4121;"***.870.921-**";"ROSANGELA CRISTINA DOS SANTOS SANDES"
4122;"***.845.101-**";"EDNILTON PEREIRA DA SILVA"
4123;"***.045.581-**";"LUIZ ROBERTO RODRIGUES AGUILA"
4124;"***.339.068-**";"ALESSANDRA MONTEIRO DINIZ"
4125;"***.823.911-**";"MARCELO QUEIROZ"
4126;"***.271.481-**";"PAULO ROBERTO GOMES DA SILVA"
4127;"***.653.278-**";"EVANDRO GIMENEZ SERRA"
4128;"***.197.976-**";"PABLO GARCIA ALVES"
4129;"***.655.877-**";"DINELCIO CARVALHO BORGES"
4130;"***.756.571-**";"DANIEL RIBEIRO DE OLIVEIRA"
4131;"***.671.621-**";"RODRIGO ALMEIDA ORRICO"
4132;"***.722.011-**";"LEANDRO AMARAL DE ABREU"
4133;"***.188.911-**";"LUANA SALDIVAR BARBOSA ALMEIDA"
4134;"***.112.511-**";"LETICIA LANGE DE MACEDO PIETRO"
4135;"***.088.000-**";"RICARDO BOTTEGA"
4136;"***.410.760-**";"DIOGO CESAR FORTES"
4137;"***.638.657-**";"JOAQUIM LOPES LAMEGO"
4138;"***.146.885-**";"JOELMA ALVES SANTANA"
4139;"***.027.795-**";"FERNANDA VILLAS BOAS SILVA D EL REI"
4140;"***.753.625-**";"RICARDO MOREIRA LIMA"
4141;"***.828.195-**";"LIDIANE SILVA PEREIRA MOREAU"
4142;"***.157.285-**";"LILIAN DOURADO CRUZ"
4143;"***.632.785-**";"GABRIELA PIRES DE SANTANA"
4144;"***.235.045-**";"ELISANGELA PEREIRA SANTOS CUNHA"
4145;"***.084.295-**";"FERNANDO ABREU SANTOS"
4146;"***.352.215-**";"LEANDRO ARAUJO NEVES"
4147;"***.916.418-**";"SAMMY ABDUL HAI"
4148;"***.795.168-**";"FABIO DE ALBUQUERQUE PINTO"
4149;"***.297.788-**";"VANESSA SOARES DE ABREU"
4150;"***.861.908-**";"JOSE DE OLIVEIRA PEREIRA"
4151;"***.711.928-**";"MATHEUS SBARAI"
4152;"***.368.598-**";"JULIO CESAR MORA"
4153;"***.252.446-**";"ANGELINA ORLANDO BORGES"
4154;"***.973.936-**";"RAFAEL GARCIA SOUSA"
4155;"***.097.606-**";"LUIZA MOREIRA SANTOS"
4156;"***.946.606-**";"GABRIELA PEREIRA LEITE"
4157;"***.355.216-**";"AUGUSTO CESAR DE OLIVEIRA"
4158;"***.996.156-**";"MATHEUS OLIVEIRA SILVA"
4159;"***.869.256-**";"ANDERSON MARTINS"
4160;"***.717.486-**";"CHARLES NUNES BAHIA"
4161;"***.164.196-**";"EDUARDO DE SOUSA VELOSO"
4162;"***.855.696-**";"RAISSA FELIX DE ALVARENGA"
4163;"***.999.704-**";"JHONATA LUIS DE AGUIAR XAVIER"
4164;"***.882.529-**";"LION LUCAS GIESEL DE SOUZA"
4165;"***.142.839-**";"IGOR RAMON SVISTALSKI PANEK"
4166;"***.004.169-**";"INDIRA CIRILO LEMOS"
4167;"***.405.699-**";"GUSTAVO PEREZ CARDOZO LEMOS"
4168;"***.226.081-**";"JUCELIAS MEDEIROS DE ARAUJO"
4169;"***.869.191-**";"MARCIA FERNANDES RIBEIRO NEIVA"
4170;"***.955.405-**";"DANILO ALOISIO DOS SANTOS SILVA"
4171;"***.377.845-**";"POLLYANNE SOUSA OLIVEIRA"
4172;"***.967.724-**";"HELDER FALCAO TORRES"
4173;"***.355.781-**";"JOSE CAETANO DE OLIVEIRA"
4174;"***.573.436-**";"THIAGO FREITAS BORGATI"
4175;"***.525.141-**";"CARLOS ALBERTO FERREIRA JUNIOR"
4176;"***.712.982-**";"DIENESON BOURSCHEID"
4177;"***.630.093-**";"LUCELINA DA SILVA ARAUJO LUCENA"
4178;"***.873.677-**";"HENRIQUE MARINS CORDEIRO"
4179;"***.012.486-**";"ANDRE DAVID TEIXEIRA GONCALVES DE SOUZA"
4180;"***.406.079-**";"LUIS GUILHERME RIOS BEZERRA FILHO"
4181;"***.178.602-**";"BERLIM URBAX PEREIRA"
4182;"***.675.752-**";"LUCIEN ROBERTA VALENTE MIRANDA DE AGUIRRA"
4183;"***.723.538-**";"JULIANO ALONSO PIRES DE CARLIS"
4184;"***.975.407-**";"HENRIQUE DE PAULA FELIX"
4185;"***.980.214-**";"ELISSON DECESARIS BEZERRA DE LIMA NUNES"
4186;"***.657.870-**";"DOUGLAS MACHADO DOS SANTOS"
4187;"***.412.100-**";"EDISSON DA CUNHA FIALHO"
4188;"***.171.170-**";"DENILSON LAVARDA PACHECO"
4189;"***.591.366-**";"FERNANDA NASCIMENTO PASCHOAL BADARO"
4190;"***.120.081-**";"MURILO JOSE DO CARMO"
4191;"***.495.774-**";"LUIS EVERALDO PONTES DA SILVA"
4192;"***.774.380-**";"RODRIGO HELING FERREIRA"
4193;"***.805.525-**";"LILIAN VIEIRA DO NASCIMENTO SANTOS"
4194;"***.425.709-**";"MARCOS CEZAR FRANZAO"
4195;"***.372.934-**";"JOSUE SANTOS SILVA"
4196;"***.526.986-**";"LUCAS MAIA DOS SANTOS"
4197;"***.081.380-**";"LOIRACI RIBEIRO CARVALHO"
4198;"***.841.370-**";"WELINTON HAAS"
4199;"***.029.141-**";"VALDENOR SANTOS OLIVEIRA"
4200;"***.866.251-**";"PAULO CESAR FERREIRA DE MORAES"
4201;"***.782.841-**";"DEUSDEDIT PINTO DE BARROS NETO"
4202;"***.777.566-**";"FATIMA RESENDE LUIZ FIA"
4203;"***.941.516-**";"ARTHUR RESENDE RIBEIRO DE OLIVEIRA"
4204;"***.205.700-**";"ALEXANDRE DA SILVA"
4205;"***.966.980-**";"RENATO LUIS CARPENEDO"
4206;"***.213.861-**";"IVAN FRANCISCO DANTAS"
4207;"***.226.242-**";"NUBIA KATIA ARAUJO DE OLIVEIRA"
4208;"***.831.717-**";"LUIZ CARLOS CAOU"
4209;"***.421.662-**";"BENJAMIM MOREIRA DE ARAUJO"
4210;"***.050.653-**";"FRANCISCO JOSE CRUZ E SILVA"
4211;"***.557.714-**";"NECI LACERDA PORFIRIO DE SOUSA"
4212;"***.032.423-**";"JOSE ROGERIO DE VASCONCELOS"
4213;"***.631.497-**";"JULIANA OLIVEIRA MARQUES MORAES"
4214;"***.452.241-**";"IZABELLA FERNANDA MARIA BARROS"
4215;"***.955.755-**";"SIMONE CABANELAS MARTINEZ"
4216;"***.564.618-**";"FABIO WESTIN MARCONDES PEREIRA"
4217;"***.057.488-**";"MOISES DE BRITO"
4218;"***.587.923-**";"MARCYANNE KARDYNNALLE LUZ DA SILVA"
4219;"***.539.931-**";"MARIA DAS GRACAS BRITO DA COSTA"
4220;"***.515.671-**";"ROBERTO NUNES DOS SANTOS"
4221;"***.864.476-**";"RAFAEL MARTINS DOS REIS"
4222;"***.562.887-**";"MONICA GOUVEIA"
4223;"***.285.807-**";"MARLEY DE CARVALHO SABINO"
4224;"***.718.929-**";"DILVANIA KUMMER"
4225;"***.421.574-**";"ARTUR EUGENIO DE ARAUJO SANTOS"
4226;"***.846.589-**";"LUIS JOSE SCHNEIDER"
4227;"***.130.366-**";"LETICIA SOUZA MORGADO MAIA"
4228;"***.820.062-**";"JOSE EDUARDO BRITO FACANHA"
4229;"***.005.872-**";"BRENO GOMES BARBOSA"
4230;"***.570.200-**";"RODRIGO FERNANDES GRAZZIOTIN"
4231;"***.568.108-**";"VINICIUS CAVICHIOLI RODRIGUES"
4232;"***.530.484-**";"JAILTON JOSE FERREIRA FERNANDES"
4233;"***.148.511-**";"ANTONIO DOS SANTOS OLIVEIRA"
4234;"***.320.399-**";"CARLOS RANGEL DA SILVA"
4235;"***.736.638-**";"JOAO PAULO MORITA"
4236;"***.418.514-**";"JOSIEL BARBOSA VASCONCELOS"
4237;"***.087.980-**";"NUBIA LIZIANI PREUSS"
4238;"***.963.900-**";"SILVIO OLIVEIRA DA ROSA"
4239;"***.508.010-**";"JANAINA ANTONOVICK DO AMARILHO"
4240;"***.154.924-**";"JOSE LUCINDO DA SILVA"
4241;"***.538.342-**";"FERNANDA ANTUNES DE MAIO GODOI"
4242;"***.979.475-**";"GILVAN BARRETO DE CAMPOS"
4243;"***.596.344-**";"JOSE JERONIMO DA NOBREGA CARVALHO"
4244;"***.736.753-**";"MANOEL FROTA CORREIA"
4245;"***.896.337-**";"ELAINE CRISTINA BARBOSA LIMA DA SILVA"
4246;"***.061.917-**";"SOSTONO ALVES DA SILVA"
4247;"***.710.219-**";"ALVARO TADIM DA COSTA"
4248;"***.905.383-**";"HILEANE BARBOSA SILVA"
4249;"***.700.207-**";"MARCOS ANTONIO MIGUEL BARATTA"
4250;"***.738.093-**";"HIDELBRANDO REIS MOREIRA MOTA"
4251;"***.454.258-**";"RAFAEL GUTIERRE CARVALHO"
4252;"***.609.648-**";"ANA LUCIA KAZAN"
4253;"***.860.248-**";"THIAGO CANELLO FRANCESCHINI"
4254;"***.268.128-**";"JAQUELINE LOPES POLVANI"
4255;"***.054.886-**";"CLAUDIA VANESSA MACIEL NASSAU"
4256;"***.408.966-**";"SAMUEL NOGUEIRA DE CARVALHO DUARTE"
4257;"***.168.926-**";"RAFAEL MOREIRA DE OLIVEIRA E SOUZA"
4258;"***.766.306-**";"CAROLINA REZENDE SALES"
4259;"***.136.626-**";"MATHEUS ANDRADE PEREIRA COSTA"
4260;"***.267.176-**";"DANIEL ALVES NOGUEIRA"
4261;"***.495.666-**";"WESLEI DOS REIS MARTINS"
4262;"***.772.149-**";"BENEDITO CARLOS TEIXEIRA PINTO"
4263;"***.882.189-**";"JARDEL BARTH"
4264;"***.534.649-**";"NATHIELI CRISTINA JOCHEM"
4265;"***.939.119-**";"LUIZ FERNANDO REINHEIMER"
4266;"***.239.667-**";"MATEUS NASCIMENTO VIEIRA DE MELO"
4267;"***.676.289-**";"FRANCINE GUESSER"
4268;"***.742.739-**";"LUCAS KLEINSCHMIDT"
4269;"***.795.433-**";"PEDRO GOMES ARRUDA FILHO"
4270;"***.007.791-**";"NOEL SILVA BEZERRA DAS FLORES"
4271;"***.136.621-**";"TOMAZ SILVA"
4272;"***.944.028-**";"ANA CARLA MARIANO BRAZ"
4273;"***.611.098-**";"FLAVIO KATSUMI NAKAOKA"
4274;"***.917.308-**";"REGINA BORGES DA SILVA FARCONI"
4275;"***.451.651-**";"CHARLES COSTA RIBEIRO"
4276;"***.304.475-**";"ADALTIVO FARIAS SIQUARA FILHO"
4277;"***.828.557-**";"ANDERSON ELOI DA SILVA CUNHA"
4278;"***.229.214-**";"MARCELO FARIAS DE ANDRADE"
4279;"***.428.606-**";"PETTERSON DE SOUZA BARROSO"
4280;"***.728.641-**";"ARINO BRITEZ"
4281;"***.444.730-**";"PATRICIA SOARES MORALES"
4282;"***.915.106-**";"LUCAS ABNER DA SILVA"
4283;"***.886.147-**";"VINICIUS GABRIEL DA SILVA COSTA"
4284;"***.711.117-**";"EDUARDO DEA SIQUEIRA"
4285;"***.922.899-**";"MELISSA SIVIERO"
4286;"***.129.830-**";"LEONARDO NIMITT DE OLIVEIRA"
4287;"***.329.857-**";"JHONATAS GEORGE AGUIAR DA ROCHA"
4288;"***.267.100-**";"NATHA DA ROSA NICOLA"
4289;"***.022.480-**";"JOAO PEDRO RODRIGUES PEREIRA"
4290;"***.143.434-**";"LEONARDO NUNES DA SILVA"
4291;"***.363.763-**";"ROMULO BARBOSA MAIA"
4292;"***.468.870-**";"ANTONIO AUGUSTO GOULART DA SILVA"
4293;"***.128.501-**";"ALEXANDRE NORIYOSHI CORTES MASSUNARI"
4294;"***.604.474-**";"ROGERIO DA SILVA BRAGA"
4295;"***.047.896-**";"VITOR DANILO ROCHA DA SILVA"
4296;"***.705.856-**";"LEONARDO ALVES GUEDES"
4297;"***.873.166-**";"JOSE GERALDO RIBEIRO JUNIOR"
4298;"***.102.265-**";"DANILO AUGUSTO SANTANA DE SOUZA"
4299;"***.152.114-**";"FERNANDO LUIZ PALHANO XAVIER CABRAL"
4300;"***.735.900-**";"DIANE LESTON RODRIGUES"
4301;"***.783.038-**";"RENATO BARONI"
4302;"***.213.268-**";"HERICA DE LIMA SANTOS"
4303;"***.310.238-**";"DIEGO MARIN FERMINO"
4304;"***.979.771-**";"LUCINEY VALDECY FERREIRA"
4305;"***.979.629-**";"ANDRE MUNZLINGER"
4306;"***.501.246-**";"CHARLES MARTINS DINIZ"
4307;"***.174.773-**";"DIORGE SOUZA GARROS"
4308;"***.563.003-**";"ADRIANA KASSIA OLIVEIRA ROCHA"
4309;"***.595.131-**";"DANIEL DE CARVALHO SILVA"
4310;"***.422.751-**";"RODRIGO SPIGOLON"
4311;"***.331.563-**";"MARCELO BORGES DE ALMEIDA"
4312;"***.630.734-**";"LIVIA JULIANA SILVA SOLINO DE SOUZA"
4313;"***.002.554-**";"ANDREZA BARBOSA DE LUNA SOARES"
4314;"***.634.756-**";"ADRIANO SILVA ARRA"
4315;"***.052.520-**";"LILIANA GONCALVES TERRA"
4316;"***.929.116-**";"BARBARA HELENA MUNIZ PRADO E FELIPHE"
4317;"***.140.161-**";"ROSANGELA DE OLIVEIRA ALVES"
4318;"***.514.671-**";"DEBORAH LOPES DE MATOS MORAIS"
4319;"***.797.976-**";"JOAO CANDIDO DE SOUZA"
4320;"***.872.627-**";"POLIANA BERGAMIN ATHAYDE DE SOUZA"
4321;"***.319.986-**";"LUIZ HENRIQUE REZENDE MACIEL"
4322;"***.364.236-**";"DANY FLAVIO TONELLI"
4323;"***.057.805-**";"FLAVIA CONCEICAO DOS SANTOS HENRIQUE"
4324;"***.544.028-**";"ROBERTA BARREIROS DE SOUZA"
4325;"***.809.291-**";"WENDEL MOREIRA BEZERRA"
4326;"***.280.791-**";"IVAN ROCHA PEIXOTO"
4327;"***.414.162-**";"SANDER DA SILVA GARCIA"
4328;"***.238.204-**";"JURANDIR ZACARIAS DA SILVA"
4329;"***.748.634-**";"TACIANA MARQUES CORNELIO"
4330;"***.748.667-**";"PAULO RICARDO PEREIRA CARLOS"
4331;"***.364.482-**";"ODILIA MILCA PEREIRA"
4332;"***.682.408-**";"LUCIENNE CRISTINA NOMOTO OTSUZI"
4333;"***.802.688-**";"REBECA DOS SANTOS GUIMARAES"
4334;"***.833.821-**";"ALEX LUIZ PINTO DE CAMPOS JUNIOR"
4335;"***.330.545-**";"DEJAIR BENJAMIM DE OLIVEIRA JUNIOR"
4336;"***.401.143-**";"LEANDRO AGUIAR DE OLIVEIRA"
4337;"***.510.024-**";"MARCIO BRUNO XAVIER DE AMORIM"
4338;"***.648.174-**";"CAIO BERNARDO VIEIRA"
4339;"***.755.363-**";"PAULO CESAR LOPES BARSI"
4340;"***.996.629-**";"RODRIGO BATISTA DE SIQUEIRA"
4341;"***.097.591-**";"LAURA VILLELA ROSA TACCA"
4342;"***.100.026-**";"WILLIAM GUILHERME DE ANDRADE"
4343;"***.073.736-**";"LUIZ FERNANDO DOS SANTOS"
4344;"***.650.784-**";"DANIELLE GUEDES SOUZA"
4345;"***.401.070-**";"ALINE GUERRA MENCHACA"
4346;"***.225.473-**";"RAIMUNDO BENICIO SOUSA JUNIOR"
4347;"***.715.027-**";"CELMA DE ALMEIDA MACHADO"
4348;"***.671.317-**";"ANDRE FARIA RAMOS"
4349;"***.750.760-**";"CRISTIANO VASCONCELLOS DA SILVA"
4350;"***.923.547-**";"MARCOS DIAS DOS SANTOS"
4351;"***.551.361-**";"WOLNEY FERNANDES DE CARVALHO"
4352;"***.978.749-**";"ROBERTO BUSATO FILHO"
4353;"***.744.746-**";"CAROLINA SOUZA PENIDO"
4354;"***.230.647-**";"RICARDO BEZERRA ROCHA"
4355;"***.471.646-**";"SONIA MARIA DE FREITAS"
4356;"***.689.842-**";"IVETE CASTRO BOTELHO"
4357;"***.244.503-**";"ALINE NOGUEIRA BEZERRA"
4358;"***.263.112-**";"JOSE FORTE MAGALHAES FILHO"
4359;"***.380.203-**";"ANTONIO ROBERTO MELO TORRES"
4360;"***.120.835-**";"MARCOS PACHECO BITTENCOURT"
4361;"***.477.356-**";"RAIANE DE MELO VIANA"
4362;"***.734.906-**";"GEORGE VERGES MARTINES"
4363;"***.491.218-**";"RENATA CORREA APOLONI"
4364;"***.133.018-**";"FERNANDO ROCCHETTI DOS SANTOS"
4365;"***.901.425-**";"FERNANDA PORTELA BRASILEIRO"
4366;"***.644.841-**";"ROBSON VIEIRA GUIMARAES JUNIOR"
4367;"***.924.562-**";"LISANGELA APARECIDA PINHEIRO CASSIANO"
4368;"***.988.733-**";"PAULO GIORDANNI DIAS LIMA"
4369;"***.440.211-**";"LEANDRO GOMES DA SILVA"
4370;"***.622.030-**";"TATIANA GAUTERIO DA SILVA"
4371;"***.151.570-**";"AIESKA OLIVEIRA CHIODELLI"
4372;"***.451.100-**";"ELIABE DO AMARAL DA SILVA"
4373;"***.912.730-**";"SONIA REGINA ZANOTTO"
4374;"***.445.610-**";"INACIA GOMES PINTO DE ARAUJO"
4375;"***.840.940-**";"EDUARDO MACHADO BISSACO"
4376;"***.517.050-**";"FLAVIO REGIS DIEHL"
4377;"***.198.746-**";"ERYDANI LUSTOSA FERREIRA"
4378;"***.339.740-**";"MARCOS LUCIANO GASPERIM"
4379;"***.098.430-**";"RAMON NUNES KRUGER"
4380;"***.956.704-**";"SILVIO BEZERRA SOBRAL"
4381;"***.116.512-**";"FABIO JOSE ALVES DE SOUZA"
4382;"***.589.332-**";"LETYCIA RAILA PINTO DE SOUZA"
4383;"***.954.872-**";"DEBORA RODRIGUES NANTES"
4384;"***.271.465-**";"MAYANA FERREIRA BARBOSA"
4385;"***.779.705-**";"MILKA NEDYANE MATA DA SILVA"
4386;"***.606.695-**";"LEONARDO OLIVEIRA ALVES DE CASTRO"
4387;"***.417.595-**";"LUIZ AUGUSTO VALOIS CARDOSO"
4388;"***.439.155-**";"ADEMILSON SANTOS LIMA"
4389;"***.894.095-**";"SAMARA CAMPOS RIBEIRO"
4390;"***.242.272-**";"ANDRESSA NASCIMENTO DA SILVA"
4391;"***.753.033-**";"JOSE MAURICIO NOGUEIRA LEITE"
4392;"***.522.793-**";"VALDECI SILVA LIRA"
4393;"***.531.933-**";"CARLOS NAUBER SOARES ARAUJO"
4394;"***.196.793-**";"VITOR MONTEIRO BARBOSA"
4395;"***.853.582-**";"NORMA MARIA BENTES DE SOUSA"
4396;"***.237.308-**";"FAUSTINO DANIEL DA SILVA NETO"
4397;"***.749.533-**";"RHAGNER ROSSINI SILVA SA CASTRO"
4398;"***.221.413-**";"IGOR RAMON DE SOUSA SANTOS"
4399;"***.329.883-**";"GIOVANNA CELLI DA COSTA MOURA"
4400;"***.997.710-**";"GABRIELA FLORES ZILIO"
4401;"***.686.017-**";"CLAUDIA REGINA GONCALVES DO NASCIMENTO"
4402;"***.310.452-**";"ANGELA PATRICIA LIMA DE SOUZA"
4403;"***.832.548-**";"LUIZ CARLOS ESTEVAM FOGLIA"
4404;"***.650.008-**";"ANA LUIZA SIGNORETO E SOUSA"
4405;"***.079.798-**";"FERNANDO DOS SANTOS FERREIRA"
4406;"***.457.198-**";"TALITA MIRANDA RIBEIRO"
4407;"***.852.028-**";"THIAGO SHINOZUKA"
4408;"***.318.568-**";"BRUNO MORAES DA SILVA"
4409;"***.865.708-**";"ALEXSANDRO ANGELO BARREIRA"
4410;"***.404.428-**";"EDSON DA SILVA"
4411;"***.039.068-**";"MIGUEL SUAREZ XAVIER PENTEADO"
4412;"***.484.086-**";"LEONARDO COESSENS DE OLIVEIRA"
4413;"***.308.003-**";"MARILENE SILVA GURGEL SAMPAIO"
4414;"***.974.851-**";"OLINTO DE SOUZA MACHADO NETO"
4415;"***.808.353-**";"RODRIGO BANDEIRA CALACA"
4416;"***.160.441-**";"JULIANA SILVA ALVES DOS SANTOS"
4417;"***.185.304-**";"SERGIO EUFRASIO SOARES DE SOUZA"
4418;"***.642.458-**";"HO CHI MINH DA SILVA LIMA"
4419;"***.301.459-**";"FERNANDA BRUM BRAGA BROERING"
4420;"***.651.385-**";"JOSE CARLOS PEREIRA DA SILVA"
4421;"***.578.764-**";"VICENTE DE PAULO BRITO DE PAIVA"
4422;"***.292.125-**";"LIANE DURAO DE CARVALHO"
4423;"***.077.181-**";"ROBERTO MENDES"
4424;"***.036.031-**";"GUIDO MESSIAS FLEMING"
4425;"***.350.161-**";"SANDRO ROGERIO FULONI CARVALHO"
4426;"***.966.801-**";"ANDRE RODRIGO PACHECO"
4427;"***.570.391-**";"JOSE RODRIGUES FERREIRA"
4428;"***.782.352-**";"EDUARDO ALEXANDRE MACENA FERREIRA"
4429;"***.409.257-**";"RODRIGO MELO DE SOUZA"
4430;"***.026.278-**";"IARA KHRYSCIA RODRIGUES SARAIVA"
4431;"***.852.244-**";"RAIMUNDO BATISTA FERNANDES DE MELO"
4432;"***.158.821-**";"ANA CAROLINA FUCK FULLANA"
4433;"***.265.871-**";"SIMONE FERREIRA MAGALHAES"
4434;"***.041.802-**";"JOSE ARTUR BARROSO DE ALMEIDA"
4435;"***.695.102-**";"BRENO EDUARDO NOGUEIRA NEVES"
4436;"***.458.234-**";"ANTONIO ROMAO DE ALMEIDA JUNIOR"
4437;"***.929.504-**";"SARA MEDEIROS DA ROCHA MELO"
4438;"***.387.417-**";"ANA MARIA SARAMAGO MARQUES PEREIRA"
4439;"***.987.399-**";"RITA MATOS COITINHO"
4440;"***.915.644-**";"EDVALDO NUNES CORIOLANO"
4441;"***.824.947-**";"ENOC FERREIRA DA SILVA"
4442;"***.826.007-**";"MARCELO GOMES DA COSTA"
4443;"***.198.398-**";"AMANDA DIAS ARAUJO"
4444;"***.139.447-**";"EDUANE OLIVEIRA LIMA PACHECO"
4445;"***.977.347-**";"KAMILA RANGEL DOS SANTOS DA COSTA"
4446;"***.363.057-**";"FABIANA FONTES DA SILVA"
4447;"***.405.153-**";"GIL RODRIGUES DA SILVA JUNIOR"
4448;"***.106.897-**";"ALMIR GOUVEA DO VALE"
4449;"***.580.827-**";"HELCIO MENEZES DUARTE VIEIRA"
4450;"***.355.957-**";"MARCAL BREDA VIEIRA"
4451;"***.239.759-**";"MARCELO APARECIDO DOS SANTOS"
4452;"***.505.633-**";"WELLINGTON LEAL DE MOURA"
4453;"***.322.537-**";"MISAEL DOS REIS MIRANDA"
4454;"***.176.226-**";"DANIEL KEVEN SANTOS MARTINS"
4455;"***.103.630-**";"EMERSON MUNHOZ PINTO"
4456;"***.274.880-**";"VLADIMIR MADRUGA DUTRA MUNHOZ"
4457;"***.934.446-**";"GEORGE HENRIQUE PEREIRA MOTA"
4458;"***.788.042-**";"RAIMUNDA SUELY DA COSTA SA"
4459;"***.459.777-**";"HELLIAKYN DE MELO SANTANA SILVA"
4460;"***.253.575-**";"KAUE MENEZES CHAGAS"
4461;"***.977.887-**";"FREDERICO PIMENTEL SOARES DE ALMEIDA"
4462;"***.591.501-**";"MISAEL LOPES DA SILVA DE SOUZA"
4463;"***.706.610-**";"JONATHAN DA SILVA GUERRA"
4464;"***.904.190-**";"VOLMIR FREITAS GOMES"
4465;"***.045.880-**";"JOSE LUIS STECCA FLORES"
4466;"***.829.687-**";"EDISSON NOGUEIRA CAMPISTA JUNIOR"
4467;"***.403.273-**";"CLEYTON DOS SANTOS FERREIRA"
4468;"***.016.293-**";"JONATAS LAVOISIER GONDIM GONCALVES"
4469;"***.733.020-**";"EDER DIONATAN DA SILVA MACHADO"
4470;"***.133.293-**";"ANTONIO JOAO MORAES VILAR"
4471;"***.192.932-**";"MARCIANO ROCHA DA COSTA"
4472;"***.135.642-**";"ALDEIR JOSE SOARES NASCIMENTO"
4473;"***.685.221-**";"RHAFAEL SAROM PINHEIRO"
4474;"***.621.364-**";"DANIEL HARTEN PINTO DE MEDEIROS"
4475;"***.846.854-**";"RODRIGO VIEIRA ALVES AMARAL"
4476;"***.265.095-**";"SILVINO JOSE DOS SANTOS NETO"
4477;"***.896.865-**";"VANYLDO BERNARDINO DE OLIVEIRA JUNIOR"
4478;"***.651.688-**";"ANDREIA SILVA"
4479;"***.938.089-**";"FLAVIO LUIZ TARNOVSKI"
4480;"***.341.366-**";"HENRIQUE DE OLIVEIRA CASTRO"
4481;"***.976.381-**";"IVANA APARECIDA FERRER SILVA"
4482;"***.766.911-**";"JAKSON PAULO BONALDO"
4483;"***.427.465-**";"JOHNATHAN DA SILVA BONFIM"
4484;"***.366.575-**";"LENIO JOAQUIM COSTA PINTO"
4485;"***.537.356-**";"GISELE ADRIANA DA SILVA CASTRO"
4486;"***.109.226-**";"FLAVIA DE FARIA SIQUEIRA"
4487;"***.413.348-**";"IVAN MARCIO DA SILVA LIMA"
4488;"***.559.247-**";"RODRIGO AMARAL MONTEIRO"
4489;"***.632.073-**";"EMISVALDO PEREIRA DA SILVA"
4490;"***.807.916-**";"RAFAEL MARTINS CHAVES"
4491;"***.832.813-**";"PEDRO ALVES DA COSTA FILHO"
4492;"***.152.167-**";"FRANCISCO DE ASSIS DIAS DE OLIVEIRA"
4493;"***.772.290-**";"FERNANDA MISSIO MARIO DAS NEVES"
4494;"***.952.836-**";"MICHELLE HELENA DA SILVA NASCIMENTO"
4495;"***.886.936-**";"ELAINE APARECIDA DE SOUZA"
4496;"***.910.516-**";"MOACIR DE SOUZA DIAS JUNIOR"
4497;"***.496.334-**";"CLAUDIA DANIELY SOARES DA SILVA"
4498;"***.044.415-**";"JAIRO TORRES MAGALHAES JUNIOR"
4499;"***.219.370-**";"SABRINA MELO EVANGELISTA"
4500;"***.646.677-**";"ANTONIO CARLOS MOREIRA DE OLIVEIRA"
4501;"***.699.107-**";"RODRIGO MOTTA MOLARDI"
4502;"***.693.713-**";"RAMON LIMA COSTA"
4503;"***.219.187-**";"RAPHAELLA MELO DOS SANTOS"
4504;"***.776.407-**";"LEANDRO PIMENTEL BORGES"
4505;"***.601.967-**";"ORMINDO DOMINGUES GAMALLO"
4506;"***.165.010-**";"JULIO CESAR KLEIN DAS NEVES"
4507;"***.052.019-**";"MARCOS JOSE DA SILVA"
4508;"***.106.531-**";"LUISA GURJAO DE CARVALHO AMARAL"
4509;"***.721.581-**";"ANDERSON NOGUEIRA REGO"
4510;"***.736.261-**";"LEANDRO CABRAL ULLE"
4511;"***.251.252-**";"WANDERLEY BARBOSA VAZ"
4512;"***.161.752-**";"ROBSON BOUTH LOURENCO"
4513;"***.012.812-**";"DEBRANDINO SEMAO DA SILVA"
4514;"***.082.111-**";"MAURICIO BARBOSA CINTRA"
4515;"***.490.071-**";"MARCELO SANTANA COSTA"
4516;"***.951.192-**";"WANDERSON BORGES DA FONSECA"
4517;"***.570.884-**";"JOSE MARCOS DE ARAUJO SOUZA"
4518;"***.615.097-**";"MARIEL COCO DE LAIA"
4519;"***.297.521-**";"HUMBERTO MATTOSO RODRIGUES"
4520;"***.938.117-**";"RENATA PEREIRA CORREIA"
4521;"***.629.178-**";"LEANDRO PORTES DE OLIVEIRA"
4522;"***.134.630-**";"EVERTON LUIS CANTERLE"
4523;"***.686.601-**";"CRISTIANE YAMAMOTO DUTRA"
4524;"***.649.701-**";"EDUARDO TELES RODRIGUES"
4525;"***.079.762-**";"ANDRE IVAN LOPES DE OLIVEIRA"
4526;"***.592.152-**";"DIEGO ATIE FADUL"
4527;"***.062.607-**";"REGINALDO ALCANTARA DE VASCONCELLOS"
4528;"***.556.745-**";"AVELINO HEITOR FONSECA ALMEIDA"
4529;"***.323.634-**";"ARCELINO FARIAS FILHO"
4530;"***.961.460-**";"ROBERTO SOARES SARAIVA"
4531;"***.206.830-**";"IURI BRASIL RODRIGUES"
4532;"***.360.731-**";"MICHELLE DE AQUINO ARAUJO"
4533;"***.730.941-**";"PABLO NASCIMENTO SOARES"
4534;"***.949.896-**";"JOSE AFFONSO MOREIRA PENNA"
4535;"***.170.301-**";"VAGNER LOPES DE MACEDO"
4536;"***.095.331-**";"MARCUS VINICIUS LEMOS DE BRITO"
4537;"***.566.434-**";"JOSE ULISSES DOS SANTOS"
4538;"***.528.602-**";"FABRICIO ALVES DA CRUZ"
4539;"***.506.801-**";"JACINTO LOPES DE JESUS"
4540;"***.331.091-**";"FERNANDO TALLIS FERREIRA DE SOUZA"
4541;"***.164.841-**";"ALEX DE ALMEIDA UCHOAS"
4542;"***.555.441-**";"BRUNA DA SILVA ANDRADE"
4543;"***.188.210-**";"JULIANE DORNELLES SPEROTTO"
4544;"***.115.110-**";"FABIO EINSFELD"
4545;"***.112.780-**";"JEISON ROGERIO LOSCH"
4546;"***.115.880-**";"ANDRE MIKHAIL JOAS CANTELLI TASCA"
4547;"***.778.590-**";"CAREN KOCH DA ROSA"
4548;"***.794.990-**";"JOSIANNE PATRICIA ACOSTA CARVALHO"
4549;"***.790.902-**";"ANDREIA PEDROSO DE MORAES"
4550;"***.292.980-**";"CRISTIANE SCHWALM BORTOLOTTI"
4551;"***.254.275-**";"JOSE ROBERTO DE SANTANA GOMES"
4552;"***.952.994-**";"ELAINE DA SILVA SIQUEIRA"
4553;"***.906.025-**";"LUCAS EMANUEL RODRIGUES"
4554;"***.808.355-**";"LEONARDO GOMES DE OLIVEIRA"
4555;"***.420.405-**";"CAICK SILVA DA PURIFICACAO"
4556;"***.679.565-**";"TACIO MOURA DE SOUZA ALMEIDA"
4557;"***.168.435-**";"ANDERSON FELIPE NEVES ROCHA"
4558;"***.883.905-**";"MARCUS VINICIUS GONCALVES DE NOVAES"
4559;"***.204.885-**";"JOSE HEBERT CORDEIRO LUCAS"
4560;"***.752.894-**";"FRANCISCO EUGENIO DO NASCIMENTO SILVA"
4561;"***.884.084-**";"GILBERTO CAVALCANTE DE MEDEIROS"
4562;"***.540.267-**";"EDUARDO FISBHEN"
4563;"***.792.403-**";"ANDRE CAMPOS MAIA"
4564;"***.031.427-**";"LARISSA COSTA ZORZANELLI"
4565;"***.600.851-**";"JULIANA DA COSTA SANTOS IORCZESKI"
4566;"***.380.802-**";"JOSE CARLOS DE ARAUJO"
4567;"***.765.289-**";"MICHEL POPAK MACIEL LEME"
4568;"***.748.227-**";"EVALDO DE SOUZA SANTANA"
4569;"***.610.957-**";"RICHARD MARTIN SOUZA"
4570;"***.801.867-**";"AGATHA REGINA NASCIMENTO SOUSA"
4571;"***.222.847-**";"BRUNA VERAS DE MOURA"
4572;"***.894.378-**";"CRISTINA APARECIDA DE GODOY SANTOS"
4573;"***.533.458-**";"NADIR ALVES BARBOSA RIBEIRO"
4574;"***.229.448-**";"WAGNER MARTINS MAGALHAES DA SILVEIRA"
4575;"***.137.898-**";"PAULO ROBERTO COSTA STRUMINSKI JUNIOR"
4576;"***.759.948-**";"ANDRE VINICIUS ROCHA PIRES"
4577;"***.112.646-**";"LUCIANA SANTO DA CRUZ"
4578;"***.548.106-**";"MATHEUS SANTANA SALVADOR PEREIRA"
4579;"***.794.306-**";"MATEUS DE OLIVEIRA ROSA"
4580;"***.534.481-**";"FRANCKLIN DOS REIS SANTOS DE SOUSA"
4581;"***.090.665-**";"JOSE INAILTON NUNES DA SILVA JUNIOR"
4582;"***.286.996-**";"GUSTAVO GODINHO MANDIM DE OLIVEIRA"
4583;"***.499.692-**";"FERNANDA DO SOCORRO CRUZ DE OLIVEIRA"
4584;"***.288.849-**";"DAVI BROERING"
4585;"***.336.619-**";"RUBIA MILLER KRAMER"
4586;"***.559.294-**";"MARIA DE LOURDES DO NASCIMENTO RODRIGUES DE SOUSA"
4587;"***.937.303-**";"LUIZ ALBERTO LISBOA"
4588;"***.269.703-**";"MARCOS AURELIO PIRES SAMPAIO FERREIRA"
4589;"***.519.091-**";"DOUGLAS FERNANDO DE CASTRO"
4590;"***.654.833-**";"FRANCISCO RIBEIRO JUNIOR"
4591;"***.536.132-**";"SANDRA EUNICE PIMENTEL SQUIRES"
4592;"***.402.072-**";"JAIME BATISTA DE SOUSA"
4593;"***.641.067-**";"MARCOS ANTONIO FERREIRA"
4594;"***.265.703-**";"ROSA MARIA CARNEIRO"
4595;"***.850.903-**";"REGILANIA BATISTA SILVA OLIVEIRA"
4596;"***.728.644-**";"KARLLA VANESSA PAZ MONTEIRO"
4597;"***.342.840-**";"ANDRE STEFANELLO SOMAVILLA"
4598;"***.535.062-**";"JEFERSON LUIS VASCONCELOS DE MACEDO"
4599;"***.095.180-**";"MARCELO SCHNEIDER"
4600;"***.063.879-**";"CARLOS VITOR MULLER"
4601;"***.497.921-**";"ANDREA CLAUDIA PARRILLA"
4602;"***.372.721-**";"ANTONIO AUGUSTO"
4603;"***.752.113-**";"JOSE ERNANE MARTINS BRINGEL"
4604;"***.230.887-**";"ANA MARIA XAVIER"
4605;"***.070.756-**";"ANTONIO JUSCELINO PINTO"
4606;"***.681.807-**";"LOURENCO OLIVIERI MEIER"
4607;"***.055.167-**";"VITOR DE SOUZA COLIMODIO"
4608;"***.639.387-**";"JACQUELINE CRISTINA DE FREITAS SANTOS"
4609;"***.870.031-**";"RAFAELA MENDES SERIQUE"
4610;"***.077.827-**";"MARCIO LOUREIRO TAVEIRA"
4611;"***.353.281-**";"JOSE ANTERO DIAS NETO"
4612;"***.004.887-**";"FABIO NOGAROL DE ANDRADE"
4613;"***.374.150-**";"JONAS HENRIQUE DA ROSA SILVA"
4614;"***.929.447-**";"ALESSANDRO SANTOS DA SILVA"
4615;"***.508.477-**";"DANILO DE ANDRADE CABRAL"
4616;"***.512.877-**";"DIEGO AQUINO DA SILVA"
4617;"***.110.687-**";"FELIPE BRUM AZEVEDO"
4618;"***.852.357-**";"GUSTAVO MESSIAS DOS SANTOS JUNIOR"
4619;"***.031.237-**";"ALEX FRANCISCO CAZUZA"
4620;"***.386.038-**";"MARIANA ROQUE COELHO"
4621;"***.898.725-**";"ALEXANDRE FREIRE DE SA LOPES"
4622;"***.671.667-**";"RODOLFO JERONIMO FREIRE SOUSA"
4623;"***.443.637-**";"GUTENBERG RIBEIRO CARDOSO"
4624;"***.576.517-**";"IGOR CARLOS PINTO SILVA"
4625;"***.360.600-**";"CARLOS CEZAR MUXFELDT FERREIRA"
4626;"***.274.136-**";"CLAUDINEI WILLIAM DE ASSIS"
4627;"***.099.996-**";"ALIPIO JOSE KROHLING"
4628;"***.278.057-**";"DIEGO DA SILVA MONSORES"
4629;"***.916.670-**";"JULIMAR LAVARDA MEDINA"
4630;"***.241.261-**";"AVYLA FONSECA DE MEDEIROS"
4631;"***.346.327-**";"GABRIEL FERREIRA FLORES"
4632;"***.498.976-**";"WANDERSON COLLA JUNIOR"
4633;"***.288.033-**";"LUCAS CARDOSO COELHO MONTE"
4634;"***.186.908-**";"VICTOR HUGO DE OLIVEIRA MARTINS"
4635;"***.767.045-**";"LUCAS MATHEUS LIMA GRIPA"
4636;"***.956.313-**";"ISMAEL REIS RAMOS DE OLIVEIRA"
4637;"***.737.120-**";"PEDRO HENRIQUE SPLITT TAMBORENO"
4638;"***.967.195-**";"OLIVALDO SANTOS DE JESUS"
4639;"***.121.945-**";"JOSIEL NEGRAO BRITO PEREIRA"
4640;"***.772.640-**";"MARCOS QUELVI TRINDADE"
4641;"***.673.466-**";"ERICK RAYDAN BATISTA"
4642;"***.991.220-**";"KENNER SCHNEIDER MOERSCHBACHER"
4643;"***.680.429-**";"IGOR MARTINS DOS SANTOS"
4644;"***.493.088-**";"ALISSON AUGUSTO UTIMURA TORRES"
4645;"***.623.897-**";"EDUARDO GUIMARAES SOARES"
4646;"***.845.688-**";"GABRIEL VIANA ROSARIO"
4647;"***.473.737-**";"LUIZ GUSTAVO DOS SANTOS DE CARVALHO"
4648;"***.725.417-**";"WANDERSON GOMES BORGES"
4649;"***.819.195-**";"EDER FIGUEIREDO DA SILVA"
4650;"***.207.790-**";"MARCOS ANDRE WERLANG"
4651;"***.778.071-**";"WALDERSON NERIS DA SILVA"
4652;"***.090.018-**";"NICOLAS FIORITO FERREIRA MOURO BORBA"
4653;"***.269.736-**";"MARCUS VINICIUS DE ANDRADE ESMERIO FERNANDES"
4654;"***.822.312-**";"GEORGE ALMEIDA SILVA GALVAO"
4655;"***.036.277-**";"MARCELLO CORSINO STRAUCH"
4656;"***.772.451-**";"RODRIGO BONGIOLO SINQUINI"
4657;"***.052.317-**";"BRUNO LEAL DA SILVA"
4658;"***.362.756-**";"JORGE GUSTAVO DE OLIVEIRA TENORIO"
4659;"***.185.188-**";"RICARDO REGIANI"
4660;"***.823.917-**";"SUZANY DE ALCANTARA MENEZES"
4661;"***.925.397-**";"DANIEL DE MATTOS DA SILVA"
4662;"***.480.200-**";"GELSON LUIZ FERREIRA RODRIGUES"
4663;"***.288.006-**";"JOAO BATISTA DA SILVA LOPES"
4664;"***.364.220-**";"CLAUDIO GUND"
4665;"***.551.560-**";"GUSTAVO BACCIN SCARAMUSSA"
4666;"***.926.766-**";"RODRIGO FERNANDES"
4667;"***.099.250-**";"JERRI ADRIANE OLIVEIRA CESAR"
4668;"***.462.151-**";"EDUARDO DALLA NORA"
4669;"***.173.286-**";"GIORDANE HENRIQUE BORGES MURAD SOUZA"
4670;"***.661.377-**";"ARTHUR OLIVEIRA BARBOSA"
4671;"***.040.700-**";"MARCIO DA SILVA CARDOSO"
4672;"***.658.111-**";"BRUNO BAIAO CASTILHO"
4673;"***.004.787-**";"LEANDRO SOARES MARTINS"
4674;"***.764.216-**";"MARCELO DIAS MONTEIRO"
4675;"***.208.796-**";"DANIEL MARTINS DE FREITAS"
4676;"***.882.747-**";"FERNANDA DE SALES RODRIGUES"
4677;"***.068.226-**";"ANDRE RODRIGUES MONTICELI"
4678;"***.476.146-**";"ERICK BRIZON D ANGELO CHAIB"
4679;"***.616.414-**";"ANTONIO DE SOUZA"
4680;"***.500.174-**";"MANOEL NASCIMENTO BARBOSA"
4681;"***.550.895-**";"RICHARD MATOS DE SOUZA"
4682;"***.428.475-**";"ALMIR SANTANA DOS SANTOS"
4683;"***.752.158-**";"GRAZIELI BENEDETTI PASCOAL"
4684;"***.271.120-**";"RONALDO PIEROSAN"
4685;"***.612.851-**";"FELIPE RODOLFO DE CARVALHO"
4686;"***.141.247-**";"KAMILA ANDREATTA KLING DE MORAES"
4687;"***.556.026-**";"DANILA SOARES CAIXETA"
4688;"***.844.241-**";"ALEX NEVES JUNIOR"
4689;"***.165.171-**";"ANDREIA CRISTINA RODRIGUES TREVISAN"
4690;"***.787.046-**";"CLAUDIO VIEIRA DE ARAUJO"
4691;"***.381.791-**";"CRISTOVAO DOMINGOS DE ALMEIDA"
4692;"***.220.898-**";"ALEXANDRE CUNHA RIBEIRO"
4693;"***.632.771-**";"IVAN JULIO APOLONIO CALLEJAS"
4694;"***.599.436-**";"LAYLA MARIA CAMPOS ABURACHID"
4695;"***.958.220-**";"EDUARDO SCHNEID"
4696;"***.578.428-**";"THADEU SOBRAL DE SOUZA"
4697;"***.730.006-**";"LUIZ ALEXANDRE BARBOSA DE FREITAS"
4698;"***.848.650-**";"STELA REGINA FERRARINI"
4699;"***.836.088-**";"DANILO AUGUSTO DE ALBUQUERQUE ROSSETTI"
4700;"***.931.791-**";"EBERSON PAULO TREVISAN"
4701;"***.775.029-**";"ELAINE CRISTINA LENGOWSKI"
4702;"***.300.588-**";"EDUARDO BERALDO DE MORAIS"
4703;"***.748.721-**";"MARCELO LATTARULO CAMPOS"
4704;"***.711.228-**";"KATIANE MARA FERREIRA"
4705;"***.019.391-**";"JOSIEL MAIMONE DE FIGUEIREDO"
4706;"***.500.941-**";"GISELE FACHOLI BOMFIM"
4707;"***.636.484-**";"ROGERIO PEREIRA DE LIMA"
4708;"***.808.218-**";"RODRIGO JANUARIO DE SOUZA BATISTA"
4709;"***.255.698-**";"CLAUDEMIR MARIOTTI JUNIOR"
4710;"***.500.303-**";"TOBIAS SOUSA CAETANO"
4711;"***.714.473-**";"EVANDRO DA SILVA BARROS"
4712;"***.905.891-**";"LINCIO JUNIOR ASSUNCAO NOGUEIRA"
4713;"***.596.571-**";"JOVACI ALVES DE NOVAIS"
4714;"***.792.553-**";"MAURA IVONE ALVES DE JESUS SILVA"
4715;"***.907.936-**";"LUCAS TEOTONIO DE SOUZA"
4716;"***.920.941-**";"EDMUNDO EIKE VILELA UTINO"
4717;"***.090.936-**";"ADEILSON CARVALHO"
4718;"***.708.361-**";"ANIBAL MOREIRA JUNIOR"
4719;"***.482.076-**";"JULIANA MESQUITA BOTELHO"
4720;"***.316.324-**";"VIVIANE LANSKY XAVIER DE SOUZA LEAO"
4721;"***.925.620-**";"SERGIO LUIS MAY"
4722;"***.895.537-**";"LAIS BURITI DE BARROS"
4723;"***.462.660-**";"FERNANDA DA FONSECA PEREIRA"
4724;"***.826.314-**";"MICHELLE DE MEDEIROS MENDES"
4725;"***.943.634-**";"GUSTAVO BRUNO DE FREITAS PAULO"
4726;"***.526.266-**";"LUCI APARECIDA SOUZA BORGES DE FARIA"
4727;"***.640.847-**";"RICARDO JORGENSEN CASSELLA"
4728;"***.298.868-**";"FRANCISCO DE ASSIS PALHARINI"
4729;"***.817.017-**";"PATRICIA VERONICA DOS SANTOS DE OLIVEIRA"
4730;"***.689.337-**";"THAMMY RAYSA VIEIRA VELOZO"
4731;"***.907.107-**";"ANTONIO DE SOUZA BOECHAT"
4732;"***.143.747-**";"ELISANGELA SANTOS DA ROCHA"
4733;"***.072.247-**";"FRANCISCO MONTEIRO DE SOUZA NETO"
4734;"***.007.607-**";"ALESSANDRO SOBRAL DE MORAIS"
4735;"***.049.906-**";"ROBERTO CARLOS COSTA LELIS"
4736;"***.496.877-**";"LUIZ ANTUNES DE SA FILHO"
4737;"***.240.107-**";"DANIEL RIBEIRO DA SILVA"
4738;"***.443.038-**";"LAERCIO JAVAREZ JUNIOR"
4739;"***.732.689-**";"SIMONE CROCETTI"
4740;"***.503.509-**";"ARTHUR AUGUSTO ALVES FERREIRA"
4741;"***.079.731-**";"CELIJANE ELOI DO NASCIMENTO SILVA"
4742;"***.689.005-**";"WILLAME ARGOLO OLIVEIRA"
4743;"***.912.401-**";"ALVARO AUGUSTO GOMES"
4744;"***.361.533-**";"JOSE PEREIRA BARROS"
4745;"***.664.709-**";"JORGE ABRAHIM"
4746;"***.131.419-**";"MARK TOLLEMACHE"
4747;"***.854.049-**";"JOSE NAZARE DA SILVA FILHO"
4748;"***.427.398-**";"WYLLIANS VERISSIMO DA SILVA"
4749;"***.048.715-**";"MARCELO DOS SANTOS RIBEIRO"
4750;"***.221.052-**";"ANTONIO DE JESUS BARRA DE CARVALHO"
4751;"***.493.626-**";"ROGERIO FONSECA SILVA"
4752;"***.363.711-**";"FERNANDO ALVES LEMOS JUNIOR"
4753;"***.161.734-**";"FRANCISCO DAS CHAGAS ARAUJO DIAS"
4754;"***.348.084-**";"ALVARO DE ASSIS XIMENES"
4755;"***.625.292-**";"CESAR PAUXIS URBANO ABEN ATHAR"
4756;"***.037.730-**";"MARCUS VINICIUS BLUMBERG TAVARES"
4757;"***.261.720-**";"LUCIANO LUCAS PEREIRA"
4758;"***.897.940-**";"RODRIGO PROVENZANO GRISA"
4759;"***.103.374-**";"PEDRO HENRIQUE DA SILVA CORREIA"
4760;"***.041.401-**";"FERNANDO JOSE DO PRADO"
4761;"***.689.957-**";"JOEL MAGNO DO CARMO GUEDES"
4762;"***.129.659-**";"ADRIANO XAVIER ARAUJO"
4763;"***.103.378-**";"ELBIO GONCALVES"
4764;"***.496.903-**";"IURI HUMBERTO DA SILVA PETRUS"
4765;"***.702.603-**";"AMERICO JOVINO DA SILVA NETO"
4766;"***.042.077-**";"HIGOR VIEIRA DE SOUZA"
4767;"***.448.497-**";"JOSE CARLOS DE OLIVEIRA COSTA"
4768;"***.195.681-**";"GRACIELA MACHADO"
4769;"***.561.702-**";"NACHY HANG OLIVEIRA CHIANG"
4770;"***.824.411-**";"JORGE LUIZ VERAS DE CALDAS BRITO"
4771;"***.170.822-**";"FAUZE ACHCAR CHELALA"
4772;"***.020.413-**";"ANTONIO ANSELMO SILVA DE SOUZA"
4773;"***.206.601-**";"ALINE FERNANDES DAS CHAGAS"
4774;"***.857.894-**";"HUGO PAIVA TAVARES DE SOUZA"
4775;"***.189.702-**";"REGINALDO D OLIVEIRA PINHEIRO LOPES"
4776;"***.681.507-**";"CARLOS SANTOS"
4777;"***.174.041-**";"ANDREA CAMBRAIA VIDAL"
4778;"***.102.800-**";"ANA MARIA BARRETO DOS SANTOS MARIA"
4779;"***.845.861-**";"JOSE CARLOS RODRIGUES"
4780;"***.953.232-**";"DELCIO TRINDADE TELES"
4781;"***.460.415-**";"FABIO BITTI LEAL"
4782;"***.729.900-**";"DOUGLAS CORDEIRO DE ABREU"
4783;"***.742.150-**";"ADRIANO BERETA PEREIRA"
4784;"***.802.053-**";"URBANILSON DA SILVA XAVIER"
4785;"***.045.451-**";"BRUNO CAMPOS RAMOS"
4786;"***.330.397-**";"MARCO ANTONIO FERREIRA CAMPOS"
4787;"***.702.893-**";"JANEIL LUSTOSA DE OLIVEIRA"
4788;"***.281.056-**";"MONICA MARIA VAZ"
4789;"***.720.274-**";"VITOR HUGO FERNANDES DE VASCONCELOS"
4790;"***.526.501-**";"SIMONE NUNES FONSECA"
4791;"***.221.631-**";"ROGERIO DE OLIVEIRA COSTA"
4792;"***.504.363-**";"FERNANDO CELA PINTO"
4793;"***.621.798-**";"FLAVIA LOPES BERTIER"
4794;"***.114.384-**";"ELY ENEAS FLORENTINO DE SOUSA"
4795;"***.416.721-**";"ROMARIO ROBSON PORTO COSTA"
4796;"***.808.991-**";"BRENO ANDRE PEREIRA LOPES BISPO"
4797;"***.735.411-**";"ELIZABETH FERREIRA LEMES DA SILVA"
4798;"***.413.971-**";"DIEGO MELO DE SOUZA"
4799;"***.274.921-**";"SANDER MAEDA GARBIN"
4800;"***.950.860-**";"LEONARDO DA PORCIUNCULA MACHADO"
4801;"***.273.660-**";"TEO FAGUNDES MOURA"
4802;"***.334.980-**";"JOAO PEDRO ALVES MARTINS"
4803;"***.398.610-**";"FLAVIA CARDONA GONCALVES"
4804;"***.213.020-**";"MIRNA LOURENCO ROSA"
4805;"***.728.900-**";"RAFAEL GUEDES HENN"
4806;"***.018.090-**";"FELIPE GAMA RAD"
4807;"***.060.680-**";"EVERTON FELIPE PEREIRA DOS REIS"
4808;"***.385.420-**";"PAULO ROBERTO WELTER"
4809;"***.793.130-**";"LUCIA HELENA GOSTINSKI ROMERO"
4810;"***.083.070-**";"FABIANE BARBOSA LOPES"
4811;"***.477.700-**";"CLAUDIO FETTER FURTADO"
4812;"***.415.610-**";"ARI SERGIO RIBAS SILVA"
4813;"***.309.950-**";"ISABEL TAIS DA SILVA MOREIRA"
4814;"***.030.710-**";"REGIS GUILHERME BEDUHN LUCKOW"
4815;"***.733.550-**";"MARCIO RUBEM MACULAN SALIN"
4816;"***.434.654-**";"ALEXEY MOURA MOTA"
4817;"***.370.851-**";"EVANDE PRAXEDES DA SILVA"
4818;"***.931.172-**";"ANDRESSA FABIANE FRATA DE ARAUJO"
4819;"***.526.162-**";"LUIZ ANTONIO JOSE CASTELLAR COCHI"
4820;"***.058.672-**";"HIGOR NOBRE DOS SANTOS"
4821;"***.970.232-**";"IONICE PORFILIA DA CRUZ ARAUJO"
4822;"***.275.982-**";"MARCO ANTONIO SAMPAIO CORREA"
4823;"***.832.635-**";"MARCOS CORREIA PEREIRA"
4824;"***.872.345-**";"THALLES DA COSTA LOBE PEREIRA"
4825;"***.183.155-**";"WILLIAM MOACIR DETHLING"
4826;"***.637.975-**";"EMANOEL JOSE ANDRADE DE SANTANA"
4827;"***.309.115-**";"SIDNEY DA SILVA CEDRAZ"
4828;"***.987.465-**";"RONIELTON FREITAS DA SILVA E SILVA"
4829;"***.688.425-**";"FLAVIO DA SILVA CARNEIRO"
4830;"***.842.465-**";"MISAEL MATOS SANTANA"
4831;"***.158.595-**";"CLEBSON SANTOS DE BRITO"
4832;"***.341.935-**";"ALAN JONES BRITO DOS SANTOS"
4833;"***.926.605-**";"JULIANA LAGO DE BARROS"
4834;"***.844.084-**";"AGEU HESRONE BEZERRIL"
4835;"***.940.021-**";"JOSE TADEU GONCALVES"
4836;"***.096.933-**";"ZILMAR ALVES FERREIRA"
4837;"***.154.393-**";"CAROLINE BARROS DINIZ"
4838;"***.432.713-**";"CIRO JOSE SOUSA GOMES"
4839;"***.137.332-**";"ALEXANDRE CARLOS SASSIM NETO"
4840;"***.406.922-**";"OLAILSON DE SOUZA XAVIER JUNIOR"
4841;"***.942.792-**";"TATYELLE FERNANDA DA SILVA FELIX"
4842;"***.499.542-**";"DINEI MARTINS FREIRE"
4843;"***.564.439-**";"ERLETE LUIZA SCHECHELI"
4844;"***.891.048-**";"FABIO FUJIMOTO"
4845;"***.308.073-**";"REGINALDO MANOEL NETO"
4846;"***.685.763-**";"RAFAEL DE ARAUJO COSTA"
4847;"***.718.983-**";"RANIERI FERREIRA LEITE"
4848;"***.191.203-**";"SEVERINO FERREIRA LIMA"
4849;"***.129.707-**";"CATHARINA COUTINHO CHAVES GONCALVES SILVA"
4850;"***.614.947-**";"GERALDO LOUZA DA VEIGA"
4851;"***.271.676-**";"RHANDERSON LUIZ SOARES GOMES"
4852;"***.656.994-**";"QUINTILA GARCIA SANTOS"
4853;"***.563.524-**";"FRANCISCO CARLOS FELIX DA SILVA"
4854;"***.182.032-**";"FAGNA RAMOS CAVALCANTE"
4855;"***.486.691-**";"PAULO ROBERTO SEGATO"
4856;"***.953.551-**";"ANDERSON YUTAKA KURAHASHI DO NASCIMENTO NAKAI"
4857;"***.005.056-**";"ISA EUGENIA FERREIRA SILVA"
4858;"***.483.698-**";"LAERCIO AMADEU TEIXEIRA"
4859;"***.198.258-**";"EVERTON RAMOS PIRES CANDIDO"
4860;"***.788.758-**";"JUAN ESTEVAM WRUCK"
4861;"***.076.738-**";"THALITA CAMPEIRO FERREIRA LEAL"
4862;"***.502.498-**";"WAGNER SOUSA GOMES"
4863;"***.629.308-**";"FLAVIO OLIVEIRA FONTES LOPES"
4864;"***.826.788-**";"BRUNO GARKAUSKAS RAMOS"
4865;"***.820.458-**";"CAROLINA GABRIELA DE MESQUITA"
4866;"***.310.458-**";"MICHELE VIRIATO GONCALVES DE AZEVEDO"
4867;"***.312.108-**";"MARIA CECILIA ANDRADE MEIRELLES"
4868;"***.555.568-**";"THIAGO TELES BRANDAO FERREIRA"
4869;"***.815.758-**";"JONATHAN QUARTAROLO"
4870;"***.132.368-**";"JAIRO DIAS HOLANDA"
4871;"***.910.638-**";"ENI SOARES DOS SANTOS"
4872;"***.553.238-**";"CARLOS HENRIQUE SANTA"
4873;"***.510.498-**";"MAURICIO ARNALDO ANDRADE ASSIS"
4874;"***.864.478-**";"KELLY OLIVEIRA QUIRINO DOS SANTOS"
4875;"***.906.028-**";"ANSELMO AUGUSTO"
4876;"***.798.590-**";"RAFAEL ROSA VASCONCELOS"
4877;"***.902.128-**";"HELLEN ALMEIDA MELO"
4878;"***.032.706-**";"FABRICIO VIEIRA BONFIM"
4879;"***.978.436-**";"DOUGLAS FERREIRA DE ALMEIDA"
4880;"***.355.946-**";"VITOR JUNIO DIAS"
4881;"***.070.575-**";"LAIS FERNANDES ALVES NOLASCO"
4882;"***.951.886-**";"RAFAEL BATISTA SILVA"
4883;"***.971.416-**";"DIEGO AIALA LOPES RESENDE"
4884;"***.387.549-**";"LETICIA BEATRIZ DE OLIVEIRA GUERRA"
4885;"***.215.204-**";"PALOMA RODRIGUES PARENTE"
4886;"***.819.424-**";"LUIZ BARBOSA DA SILVA NETO"
4887;"***.995.434-**";"IGOR GOMES LIVERA REYES"
4888;"***.907.949-**";"CAROLINA ROSA REIS"
4889;"***.405.279-**";"FELIPE ROSA REISER"
4890;"***.670.129-**";"JOAO VALMIR NEITZEL"
4891;"***.121.588-**";"EVANDRO ARAUJO DE SOUSA"
4892;"***.436.369-**";"AMANDA SUSSENBACH PEREIRA"
4893;"***.176.129-**";"JAIME NETO ROSA"
4894;"***.099.229-**";"SARA DOS SANTOS RODRIGUES"
4895;"***.758.830-**";"VITOR HUGO APPOLINARIO DA SILVA"
4896;"***.641.873-**";"SERGIO SIMAO DOS SANTOS"
4897;"***.366.243-**";"ELANE RODRIGUES ROSSAS"
4898;"***.037.653-**";"LUIZ ALBERTO CHAVES TAVARES"
4899;"***.817.471-**";"MANOEL BATISTA COSTA"
4900;"***.297.037-**";"ALINE REZENDE CARVALHO MANZUETO"
4901;"***.594.997-**";"MARCELO DOS ANJOS DE SOUSA"
4902;"***.330.137-**";"JACILETE CARNEIRO DO NASCIMENTO"
4903;"***.931.491-**";"JACQUELINE RAMOS SILVA CARRIJO"
4904;"***.137.442-**";"ATILIO DA COSTA LIMAS"
4905;"***.370.291-**";"MARCELO VASCONCELOS DA SILVA"
4906;"***.061.661-**";"SIGMAR GONCALVES DA SILVA"
4907;"***.383.038-**";"ROBERTO BUENO FONTANA"
4908;"***.724.452-**";"WILDSON BRAGA SANTOS"
4909;"***.176.693-**";"FABIOLA SOARES CAMARA DE OLIVEIRA"
4910;"***.711.430-**";"JULIO CEZAR PEREIRA BRONDANI"
4911;"***.080.314-**";"MARA RAQUEL DE SOUSA FREITAS"
4912;"***.501.901-**";"SIMONE HADDAD MELO COSTA"
4913;"***.239.021-**";"HELMA DE SOUZA ALMEIDA DE OLIVEIRA"
4914;"***.962.435-**";"MANOEL SERRA DE ARAGAO"
4915;"***.071.519-**";"JOSE PEREIRA DE BARROS"
4916;"***.488.600-**";"CUSTODIO SIMONETTI"
4917;"***.381.994-**";"GERALDO MAGALHAES DOS ANJOS FILHO"
4918;"***.569.752-**";"ALAIN CANDIDO DA COSTA"
4919;"***.153.585-**";"MARCUS VINICIUS RAPOSO"
4920;"***.269.115-**";"HELIO MOTA HIGINO"
4921;"***.838.755-**";"MARINEUSA ARAUJO SILVA"
4922;"***.681.991-**";"PRISCILLA NOGUEIRA CAVALCANTE PACHECO"
4923;"***.787.656-**";"ANTONIO ROMUALDO CORDEIRO"
4924;"***.804.517-**";"RODRIGO DE SOUZA ALVES"
4925;"***.039.361-**";"TIAGO SOARES BENTO"
4926;"***.166.266-**";"CHARLES JOSE DE OLIVEIRA"
4927;"***.532.497-**";"CARLO GOULART GALLO PECCA"
4928;"***.261.777-**";"CARLOS ALEXANDRE IGUATEMY BARBEDO"
4929;"***.265.267-**";"HEITOR DOS SANTOS SABBATINO DA SILVA"
4930;"***.117.857-**";"BRUNO DOS SANTOS FIGUEIREDO"
4931;"***.335.147-**";"FELIPE DA COSTA FONSECA"
4932;"***.464.377-**";"PEDRO PAULO WOOD DA CRUZ"
4933;"***.707.237-**";"NATHAN RODRIGUES RIBEIRO"
4934;"***.038.767-**";"THIAGO DA SILVA RAMOS"
4935;"***.385.267-**";"LUCIANA SILVA FREITAS"
4936;"***.458.136-**";"JHONI BUENO DA CRUZ"
4937;"***.179.258-**";"VICTOR CARVALHO PARREIRA"
4938;"***.737.467-**";"LUCAS MAIA CARVALHO DE ALMEIDA"
4939;"***.426.780-**";"ANDERSON SADI BARBOSA ALMEIDA"
4940;"***.756.190-**";"DOUGLAS FERNANDES DESCONZI"
4941;"***.598.719-**";"JOEL JOSE DA SILVA JUNIOR"
4942;"***.218.133-**";"JOSE RIBEIRO FILHO"
4943;"***.555.283-**";"MATHEUS NUNES ROCHA DOS SANTOS"
4944;"***.175.210-**";"RODRIGO AGLIARDI DE OLIVEIRA"
4945;"***.274.698-**";"BRUNO CARDOSO PIO"
4946;"***.240.986-**";"OZIEL ANTONIO DA SILVA"
4947;"***.798.266-**";"EMMANUEL MOREIRA LOPES"
4948;"***.106.903-**";"LEANDRO CORDEIRO DE SOUSA"
4949;"***.903.261-**";"ANDRE MARIANO RANGEL DE OLIVEIRA"
4950;"***.865.306-**";"EDIMAR LUIZ DE SOUZA"
4951;"***.102.177-**";"BRUNO BANAR ALVES"
4952;"***.369.378-**";"VINICIUS LUIS PALUDETO"
4953;"***.777.200-**";"RODRIGO RUBINI"
4954;"***.038.217-**";"THIAGO NASCIMENTO COUTO"
4955;"***.172.056-**";"CLAUDIO MARCIO DOS SANTOS"
4956;"***.084.487-**";"WALTER AUGUSTO MANHAES DOS SANTOS"
4957;"***.982.037-**";"MICAELA GOMES CORDEIRO BARBOSA"
4958;"***.294.318-**";"GABRIEL SOUZA CUSTODIO"
4959;"***.565.048-**";"RAFAEL MARTINS LEMES"
4960;"***.965.203-**";"BRUNO GOMES DE PAIVA"
4961;"***.538.951-**";"ANTONIO JOSE BARCELOS NETO"
4962;"***.756.696-**";"MARIO LUCIO DE SOUZA JUNIOR"
4963;"***.441.906-**";"RAPHAEL NUNES MIRANDA"
4964;"***.607.083-**";"PETRUS AQUILES RESENDE SOARES"
4965;"***.672.603-**";"SAMIR MAIA SILVEIRA"
4966;"***.656.137-**";"MIKE MEDEIROS DIAS XAVIER"
4967;"***.479.729-**";"GUILHERME HENRIQUE GONZATO WEIDLICH"
4968;"***.560.906-**";"ULISSES GAUDIO MARTINS FRONTZEK"
4969;"***.832.676-**";"VICTOR GONCALVES SANTOS"
4970;"***.012.559-**";"FAUZI BUGENSKI"
4971;"***.779.538-**";"ITALO PAIVA JARDIM"
4972;"***.604.117-**";"TARSO PRADO PAIVA"
4973;"***.481.551-**";"OSVALDO AYRES NEGRAO JUNIOR"
4974;"***.652.727-**";"ERNANI MARCELO PRUDENCIO MONTEIRO"
4975;"***.713.471-**";"MARIANA SOUSA SILVA"
4976;"***.990.551-**";"SIMONE ANTUNES CRISTOVAO LIOTTI"
4977;"***.994.250-**";"BRUNO BRASIL FRIGI"
4978;"***.249.546-**";"LEONARDO TAVARES CUNHA"
4979;"***.056.776-**";"ADRYAN VITOR DORNELAS PEREIRA"
4980;"***.248.116-**";"IVAM ALVES MARTINS"
4981;"***.467.760-**";"RAFAEL PIRES DE BARCELLOS"
4982;"***.415.100-**";"EVANDRO VARGAS DA SILVA"
4983;"***.450.657-**";"JULIO FAGUNDES BRUSCHI"
4984;"***.610.140-**";"FABRICIO SANGER DA SILVA"
4985;"***.373.736-**";"FABIO SILVA KELMER"
4986;"***.694.500-**";"DIEGO DE BORBA NASCIMENTO"
4987;"***.494.233-**";"FELIPE SOUZA MESQUITA"
4988;"***.010.520-**";"JHENIFER FLORES MARTINS"
4989;"***.275.800-**";"PAULO RENATO ANTUNES DOS SANTOS"
4990;"***.546.016-**";"ANDRE LUIZ TERTULIANO DOS SANTOS"
4991;"***.166.081-**";"GIVANILDO CORREA SILVA"
4992;"***.397.307-**";"MARCUS PAULO VELOZO"
4993;"***.510.459-**";"LUIZ FILIPE DA ROCHA"
4994;"***.985.774-**";"MARCOS SUEL BARBOSA DA SILVA"
4995;"***.934.352-**";"JOSE CARLOS CARDOSO VINAGRE"
4996;"***.881.032-**";"JUAREZ NUNES DE ALMEIDA"
4997;"***.339.307-**";"GABRIEL GUIMARAES MONTEIRO SIQUEIRA"
4998;"***.680.624-**";"MANOEL QUEIROZ DE LIMA"
4999;"***.486.857-**";"DIEGO VINICIUS PINTO SANCHES"
5000;"***.863.586-**";"CLAUDIA GOMES FRANCA"
5001;"***.843.576-**";"FLAVIO JOSE DE ARAUJO MATEUS"
5002;"***.601.377-**";"NATALIA BRAGA DE OLIVEIRA"
5003;"***.290.656-**";"WESLEY ROEL DUTRA"
5004;"***.233.928-**";"ERNESTO ABEL FERNANDO FRIEDMANN PALLAROLAS"
5005;"***.997.031-**";"JORGE LUIS RODRIGUEZ PEREZ"
5006;"***.523.081-**";"MARINA FARIAS DE ARAUJO"
5007;"***.319.910-**";"DIOGO LEINDECKER STUMM"
5008;"***.178.165-**";"JOAO MARCELO MORAES FERNANDES"
5009;"***.544.404-**";"SEVERINO FERREIRA DA SILVA"
5010;"***.435.301-**";"LAUCE NORIYO DE MORAES NOZAKI"
5011;"***.851.221-**";"POLIANA CRISTINA MENDONCA FREIRE"
5012;"***.756.798-**";"ANGELA SAYURI MORIKAWA DE FREITAS"
5013;"***.521.448-**";"DANILO ALVES DE JESUS"
5014;"***.251.398-**";"LUIZ HENRIQUE TOSCHI MESCHIATTI"
5015;"***.343.213-**";"DANILO BOTELHO COSTA"
5016;"***.892.983-**";"MARCOS VIVIAN DA ROCHA TOLENTINO"
5017;"***.536.523-**";"SUZIANY DA SILVA LEITE"
5018;"***.179.460-**";"TIAGO ROSSATO MURARO"
5019;"***.795.991-**";"DIOGO CARVALHO DOS SANTOS"
5020;"***.980.791-**";"RONALDO VASCONCELOS DA SILVA"
5021;"***.815.441-**";"GUNTEMBERG PEREIRA OLIVEIRA"
5022;"***.484.431-**";"RONNIE PETERSON PITALUGA DE GODOI"
5023;"***.631.680-**";"MONICA NUNES NEVES"
5024;"***.910.479-**";"ALANA ZAMONER SBARAINI"
5025;"***.699.791-**";"SERGIO ANTONIO RIBEIRO DE CARVALHO JUNIOR"
5026;"***.616.861-**";"LUCIENE CANDIDA FERREIRA"
5027;"***.136.571-**";"AMAURY JOAQUIM DE FARIAS"
5028;"***.717.356-**";"ALAN GABRIEL FERNANDES"
5029;"***.411.638-**";"ARIENE CRISTINA DIAS GUIMARAES"
5030;"***.367.574-**";"FERNANDO WESLEY CAVALCANTI DE ARAUJO"
5031;"***.395.739-**";"FERNANDA CRISTINA DE SOUZA"
5032;"***.519.710-**";"JULIO CESAR MODESTO DA SILVA"
5033;"***.122.907-**";"ALESSANDRA DA SILVA PEREIRA"
5034;"***.536.909-**";"SERGIO MICHELOTTO BRAGA"
5035;"***.158.547-**";"NATALIA BARBOSA DA SILVA"
5036;"***.146.037-**";"FABIANA SANTOS RODRIGUES ARAUJO"
5037;"***.352.027-**";"FLAVIA BRAGA VIEIRA"
5038;"***.639.108-**";"VINICIUS PIMENTEL SILVA"
5039;"***.444.029-**";"EVERALDO ZONTA"
5040;"***.232.529-**";"ANTONIO CARLOS SOARES"
5041;"***.948.057-**";"RAPHAEL IORIO FILHO"
5042;"***.742.201-**";"ANDERSON RICARDO FERNANDES DA CUNHA"
5043;"***.101.037-**";"CESAR AUGUSTO MANHAES BASTOS"
5044;"***.391.651-**";"GABRIEL DOMINGOS DA COSTA"
5045;"***.323.801-**";"EZEQUIEL BESERRA DA SILVA"
5046;"***.969.521-**";"ROBERLANDIO ALVES DO NASCIMENTO"
5047;"***.790.932-**";"FELIPE OLIVEIRA PIRES"
5048;"***.268.429-**";"RAFAEL MALNATI ROSA LIMA"
5049;"***.511.329-**";"ALEXANDRE DE FREITAS"
5050;"***.133.712-**";"MARIA IRANILDE PINHEIRO VARGAS"
5051;"***.387.207-**";"LUIZ ROBERTO DUARTE"
5052;"***.336.040-**";"CARLA FABRA GARCIA"
5053;"***.212.224-**";"NIVALDO AUGUSTO PEREIRA"
5054;"***.375.504-**";"MARCOS HENRIQUE FREITAS CAVALCANTE"
5055;"***.408.732-**";"ZENILDA ALVES DE ALMEIDA FONSECA"
5056;"***.867.893-**";"MIGUEL ARCENIO GALENO"
5057;"***.187.742-**";"BENEDITO BARROS CALDAS"
5058;"***.804.607-**";"AGOSTINHO GOMES CASCARDO JUNIOR"
5059;"***.703.081-**";"ANIRA JORGE DA CUNHA"
5060;"***.919.247-**";"PEDRO PALMISCIANO BEDE"
5061;"***.320.963-**";"CARLOS ALBERTO DA ROCHA PEREIRA"
5062;"***.415.857-**";"LEANDRO ALVES DA SILVA"
5063;"***.357.977-**";"MARCELO MATTOS TAVARES"
5064;"***.178.207-**";"CARLOS EDUARDO DUTRA GUILHERME"
5065;"***.395.384-**";"JOSE RONALDO REGO BASTOS"
5066;"***.973.244-**";"ALEXANDRE JOSE LESSA"
5067;"***.235.361-**";"LUCAS DI SABOIA BASTOS"
5068;"***.575.399-**";"SANDER OENNING"
5069;"***.608.729-**";"CECILIA MARIA HENRIQUE"
5070;"***.498.388-**";"BRUNO BERNARDO"
5071;"***.631.428-**";"LEONARDO ROSA CARNEIRO"
5072;"***.178.187-**";"VANDER DE LIMA"
5073;"***.254.854-**";"THIAGO HENRIQUE SILVA ANDRADE"
5074;"***.781.720-**";"ANDRE ESPINDULA DE SOUZA"
5075;"***.743.012-**";"RICARDO ALEXANDRE RODRIGUES DA COSTA"
5076;"***.720.501-**";"ANA CLAUDIA BASTOS DE ANDRADE"
5077;"***.626.503-**";"JOSE DE ARIMATEIA AMORIM DA SILVEIRA"
5078;"***.448.416-**";"LUIS CLAUDIO DE SOUSA"
5079;"***.740.056-**";"JOAO ALVES RIBEIRO"
5080;"***.788.178-**";"JOSE MAURICIO VIVEIROS DE FREITAS"
5081;"***.514.100-**";"UBIRATAN DE FREITAS"
5082;"***.081.686-**";"MARCELINO MELO SANTOS"
5083;"***.002.199-**";"AGUINALDO APARECIDO CALESSO"
5084;"***.664.587-**";"JORGE LUIZ SILVA RAPOSO"
5085;"***.959.649-**";"TITO LIVIO DA LUZ STELMACHUK"
5086;"***.454.896-**";"MARCIO FERREIRA DA COSTA"
5087;"***.524.291-**";"JOSE MACHADO DE OLIVEIRA"
5088;"***.249.752-**";"SILVANIA DA COSTA CASTRO"
5089;"***.280.207-**";"JOAO PIRES DA SILVA"
5090;"***.975.609-**";"FELIPE WEBER"
5091;"***.598.010-**";"EDUARDO DA LUZ LOPES"
5092;"***.760.801-**";"CLEMILTON FIRMINO DE MACEDO"
5093;"***.347.488-**";"IGOR DE BRITO SILVA"
5094;"***.378.993-**";"SIMONE KASSIA DE MOURA SOUSA"
5095;"***.148.259-**";"ALLYNE MAYUMI RODOLFO"
5096;"***.969.188-**";"ARTHUR HENRIQUE SAKAMOTO"
5097;"***.426.046-**";"FERNANDA DE BARROS BOAVENTURA"
5098;"***.706.842-**";"BRUNO RAFAEL MIRANDA MATOS"
5099;"***.120.319-**";"ROGERIO JOSE FLORENZANO JUNIOR"
5100;"***.913.396-**";"ROBSON LUIS BUENO VIEIRA"
5101;"***.201.607-**";"JOSE LUIZ MOSE FERREIRA"
5102;"***.983.451-**";"MAYKON DOUGLAS MOREIRA QUIRINO"
5103;"***.204.061-**";"MATHEUS ALVES DO VALE"
5104;"***.607.481-**";"ISABELLA RODRIGUES OLIVEIRA DE SOUSA"
5105;"***.043.581-**";"TULIO CARNEIRO MARTINS"
5106;"***.119.788-**";"FERNANDA MAGRI TORRES"
5107;"***.841.921-**";"ANDRE FELLIPE FERREIRA"
5108;"***.030.111-**";"ISABELA GRAMACHO TAVEIRA"
5109;"***.735.921-**";"CARLOS ALFREDO GONCALVES LODI"
5110;"***.007.421-**";"LUCIANO DE LIMA GUIMARAES"
5111;"***.739.071-**";"THIAGO RODRIGUES CAMARGOS"
5112;"***.430.211-**";"IGNACIO CONCEPCION PAEZ JUNIOR"
5113;"***.266.401-**";"ALINE TERRA PUORRO SOTTORIVA"
5114;"***.429.061-**";"JULIANE ARAUJO DE SOUZA"
5115;"***.267.361-**";"THAISSA MARIANE MIRANDA SANTOS"
5116;"***.037.401-**";"FRANCISCO CARLOS MARIANO"
5117;"***.532.271-**";"KLEYTON CORREA DOS SANTOS"
5118;"***.365.430-**";"FLAVIO ANTONIO FREIRE DA ROSA"
5119;"***.472.460-**";"CARLA HELENARA RODRIGUES MEDEIROS"
5120;"***.743.480-**";"RUBENS JOSUE BRIGNOL GUIMARAES"
5121;"***.197.900-**";"LUCAS EDUARDO DORNELLES"
5122;"***.618.120-**";"FERNANDA JESKE RICHTER"
5123;"***.966.530-**";"CAROLINA REKOWSKY LOPES"
5124;"***.177.509-**";"BRUNO FREITAS DA SILVA"
5125;"***.151.410-**";"TATIANE FORTES PEREIRA"
5126;"***.276.910-**";"SUELEN FUQUES SEVERO"
5127;"***.238.690-**";"BRUNO CARPES FANTIN"
5128;"***.989.270-**";"ALEXANDRO ALVES CARVALHO"
5129;"***.924.564-**";"ROSELY LUCIO DA SILVA"
5130;"***.652.504-**";"KLEITON DOS SANTOS MARTINS"
5131;"***.369.182-**";"SERGIO MARQUES DA SILVA"
5132;"***.765.972-**";"GENIANE TRINDADE RIBEIRO"
5133;"***.329.112-**";"BRINE BARROS SIQUEIRA"
5134;"***.952.802-**";"FRED ANGELO MARTINS CRUZ"
5135;"***.166.005-**";"ANANDA CARVALHO DE OLIVEIRA"
5136;"***.539.285-**";"SABRINA MIRANDA DE ARAUJO SOUZA"
5137;"***.100.855-**";"ANDRE MATHEUS ALBUQUERQUE FONTES MENEZES"
5138;"***.908.025-**";"TIAGO VINICIUS SOARES DE JESUS ANUNCIACAO"
5139;"***.212.095-**";"DIEGO SOUSA DIAS DOS SANTOS"
5140;"***.208.015-**";"FABIANA MIRANDA BRAGA LEITE"
5141;"***.297.275-**";"JOSE CARLOS PALMEIRA DE TEIVE E ARGOLO"
5142;"***.568.975-**";"DIEGO GOMES PEREIRA"
5143;"***.692.205-**";"DAMARES SILVA SANTOS"
5144;"***.613.508-**";"HELDER DO NASCIMENTO PAIVA"
5145;"***.426.405-**";"LUIS ANTONIO COSTA ALVES"
5146;"***.864.485-**";"HUGO PORTO SANTOS"
5147;"***.504.195-**";"RENILDA NASCIMENTO"
5148;"***.616.365-**";"MARCIO SIDNEY SANTOS SOUZA"
5149;"***.512.725-**";"MANASSES HEBERT SILVA MAIA"
5150;"***.026.624-**";"HELLEN REGINA GUIMARAES DA SILVA"
5151;"***.025.005-**";"EVERLY FRANCIELI OLDONI"
5152;"***.281.155-**";"LUVIK ARMANI SCHIMITEL"
5153;"***.862.635-**";"FERNANDO OLIVEIRA NASCIMENTO"
5154;"***.435.225-**";"KEZIA SUANE NEVES DA SILVA"
5155;"***.886.295-**";"GEOVANA BITENCOURT DA PAZ ROCHA"
5156;"***.674.838-**";"HELIO ALVES DOS SANTOS"
5157;"***.814.595-**";"ALBERICO DE SOUZA FREITAS"
5158;"***.594.385-**";"LARA DE SOUSA MARQUES"
5159;"***.758.505-**";"EDIVALDO BORGES DE SANT ANNA JUNIOR"
5160;"***.106.904-**";"KLENIO FIGUEIREDO MORAIS"
5161;"***.888.252-**";"SEBASTIAO JUNIOR DA CUNHA ALBUQUERQUE"
5162;"***.579.552-**";"ANA BEATRIZ ALENCAR DE CARVALHO"
5163;"***.652.532-**";"MARIA DE FATIMA DOS SANTOS DA SILVA"
5164;"***.734.187-**";"JOSIANE FRANQUINE TATAGIBA"
5165;"***.776.487-**";"LORENA RODRIGUES NEGREIROS"
5166;"***.255.163-**";"FABIO ROGERIO PINTO"
5167;"***.146.033-**";"MIQUEIAS CONCEICAO LIMA"
5168;"***.256.663-**";"BRENDA OHANA NUNES SOUSA"
5169;"***.770.963-**";"RODRIGO SANTOS PEIXOTO"
5170;"***.532.222-**";"FRANKLIN SANTOS COUTRIM"
5171;"***.560.053-**";"ELCYLENE MENDES RODRIGUES"
5172;"***.020.503-**";"DINAEL GOMES DA SILVA"
5173;"***.015.313-**";"RAFAEL DE OLIVEIRA DOMINGUES"
5174;"***.656.563-**";"HELLEN DE AMORIM MENESES"
5175;"***.706.232-**";"LEONARDO DOS REIS OLIVEIRA"
5176;"***.628.272-**";"GLAUCI MARIA COSTA DA SILVA"
5177;"***.207.152-**";"DANILO DIAS GOES"
5178;"***.380.869-**";"CHRISTIAN DAVID PEREIRA PRESTES"
5179;"***.987.849-**";"ELIZABETE ZENATO ROCHA"
5180;"***.358.809-**";"MARCO AURELIO FERRAZ DOS SANTOS"
5181;"***.972.639-**";"RAFAEL DE CASTRO FRANCISQUINI"
5182;"***.231.358-**";"AUGUSTO DOS SANTOS PEREIRA"
5183;"***.463.699-**";"ADISON TULIO AYRES DO NASCIMENTO"
5184;"***.854.759-**";"MARCELO BERWANGER"
5185;"***.762.171-**";"ANA CLAUDIA FERREIRA GUERRA"
5186;"***.389.273-**";"GEORGE GOMES MARTINS"
5187;"***.253.963-**";"ENYERE VIVIANE DO NASCIMENTO OLIVEIRA SILVA"
5188;"***.678.477-**";"RAFAEL DA SILVA DANTAS"
5189;"***.521.497-**";"BRUNO FELIPE SILVA"
5190;"***.074.277-**";"IOSICLEI WAGNER PINHEIRO"
5191;"***.874.787-**";"ELAINE ROSA DA SILVA"
5192;"***.311.847-**";"PEDRO LESSA MARQUES"
5193;"***.298.987-**";"CAROLINE EULINO GONCALVES PEREIRA"
5194;"***.963.997-**";"CRISTINA CARNEIRO MACHADO"
5195;"***.996.157-**";"PABLO TINOCO DA SILVA"
5196;"***.540.187-**";"REGINA CELIA SILVA MARQUES"
5197;"***.431.017-**";"MARLO STEVES RODRIGUES DA COSTA SILVA"
5198;"***.845.407-**";"GABRIEL TEIXEIRA BARROS"
5199;"***.193.707-**";"SANDRA MARIA CORDEIRO DE MATTOS"
5200;"***.124.147-**";"MIRALDO FERNANDES RIBEIRO"
5201;"***.579.167-**";"RENNAN DE OLIVEIRA MONTEIRO"
5202;"***.226.717-**";"LUIZ CARLOS LIMA DOS SANTOS"
5203;"***.714.755-**";"HILTON DE SOUZA MARQUES"
5204;"***.180.637-**";"JOSE ROBERTO BITTENCOURT BOIA"
5205;"***.911.717-**";"REINALDO JOSE BENEVENUTI"
5206;"***.271.615-**";"DANILO MAGNO MENDES"
5207;"***.055.954-**";"RAIANY JULLIETE DA SILVA"
5208;"***.701.254-**";"JOSE IZAQUE FERREIRA ALVES"
5209;"***.884.934-**";"MARIA IZABEL TEIXEIRA FERNANDES"
5210;"***.033.282-**";"VERONICA PINHEIRO DOS SANTOS"
5211;"***.777.972-**";"WELISSON ARAUJO CORDEIRO"
5212;"***.521.692-**";"IURI GABRIEL GOMES DO NASCIMENTO"
5213;"***.688.911-**";"NORBERTH NASCIMENTO GONCALVES"
5214;"***.338.871-**";"WANDERSON GUIMARAES TEIXEIRA"
5215;"***.511.541-**";"MARIANA MARTINS BARROS SOARES MESSIAS"
5216;"***.297.121-**";"NARA RAIANNE OLIVEIRA PIRES"
5217;"***.281.811-**";"MARCOS DIONE CARDOSO DOS SANTOS"
5218;"***.252.381-**";"JONATAS BEZERRA DE MIRANDA"
5219;"***.091.258-**";"THIAGO CURI IUAN"
5220;"***.701.268-**";"MATHEUS DAMASO DE MORAIS"
5221;"***.154.928-**";"RONALDO LOPES JUNIOR"
5222;"***.494.678-**";"MELINA OLIVEIRA DOS SANTOS"
5223;"***.256.388-**";"ANA CLARA MORENO SIMAO MUNIZ"
5224;"***.692.538-**";"GUILHERME MOTA"
5225;"***.290.559-**";"LUCIANA BARG KUNTZE"
5226;"***.426.718-**";"EDERSON APARECIDO DA SILVA SANTIAGO"
5227;"***.454.378-**";"CARLOS EDUARDO BERGAMO"
5228;"***.676.388-**";"LUIZ NICOLOSI RODRIGUES"
5229;"***.548.728-**";"GUILHERME MENDES DA SILVA"
5230;"***.425.578-**";"REGINA PULZI"
5231;"***.775.688-**";"ANTONIO CICERO DE SOUSA LIMA"
5232;"***.677.163-**";"IGNIS MARCIA CAROLINE DINIZ RODRIGUES"
5233;"***.037.468-**";"DIEGO ALVES TEIXEIRA"
5234;"***.817.028-**";"ANDRESSA PEREIRA ROSA ROS"
5235;"***.901.898-**";"JOSE CARLOS MOYA"
5236;"***.046.448-**";"DANILO LIMA DA SILVA"
5237;"***.896.878-**";"ALINE DONIZETI ZANETTI"
5238;"***.660.868-**";"PATRICIA HELEN DA SILVA"
5239;"***.479.118-**";"ROSIMEIRE MODOLO DE MATTOS"
5240;"***.652.488-**";"LIORDINO JOSE AGUIAR FILHO"
5241;"***.618.918-**";"CARLOS ANTONIO STAMATO DE CASTRO"
5242;"***.618.888-**";"TARCISIO ANDRELINO DE SOUSA MORAIS"
5243;"***.303.398-**";"MAYARA APARECIDA CORREA"
5244;"***.144.938-**";"LUCAS DE ANDRADE BIAGI"
5245;"***.723.598-**";"EDUARDO ALVES BUENO"
5246;"***.699.878-**";"RENATO RODRIGUES CARDOSO SILVA"
5247;"***.894.138-**";"JESSICA RIBEIRO DE SA"
5248;"***.343.848-**";"FELIPE DE JESUS VILELA"
5249;"***.621.175-**";"LEANDERSON PINTO DA SILVA"
5250;"***.345.048-**";"ISABELA MARA DOS SANTOS PEREIRA"
5251;"***.026.928-**";"BEATRIZ ROSSI MARTIN"
5252;"***.926.068-**";"IGOR AUGUSTO DA COSTA SANTANA"
5253;"***.186.608-**";"WERNER ENGBRUCH"
5254;"***.714.098-**";"JAIME RAFAEL DE GOES NETO"
5255;"***.371.418-**";"ANA LIGIA MARQUES LIPORONI CAPRIOLI"
5256;"***.145.088-**";"HELDER SHIMIDU"
5257;"***.693.397-**";"GABRIEL MARCHESINI DAS NEVES"
5258;"***.125.098-**";"JOSE DIEGO PORTELA MESSIAS"
5259;"***.221.818-**";"MAYARA CAMARGO REDONDO"
5260;"***.592.988-**";"AMANDA CAMPOS BUENO"
5261;"***.250.418-**";"GUILHERME ALVES TIMOTEO"
5262;"***.119.068-**";"ALEX FERREIRA DOS SANTOS"
5263;"***.669.518-**";"CAMILLA CAFFER LIMA DA SILVA"
5264;"***.965.418-**";"GUSTAVO FELIPE COSTA SOUZA"
5265;"***.712.048-**";"GUILHERME LUCAS DINIZ GUIMARAES PIMENTEL"
5266;"***.917.298-**";"ANDRE LUIS PORTES"
5267;"***.424.868-**";"NATAN ROCHA FERREIRA"
5268;"***.386.708-**";"CELSO DE OLIVEIRA CHAVES"
5269;"***.719.888-**";"ALEXSSANDER ALCAIDE UCHIDA"
5270;"***.562.319-**";"VALERIA FIGUEIREDO CAMACHO"
5271;"***.426.478-**";"MARCO ANTONIO FERNANDES DOS SANTOS"
5272;"***.527.188-**";"GUSTAVO BENINI NUCCI"
5273;"***.416.248-**";"BRUNO DANIEL ANDRADE ARRUDA"
5274;"***.009.578-**";"NATALIA REGIANE ALANIZ"
5275;"***.275.818-**";"ALICE SIMOES CORREA CARBAJO"
5276;"***.029.918-**";"SILVIA MARA BARRIONUEVO"
5277;"***.242.598-**";"RAFAEL ELIAS CASTILHO DE SOUZA"
5278;"***.781.998-**";"JOSE LUIZ DE MELLO"
5279;"***.602.208-**";"LEO LADISLAU NAFALSKI"
5280;"***.157.218-**";"KAIO HENRIQUE LOPES MADUREIRA"
5281;"***.463.588-**";"ALDAIR RODRIGUES DA SILVA"
5282;"***.413.227-**";"CARLOS ALESSANDRO MIGUINS SILVA DE ALMEIDA"
5283;"***.413.158-**";"JOSE MARCELO VIEIRA ROCHA"
5284;"***.433.558-**";"BRUNO SILVA BARBOSA"
5285;"***.184.488-**";"MARIANA DE LIMA ALMEIDA"
5286;"***.812.358-**";"ROBERTO DE SOUZA OLIVEIRA"
5287;"***.397.718-**";"RICARDO TADASHI MAKINO"
5288;"***.704.888-**";"MIRELLA RIBEIRO MUNHOZ"
5289;"***.113.588-**";"TAIS ALVES DANTAS"
5290;"***.554.678-**";"NATALIA GARBIN PEREIRA"
5291;"***.542.108-**";"MARCOS DOS SANTOS"
5292;"***.762.938-**";"ANA LUIZA RENOFIO ALBANESI MOREIRA"
5293;"***.546.298-**";"ANA LAURA PAES DE CAMARGO"
5294;"***.714.038-**";"RODRIGO DE CARVALHO BEZERRA"
5295;"***.852.048-**";"RENAN GARCIA RODRIGUES VIANA"
5296;"***.950.848-**";"LEONARDO FIORATTI ROSA"
5297;"***.822.878-**";"JOAO LUIZ DE SOUZA JUNIOR"
5298;"***.484.258-**";"RODRIGO FELIPE RAMOS"
5299;"***.430.568-**";"CLAYTON TSUYOSHI MIAZAKI"
5300;"***.255.848-**";"WALTER GUIMA"
5301;"***.709.938-**";"ARIANE YUMI TAKAGUI"
5302;"***.805.018-**";"FERNANDO HENRIQUE TRINDADE DOS SANTOS"
5303;"***.927.378-**";"FERNANDO SBROGIO"
5304;"***.932.468-**";"ALINE BERNARDO SOUZA"
5305;"***.790.056-**";"DAYANA FLAVIA NASCIMENTO SILVA"
5306;"***.719.618-**";"LEANDRO DA SILVA SALES"
5307;"***.512.686-**";"EVANDRO MENDES"
5308;"***.768.776-**";"GUILHERME LORENTZ SILVA"
5309;"***.306.886-**";"LARA LUCIA DA SILVA"
5310;"***.195.406-**";"WILLIAM CARLOS VIEIRA AUGUSTO JUNIOR"
5311;"***.963.606-**";"PAULO VITOR BARBOSA FERREIRA"
5312;"***.350.076-**";"ARIEL FUSARO MARCAL MIRANDA"
5313;"***.204.796-**";"LUCAS MAGNO DE SOUZA VILELA"
5314;"***.306.696-**";"WILLIAN DA SILVA CAMPOS"
5315;"***.425.586-**";"PAULO CICERO BORGES LOPES"
5316;"***.559.546-**";"ANTONIO RODRIGUES BARBOSA JUNIOR"
5317;"***.444.708-**";"JIOJI NISHIDA"
5318;"***.607.276-**";"DANYELLE RODRIGUES DA COSTA"
5319;"***.466.316-**";"BRUNO SCUSSEL OLIVEIRA AZOR"
5320;"***.894.336-**";"MARCELLO LAGE ASSIS"
5321;"***.558.691-**";"YULISSA FREITAS MIRANDA CAMARA"
5322;"***.279.151-**";"ANDERSON ALMEIDA DOS SANTOS"
5323;"***.108.391-**";"MARIA MADALENA ABRANCHES"
5324;"***.518.051-**";"FRANCIELE ALINE PERSCH"
5325;"***.223.801-**";"FABRICIO EUSTAQUIO VARGAS"
5326;"***.832.700-**";"RICARDO LITRAN"
5327;"***.681.034-**";"LUCIANA REGINA DE MACEDO FERREIRA"
5328;"***.441.164-**";"JOSE ADRIEL PEREIRA DOS SANTOS"
5329;"***.614.274-**";"JOSE EUDES NOBRE VERAS"
5330;"***.471.664-**";"JULIANE COUTINHO LORDAO"
5331;"***.777.484-**";"ALEXSANDRO DA COSTA GOMES"
5332;"***.874.549-**";"WELLINGTON GREIN"
5333;"***.202.719-**";"CAROLINE DE ALMEIDA MUNIZ SILVA"
5334;"***.961.289-**";"VANESSA MIRANDA"
5335;"***.632.649-**";"LUIZ ANTONIO BEDIN GERHARDT"
5336;"***.077.002-**";"LUISA RENATA PINHEIRO DE OLIVEIRA"
5337;"***.127.279-**";"ALAN DO NASCIMENTO BATISTA"
5338;"***.849.029-**";"ANGELICA PEREIRA DA SILVA"
5339;"***.624.089-**";"ELIZANDREIA LUZIA"
5340;"***.829.658-**";"FABIANA KELLY GALIOTE"
5341;"***.768.389-**";"JULIA DA ROSA BOURSCHEID"
5342;"***.512.799-**";"MAILANE JUNKES RAIZER DA CRUZ"
5343;"***.159.223-**";"VICENTE GOMES DE SOUZA"
5344;"***.072.704-**";"ELIOMAR BORGES DOS SANTOS"
5345;"***.564.877-**";"ALEX LEITE BRANDAO"
5346;"***.290.096-**";"WEMERSON MARQUES DA SILVA"
5347;"***.227.326-**";"AGNALDO MADELA MARQUES"
5348;"***.274.798-**";"ANNA PAOLA ALLEONE LUKSEVICIUS"
5349;"***.301.668-**";"ADAILTON MEIRELES MACHADO"
5350;"***.325.623-**";"NATHACIA FERNANDES DA SILVA"
5351;"***.985.416-**";"DANIEL HENRIQUE DIAS DE BRITO"
5352;"***.372.222-**";"MENANDRO ABREU SODRE"
5353;"***.267.341-**";"ALEXANDRE MARTINIANO DA SILVA"
5354;"***.195.852-**";"JOSE UELISSON ALVES LEITE"
5355;"***.576.671-**";"PHILIPPE MATTOS RIETHER"
5356;"***.591.076-**";"CHRISTIANE LENTZ DE ALMEIDA ALVES"
5357;"***.635.016-**";"ARLINDO DIAS DUARTE"
5358;"***.161.104-**";"JOAO CORDEIRO DA FONSECA"
5359;"***.153.086-**";"CLAUDIA DE PAULA REZENDE"
5360;"***.693.800-**";"LIZANDRO GEMIACKI"
5361;"***.630.781-**";"CAIRO HENRIQUE SOUSA DE OLIVEIRA"
5362;"***.822.893-**";"AUGUSTO SERRAO FILHO"
5363;"***.458.154-**";"SEVERINO GUIMARAES FERRAZ FILHO"
5364;"***.843.529-**";"LUIZ CESAR BAPTISTA SCHEFFER"
5365;"***.427.024-**";"LENILDO GOMES DA SILVA"
5366;"***.379.477-**";"RENATO VASCONCELLOS DE OLIVEIRA"
5367;"***.138.074-**";"PRISCILLA SANTOS ALVES"
5368;"***.674.206-**";"SERGIO DOS SANTOS RODRIGUES"
5369;"***.367.987-**";"JOAO SANT ANNA"
5370;"***.532.827-**";"RICARDO SAMUEL DA SILVA FREITAS"
5371;"***.365.281-**";"ADEMILTON FERREIRA DE SA"
5372;"***.128.480-**";"ALESSANDRO BARBOSA LOPES"
5373;"***.786.826-**";"JESSE CAMPAGNOLI ROSA"
5374;"***.606.413-**";"RENATO BRAGA DE OLIVEIRA"
5375;"***.213.897-**";"VAGNER AUGUSTO DA SILVA DE OLIVEIRA"
5376;"***.973.626-**";"FILIPE MARTINS TEIXEIRA"
5377;"***.759.106-**";"ALEXANDRE JOSE BARBOSA"
5378;"***.067.881-**";"FERNANDO THALMA ALVES DE OLIVEIRA"
5379;"***.899.447-**";"ARIANY KELLY DE SOUZA FARIAS"
5380;"***.213.860-**";"JORGE CARLOS CESAR VIANA"
5381;"***.855.237-**";"CLAUDIO DE OLIVEIRA ROCHA"
5382;"***.466.377-**";"MARCOS AURINO PERES CORREIA"
5383;"***.014.207-**";"MARCELLA BATISTA MOTTA"
5384;"***.351.327-**";"ERICO RODRIGUES PAGANINI"
5385;"***.094.957-**";"MARCOS AURELIO FRANCISCO DA SILVA"
5386;"***.935.777-**";"LUCIANO PITA FELIX"
5387;"***.779.797-**";"GUILHERME BATISTA DE CARVALHO"
5388;"***.145.674-**";"FABIO ROBERTO QUEIROZ COSTA"
5389;"***.698.858-**";"LUCAS NOBRE GREGORI"
5390;"***.929.792-**";"DEIVISON EDSON MONTEIRO DOS SANTOS"
5391;"***.838.011-**";"LUIZ FELIPE BASSO BONAZZA"
5392;"***.713.310-**";"IAGO DA COSTA LA FLOR"
5393;"***.653.502-**";"RENI GRANDO"
5394;"***.927.282-**";"FRANCIELE MARQUES DA SILVA"
5395;"***.672.546-**";"LUCAS DE ANDRADE GAMA"
5396;"***.274.287-**";"JULIO CESAR DE SANT ANNA BRUM"
5397;"***.940.484-**";"PAULO HENRIQUE RODRIGUES DOS SANTOS"
5398;"***.066.037-**";"VICTOR PERES RODRIGUES"
5399;"***.088.679-**";"CLEISSON MELGAREJO CUEVA"
5400;"***.703.839-**";"MARCELO CORDEIRO DA SILVA"
5401;"***.086.118-**";"JOAO GUILHERME DE OLIVEIRA SENA"
5402;"***.206.419-**";"ALEXSANDRO VIER"
5403;"***.500.383-**";"JORGE ANTONIO DA SILVA NEVES"
5404;"***.283.151-**";"WILSON KALLIL DE OLIVEIRA MONTEIRO"
5405;"***.473.233-**";"CHRISTIAN SARAIVA VERAS LINS"
5406;"***.350.540-**";"JOSUE VERGILIO RIBEIRO DA SILVA"
5407;"***.170.930-**";"EDUARDO JUNIOR SIGNORI DA SILVA"
5408;"***.921.046-**";"MARCELLO HENRIQUE FREITAS AMARAL"
5409;"***.782.425-**";"JOEL BORGES DOS PASSOS"
5410;"***.185.550-**";"JOAO FRANCO GIACOMIN SPIDO"
5411;"***.444.430-**";"ITALLO PANIZZON DA SILVA"
5412;"***.277.961-**";"EMANUEL JOSE SILVA DE OLIVEIRA"
5413;"***.792.997-**";"NATHAN SANTIAGO ALVES PINTO"
5414;"***.326.192-**";"RICARDO SILVA DA CRUZ"
5415;"***.046.205-**";"ABILIO BARRETO DOS SANTOS NETO"
5416;"***.778.976-**";"RUBENS DE ALMEIDA PAULO"
5417;"***.598.951-**";"DANIEL SIQUEIRA RIBEIRO"
5418;"***.140.477-**";"RODRIGO FRIAS DE AGUIAR CHAVES"
5419;"***.182.020-**";"LISSANDRO AUGUSTIN"
5420;"***.612.437-**";"PEDRO HENRIQUE ALVES GOMES"
5421;"***.144.957-**";"HENRIQUE VARALLO TEIXEIRA"
5422;"***.017.213-**";"HELIO DE LIMA FERREIRA"
5423;"***.876.520-**";"FELIPE DO NASCIMENTO SCOLARI"
5424;"***.939.130-**";"MARCOS VINICIUS CARVALHO DA SILVA"
5425;"***.006.150-**";"JOSE UBIRAJARA NUNES PACHECO"
5426;"***.139.821-**";"ELI CARLOS DE OLIVEIRA SALAO"
5427;"***.753.207-**";"YGOR HENRIQUES GURGEL"
5428;"***.428.767-**";"JULIO CESAR ISRAEL SAMPAIO LISBOA"
5429;"***.466.897-**";"RAFAEL AUGUSTO PAES LIMA ROCHA"
5430;"***.194.280-**";"IARA SCHERER LUCCAS"
5431;"***.023.121-**";"BRUNO APARECIDO SOUZA CAMPOS"
5432;"***.221.806-**";"RUIZ BARROS PEREIRA"
5433;"***.824.041-**";"RODRIGO DA PENHA NAZARETH"
5434;"***.024.590-**";"GUILHERME LAUTHARTE"
5435;"***.062.277-**";"MATEUS ALVES ANTONIO"
5436;"***.131.667-**";"AGNALDO ARAUJO DE OLIVEIRA"
5437;"***.546.037-**";"CAIO SAMU ALVES PEREIRA"
5438;"***.132.630-**";"ANDRE AZEVEDO SPADER"
5439;"***.808.981-**";"JANIO EDUARDO FERREIRA DA SILVA"
5440;"***.880.571-**";"JANDUI JEAN DA SILVA JUNIOR"
5441;"***.443.751-**";"HATANAEL LIMA FERNANDES"
5442;"***.342.596-**";"SAMUEL BATISTA SANTOS"
5443;"***.238.896-**";"JEFFERSON LUIS DE PAULA RUELA"
5444;"***.551.755-**";"CLENILTON DE JESUS SILVA"
5445;"***.726.483-**";"CAIO VINICIUS SANTA ANA DE LIMA"
5446;"***.218.192-**";"GEAN CARLOS RODRIGUES BENTO"
5447;"***.474.452-**";"ERICK SOUZA DE ARAUJO"
5448;"***.191.629-**";"RAFAEL LUTERO VALADARES ONOFRE"
5449;"***.789.066-**";"LORENA CREPALDI CAMPOS CAVA"
5450;"***.750.526-**";"CLAUDIO HENRIQUE JERONIMO"
5451;"***.945.796-**";"JOAO PAULO DE CASTRO"
5452;"***.834.197-**";"MICHAEL PINHEIRO DA SILVA"
5453;"***.080.782-**";"VIVIANE OBANDO MAIA"
5454;"***.749.647-**";"LUIZ FERNANDO PACHECO DA FONSECA"
5455;"***.383.887-**";"TIAGO DESOUZA CARELI"
5456;"***.708.730-**";"CRISTIANO IUVA AREND"
5457;"***.469.890-**";"JOAO AGUSTINHO ADAMI GOMES FILHO"
5458;"***.298.217-**";"WELLERSON NOVAIS DE OLIVEIRA MELO"
5459;"***.204.830-**";"FABIO JOHN MULLER"
5460;"***.078.680-**";"LISANDRA GONCALVES FERRAZ"
5461;"***.874.943-**";"KEYNNE IVO SILVA DA SILVEIRA"
5462;"***.582.047-**";"FABIO SANTANA TEIXEIRA"
5463;"***.569.302-**";"MARCO AURELIO DA ROCHA PEREIRA JUNIOR"
5464;"***.908.267-**";"WILLIAM SILVA DA CUNHA"
5465;"***.664.876-**";"GLAYDSON KELLER DE ALMEIDA FERREIRA"
5466;"***.788.376-**";"MARCONI DE SOUZA LEITE"
5467;"***.619.202-**";"HENRIQUE GABRIEL FERNANDES DA MOTA"
5468;"***.488.736-**";"LIVIA DE LACERDA DE OLIVEIRA"
5469;"***.215.650-**";"ANA LUCIA DENARDIN DA ROSA"
5470;"***.555.840-**";"CARLA DRIELY MORSCH VIDAL"
5471;"***.615.834-**";"JOAO VITOR DE OLIVEIRA MOREIRA"
5472;"***.837.401-**";"THERMUTIS DE MELO E ARAUJO"
5473;"***.808.949-**";"ANDREIA WILLRICH"
5474;"***.311.978-**";"GUILHERME BERNARDO VITORETTI DA SILVA"
5475;"***.567.193-**";"FELIPE GOMES PINHEIRO"
5476;"***.586.907-**";"LUCIANA BARONI DE OLIVEIRA"
5477;"***.181.981-**";"RAFAEL BEZERRA SCARSELLI"
5478;"***.278.190-**";"JOAO GERMANO ROSINKE"
5479;"***.376.931-**";"ERIKE DE CASTRO COSTA"
5480;"***.362.717-**";"JORGE MAXIMIANO DOS SANTOS"
5481;"***.315.460-**";"ALAOR RIBEIRO DE SOUZA"
5482;"***.710.298-**";"BRUNO CESAR BRITO MIYAMOTO"
5483;"***.082.000-**";"RAFAEL DUTRA SOARES"
5484;"***.863.708-**";"ANGELO RICARDO BALDUINO"
5485;"***.234.396-**";"RAFAEL FERREIRA DE ALMEIDA"
5486;"***.874.897-**";"LEANDRO PEREIRA COSTA"
5487;"***.072.717-**";"WELDER BITAO SUETT"
5488;"***.628.558-**";"ROGERIO FAVARETO"
5489;"***.333.300-**";"PABLO CAIGARO NAVARRO"
5490;"***.742.541-**";"BRENO ALCEBIADES FERREIRA"
5491;"***.927.652-**";"SUELI ALVES DE SOUSA"
5492;"***.362.888-**";"MARINA DE ARRUDA CAMARGO DANES"
5493;"***.763.431-**";"DANILO DE CARVALHO LEANDRO"
5494;"***.097.984-**";"TATIANA CRISTINA DOS SANTOS DE ARAUJO"
5495;"***.466.004-**";"KLEBER THEOFILO SILVA SANTOS"
5496;"***.495.182-**";"JOELSON LIMA SOARES"
5497;"***.880.734-**";"EXPEDITO SILVA DO NASCIMENTO JUNIOR"
5498;"***.557.047-**";"VERA MARIA GALVAO DO RIO APA"
5499;"***.014.497-**";"DANIELLE DE OLIVEIRA CHAVES"
5500;"***.025.707-**";"JEFERSON AMARAL PEREIRA"
5501;"***.095.007-**";"SIMONE PILAR ANDRADE DE FREITAS SILVA"
5502;"***.355.427-**";"FLAVIA DOS SANTOS"
5503;"***.616.758-**";"CLARICE DE OLIVEIRA"
5504;"***.551.189-**";"RICARDO CUSTODIO"
5505;"***.846.169-**";"ANTONIO AGUILAR ZAKOVICZ"
5506;"***.924.511-**";"JUNIO DE JESUS LEMES"
5507;"***.548.732-**";"RAFAEL FRANCISCO BAENA GRAVENA"
5508;"***.456.353-**";"AGOSTINHO REIS FILHO"
5509;"***.711.641-**";"JOSE NEI CASTRO DA SILVA"
5510;"***.924.617-**";"JOSE HENRIQUE FARIAS DE ARAUJO"
5511;"***.231.527-**";"ALEXANDRE CERQUEIRA MONTEIRO"
5512;"***.107.127-**";"NILSON GOMES DOS REIS"
5513;"***.545.162-**";"OMILSON CLAYTON DIAS TAVARES JUNIOR"
5514;"***.057.501-**";"MANOEL JOAO DA SILVA"
5515;"***.600.151-**";"JOSE RINALDO QUEIROZ FALCAO"
5516;"***.615.113-**";"DIONATAS RAYRON DA SILVA ALVES"
5517;"***.081.813-**";"LUANA COELHO CALLINS"
5518;"***.998.617-**";"MAYCON CAMPOS PINTO"
5519;"***.591.389-**";"CLEITON NOETZOLD"
5520;"***.529.501-**";"MARDEN JORGE FERNANDES ROSA"
5521;"***.817.151-**";"ANDRE BUENO E SILVA JATOBA"
5522;"***.378.799-**";"RAFAEL DE LIZ"
5523;"***.631.306-**";"MAURO LUCIO RESENDE NEVES"
5524;"***.375.786-**";"MARIO ALEXANDRE VELOSO AGUIAR"
5525;"***.100.541-**";"ELIZEU PEREIRA DE CARVALHO"
5526;"***.477.115-**";"LEONARDO TEIXEIRA TRINDADE"
5527;"***.568.295-**";"ULISSES DOS SANTOS MARTINS"
5528;"***.662.394-**";"ROMULO DAS CHAGAS MONTEIRO JUNIOR"
5529;"***.004.345-**";"MANOEL TOBIAS MAYRINCK MONTEIRO DE ANDRADE NETO"
5530;"***.998.452-**";"ABENONI RAASCH FELTZ"
5531;"***.506.508-**";"LEONARDO ALVES PAIVA"
5532;"***.024.217-**";"LUIS CARLOS MONTEIRO DASINGER"
5533;"***.194.765-**";"TARCISIO SALES"
5534;"***.731.771-**";"RIGNO SANTOS AMARAL FILHO"
5535;"***.286.126-**";"MAICO SIMAO BONFANTE"
5536;"***.959.188-**";"FABIO AKAHOSHI RUDNER"
5537;"***.234.117-**";"PRISCILA DIAS SILY"
5538;"***.179.698-**";"IRAJA ALEXANDRE DE SOUZA"
5539;"***.626.008-**";"AURIS CESAR DA SILVA BRISOLA"
5540;"***.613.341-**";"EDUARDO GABETO SOARES"
5541;"***.337.908-**";"GABRIEL SCHMIDT MARINELLO"
5542;"***.356.171-**";"ANA PAULA LIMA MORAIS"
5543;"***.133.702-**";"DEMETRIUS LUIZ DOS SANTOS BERNAL"
5544;"***.405.547-**";"EMERSON MIRANDA FONSECA"
5545;"***.831.913-**";"LEONARDO FIGUEIREDO DE OLIVEIRA"
5546;"***.257.564-**";"GUSTAVO VIEIRA DA SILVA"
5547;"***.220.063-**";"MARCOS VINICIUS SILVEIRA CRISANTO"
5548;"***.011.771-**";"GIAN PIETRO TAVARES DE OLIVEIRA PELUCHETTI"
5549;"***.835.178-**";"DANILO NOGUEIRA COSTA"
5550;"***.173.393-**";"FRANCISCO ANTONIO DE CARVALHO FILHO"
5551;"***.607.789-**";"MARIA LIMIRO FERREIRA IKIMOTO"
5552;"***.365.919-**";"SERGIO LUIZ DOMINGUES"
5553;"***.967.748-**";"LUCIANO RODRIGUES PORTELA"
5554;"***.668.840-**";"CARLOS HENRIQUE MAYO AQUINO LIENERT"
5555;"***.846.710-**";"JOSE GETULIO POMPEU MONTEIRO"
5556;"***.784.377-**";"LEANDRO NASCIMENTO DE PAULA"
5557;"***.580.860-**";"DENILSON GRITZENCO CAETANO"
5558;"***.780.440-**";"SILVIO JEZUS DA SILVA"
5559;"***.632.264-**";"BRUNO CAVALCANTI DE FARIAS"
5560;"***.525.730-**";"TIAGO MARIN NARDELLO"
5561;"***.979.259-**";"TANIA GEITTENES TONDELO"
5562;"***.229.052-**";"KEILA GEANE GOMES DO NASCIMENTO SALAZAR"
5563;"***.400.624-**";"FERNANDA KARINA SA NUNES DE OLIVEIRA"
5564;"***.915.576-**";"NELIO ALVES ABREU"
5565;"***.559.220-**";"GILBERTO AMARAL CARDOSO"
5566;"***.758.076-**";"WAGNER FORAPANI"
5567;"***.644.612-**";"JOSE RICARDO FIGUEIRA DOS SANTOS"
5568;"***.564.194-**";"MASNEY SALES GOMES DE LIMA"
5569;"***.175.515-**";"KATIA BORGES MARTINHO AMARAL DE OLIVEIRA"
5570;"***.067.505-**";"ROBERTO FERNANDES SILVA"
5571;"***.849.691-**";"MARCIO CLESIO GOMES DA SILVA"
5572;"***.991.152-**";"MIGUEL FERNANDO VEIGA GUALBERTO"
5573;"***.643.678-**";"MANOEL DIMAS TAVARES"
5574;"***.411.673-**";"DEURIVAN CARVALHO MARTINS"
5575;"***.389.747-**";"LIVIA MORENA BRANTES BEZERRA"
5576;"***.594.934-**";"FREDERICO AUGUSTO TAVARES DE MELO"
5577;"***.033.273-**";"IVANOEL MARQUES DE OLIVEIRA"
5578;"***.343.157-**";"DALVINO BEZERRA FILHO"
5579;"***.572.017-**";"LEANDRO DOS SANTOS FARIA"
5580;"***.634.578-**";"FELIPE SEINO DOS SANTOS"
5581;"***.635.506-**";"JULIO ROSA DA SILVA"
5582;"***.421.289-**";"DAVID ADOLPHO GESSNER"
5583;"***.782.370-**";"ANDREA VON DER HEYDE LAMBERTS"
5584;"***.066.631-**";"JOSE LUIS OLIVEIRA BRANDAO"
5585;"***.967.851-**";"MARIA DAS DORES PEREIRA SANTOS"
5586;"***.894.026-**";"DOLVANE MACHADO DE LIMA FILHO"
5587;"***.808.676-**";"CAROLINA CARNEIRO DA FONSECA"
5588;"***.336.406-**";"GABRIEL LAGE RIBEIRO"
5589;"***.759.087-**";"SILVIO RIBEIRO CAMPOS"
5590;"***.460.707-**";"ROBSON SILVA SANTOS"
5591;"***.419.727-**";"RICARDO FIGUEIREDO THOMAZ VIEIRA"
5592;"***.489.267-**";"JORGE LUIZ DOS SANTOS SANCHES"
5593;"***.372.842-**";"ELEANDRO ALVES PINHEIRO"
5594;"***.333.511-**";"ADEMIR CELESTINO DA SILVA JUNIOR"
5595;"***.111.221-**";"JOAO VICTOR SANTIAGO QUEIROZ"
5596;"***.153.011-**";"ANDRE DE QUEIROZ COSTA"
5597;"***.574.561-**";"MARCOS PAULO DE MATOS SILVA"
5598;"***.524.761-**";"MAIARA SANTOS SANTANA"
5599;"***.895.091-**";"ANTONIO PEREIRA DA SILVA FILHO"
5600;"***.587.741-**";"ELTON MENDES FIOR"
5601;"***.409.751-**";"LARA AQUINO JUNGES"
5602;"***.167.941-**";"JULIANO LOPES PRESTES"
5603;"***.514.751-**";"DANIELLE MARTINES"
5604;"***.834.930-**";"LILIAN STRINGARI"
5605;"***.484.679-**";"MONICA JACOB MAGNUS"
5606;"***.183.410-**";"DAIANA REUSS"
5607;"***.606.150-**";"LUIS CARLOS DA SILVA JUNIOR"
5608;"***.121.100-**";"CHARLI CRISIANI DA SILVA GUEVEDO"
5609;"***.067.510-**";"THIAGO STREY SOARES"
5610;"***.264.300-**";"RENATA MENNA BARRETO BUENO"
5611;"***.261.410-**";"SIMONE ARROSI COSTI"
5612;"***.371.329-**";"DANIEL SOUZA DA SILVA"
5613;"***.830.544-**";"ANA KARISSE VALENCA AZEVEDO COSTA"
5614;"***.887.084-**";"VICENTE PEDROSA DE LIMA"
5615;"***.075.574-**";"ANY CAROLYNE BARBOSA MACIEL"
5616;"***.061.974-**";"SARA MIKAELLE SILVA BEZERRA ANTUNES"
5617;"***.046.394-**";"LEISIANE SOARES DE ASSIS LIMA"
5618;"***.607.838-**";"BRUNO RAFAEL DE PADUA"
5619;"***.792.832-**";"ELIASAFE DA ROCHA MARIOBO"
5620;"***.864.487-**";"CAMILA SOUZA SILVA OVIDOR"
5621;"***.240.802-**";"WELLINTON DOUGLAS DE SOUZA MESSIAS TRICHES"
5622;"***.810.975-**";"RODRIGO DANTAS DE OLIVEIRA"
5623;"***.180.655-**";"LAURA NASCIMENTO MENDES DA SILVA"
5624;"***.741.135-**";"IANNA DE OLIVEIRA SANTOS CORADO"
5625;"***.409.924-**";"NILTON DE SOUZA RIBAS JUNIOR"
5626;"***.188.605-**";"SINVAL DE ALMEIDA COSTA"
5627;"***.511.925-**";"WESLEY LEONARDO RUBEM MACEDO"
5628;"***.566.255-**";"JOAO OLIVEIRA BATISTA"
5629;"***.056.435-**";"JOAO MARCOS CAMILO DE OLIVEIRA"
5630;"***.980.075-**";"ANA DAS NEVES"
5631;"***.122.898-**";"GUSTAVO MARCOS SZNITER MENTLIK"
5632;"***.956.555-**";"KAMILLE PEREZ PEREIRA RAMOS"
5633;"***.023.565-**";"KETHELIN SOUZA QUEIROZ NASCIMENTO"
5634;"***.351.445-**";"MARILIA OLIVEIRA GAMA BRITO MENDONCA"
5635;"***.172.345-**";"GREGORY KHAEL DE ARAUJO SANTANA RIBEIRO"
5636;"***.206.225-**";"LEIDSON MOREAU CRUZ JUNIOR"
5637;"***.250.225-**";"FILLIPE LEANDRO DE QUEIROGA LIMA"
5638;"***.626.515-**";"MARCOS ALVES DOS REIS"
5639;"***.587.975-**";"MANOEL FABIO LOPES SANTOS"
5640;"***.538.095-**";"IURY FIGUEIREDO BORGES"
5641;"***.273.685-**";"ADERIVALDO LIMA DA SILVA"
5642;"***.432.745-**";"MARCOS BRENO ALMEIDA DOS SANTOS"
5643;"***.263.534-**";"SAULO RUBENS RIBEIRO DE CALDAS BARROS"
5644;"***.338.012-**";"FELIPE JOSE GONCALVES DA SILVA"
5645;"***.962.952-**";"RAPHAEL LOPES DIAS"
5646;"***.009.142-**";"PAULA CAROLINE FIGUEIREDO DA CONCEICAO"
5647;"***.621.552-**";"BRUNO OLIVEIRA DOS SANTOS"
5648;"***.021.672-**";"ARYANNE ALVES DA SILVA"
5649;"***.688.892-**";"MARILIA MORAES SOARES"
5650;"***.759.842-**";"RAFAEL OLIVEIRA DE ALMEIDA"
5651;"***.346.902-**";"ERIK ANDREY MESQUITA IZIDIO"
5652;"***.369.643-**";"JOSE NEWTON SERRA LOPES"
5653;"***.029.983-**";"JOSE GLEYLSON GALENO SILVA"
5654;"***.428.463-**";"DAVIDSON NEWTON DE ARAUJO"
5655;"***.180.767-**";"CARLA SOARES DA SILVA LYRIO FIGUEIREDO"
5656;"***.212.973-**";"RAIMUNDA PAULA SILVA SOUSA"
5657;"***.067.603-**";"VIVIANE GOMES DOS SANTOS"
5658;"***.917.583-**";"KAIQUE SILVA CUTRIM"
5659;"***.046.663-**";"MARIANA FERNANDES SANTOS"
5660;"***.302.753-**";"ELEONEL ALMEIDA DE SOUSA"
5661;"***.603.923-**";"TALITA SILVA CHAVES SANTOS"
5662;"***.091.632-**";"GUILHERME HAPHAEL COSTA E SILVA"
5663;"***.853.842-**";"FIAMA GOMES DA COSTA"
5664;"***.075.492-**";"ALIRIO MENDES PEREIRA JUNIOR"
5665;"***.630.896-**";"LUANA CRISTINA GOMES VALENTIM"
5666;"***.649.802-**";"FERNANDO SANTOS DE ALMEIDA"
5667;"***.774.502-**";"NUBIA ARAUJO VILAS BOAS"
5668;"***.873.552-**";"VITOR HUGO VIEIRA DA SILVA"
5669;"***.891.702-**";"JHONATON DO SOCORRO DE SIQUEIRA PAES"
5670;"***.575.012-**";"JOAO CARLOS DOS REIS PINTO DE ALMEIDA NETO"
5671;"***.218.362-**";"ROMULO JORGE BATISTA PEREIRA"
5672;"***.382.702-**";"ALEXSANDRA VIVIANE COSTA DA LUZ"
5673;"***.521.442-**";"WILLYAN BARBOSA LEAL"
5674;"***.331.732-**";"ANTONIO HAROLDO SILVA BARROSO"
5675;"***.063.942-**";"GARDENIA FIGUEIREDO GOMES"
5676;"***.915.451-**";"JONATAS FRANCA DE CARVALHO"
5677;"***.525.342-**";"FERNANDA RAQUEL MACIEL GARCIA"
5678;"***.782.649-**";"RONALDO DE SOUZA SANTOS"
5679;"***.667.748-**";"JOAO ROBERTO DE OLIVEIRA"
5680;"***.681.969-**";"DENIS FERNANDO ARIEDO GONCALVES"
5681;"***.579.049-**";"TATIANE GIRALDI VASSELAI"
5682;"***.809.433-**";"EVERTON DA SILVA MONTEIRO"
5683;"***.958.737-**";"VINICIUS COSTA DA SILVA"
5684;"***.505.467-**";"JOYCE DOS SANTOS SOUZA DE AZEVEDO"
5685;"***.076.597-**";"ANDERSON COSTA SANTOS SOBREIRA"
5686;"***.312.767-**";"JIMI EDUARDO FALCAO MIRANDA"
5687;"***.374.767-**";"GABRIEL MENEZES JOSE"
5688;"***.438.377-**";"ROGERIO DA CONCEICAO PONTES"
5689;"***.621.957-**";"ANA CARLA DA SILVA CALEIA"
5690;"***.730.407-**";"NILSON ROQUE SOARES COUTINHO"
5691;"***.679.417-**";"RAFAEL ANTONIO DA SILVA VIANNA"
5692;"***.833.517-**";"BARBARA LOPES FERREIRA CZERNY"
5693;"***.176.557-**";"VLADMIR DOS SANTOS MENEZES"
5694;"***.715.767-**";"DIEGO FARIA DA SILVA"
5695;"***.620.207-**";"PAULO CESAR TOZATO DE CASTRO"
5696;"***.002.327-**";"GABRIELA PEREIRA DA SILVA CATARINO"
5697;"***.664.757-**";"LUIZ ANTONIO MACEDO TORRES"
5698;"***.109.647-**";"FERNANDA BARBOSA NUNES COELHO"
5699;"***.209.086-**";"RAFAELA FERREIRA LOPES"
5700;"***.527.127-**";"MAERCIO DANTAS DA SILVA"
5701;"***.251.737-**";"ELAINE MASSON FERNANDES"
5702;"***.507.557-**";"RODRIGO DE ABREU SOARES"
5703;"***.097.757-**";"RODRIGO DE PADUA CARNEIRO"
5704;"***.695.569-**";"DIEGO DA SILVA GRAVA"
5705;"***.782.207-**";"CAMILA FARIA RODOLPHO"
5706;"***.212.697-**";"RODRIGO DO ESPIRITO SANTO"
5707;"***.769.597-**";"CARLOS ARTUR PEREIRA E SILVA"
5708;"***.817.684-**";"ALAN HILARIO BARROS DA SILVA"
5709;"***.300.024-**";"POLYELBER DE CARVALHO FERREIRA"
5710;"***.304.234-**";"JOSE ANDRIER DA CUNHA NUNES"
5711;"***.686.484-**";"TONNY RIBEIRO DE MEDEIROS"
5712;"***.812.384-**";"JOSE MATHEUS DE LIMA E SILVA"
5713;"***.385.734-**";"JONATAS THIAGO GOIS FERNANDES"
5714;"***.300.653-**";"ANA RAFAELA BEZERRA CAVALCANTE DE SOUSA"
5715;"***.226.171-**";"JOAO MARCOS MONTEIRO DA SILVA"
5716;"***.548.658-**";"ADRIANO NAMMUR GORGONE"
5717;"***.253.201-**";"RAUL BARCELOS"
5718;"***.668.551-**";"ANAXIMANDRO FERNANDES DE OLIVEIRA CAMARGOS"
5719;"***.686.571-**";"SABRINA PEREIRA DO NASCIMENTO"
5720;"***.608.881-**";"KIVYA REGINA SOUSA LOPES"
5721;"***.481.005-**";"LUCAS XAUBET BURIN"
5722;"***.410.851-**";"GEOVANA SOARES DE OLIVEIRA"
5723;"***.025.398-**";"VIVIANE ALEXANDRE DA SILVA"
5724;"***.105.668-**";"PABLO HENRIQUE PAZINATI"
5725;"***.939.028-**";"SAMUEL FERREIRA DE FIGUEIREDO"
5726;"***.423.236-**";"GLAUCIA PEREIRA ALVES"
5727;"***.658.518-**";"LEANDRO MACIEL DE FIGUEIREDO"
5728;"***.117.838-**";"FELIPE DE FRANCA OLIVEIRA"
5729;"***.167.104-**";"MARIA REJANE FERREIRA DA SILVA"
5730;"***.811.438-**";"BRUNO GOMES REBOLHO"
5731;"***.398.648-**";"MATEUS ARTUR QUINTINO DA SILVA"
5732;"***.107.918-**";"WANDRESON LEMOS RAIMUNDO"
5733;"***.464.638-**";"GIRLENE DE JESUS COSTA"
5734;"***.150.838-**";"JAQUELINE FERNANDES DA SILVA"
5735;"***.317.618-**";"NATAN WILLIAN RODRIGUES DOS SANTOS"
5736;"***.316.588-**";"FELIPE LIMA DE SOUSA VIANA"
5737;"***.294.998-**";"ANDRE TEODORO DOMINGUES BORGES COSTA"
5738;"***.404.298-**";"TANIA CRISTINA DORIA"
5739;"***.432.615-**";"JOCIMAR DO ESPIRITO SANTO ALMEIDA"
5740;"***.873.408-**";"NILTON CEZAR DOS SANTOS"
5741;"***.042.208-**";"GABRIEL FRANCA COUTO RAMALHO"
5742;"***.072.708-**";"MICHELE FERREIRA DE OLIVEIRA"
5743;"***.100.213-**";"ANA KAROLINY DE SOUZA LIMA"
5744;"***.025.818-**";"ANDRESSA TOGNOTTI"
5745;"***.738.598-**";"MOISES MUNIZ LOBO"
5746;"***.082.538-**";"LEANDRO ALVES SANTIAGO"
5747;"***.009.688-**";"KEVILY TASHI PEDROSO SABINO ISOO"
5748;"***.473.468-**";"ADELY APARECIDA CASTRO DE OLIVEIRA"
5749;"***.301.920-**";"ROGERIO AUGUSTO MACHADO SALDANHA"
5750;"***.653.688-**";"ANA FLAVIA COSTA FULONI"
5751;"***.816.478-**";"WASHINGTON JOSMARY DA SILVA BRUSGUI"
5752;"***.459.502-**";"FABIO KARKLIS DINIZ"
5753;"***.849.568-**";"GABRIEL ABUAZAR GIAMPAULO"
5754;"***.369.218-**";"CRISTIANE APARECIDA DE OLIVEIRA LIMA"
5755;"***.783.978-**";"FLAVIO MANOEL DA SILVA"
5756;"***.993.648-**";"BEATRIZ DE FARIA SCOTTON"
5757;"***.207.971-**";"EUGENIO CARLOS FERREIRA BRAGA"
5758;"***.951.798-**";"STEFANY CAROLINA IZIDIO BARBOSA"
5759;"***.745.658-**";"ANA LUCIA FERREIRA DA ROCHA CONTE MENEZES"
5760;"***.076.348-**";"RODRIGO GOMES DE MELO"
5761;"***.832.098-**";"KATIA MAESTRELO DUARTE"
5762;"***.686.988-**";"ALAN FERREIRA SILVA"
5763;"***.047.687-**";"MIRIA APARECIDA BORGES DE AMORIM"
5764;"***.612.588-**";"ANA CLAUDIA PIRES DO NASCIMENTO"
5765;"***.243.648-**";"IGOR CORA CORREA GOMES"
5766;"***.801.188-**";"RENATA DINIZ PARADA"
5767;"***.598.718-**";"RENATA DOS SANTOS DUTRA"
5768;"***.462.908-**";"MAYRA HELENA MOUTINHO"
5769;"***.988.928-**";"FERNANDO RODRIGO BARBOSA"
5770;"***.575.038-**";"LEANDRO CARLOS BATISTA"
5771;"***.928.308-**";"JULIO CESAR DA COSTA"
5772;"***.389.128-**";"JORGE ARBIOL FORNE"
5773;"***.271.338-**";"ELIANE GOMES DOS SANTOS"
5774;"***.725.648-**";"SEBASTIANA PATENTE DE ANDRADE"
5775;"***.412.558-**";"CARLOS EMANUEL BRONZATTO PARENTE"
5776;"***.009.588-**";"PAULO SERGIO MONTEIRO DE SOUZA"
5777;"***.466.658-**";"LUCAS LOFFY FERREIRA"
5778;"***.319.428-**";"LUCAS GERARDI DUARTE"
5779;"***.702.488-**";"HENRIQUE SEQUEIRA DA SILVA RIBEIRO"
5780;"***.142.218-**";"PRISCILLA NASCIMENTO DAS MERCES"
5781;"***.822.317-**";"GUILHERME CONSENTINO EGALON"
5782;"***.528.968-**";"WASHINGTON DAMACENA BARBOSA"
5783;"***.063.318-**";"MARINA BARBOSA SANTOS"
5784;"***.128.158-**";"LEANDRO LOPES MENESES"
5785;"***.562.778-**";"LAISA SALES DOS SANTOS"
5786;"***.718.548-**";"FABIO HENRIQUE DE OLIVEIRA"
5787;"***.086.411-**";"MARIANA GERARDI ROSA"
5788;"***.915.418-**";"GUILHERME ARIEL ASTOLPHI DE AGUIAR"
5789;"***.799.608-**";"BEATRIZ DE JESUS BRAIT"
5790;"***.418.868-**";"LEONARDO VAZARIM"
5791;"***.195.398-**";"ALLAN MARCEL BARBOSA FERREIRA"
5792;"***.198.008-**";"ANDRE ILSON MENDONCA MENDES"
5793;"***.571.998-**";"MARCUS VINICIUS FARBELOW"
5794;"***.167.668-**";"PABLO WELLINGTON FERNANDES"
5795;"***.913.358-**";"LETICIA RUSTICI CHICA"
5796;"***.600.846-**";"MIRLLEY MAIRA ROCHA SILVA"
5797;"***.261.966-**";"DANILO DA MOTA GUEDES"
5798;"***.390.546-**";"AMANDA DA SILVA"
5799;"***.189.866-**";"GABRIEL BIAS FORTES PEREIRA DA SILVA MEDEIROS"
5800;"***.497.766-**";"LINCOLN BRIAM DE CASTRO CARVALHO"
5801;"***.212.246-**";"JOCIMAR VASSEQUI"
5802;"***.334.526-**";"ANDRE DIAS DOS SANTOS"
5803;"***.311.396-**";"JULIO CESAR GOMES GRACA"
5804;"***.558.416-**";"BRUNA APARECIDA SILVA DIAS"
5805;"***.146.687-**";"RODRIGO PERACCHI PORRECA"
5806;"***.971.177-**";"LUCIANO CASTRO BORGES"
5807;"***.530.986-**";"ROGERIO NAMORATO JUNIOR"
5808;"***.925.006-**";"MARIANA HUFNAGEL MARANHA DE FARIA"
5809;"***.800.786-**";"SEBASTIAO WARLISSON FERNANDES DA SILVA"
5810;"***.903.966-**";"ROBSON RUBENS VELOSO"
5811;"***.206.866-**";"ADRIANE BARBOSA REIS"
5812;"***.651.886-**";"RANIERI DARLEI DOS SANTOS"
5813;"***.926.696-**";"TIAGO HENRIQUE DE CASTRO GONCALVES"
5814;"***.591.376-**";"DIEGO CUSTODIO DA SILVA"
5815;"***.214.826-**";"ANDERSON PEGO"
5816;"***.247.316-**";"UENDER MENDES PEREIRA"
5817;"***.495.516-**";"FLAVIO ALMEIDA SANTOS"
5818;"***.248.146-**";"ANDRE GOMES DE FIGUEIREDO VIEIRA"
5819;"***.684.626-**";"JULIO CESAR GOMES DE OLIVEIRA"
5820;"***.051.816-**";"EMERSON DE JESUS SANTOS"
5821;"***.369.846-**";"ANA PAULA DOS SANTOS SILVA OLIVEIRA"
5822;"***.893.791-**";"ALLAN WELBER DE MORAES GOMES JARDIM"
5823;"***.212.932-**";"LEONARDO BARBOSA FERREIRA"
5824;"***.855.139-**";"LUCAS ALVES CAMPOS"
5825;"***.018.971-**";"RENATO MATHEUS GRACIA"
5826;"***.749.811-**";"LUCIANO DE CARVALHO"
5827;"***.452.702-**";"BRENDA MOTA TEIXEIRA"
5828;"***.710.611-**";"ESTEFANO CRIVELATTI GRONTOSKI"
5829;"***.814.911-**";"LUCAS DIAS DE OLIVEIRA"
5830;"***.516.924-**";"MONICA ALBUQUERQUE ANGELINO VILELA FREITAS"
5831;"***.565.814-**";"ALINE PEREIRA DE OLIVEIRA ALMEIDA"
5832;"***.386.914-**";"ENILDO MEIRA DE OLIVEIRA JUNIOR"
5833;"***.385.894-**";"PEDRO FRANCISCO DA SILVA NETO"
5834;"***.482.224-**";"JOAO BATISTA GOMES CAVALCANTI"
5835;"***.727.914-**";"DANIELLE NASCIMENTO DOS SANTOS"
5836;"***.058.234-**";"ISAILDA MARIA BARROS PEREIRA"
5837;"***.983.849-**";"MARIANA ALVES LACERDA"
5838;"***.938.699-**";"JOAO ALENCAR CORNELIUS"
5839;"***.133.549-**";"GUILHERME VARELA DOS SANTOS"
5840;"***.798.359-**";"GUILHERME COELHO"
5841;"***.824.649-**";"SUENI JURACI DE MELLO DOS SANTOS"
5842;"***.555.989-**";"VALERIA CORDEIRO DIAS"
5843;"***.128.753-**";"KENARD RODRIGUES SILVA FERREIRA"
5844;"***.387.988-**";"CIBELE LONGO"
5845;"***.384.179-**";"DANILO CESAR LOPES MENESES"
5846;"***.330.119-**";"KELI CRISTINA LAZZAROTO"
5847;"***.377.449-**";"SIMONE FERNANDES FELIPE"
5848;"***.632.909-**";"FRANCIELLI DE MOURA"
5849;"***.486.779-**";"GRAZIELE PETRI DE MELLO"
5850;"***.501.839-**";"BRUNO GARCIA DOS SANTOS"
5851;"***.820.577-**";"RENAN MICHEL DE OLIVEIRA SACRAMENTO"
5852;"***.812.970-**";"LEONARDO CZIZEWSKI SOARES"
5853;"***.590.039-**";"GUILHERME TERENCIO DA SILVA"
5854;"***.908.107-**";"FILIPPE REIS PORTELLA VEIGA"
5855;"***.779.461-**";"REINALDO SERGIO RODRIGUES"
5856;"***.630.777-**";"LISANGELA JORGE CARIOCA SANTOS"
5857;"***.125.788-**";"FLAVIO HENRIQUE FERREIRA MOURA"
5858;"***.048.379-**";"PAULO ENDLER"
5859;"***.560.699-**";"DEISE ELIANE MARTINS"
5860;"***.021.868-**";"FLAVIA PEIXOTO CARDOSO DE BARROS"
5861;"***.598.117-**";"HELDER MOTA FREITAS"
5862;"***.037.279-**";"NAZARENO COELHO"
5863;"***.382.574-**";"JACINTO VIEIRA DE CARVALHO"
5864;"***.038.315-**";"ROBERTO DA SILVA CARVALHO"
5865;"***.471.305-**";"NEIFLAVIO DANTAS LIBORIO"
5866;"***.391.688-**";"PATRICIA DE CERQUEIRA LEITE SCHERER"
5867;"***.231.467-**";"LEANDRO MONTEIRO DE LIMA"
5868;"***.134.301-**";"ROGER RODRIGUES FELIX"
5869;"***.325.402-**";"EDMUNDO WALLACE MONTEIRO LUCAS"
5870;"***.306.231-**";"DANIELA DE MORAES AVIANI"
5871;"***.013.602-**";"POLIANA CARLA GOES DE SOUZA"
5872;"***.833.272-**";"EDIVALDO NASCIMENTO MELO"
5873;"***.010.002-**";"JOSE ANTONIO MONTEIRO DOS SANTOS"
5874;"***.473.384-**";"SEVERINO ARAUJO FILHO"
5875;"***.638.732-**";"EDER JONAS COELHO"
5876;"***.226.164-**";"LEILA MARIA RODRIGUES DE SOUSA MARIZ"
5877;"***.958.367-**";"MARCUS VINICIUS ALVES DA SILVA"
5878;"***.906.278-**";"LILIAN VEIGA VINHAS"
5879;"***.357.807-**";"JUAREZ LOURENCO"
5880;"***.285.051-**";"MOISES CO"
5881;"***.258.871-**";"LUIZ OTAVIO DA SILVA PEREIRA"
5882;"***.727.768-**";"THAISA LUMIE YAMAUIE"
5883;"***.045.477-**";"TALITA FERREIRA VIEIRA"
5884;"***.428.107-**";"RAFAEL DIAS RAMOS LOUREIRO"
5885;"***.045.944-**";"JEAN BRAZ DE SOUZA"
5886;"***.336.503-**";"JOSE CLAUDIO LIMA DE FREITAS"
5887;"***.924.522-**";"ANDRE ALAN AMANCIO DE ARAUJO"
5888;"***.220.788-**";"EDIVALDO AFONSO CORREA PADILHA"
5889;"***.056.337-**";"YURI CARNEIRO DE SOUZA"
5890;"***.479.231-**";"LUCAS FERREIRA ROSA"
5891;"***.126.242-**";"EDIVALDO ANDRADE DA SILVA"
5892;"***.636.174-**";"DIMACLIN CANDIDO DA SILVA"
5893;"***.971.497-**";"ANTONIO CESAR DA SILVA LEITE"
5894;"***.548.767-**";"DAGOBERTO FERREIRA DA SILVA JUNIOR"
5895;"***.655.207-**";"MARCOS THIAGO PEREIRA VIANNA FERNANDES"
5896;"***.619.627-**";"FABIO NASCIMENTO ANDRADE"
5897;"***.376.237-**";"BRUNO ALVES COELHO"
5898;"***.204.504-**";"ZEFERINO FRANCISCO DA SILVA FILHO"
5899;"***.171.238-**";"THIAGO SANTOS PATEIS DE OLIVEIRA"
5900;"***.978.433-**";"ANTONIO JAIRO DO REGO CASTELO BRANCO"
5901;"***.889.534-**";"WELLINGTON FRANKLIN DE PAIVA"
5902;"***.052.997-**";"ROBSON DOS SANTOS DUTRA"
5903;"***.488.933-**";"EDUARDO PAULINO FEITOSA"
5904;"***.334.341-**";"JOAO VICTOR SCHENKEL BERTONCELLO"
5905;"***.060.651-**";"MIKEIAS XAVIER DE MATOS DE JESUS"
5906;"***.645.570-**";"WELLINGTON NEITZKE DE VARGAS"
5907;"***.086.782-**";"DANIELLE CORDEIRO DE SOUZA"
5908;"***.835.239-**";"MARCELO ANDRE DE OLIVEIRA"
5909;"***.652.422-**";"WALTER JUNIOR DA SILVA"
5910;"***.435.264-**";"JOAO PAULO MELO VIEIRA DA SILVA"
5911;"***.824.343-**";"FLAVIO DA SILVA BRANDAO"
5912;"***.804.534-**";"CAIO CESAR CARVALHO DE MEDEIROS"
5913;"***.820.936-**";"PHILIP EDUARDO ASSIS FERREIRA"
5914;"***.013.796-**";"VINICIUS LEMONGE ALMEIDA"
5915;"***.219.315-**";"DIEGO BULDO PERALVA"
5916;"***.212.643-**";"FERDIRAM PEREIRA DE OLIVEIRA"
5917;"***.077.860-**";"THOMAS GABRIEL SCHULTZ"
5918;"***.168.321-**";"DAILO CLEMENTE LIMA"
5919;"***.705.467-**";"ALAN VITOR SANTOS GAMA"
5920;"***.357.125-**";"DANILO ARCOVERDE PITHON LACERDA"
5921;"***.410.869-**";"RONALDO DE SOUZA"
5922;"***.420.815-**";"MANOEL CLAUDINO FERREIRA"
5923;"***.109.125-**";"FERNANDO CORREIA DA SILVA"
5924;"***.500.649-**";"RAFAEL NAZARENO DE CAETANO"
5925;"***.522.766-**";"WALDIR LOPES ALMEIDA"
5926;"***.984.850-**";"LUIS FERNANDO DOS SANTOS"
5927;"***.729.390-**";"ELIANDRO FERREIRA GOMES"
5928;"***.313.224-**";"RODRIGO MOURA RODRIGUES"
5929;"***.978.357-**";"VINICIUS DOS SANTOS MARTINEZ"
5930;"***.652.947-**";"RODRIGO ROCHA"
5931;"***.573.310-**";"MARCO ANTONIO SCHNEIDER KIELING"
5932;"***.731.833-**";"EDSON HENRIQUE DE CARVALHO ARAUJO"
5933;"***.140.124-**";"LINCOLN NEVES DE SOUZA"
5934;"***.074.012-**";"AQUINO ANTONIO FERREIRA"
5935;"***.420.874-**";"DAVID NUNES SEVERIANO"
5936;"***.782.629-**";"GILMAR ERN"
5937;"***.990.777-**";"ROUSEMAN VAZ BRITTO"
5938;"***.583.797-**";"GUTIERRE DA SILVA RODRIGUES"
5939;"***.054.333-**";"FRANCISCO AIRTON FERREIRA FILHO"
5940;"***.835.847-**";"RENAN VIANA ROCHA"
5941;"***.397.847-**";"DOUGLAS SILVA OLIVEIRA LEAL"
5942;"***.629.167-**";"RAMON DO NASCIMENTO MACHADO DA SILVA"
5943;"***.689.130-**";"LUIZ GUSTAVO TAVARES DE LIMA"
5944;"***.249.826-**";"ARON OLIVEIRA SILVA"
5945;"***.513.000-**";"ALESSANDRO DE LIMA NUNES"
5946;"***.575.106-**";"CLAUDIO MARCIO DA SILVA"
5947;"***.038.057-**";"PLACIDO GOMES MARTINS JUNIOR"
5948;"***.394.671-**";"ANDRE VIANA DA SILVA"
5949;"***.658.411-**";"ALEXIS RODRIGUES VERDUN"
5950;"***.380.398-**";"FELIPE DIAS MENTE"
5951;"***.860.580-**";"TIAGO WASEM ZIEMBOWICZ"
5952;"***.775.337-**";"YOHAN ANDREWS DOS ANJOS"
5953;"***.136.802-**";"RAFAEL SILVA FORTUNATO"
5954;"***.719.058-**";"RODRIGO DA SILVA ALVES"
5955;"***.719.988-**";"DOUGLAS KALUZEVICIUS MORAIS"
5956;"***.242.721-**";"WILLIAM DE PINHO CORREA DA SILVA"
5957;"***.812.581-**";"KLEDSON FURST DA SILVA"
5958;"***.848.220-**";"CESAR LAERTE DOS SANTOS"
5959;"***.401.768-**";"LEANDRO RODRIGUEZ CALDAS"
5960;"***.726.787-**";"JOAO DE ALBUQUERQUE CASTRO FILHO"
5961;"***.860.255-**";"TIAGO MILER JESUS DE ANDRADE"
5962;"***.870.514-**";"ARTHUR AUGUSTO CALHEIROS DE SANTANA DIAS"
5963;"***.245.288-**";"MARIANA LOPES DA CONCEICAO"
5964;"***.946.031-**";"PAMELA MATAYOSHI DE ARAUJO"
5965;"***.634.180-**";"LAURA CASSAL SCHENKEL"
5966;"***.891.476-**";"CAIO SARAIVA JANNOTTI"
5967;"***.445.376-**";"VICTOR FERREIRA BOTTI"
5968;"***.500.799-**";"MATHEUS AUGUSTO DIAS SANTOS"
5969;"***.076.270-**";"SIMONE HARTMANN FRANCO"
5970;"***.450.913-**";"JOSE DARIO PEREIRA COSTA"
5971;"***.090.910-**";"EWALDO HOWES VICOSA JUNIOR"
5972;"***.459.037-**";"DIOGO GIAMMATTEY VIRIATO"
5973;"***.023.784-**";"FELIPE ALBERTO DA SILVA HOPPER"
5974;"***.664.270-**";"EMERSON PAULO BARANZELLI"
5975;"***.095.733-**";"RAFAEL SAMPAIO SILVA"
5976;"***.688.177-**";"RODRIGO RODRIGUES JACINTO DA SILVA"
5977;"***.645.051-**";"CAMILA VIEIRA DE PAULA MARTINS"
5978;"***.385.111-**";"ALAECE NUNES DA SILVA"
5979;"***.106.717-**";"RAMON DOS SANTOS FERREIRA"
5980;"***.062.022-**";"CARLOS BENEDITO SANTANA DA SILVA SOARES"
5981;"***.478.311-**";"DIOGO NASCIMENTO COELHO"
5982;"***.640.856-**";"ANIEL DA COSTA LIMA"
5983;"***.808.257-**";"KEITHSSANY BORGES PEREIRA"
5984;"***.037.120-**";"MARCOS JULIANO PRAUCHNER"
5985;"***.537.272-**";"SIDNEI SILVA SOUZA"
5986;"***.782.269-**";"MILENE BARTOLOMEI SILVA"
5987;"***.819.381-**";"SILVANA APARECIDA DA SILVA ZANCHETT"
5988;"***.954.700-**";"JADIR ANTONIO FRIGERI"
5989;"***.867.425-**";"PEDRO ROGERIO DE OLIVEIRA SANTOS"
5990;"***.214.384-**";"ISAIAS MARTINS DA SILVA"
5991;"***.945.904-**";"AUGUSTO CESAR LUCIO DE OLIVEIRA"
5992;"***.981.001-**";"ALCIDES PEREIRA DOS SANTOS NETO"
5993;"***.487.686-**";"LEONARDO PEREIRA LEOCADIO"
5994;"***.444.508-**";"ELI ANTONIO CAMPANHOL"
5995;"***.315.873-**";"JORGE RENATO SANTOS DA SILVA"
5996;"***.791.647-**";"JEFFERSON ROBSON AMORIM DA SILVA"
5997;"***.586.194-**";"MOALLY JANNE DE BRITO SOARES MEDEIROS"
5998;"***.565.960-**";"MARIA RIPPEL"
5999;"***.356.891-**";"EDUARDO GUIMARAES FERNANDES"
6000;"***.622.023-**";"FRANCISCO ERILSON FREIRE DE OLIVEIRA"
6001;"***.269.728-**";"CHARLYS ROWEDER"
6002;"***.079.645-**";"DULCIMARA ALVES DOS SANTOS SILVA"
6003;"***.818.101-**";"CLAUDIO FERNANDES CARDOSO"
6004;"***.737.996-**";"RENATA MARTINS FOGACA"
6005;"***.257.946-**";"GISELE APARECIDA COSTA MARTINS"
6006;"***.970.520-**";"MARCO AURELIO BENEDETTI RODRIGUES"
6007;"***.973.844-**";"FRANCISCO LUIZ DE SA ARAUJO"
6008;"***.752.190-**";"MAIKEL GUERRA BATHAGLINI"
6009;"***.896.650-**";"ANDRE DE TOLEDO PAINES"
6010;"***.107.417-**";"MARCIO LEANDRO SANTOS DE OLIVEIRA"
6011;"***.542.742-**";"RAIMUNDO NAZARENO RODRIGUES PIMENTEL"
6012;"***.238.442-**";"BRUNO FERNANDES VERAS"
6013;"***.499.706-**";"LUCELIA SILVA SANTOS DE QUEIROZ"
6014;"***.101.687-**";"DANIEL ROSA DUTRA"
6015;"***.058.438-**";"LUCAS MACHADO FIGUEIRA"
6016;"***.622.527-**";"LORENE MARTINS ROCHA"
6017;"***.599.017-**";"JOSUE GONCALVES BAHIA"
6018;"***.693.500-**";"ISMAEL SCHEFFLER"
6019;"***.209.299-**";"PAULA MARASCA ORO"
6020;"***.446.499-**";"LUIS ALBERTO CHAVEZ AYALA"
6021;"***.564.161-**";"LUIZ HENRIQUE RIBEIRO DE OLIVEIRA"
6022;"***.660.611-**";"ADAUTO COSTA"
6023;"***.592.671-**";"MARCIO EDUARDO CACAO TOGNINI"
6024;"***.421.431-**";"IVANOEL SANTANA DE MATOS"
6025;"***.412.354-**";"CAROLINA QUEIROZ DE ARAUJO"
6026;"***.907.849-**";"CARLO ROBERTO CLEMENTE"
6027;"***.218.859-**";"ELIANE SAYURI FUKAHORI"
6028;"***.855.920-**";"SULA PATRICIA MACIEL"
6029;"***.344.862-**";"CRYSOLOGO GASTAO DA SILVA MONTEIRO"
6030;"***.684.622-**";"ANDRES CAMILO RODRIGUEZ HURTADO"
6031;"***.222.331-**";"JEDMAR GOMES DE FIGUEIREDO"
6032;"***.077.152-**";"HELLINGTON DE SOUSA CORREA"
6033;"***.663.152-**";"OTACILIO FERREIRA DAS NEVES"
6034;"***.484.695-**";"GILMAR DA SILVA SANTOS"
6035;"***.121.823-**";"GASPAR SILVA LIMA"
6036;"***.180.073-**";"JOSE MARIA SILVA FERREIRA FILHO"
6037;"***.890.389-**";"JANDREI MARCANTE"
6038;"***.066.954-**";"FABIANA ANDREA SILVA CALUMBY PEREIRA"
6039;"***.791.329-**";"ALEXANDRE OLIVEIRA DOS SANTOS"
6040;"***.551.591-**";"YURI RODRIGO DE OLIVEIRA"
6041;"***.543.101-**";"MAYNARD NOLETO SALES"
6042;"***.852.054-**";"MARCONI SIMOES COSTA"
6043;"***.325.863-**";"LUIS CLAUDIO ALVES AGUIAR"
6044;"***.749.503-**";"AFONSO CELSO PEREIRA DA SILVA"
6045;"***.837.397-**";"ELTON FIGUEIRA DA SILVA"
6046;"***.062.135-**";"ROSA MARIA PASTOR DE OLIVEIRA"
6047;"***.374.844-**";"RHASSANNO CARACCIOLLO PATRIOTA"
6048;"***.289.208-**";"ARMANDO CASTELAN NETO"
6049;"***.932.200-**";"MARCOS ROBERTO WEIZENMANN"
6050;"***.285.548-**";"ALDRIN FONTANA"
6051;"***.092.496-**";"SOEDEN SOARES"
6052;"***.831.132-**";"MARCIO COSTA MACIEL"
6053;"***.427.628-**";"CLAUDIO CESAR DA SILVA"
6054;"***.206.623-**";"LUIZ GUILHERME LIMA DE VASCONCELLOS"
6055;"***.209.578-**";"JUTERVANIO ALVES E SILVA"
6056;"***.508.849-**";"WANDREI ROBERT VANESKI"
6057;"***.149.107-**";"GILSON RONALDO AGUIAR DE VASCONCELOS"
6058;"***.787.770-**";"RICARDO ANDRE CHELOTTI"
6059;"***.791.660-**";"FERNANDO CAVALHEIRO DA SILVA"
6060;"***.073.460-**";"DOUGLAS RODRIGUES FIGUEIREDO"
6061;"***.214.140-**";"JOSSAN LEMOS PEREIRA"
6062;"***.092.546-**";"DANIEL FONSECA DE ARAUJO E SANTOS"
6063;"***.188.300-**";"ANA PAULA DUCATTI"
6064;"***.684.288-**";"SERGIO HELENO AZEVEDO DE AMORIM"
6065;"***.167.464-**";"WANDERSON CARLOS DAS NEVES TIBURCIO"
6066;"***.847.137-**";"FRANCISCO JOSE VIANA XAVIER"
6067;"***.516.064-**";"ROSSINE FAGNER RIBEIRO DE MEDEIROS"
6068;"***.757.790-**";"FABRICIO MOISES ZIANI"
6069;"***.587.805-**";"HENRIQUE JOSE CONCEICAO DOS SANTOS"
6070;"***.070.762-**";"LIVIA CASTELO BRANCO MARCOS MILANEZ"
6071;"***.875.345-**";"VALDIMEIRE BARBOSA SILVA DOS SANTOS"
6072;"***.286.753-**";"FRANCISCO CLESIO BARBOSA DE OLIVEIRA"
6073;"***.453.816-**";"JOSE GERALDO DA SILVEIRA"
6074;"***.100.695-**";"AMELIA CRISTINA MOTA NUNES"
6075;"***.536.128-**";"MARCOS GARBE"
6076;"***.794.551-**";"MANOEL JOSELIO PIRES ARAUJO"
6077;"***.500.501-**";"WELLINTON RODRIGUES COSTA"
6078;"***.354.601-**";"VANDERLEY RIBEIRO DOS SANTOS"
6079;"***.956.616-**";"ADILSON DOS REIS"
6080;"***.318.942-**";"MANOEL DO SOCORRO LEARTE MARECO"
6081;"***.704.207-**";"MATEUS FRANCISCO PAGLIARINI"
6082;"***.310.057-**";"SHEILA GUIMARAES BAPTISTA"
6083;"***.929.751-**";"RAFAEL PEREIRA PINTO"
6084;"***.622.823-**";"MARIA LUCIA CARVALHO"
6085;"***.491.510-**";"AMAURI DE SENA MOTTA"
6086;"***.903.536-**";"MARIA CAROLINA ALVES DE CAMARGOS"
6087;"***.469.651-**";"WESLEY SEBASTIAO DE CARVALHO"
6088;"***.276.486-**";"NEUZA MARIA GONCALVES PEREIRA"
6089;"***.225.329-**";"RODRIGO FILIPAK TORRES"
6090;"***.999.224-**";"DIEGO MEIRELES MONTEIRO"
6091;"***.869.636-**";"ANTONIO MAURO GUIMARAES DOS ANJOS"
6092;"***.302.651-**";"TALES QUEIROZ RIBEIRO"
6093;"***.400.101-**";"ELCIANA FARIA NOGUEIRA"
6094;"***.909.627-**";"CARLOS ALBERTO CORREA E CASTRO JUNIOR"
6095;"***.094.519-**";"ADRIANO CESAR BUZZATO"
6096;"***.724.911-**";"LARISSA CRISTINA MOREIRA RIBEIRO"
6097;"***.484.521-**";"CLAUDIO ROBERTO FERREIRA COSTA DE OLIVEIRA"
6098;"***.461.581-**";"SYLVIA MARTINEZ ASSAD DE OLIVEIRA"
6099;"***.342.211-**";"CESAR MOREIRA BUENO"
6100;"***.833.162-**";"ANDREZA MOREIRA SATO ROCHA"
6101;"***.736.500-**";"ADEMIR MOREIRA GONZALEZ"
6102;"***.230.370-**";"GABRIEL DE BOTELHO MARCOS"
6103;"***.138.190-**";"LAUREN CORTEZIA AVILA"
6104;"***.430.934-**";"HELBE CAVALCANTE SILVA"
6105;"***.916.064-**";"ROMARIO PEREIRA DE OLIVEIRA"
6106;"***.398.614-**";"MAYCON FRANCISCO CONCELVAS ACIOLI"
6107;"***.871.812-**";"JHONYS RIKENR MACHADO"
6108;"***.214.962-**";"BRUNO EDUARD DE ARRUDA"
6109;"***.189.916-**";"ISRAEL MEDEIROS SILVA"
6110;"***.097.695-**";"EDUARDO SANTANA DO NASCIMENTO"
6111;"***.430.975-**";"KEILA CRISTINA OLIVEIRA VIEIRA"
6112;"***.091.315-**";"LUCAS OLIVEIRA DA CRUZ"
6113;"***.950.865-**";"LUCIANA SAMPAIO DE CARVALHO"
6114;"***.054.815-**";"EDMILSON MATOS ANDRADE"
6115;"***.170.075-**";"GABRIEL SANTANA SILVA"
6116;"***.726.815-**";"GISELE DE SOUZA SANTOS"
6117;"***.971.847-**";"FELIPE FERREIRA FRAGA"
6118;"***.259.484-**";"JORGE SOUZA ALVES"
6119;"***.540.232-**";"THIAGO IURY SILVA DA COSTA"
6120;"***.395.642-**";"JOAO PAULO LINHARES DE SOUSA"
6121;"***.138.932-**";"ADEILSON DO NASCIMENTO VEIGA"
6122;"***.712.622-**";"AMIZAEL FERREIRA SANTANA"
6123;"***.714.682-**";"LOURIVAL ALVES DA SILVA NETO"
6124;"***.939.722-**";"JEFFENICE MIRTES PICANCO COSTA"
6125;"***.990.702-**";"CARLOS ENOCK DA SILVA MARTINS"
6126;"***.191.713-**";"JOAO DO CARMO FELIPE"
6127;"***.228.707-**";"JAIRO BARBIERI RODRIGUES DA VITORIA"
6128;"***.611.537-**";"LORENA SILVA ARRIVABENE"
6129;"***.814.383-**";"JAMILLY PEREIRA DA SILVA"
6130;"***.181.053-**";"SCARLETT O HARA DA CONCEICAO SILVA"
6131;"***.245.743-**";"RAFAEL MAGALHAES DE SOUSA"
6132;"***.721.633-**";"DJENANNE VALERIA COSTA MATOS"
6133;"***.317.223-**";"ANDRE LUIZ SILVA COIMBRA"
6134;"***.150.128-**";"JERONIMO BARBOSA DE BRITO"
6135;"***.888.832-**";"ANTONIO ALAN ROCHA BARBOSA"
6136;"***.098.861-**";"VALTERCLEY BORGES MACHADO"
6137;"***.209.232-**";"ALAN DE AZEVEDO SILVA"
6138;"***.550.302-**";"VANESSA DE SOUZA BULHOES"
6139;"***.124.632-**";"EZEQUIEL PEREIRA DE ARAUJO"
6140;"***.052.722-**";"CAMILA LETICIA CORREA MAIA"
6141;"***.060.472-**";"FRANCI MARA CABRAL DE MAGALHAES"
6142;"***.019.102-**";"ATILA ARIEL BARBOSA DE LIMA"
6143;"***.422.472-**";"BRENNA CECILIA DE SOUSA FERREIRA"
6144;"***.533.512-**";"MARYANNE CORREA ARAUJO DE AMORIM"
6145;"***.861.449-**";"ROBERTO MARTINS DOROCINSKI"
6146;"***.525.393-**";"MARCOS EDUARDO FONTES NEGREIROS"
6147;"***.980.773-**";"CAROLINE SOUSA NOGUEIRA"
6148;"***.429.214-**";"JOSE RAMOM ALENCAR NASCIMENTO"
6149;"***.925.913-**";"RODRIGO ARAUJO DO NASCIMENTO"
6150;"***.003.623-**";"ALEX FERREIRA DA SILVA"
6151;"***.807.273-**";"CIBELE DE VASCONCELOS CARDOSO BARROS"
6152;"***.386.023-**";"UANNA MARA SOARES LIMA"
6153;"***.132.547-**";"VANESSA RUNG DE PAULA CHAVES"
6154;"***.819.657-**";"PEDRO PAULO SOUZA SOARES"
6155;"***.948.467-**";"LUCAS TEIXEIRA RAMOS TAVARES"
6156;"***.220.627-**";"KAROLYN DE SA TEIXEIRA MARANGON"
6157;"***.066.537-**";"TARSIO ABRANCHES DE ALBUQUERQUE"
6158;"***.518.547-**";"DEUSIVAL BARBOSA DE ALBUQUERQUE"
6159;"***.476.622-**";"ALTAYR MIRANDA DE ALENCAR"
6160;"***.593.452-**";"INACIO ROGERIO RIBEIRO MONTE"
6161;"***.839.632-**";"THIAGO DE SOUSA BANDEIRA"
6162;"***.424.562-**";"RENATA DE SOUZA CRUZ"
6163;"***.081.243-**";"GABRIEL HELBERTH COSTA DA SILVA"
6164;"***.260.253-**";"FERNANDO VARGAS MARTINS"
6165;"***.188.011-**";"GERSON DIAS DA LUZ SOUSA"
6166;"***.168.591-**";"WANDERSON SILVA LINO"
6167;"***.038.161-**";"YANA CARVALHO DO NASCIMENTO MARQUES"
6168;"***.105.112-**";"GIOVANNA FERREIRA LIMA"
6169;"***.342.662-**";"HENRIQUE ARAUJO CANDIDO"
6170;"***.759.681-**";"JAILSON CARVALHO DE OLIVEIRA"
6171;"***.077.334-**";"RENAN VIEIRA DE ALQUINO"
6172;"***.841.581-**";"CAMILA MARTINS DOS SANTOS"
6173;"***.506.931-**";"ISLANA BARBOSA DA SILVA"
6174;"***.750.551-**";"JOSE ANTONIO DE SOUSA NETO"
6175;"***.433.651-**";"ISABELLA MASCARENHAS ARAUJO"
6176;"***.792.953-**";"ANNE STEPHANIE SEVERINO DE MENDONCA SANTOS"
6177;"***.405.873-**";"WILKER SOBRINHO DE SOUSA"
6178;"***.892.498-**";"VINICIUS RUBENS DE BIAGI"
6179;"***.071.708-**";"JULLY MITIE SANTOS IGUCHI"
6180;"***.657.248-**";"GABRIEL SILVESTRE"
6181;"***.660.568-**";"ELIANE LEMES MOREIRA"
6182;"***.771.608-**";"RODRIGO LOPES DE ALBUQUERQUE MARANHAO"
6183;"***.841.308-**";"CREUSA APARECIDA ROSALINO"
6184;"***.669.928-**";"GABRIELA PAGANO"
6185;"***.149.478-**";"HELLEN LUCIENE ADAMI"
6186;"***.763.798-**";"PAULA RENATA CUNHA"
6187;"***.970.332-**";"JESSICA MAYARA DA SILVA PEREIRA"
6188;"***.751.078-**";"EDNA SATOMI HANZAWA MITSUIKI"
6189;"***.888.108-**";"AUGUSTO HENRIQUE DIAS"
6190;"***.176.878-**";"ROMESSI FERRAZ DOS SANTOS"
6191;"***.764.988-**";"PAULO RUBENS LEITE"
6192;"***.018.948-**";"FERNANDO ALVES BATISTA"
6193;"***.527.918-**";"BRUNO STOCO DE OLIVEIRA"
6194;"***.841.028-**";"PATRICIA CAROLINE SANCHES FLORIANO"
6195;"***.051.228-**";"JOSE LUIZ CARDOSO"
6196;"***.095.418-**";"NAJELA ALESSANDRA SOARES"
6197;"***.049.746-**";"CARLOS ANYSIO SANTIAGO TAVARES"
6198;"***.633.666-**";"SELMA EVANGELISTA JERONIMO"
6199;"***.004.116-**";"NERYJUNHO VIEIRA CABRAL"
6200;"***.123.306-**";"HIGOR FLORENCIO SILVA MOREIRA"
6201;"***.358.166-**";"MARCELLA HAILA ANTUNES PINTO"
6202;"***.229.836-**";"BRUNO DE OLIVEIRA ROCHA"
6203;"***.012.186-**";"JHONATANN PEREIRA DA SILVA"
6204;"***.906.836-**";"FILIPE ARAUJO SIMOES"
6205;"***.254.298-**";"DELMIR SILVA REIS"
6206;"***.947.696-**";"THAMIRES FERREIRA DE SOUZA BARROS"
6207;"***.130.716-**";"SERGIO ABRITTA"
6208;"***.540.836-**";"DANILO FONTES FERREIRA"
6209;"***.873.986-**";"KLINGER CARVALHO"
6210;"***.593.338-**";"CARLOS HENRIQUE LOPES"
6211;"***.013.111-**";"REMILDO RODRIGUES DE SOUZA"
6212;"***.933.621-**";"DEISY MARTINS DOS SANTOS"
6213;"***.018.581-**";"JONATHAN ANGELO DE QUEIROZ"
6214;"***.059.551-**";"FABRICIO LUITTI DE SOUZA"
6215;"***.580.708-**";"RICARDO GARCIA ARATANI"
6216;"***.662.691-**";"WAGNER GOMES DE MOURA"
6217;"***.060.835-**";"LIDIANE DOS SANTOS ANDRADE"
6218;"***.826.887-**";"LUIZ EDUARDO GONCALVES"
6219;"***.296.314-**";"YURI CAVALCANTE LIMA"
6220;"***.285.244-**";"ERICKA DELANIA VERISSIMO DE ANDRADE"
6221;"***.175.954-**";"DANIEL DOS SANTOS BATISTA"
6222;"***.387.079-**";"ANA PAULA DELAYTE"
6223;"***.180.749-**";"ANTONIO MARCELINO PEDROSO ROSA MARCELINO"
6224;"***.679.649-**";"IURI ANTUNES DE MEDEIROS"
6225;"***.520.229-**";"AMABILLE MIOTTO DE MENDONCA"
6226;"***.960.959-**";"KATIA MICHELE CLAAS"
6227;"***.211.789-**";"JHENIFER FERRARI BUZZI"
6228;"***.267.508-**";"VALDENICE NICOLAU DE ANDRADE"
6229;"***.271.209-**";"RAMON VITOR DOMINGUES DE MORAES"
6230;"***.936.554-**";"CHRISTIANO LUIZ TABOSA DE OLIVEIRA"
6231;"***.566.681-**";"BERTHA DE MELO GADELHA ABREU"
6232;"***.340.891-**";"MARCELO PILOTTI RAMOS"
6233;"***.093.560-**";"CHARLES ADRIANO CANANEA"
6234;"***.082.124-**";"CARLOS JOSE GOMES DE OLIVEIRA"
6235;"***.637.669-**";"DEJAIR BARBOZA DE BRITO"
6236;"***.658.223-**";"ANTONIO CARLOS NASCIMENTO"
6237;"***.001.375-**";"DANIELLE SAMPAIO TAVARES ARAGAO"
6238;"***.672.148-**";"RODRIGO CARVALHO ALVES DE PAULA"
6239;"***.048.114-**";"WALTEMILTON VIEIRA CARTAXO"
6240;"***.271.921-**";"KATIA PATUSKA FERREIRA"
6241;"***.038.682-**";"ESTEVAM DE OLIVEIRA CASTELO"
6242;"***.770.661-**";"ERIK BUSNELLO IMBUZEIRO"
6243;"***.323.048-**";"JOSE SERGIO MARQUES DOS SANTOS"
6244;"***.845.686-**";"HELOISA MARIA SANTOS OLIVEIRA"
6245;"***.295.688-**";"WAGNER SARJOB COURA BORGES"
6246;"***.065.861-**";"MURILO BOTELHO FERREIRA"
6247;"***.859.562-**";"ANDERSON DE MATOS RIBEIRO"
6248;"***.036.531-**";"RIMMAN ARANTES LOURENCO"
6249;"***.940.093-**";"CHARLES GOMES MOURA"
6250;"***.391.446-**";"DENIS DE PAULO PEREIRA"
6251;"***.091.194-**";"ANDRESSON FERREIRA DOS SANTOS"
6252;"***.862.197-**";"FLAVIO KIYOSHI OSAWA"
6253;"***.947.697-**";"ONESIMO LUCIO DE SOUZA"
6254;"***.763.157-**";"MARCUS VINICIUS DE SOUZA"
6255;"***.422.247-**";"RODRIGO MOREIRA BARBETTO"
6256;"***.997.807-**";"JHONATHA FERNANDES DE MEDEIROS"
6257;"***.437.784-**";"TIAGO ESTEVAM CERQUEIRA"
6258;"***.123.702-**";"ANTONIO ABDIAS PEREIRA CARVALHO JUNIOR"
6259;"***.424.935-**";"LUIS ROBERTO DA CRUZ SILVA"
6260;"***.796.127-**";"SANT CLAIR CARDOSO CARNEIRO DA CUNHA"
6261;"***.261.937-**";"JOHNNATAN TORRES DA SILVA"
6262;"***.640.327-**";"GABRIEL WAILANTE PEREIRA"
6263;"***.484.114-**";"FRANCISCO ANDRIELLY COSTA DE OLIVEIRA"
6264;"***.116.107-**";"CHARLES JOSE GOMES"
6265;"***.708.864-**";"EVERALDO MELO DA SILVA"
6266;"***.410.017-**";"FELIPE LEANDRO MOREIRA RIBEIRO"
6267;"***.205.475-**";"ANTHONY SANTOS VALENCA"
6268;"***.460.187-**";"FLAVIO DA SILVA E SOUZA"
6269;"***.197.946-**";"CARLOS VINICIUS PEREIRA DE OLIVEIRA"
6270;"***.207.587-**";"MARCELO MANTOVANI CRAVO GUIMARAES"
6271;"***.044.858-**";"HIGOR FREITAS ALVES DA SILVA"
6272;"***.939.296-**";"THIAGO HENRIQUE TAVARES"
6273;"***.728.531-**";"PHELIPE GABRIEL VILLANI HERCULANO CORREIA"
6274;"***.539.400-**";"FAGNER PEIXOTO PIRES"
6275;"***.862.449-**";"JOSE REGINALDO PEZZETINI"
6276;"***.440.041-**";"DANIEL DE ANDRADE E SILVA"
6277;"***.912.174-**";"ROMULO PEREIRA RODRIGUES"
6278;"***.002.544-**";"THIAGO ARRUDA SILVA"
6279;"***.540.407-**";"PAULO HENRIQUE LEAL DE ALMEIDA PAIVA"
6280;"***.381.900-**";"LUAN SILVEIRA DA CRUZ"
6281;"***.240.000-**";"OLDI EIBEL"
6282;"***.876.733-**";"HELIONAI RODRIGUES DOS SANTOS"
6283;"***.603.674-**";"LUCAS FELIX BARBOSA"
6284;"***.149.710-**";"PATRIKE IRWIN VIANA ROSSO"
6285;"***.915.880-**";"CAIO LOURENZO SILVEIRA GOULART"
6286;"***.484.764-**";"HUGGO JOSE SILVERIO MENDONCA"
6287;"***.035.534-**";"LUIZ FERNANDES DE ALBUQUERQUE FILHO"
6288;"***.868.930-**";"VANDER RAVIEL SEVERO RAMPELOTTO"
6289;"***.251.665-**";"JOAO VICTOR CAVALCANTE MASCARENHAS"
6290;"***.326.105-**";"FERNANDO BRASIEL SAMPAIO"
6291;"***.003.200-**";"RODRIGO SOARES KESSNER"
6292;"***.517.164-**";"THALES RANIER CHAVES ELCIAS"
6293;"***.457.040-**";"MARCOS HENRIQUE DOS SANTOS"
6294;"***.454.558-**";"SARAH CASSANI LEITE"
6295;"***.712.140-**";"ALESON JOSE LAUXEN"
6296;"***.289.357-**";"YURI MELLO MARTINS"
6297;"***.948.581-**";"RAMON ALVES DA FRANCA"
6298;"***.527.151-**";"JORGIANA ANGELO FIGUEREDO BORGES"
6299;"***.616.530-**";"CHRISTIAN GERALDO WRUCK MANTEY"
6300;"***.969.341-**";"LEANDRO FERREIRA DA SILVA"
6301;"***.154.511-**";"EMMANUEL MERLIN PINHEIRO"
6302;"***.525.278-**";"VINICIUS ANDRE CAMILO DOS SANTOS"
6303;"***.004.779-**";"DANIEL DALL ACQUA POLSIN"
6304;"***.033.394-**";"VINICIUS BORBA DE SOUZA CAVALCANTI"
6305;"***.645.545-**";"PAULO ZILBERMAN HENRIQUES"
6306;"***.187.260-**";"LUIS ERIVELTON DIAS DE ALMEIDA"
6307;"***.494.594-**";"ANDRE LUIZ LOPES DE SOUZA"
6308;"***.845.054-**";"FRANCISCO DE ASSIS FERREIRA FILHO"
6309;"***.761.871-**";"GABRIEL LUCAS NOLETO GOMES DA SILVA"
6310;"***.713.227-**";"VICTOR CORREA PROCOPIO"
6311;"***.921.751-**";"GUILHERME VINICIUS GOLOMBIENSKI SILVA"
6312;"***.398.450-**";"JACSON VOLLMER"
6313;"***.358.904-**";"FRANCISCO XAVIER PRAXEDES FILHO"
6314;"***.490.036-**";"JOAO LUIZ TRINDADE MELO"
6315;"***.996.368-**";"JOSIAS CAMILO DE ARAUJO"
6316;"***.976.078-**";"JOSE ROBERTO BERITHE PEDROSA"
6317;"***.209.590-**";"CLEBER LUIS PICCOLO"
6318;"***.183.290-**";"JAIRO JUAREZ PORTO"
6319;"***.371.070-**";"ELEMAR LUIS DA SILVA"
6320;"***.317.710-**";"VIVIANE DA SILVA CARDOSO"
6321;"***.001.514-**";"LEONARDO BEZERRA DO NASCIMENTO"
6322;"***.073.159-**";"PETER OLIVEIRA LOPES"
6323;"***.453.132-**";"VITORINHA SOUZA DE OURO"
6324;"***.159.502-**";"CARLOS AUGUSTO REIS RODRIGUES"
6325;"***.321.352-**";"NIXON ANTELO NOGUEIRA"
6326;"***.969.526-**";"HALISSON FERREIRA DOS SANTOS SILVA"
6327;"***.313.751-**";"CHRISTIANE MIRANDA FONTES DE ALMEIDA"
6328;"***.281.041-**";"MARIANA CORREIA LACERDA CARVALHO"
6329;"***.584.331-**";"SERGIO PAULO FERREIRA DE BRITO"
6330;"***.278.491-**";"PERICLES DE BRITO MACEDO"
6331;"***.553.768-**";"BRUNA MENEGASSI"
6332;"***.797.810-**";"MORGANA DE MARCO"
6333;"***.711.542-**";"REGINILSON CORREA DE CARVALHO GUIMARAES"
6334;"***.770.035-**";"DANILO SANTOS SOUZA"
6335;"***.721.758-**";"FERNANDA PEREIRA DE JESUS"
6336;"***.055.402-**";"TONE ELI DA SILVA ROCA"
6337;"***.287.711-**";"JORGE RICARDO GOUVEIA"
6338;"***.037.585-**";"FABIANO LIMA SILVA"
6339;"***.018.704-**";"EVERTON SILVA SOARES"
6340;"***.491.156-**";"SEBASTIAO FRANCELINO DA CRUZ"
6341;"***.519.908-**";"GABRIELA MARTINS DOS SANTOS"
6342;"***.896.748-**";"MARCOS GABRIEL BASSOLI"
6343;"***.084.747-**";"ANDERSON CARETTA VINCO"
6344;"***.523.851-**";"ELVIS LEANDRO DOS SANTOS"
6345;"***.603.423-**";"RONALDO CUNHA COELHO"
6346;"***.477.197-**";"FABIO TAVARES RODRIGUES SILVA"
6347;"***.509.720-**";"GISELE BOECHEL"
6348;"***.086.832-**";"MARIO AMARAL DA SILVA FILHO"
6349;"***.963.236-**";"BRENO MOREIRA MOTTA"
6350;"***.158.426-**";"FABIANA DA SILVA PEREIRA"
6351;"***.006.246-**";"LIGIA CRISTINA AMARAL MAGALHAES"
6352;"***.953.806-**";"MARCIO MACHADO LADEIRA"
6353;"***.515.676-**";"RONILDO APARECIDO RODRIGUES"
6354;"***.896.820-**";"ALEX FRANCA PEROTTONI"
6355;"***.025.800-**";"LISIANE REIS VICENTE"
6356;"***.323.147-**";"CARLOS ALBERTO MALCHER BASTOS"
6357;"***.540.817-**";"CARLOS ALBERTO BELMONT"
6358;"***.289.058-**";"JOAO LUIS FELIPE ANDRIOLI DE CASTELLO BRANCO"
6359;"***.159.002-**";"WILLIAM DOUGLAS SOUSA TELES"
6360;"***.178.984-**";"LUCAS GABRIEL MARQUES LUZ PINTO"
6361;"***.900.459-**";"AMANDIO DE LIMA MARCONDES"
6362;"***.665.653-**";"ANSELMO MIGUEL MAGALHAES"
6363;"***.309.042-**";"ALEXANDRE HIDEKI SEKIOKA"
6364;"***.655.981-**";"PAULO EDUARDO MARTINS DE OLIVEIRA"
6365;"***.421.791-**";"GEORGIA LATIFE ARAUJO ALBUQUERQUE DE OLIVEIRA"
6366;"***.175.571-**";"POLIANA DIAS SILVA"
6367;"***.167.609-**";"REINALDO VIEIRA"
6368;"***.501.401-**";"JOAO LUCAS DE ANDRADE RIBEIRO"
6369;"***.707.248-**";"WILSON AKIRA UEZU"
6370;"***.444.351-**";"GUSTAVO VALADARES FREIRE DE SOUSA"
6371;"***.455.828-**";"MARCOS CAVALCANTE DE MELO"
6372;"***.545.201-**";"MAURO DO VALE CORREA"
6373;"***.757.538-**";"MARISA DE MORAES"
6374;"***.905.731-**";"PAULO ROBERTO DA SILVA JUNIOR"
6375;"***.692.298-**";"AUGUSTO CESAR FURLANETTO"
6376;"***.713.608-**";"CESAR WILSON CAMIN"
6377;"***.173.113-**";"GLAYDSON RODGER ALMEIDA MATOS"
6378;"***.485.973-**";"RODRIGO NEIVA MOUSINHO"
6379;"***.251.883-**";"SANDRO DE JESUS AVELAR SILVA"
6380;"***.004.111-**";"AYALA CESAR DOS SANTOS PIRES"
6381;"***.580.494-**";"ROMARIO JOSE DA SILVA CONCEICAO"
6382;"***.795.401-**";"ELIZANGELA MENEGUETE FREITA LOPES"
6383;"***.313.902-**";"GLEYCE ALINE VERAS PANTOJA"
6384;"***.449.399-**";"DANIEL HENRIQUE ARRUDA BOEING"
6385;"***.903.383-**";"YRISGEISSON FONTINELE LIMA"
6386;"***.246.549-**";"DEBORA INES NASCIMENTO"
6387;"***.609.359-**";"JOAO ALBERTO DE QUADROS"
6388;"***.327.754-**";"ANDREIA HORBE DOS SANTOS"
6389;"***.598.618-**";"DANILO RICARDO FLORENCIO SERRA"
6390;"***.448.596-**";"TIAGO ALVES DE OLIVEIRA SOUSA"
6391;"***.195.997-**";"ALYNE RUFINO GALVAO"
6392;"***.874.678-**";"THIAGO HEMERLY"
6393;"***.720.933-**";"TADEU SIMPLICIO DE RESENDE JUNIOR"
6394;"***.036.337-**";"FABIO GODINHO BRAZ"
6395;"***.133.065-**";"RENATA SILVA ALVES"
6396;"***.223.872-**";"LUIZ CARLOS SOARES DA SILVA"
6397;"***.820.351-**";"HIGOR FRANCISCO GOMES"
6398;"***.765.307-**";"VICTOR DOS SANTOS SINGUI"
6399;"***.809.164-**";"RODRIGO PEREIRA CAMARA"
6400;"***.709.241-**";"CASSIANO DE SOUZA ALVES"
6401;"***.116.641-**";"AGENOR EUSTAQUIO DA SILVA"
6402;"***.728.631-**";"CLAUDIO ROBERTO RODRIGUES FERRO JUNIOR"
6403;"***.746.137-**";"JORGE LUIS RODRIGUES PEREIRA"
6404;"***.183.547-**";"JOAQUIM RIBEIRO DA SILVA NETO"
6405;"***.732.202-**";"IVO COSTA DE MOURA"
6406;"***.333.738-**";"MARCIO DE MORAES"
6407;"***.485.930-**";"SILMARA ERTHAL"
6408;"***.994.877-**";"CRISTIANE RAMSCHEID FIGUEIREDO"
6409;"***.213.913-**";"LOUIZIANE GABRIELLE SOUZA SOEIRO"
6410;"***.407.576-**";"PAOLA VIEIRA RIBEIRO"
6411;"***.041.701-**";"LUIZ FELIPE PIMENTA DE MORAES"
6412;"***.945.792-**";"SIMONE NOGUEIRA DOS SANTOS"
6413;"***.169.181-**";"BRENER DE JESUS SOUZA"
6414;"***.540.321-**";"THALITA CAMELO SALGADO"
6415;"***.256.441-**";"RAYSA FERREIRA SOARES"
6416;"***.537.411-**";"MATEUS BARBOSA DA SILVA"
6417;"***.407.981-**";"JEFFERSON DOS SANTOS RAMOS"
6418;"***.316.090-**";"JOAO MARCOS DA SILVEIRA"
6419;"***.714.864-**";"PLINIO JOSE MEDEIROS CERQUEIRA DE ARAUJO"
6420;"***.737.304-**";"SIDNEY SILVA DE AMORIM"
6421;"***.184.622-**";"ALDO DA SILVA TEIXEIRA"
6422;"***.811.431-**";"LUIZ CARLOS PEDREIRA GOES"
6423;"***.393.605-**";"THIAGO CARNEIRO BALESTEIRO DA CRUZ"
6424;"***.928.575-**";"DAVID RIBEIRO DE SOUZA"
6425;"***.983.805-**";"NARA VIRGINIA DE CASTRO ARAUJO"
6426;"***.321.465-**";"VITOR SANTANA SILVA"
6427;"***.971.556-**";"KATIA BEATRIZ BASTOS COSTA"
6428;"***.280.325-**";"BRAZANTONIO DE OLIVEIRA JUNIOR"
6429;"***.660.395-**";"EDELMO RAMOS LIMA"
6430;"***.008.905-**";"LUIS GUILHERME DE SANTANA CORDEIRO"
6431;"***.403.345-**";"ALEXANDRE PORTELA SANTANA"
6432;"***.888.645-**";"FILIPE PEREIRA PINTO"
6433;"***.867.843-**";"JOSE FALCAO TORRES"
6434;"***.411.403-**";"FRANCISCO FLAVIO MAIA JUNIOR"
6435;"***.340.253-**";"JOSE FELIX PEREIRA FILHO"
6436;"***.360.747-**";"ARIELLY MIRANDOLA LUBIANA"
6437;"***.643.153-**";"SYDNEI HILARIO PEREIRA DA SILVA"
6438;"***.570.823-**";"THAIS VIVIANE LEAL DE CARVALHO"
6439;"***.928.393-**";"JONATHA MARCELLES AGUIAR PINTO"
6440;"***.639.112-**";"JEFERSON ANTONIO DA SILVA PAIVA"
6441;"***.485.732-**";"HELYESER CARVALHO ALMEIDA"
6442;"***.192.572-**";"THIAGO DE MOURA FERREIRA"
6443;"***.985.472-**";"MARX LUAN BATISTA FERREIRA"
6444;"***.728.653-**";"SAMUEL DA SILVA SOUSA"
6445;"***.402.327-**";"PABLO MESSIAS VENTURA DO ROSARIO"
6446;"***.044.637-**";"TOMAS BELEM PEQUENO"
6447;"***.887.247-**";"LAURO JOSE DIAS ALVES HORATO"
6448;"***.061.977-**";"MARCELO LOBO PIRES"
6449;"***.746.947-**";"JULIANA PIMENTEL DE SOUZA CARVALHO"
6450;"***.843.757-**";"KENIA MARTINS DA MOTTA"
6451;"***.905.627-**";"ARTHUR CESAR DO ESPIRITO SANTO CUSTODIO"
6452;"***.910.707-**";"FELIPPE DA SILVA TERRA"
6453;"***.820.337-**";"JOAO FELIPE COLONESE CUNHA"
6454;"***.992.807-**";"MARCELO ANDREATTA DE OLIVEIRA"
6455;"***.466.187-**";"MARIANA MORAES PAES"
6456;"***.806.137-**";"MILENA MESQUITA DA SILVA FREIRE"
6457;"***.879.664-**";"KAYONARIA KARDENIA ALVES DA COSTA GOMES"
6458;"***.858.024-**";"LUCAS DE OLIVEIRA SOUTO BANDEIRA"
6459;"***.078.562-**";"LIVERSON BENTES CHAVES"
6460;"***.687.611-**";"WANESSA RIBEIRO FERREIRA"
6461;"***.670.008-**";"ANA CAROLINA PEREIRA CASTILHO"
6462;"***.727.198-**";"SABRINA SOUZA DOS SANTOS"
6463;"***.938.978-**";"KARINA CAMPANER RODRIGUES"
6464;"***.294.768-**";"MARIO MARCOS DE MOURA VIOTTO"
6465;"***.898.198-**";"CARLOS AUGUSTO DIAS SILVA"
6466;"***.687.248-**";"MARLI GONCALVES DE MELO CASTELLANI"
6467;"***.520.906-**";"NATHALIA DUARTE SANTANA FARIAS"
6468;"***.151.166-**";"ADRIEL BARBOSA SILVA"
6469;"***.735.056-**";"ANA PAULA DE PADUA MARTINS"
6470;"***.669.556-**";"PAULA OLIVEIRA LACERDA"
6471;"***.940.606-**";"FLAVIANE ALVES CORREIA"
6472;"***.464.096-**";"JEFERSON PEREIRA CARDOSO"
6473;"***.792.376-**";"GABRIEL DE PAIVA LOPES"
6474;"***.171.616-**";"ELIDA MARIA MARCAL"
6475;"***.717.936-**";"EVANDRO AQUILEU DE CAMPOS CORDEIRO"
6476;"***.282.521-**";"OTAVIO JOSE SOUSA MARONHAS"
6477;"***.565.806-**";"WAGNER RICARDO GARCIA"
6478;"***.696.556-**";"HEBERTON FABRICIO INOCENCIO ALVES"
6479;"***.869.056-**";"MARIZA DOMINGUES BRAGA"
6480;"***.222.926-**";"JULIANE DE ASSIS RODRIGUES"
6481;"***.455.427-**";"LUISA SANTANA MARQUES"
6482;"***.999.776-**";"MATHEUS RIBEIRO MACEDO"
6483;"***.668.101-**";"JOAO PAULO DE FIGUEIREDO CLAUDINO"
6484;"***.237.441-**";"WALISON RODRIGUES ROSA"
6485;"***.310.744-**";"EZEQUIAS JOSE DOS RAMOS"
6486;"***.620.859-**";"GABRIELA LETICIA BAZEI"
6487;"***.039.089-**";"GABRIELA BERNDT BORGONOVO"
6488;"***.202.859-**";"VITOR MARCOS SAVI"
6489;"***.672.278-**";"LUIS FERNANDO ARRABAL"
6490;"***.495.229-**";"LEANDRO MORAES VIDAL"
6491;"***.013.370-**";"CARINA DOS SANTOS DE CAMPOS"
6492;"***.978.249-**";"MILTON FINGER"
6493;"***.408.102-**";"CHRISTIE FRANCO RIBEIRO"
6494;"***.686.844-**";"ADEILTON NUNES BEZERRA"
6495;"***.148.434-**";"RONALDO VICENTE FERREIRA"
6496;"***.434.444-**";"BRUNO CARLO WANDERLEY"
6497;"***.826.304-**";"RUY EVANDRO AZEVEDO DE MEDEIROS"
6498;"***.606.354-**";"LUZIA LUCENA DE ARAUJO"
6499;"***.887.162-**";"HILTON SOARES SOUZA"
6500;"***.735.944-**";"JOAO BATISTA GOMES DE SOUZA JUNIOR"
6501;"***.070.426-**";"AUDREY LAZARINI SOUZA DAMASCENO"
6502;"***.350.301-**";"DANIEL ANTONIO DA MOTA ARAUJO"
6503;"***.040.343-**";"THIAGO MESQUITA VIEIRA"
6504;"***.801.911-**";"DANILO FERREIRA DE SOUSA"
6505;"***.328.407-**";"LUIZ EDGARD GUIMARAES NOGUEIRA"
6506;"***.269.088-**";"THAIS CARRAPATOSO NASCIMENTO"
6507;"***.743.667-**";"ANA LUCIA DE FREITAS PACHECO"
6508;"***.278.279-**";"RICARDO AUGUSTO KOHN"
6509;"***.026.701-**";"JAMIL ADAO DE JESUS"
6510;"***.286.751-**";"ALINE PEREIRA MORAES"
6511;"***.566.144-**";"JOAO EUDES DO NASCIMENTO"
6512;"***.751.607-**";"FRANCISCO ALVARES DE AZEVEDO MACEDO"
6513;"***.411.500-**";"CARLA RENATA ANTUNES DE SOUZA GOMES"
6514;"***.469.003-**";"JOSE DA SILVA FREIRE FILHO"
6515;"***.357.467-**";"RAFAEL NASCIMENTO DE AZEVEDO"
6516;"***.464.428-**";"RONACIN CARVALHO LINS"
6517;"***.413.077-**";"EDERSON GONCALVES"
6518;"***.473.237-**";"GUSTAVO ABRAHAO DIAS"
6519;"***.309.668-**";"WELLINGTON DOS SANTOS THEODORO"
6520;"***.289.827-**";"EDUARDO AMANDIA MARCAL RODRIGUES"
6521;"***.804.234-**";"JAIMESON FRANCISCO DA SILVA"
6522;"***.940.707-**";"EDUARDO CUPERTINO LEAO"
6523;"***.163.277-**";"DANIELE ANASTACIA SANTOS DE OLIVEIRA"
6524;"***.615.525-**";"LEANDRO DA HORA COUTO"
6525;"***.991.125-**";"DEIVSON NASCIMENTO DE JESUS"
6526;"***.622.757-**";"LUIS HENRIQUE ROCHA DE CHADES"
6527;"***.112.387-**";"GLAUCO MACEDO MATOS"
6528;"***.935.147-**";"ERCILIO DA SILVA DUARTE"
6529;"***.216.285-**";"JOAO CARLOS MACHADO DA CRUZ"
6530;"***.240.137-**";"RODRIGO SETUBAL WUNDER"
6531;"***.298.193-**";"MICACIO OLIVEIRA DE SOUSA"
6532;"***.851.264-**";"JOSE SOARES GOMES"
6533;"***.960.186-**";"CAIO MALAQUIAS SILVA"
6534;"***.238.502-**";"SILVIA PINHEIRO DA SILVA"
6535;"***.491.597-**";"HELBER ROBERTO FONTES SIMOES"
6536;"***.890.577-**";"WALLACE PONTES SEARES"
6537;"***.554.129-**";"LEONARDO MARTINS ALVES"
6538;"***.948.967-**";"JOSE VITOR LEITE FERREIRA"
6539;"***.068.867-**";"JOAO PEDRO COSTA DE MENDONCA"
6540;"***.284.057-**";"WELLISON DOUGLAS CARVALHO"
6541;"***.013.203-**";"JOSE MARQUES DA SILVA"
6542;"***.666.597-**";"GABRIEL GONCALVES DOS SANTOS"
6543;"***.406.642-**";"ITALO KASSIO DA SILVA COSTA"
6544;"***.468.073-**";"VICTOR BORGES LUCENA CARVALHO"
6545;"***.765.120-**";"PAULO SERGIO DO ESPIRITO SANTO JUNIOR"
6546;"***.608.138-**";"MATHEUS FRANCA PRIETO"
6547;"***.486.983-**";"DOWSLEY ALVES CAVALCANTE"
6548;"***.304.584-**";"GUILHERME SOUZA GALINDO DA SILVA"
6549;"***.489.839-**";"TIAGO FERREIRA DA VEIGA"
6550;"***.868.345-**";"VINICIUS FRANCA DO NASCIMENTO"
6551;"***.612.797-**";"GUILHERME MORET DE FREITAS"
6552;"***.604.416-**";"ROBERTO CARLOS PIMENTA DA SILVA"
6553;"***.860.414-**";"ALEXANDRE LIMA BARBOSA"
6554;"***.198.171-**";"RONALDO JAMES VILAMAIOR"
6555;"***.438.841-**";"DAVI CRISOSTOMO RODRIGUES"
6556;"***.895.506-**";"JOAO PEDRO MAGELA DE SOUZA"
6557;"***.583.290-**";"WELISSON DIAS DOS SANTOS"
6558;"***.587.162-**";"WHYTALLO NUNES DOS SANTOS SILVA SILVA"
6559;"***.221.911-**";"ESTEVAO MERLIN PINHEIRO"
6560;"***.154.571-**";"FABIO BENTO DOS SANTOS"
6561;"***.664.066-**";"LUCAS HENRIQUE SILVA RIBEIRO MONTEIRO"
6562;"***.489.786-**";"GABRIEL LUCAS DA COSTA PEDRETTI"
6563;"***.657.409-**";"GABRIEL GULIN KUSS"
6564;"***.113.517-**";"MASTERSON DOS SANTOS NOGUEIRA"
6565;"***.828.705-**";"TIAGO DE JESUS FERREIRA"
6566;"***.989.403-**";"EMERSON GOMES DE VASCONCELOS"
6567;"***.982.392-**";"BRUNO ROBERTO GONZAGA SANTOS NAZARE"
6568;"***.229.862-**";"ARTHUR SILVA FARIAS"
6569;"***.274.797-**";"JEAN TAVARES DA SILVA RONDELLI SOBRINHO"
6570;"***.310.947-**";"RODRIGO FARIA DOS SANTOS"
6571;"***.067.317-**";"THIAGO DIAS DE OLIVEIRA"
6572;"***.364.241-**";"MAURICIO CESAR SANTOS DE ARRUDA"
6573;"***.158.150-**";"JOSIAS HENRIQUE OLIVEIRA CORREA"
6574;"***.597.117-**";"JACSON MARCELO DE LIMA BATISTA"
6575;"***.218.323-**";"MARGEL DUARTE COSTA"
6576;"***.054.317-**";"PEDRO HENRIQUE ALVES DE MORAES SIMOES DE SOUZA"
6577;"***.236.444-**";"JOAO VITOR NERI DA COSTA"
6578;"***.337.178-**";"GILBERTO GIACOMELLI JUNIOR"
6579;"***.858.061-**";"ALLISON DE ALBUQUERQUE MOURA"
6580;"***.340.362-**";"JOAN DE ALMEIDA ALVES"
6581;"***.806.091-**";"THIAGO MEIRELES MATTOS RODRIGUES"
6582;"***.187.330-**";"AUGUSTO RAVANELLO DUQUE"
6583;"***.434.697-**";"HENRIQUE VICTOR DE SOUZA"
6584;"***.492.686-**";"GUSTAVO DE SOUZA CARVALHO"
6585;"***.078.364-**";"ANDRE HENRIQUE LEITAO DALLIER"
6586;"***.121.063-**";"LAERCIO KLEBER DA SILVA PIMENTEL"
6587;"***.884.250-**";"JOAO LUCAS FERNANDES BRAGA"
6588;"***.314.886-**";"GUSTAVO DE CASTRO POLITO"
6589;"***.470.714-**";"LUCAS SALES DOS SANTOS"
6590;"***.602.766-**";"CLEBER JUNIOR QUIRINO"
6591;"***.434.103-**";"JULIO JACKSON ALVES DA CRUZ"
6592;"***.859.403-**";"SIRLON DA COSTA BRITO"
6593;"***.435.641-**";"MAGNO MULLER DE OLIVEIRA"
6594;"***.664.254-**";"ADSON VIDAL COSTA VIEIRA"
6595;"***.961.579-**";"GABRIEL LOUREIRO DA MOTTA"
6596;"***.130.790-**";"ALEXANDRA GEYER FLORES"
6597;"***.366.047-**";"JULIANO DILL DE ALMEIDA CARDOSO"
6598;"***.729.957-**";"FELIPE DE ASSIS OLIVEIRA"
6599;"***.591.550-**";"ANDERSON LUIZ ALMEIDA DOS SANTOS"
6600;"***.726.199-**";"JOSE LUIZ KONRATH"
6601;"***.072.504-**";"BRUNO JOSE RODRIGUES DO NASCIMENTO"
6602;"***.404.741-**";"ELVES DA SILVA FLORES"
6603;"***.552.833-**";"JORGE LUCAS FERREIRA LOPES"
6604;"***.976.263-**";"BRUNO RYAN JORGE DE OLIVEIRA"
6605;"***.838.663-**";"RILDO MATHIAS PEREIRA"
6606;"***.450.407-**";"WANDER MARCIO DONATO FERREIRA"
6607;"***.201.663-**";"LUIS ANTONIO TRABULSI DA SILVA"
6608;"***.169.537-**";"JAIR ANTONIO DE ARAUJO FERNANDES"
6609;"***.571.063-**";"HUGO HENRIQUE VERAS DA SILVA NUNES"
6610;"***.943.176-**";"MATHEUS DE LIMA PENTEADO"
6611;"***.212.113-**";"LUCAS VINICIUS OLIVEIRA MENDES"
6612;"***.530.143-**";"JOSE HAROLDO MARTINS FONSECA JUNIOR"
6613;"***.809.853-**";"DIAN CARLOS FERREIRA FRANCO"
6614;"***.661.203-**";"FRANCISCO DAS CHAGAS NASCIMENTO SOUSA TOURINHO"
6615;"***.028.153-**";"JEAN NASCIMENTO SILVA COIMBRA"
6616;"***.871.364-**";"OSMARI DA SILVA"
6617;"***.843.993-**";"DANIEL DINIZ CORREIA"
6618;"***.745.222-**";"LINCON LIMA DA SILVA"
6619;"***.397.203-**";"ANDERSON SOUSA LOPES"
6620;"***.735.927-**";"MATHEUS LOPES SOARES"
6621;"***.021.583-**";"SERGIO EDUARDO MARINHO SILVA"
6622;"***.767.053-**";"ANTONIO CARLOS ROCHA COSTA"
6623;"***.151.163-**";"MARCOS ALMEIDA BATISTA"
6624;"***.251.933-**";"RAFAEL LOPES OLIVEIRA DA SILVA"
6625;"***.853.483-**";"KAIO JOSE SERRA DOS SANTOS"
6626;"***.346.467-**";"RAFAEL NALESSO DE OLIVEIRA"
6627;"***.220.963-**";"BRUNO MACEDO DA COSTA"
6628;"***.365.747-**";"CARLOS VICTOR GONCALVES MARTINEZ"
6629;"***.506.593-**";"CARLOS ALBERTO SILVA COELHO FILHO"
6630;"***.130.976-**";"SERGIO SENNA DE PAULA RODRIGUES SOARES"
6631;"***.413.193-**";"KLAYVERT SLATER DA CONCEICAO DINIZ"
6632;"***.096.770-**";"ANDRE DA SILVA BOTTA"
6633;"***.811.000-**";"GUILHERME CARDOSO LAFOURCADE"
6634;"***.547.951-**";"JOSE JOAO DE CAMARGO NETO"
6635;"***.020.140-**";"LUCAS RAMOS DA LUZ"
6636;"***.022.540-**";"VINICIUS RODRIGUES GUIMARAES"
6637;"***.002.746-**";"JOSE RICARDO CAMILO FERREIRA"
6638;"***.893.502-**";"PRISCILA SANTANA DE OLIVEIRA BRAZ"
6639;"***.876.970-**";"FELIPE ATENCIA GABERTI"
6640;"***.644.890-**";"MARCELO ROSA DE AVILA"
6641;"***.747.900-**";"CHARLES XAVIER FUHRO"
6642;"***.866.746-**";"MATHEUS FERNANDES RODRIGUES"
6643;"***.149.082-**";"AILTON CORTEZ FREITAS DE ALENCAR"
6644;"***.409.966-**";"NELIO CAMPOS ALVIM"
6645;"***.405.901-**";"FRANCISCO JOSEAN MOREIRA SANTOS"
6646;"***.056.345-**";"JEOVANE MARQUES MARTINS"
6647;"***.789.295-**";"ALANA MAYARA CERQUEIRA SANTOS"
6648;"***.943.764-**";"ALEXANDRE DE SOUZA FERREIRA"
6649;"***.867.055-**";"AGILDO PEREIRA DOS SANTOS"
6650;"***.574.808-**";"WANDERLEI SOARES DOS SANTOS"
6651;"***.338.904-**";"WELLINGTON SPENCER PEIXOTO"
6652;"***.003.851-**";"ERISON FERREIRA MENDONCA FILHO"
6653;"***.033.076-**";"SUELEN GRACE ARAUJO CARVALHO"
6654;"***.515.518-**";"ADRIANO HENRIQUE BONATTI"
6655;"***.054.428-**";"MARIA JOSE VASCONCELOS PEREIRA"
6656;"***.573.063-**";"BRUNA DE FREITAS IWATA"
6657;"***.176.347-**";"WILLIAM DE JESUS SANTOS"
6658;"***.863.230-**";"RENATA GENI BARBOSA MARTINS"
6659;"***.925.801-**";"LETICIA FLEURY VIANA"
6660;"***.943.444-**";"DANIEL DOS SANTOS NUNES"
6661;"***.173.406-**";"ROGERIO JORCELINO PATRONO"
6662;"***.714.834-**";"EMANOEL LINS DE ARAUJO"
6663;"***.799.419-**";"LUIS MANOEL DO ROSARIO FERRAZ"
6664;"***.565.886-**";"MAURILIO FERNANDES DE SOUZA"
6665;"***.680.447-**";"VIVIANE SOARES RODRIGUES"
6666;"***.222.257-**";"THIAGO DE MIRANDA FERNANDES RIBEIRO"
6667;"***.951.604-**";"IRACI CRISTINA DO NASCIMENTO TOME DOS SANTOS"
6668;"***.256.147-**";"TULIO LEITE REIS"
6669;"***.482.254-**";"HEIDER IRINALDO PEREIRA FERREIRA"
6670;"***.538.599-**";"LUCILA ADRIANI DE ALMEIDA CORAL"
6671;"***.806.001-**";"GUSTAVO SOUZA LEAL"
6672;"***.648.411-**";"ISABELLA SOUSA BRANDAO"
6673;"***.734.233-**";"FRANCISCO EVANDRO CAVALCANTE DE MACEDO"
6674;"***.274.077-**";"LUIZ CLAUDIO PEIXOTO LOBO"
6675;"***.106.051-**";"LUIZ ANTONIO DE SOUSA"
6676;"***.263.037-**";"JORGE LUIZ PACHECO AFONSO"
6677;"***.113.863-**";"DELCY PEREIRA CARVALHO FILHO"
6678;"***.533.507-**";"WESLEY MARCONE SIMMER"
6679;"***.022.924-**";"HELVIA CEZIMBRA RIBEIRO MARTINS"
6680;"***.955.081-**";"MARCOS JOSE DE JESUS SANTOS"
6681;"***.336.354-**";"MANOEL RODRIGUES PITA SOBRINHO"
6682;"***.128.476-**";"LEONARDO COSTA DE ALMEIDA"
6683;"***.911.828-**";"ROBERTO FERNANDES FIGUEIREDO JUNIOR"
6684;"***.229.841-**";"DANGELO VICTOR GONCALVES SILVA"
6685;"***.323.651-**";"RODRIGO ALBERNAZ BEZERRA"
6686;"***.764.428-**";"ARTUR ALEXANDRE GARRIDO DE GUIMARAES FERREIRA"
6687;"***.510.695-**";"RAFAEL AUDI SOARES PIMENTEL"
6688;"***.647.393-**";"IVO LAMARK PEIXOTO RIBEIRO"
6689;"***.183.060-**";"MARCELO FILIPPON"
6690;"***.872.240-**";"FABIO JOSE CANCI PIEROSAN"
6691;"***.103.248-**";"EDUARDO MARQUES LIBERTUCCI"
6692;"***.730.757-**";"PAULO MARCIO ALONSO FERREIRA"
6693;"***.212.145-**";"RUI NOBERTO PEREIRA DA SILVA"
6694;"***.364.936-**";"VANDERLEI FERREIRA MENDES"
6695;"***.670.458-**";"FABIO FRANCO ALVES"
6696;"***.209.634-**";"LUAN CESAR DE OLIVEIRA"
6697;"***.327.473-**";"CARLOS SERGIO NUNES RODRIGUES"
6698;"***.281.946-**";"THIAGO LACERDA CAMPOS BAMBIRRA"
6699;"***.632.169-**";"LUIS FABIANO VERRI"
6700;"***.082.067-**";"WALTER HERMES TRICHES JUNIOR"
6701;"***.619.467-**";"VANDERSON BERNARDES DA SILVA"
6702;"***.116.644-**";"EDUARDO HENRIQUE ASSUNCAO OLIVEIRA"
6703;"***.415.627-**";"GUILHERME FABRICIO DO NASCIMENTO SILVA"
6704;"***.507.684-**";"JOSE LEONARDO DE SOUZA ALMEIDA"
6705;"***.846.066-**";"JOAO BATISTA DE LIMA"
6706;"***.494.915-**";"ENIO CLEBER PEDREIRA SANTOS BITENCURT"
6707;"***.344.092-**";"LUAN MAIA MACHADO"
6708;"***.991.151-**";"EDUARDO ALBERTO GOMES CAMPOS"
6709;"***.679.713-**";"TARCISIO DA CRUZ RODRIGUES"
6710;"***.090.151-**";"WALDIR BRASIL DO NASCIMENTO JUNIOR"
6711;"***.174.321-**";"REGINA BARBOSA MARQUES VERAS"
6712;"***.888.921-**";"MANOEL ORTIZ"
6713;"***.917.147-**";"PEDRO LUIZ DA COSTA"
6714;"***.477.926-**";"ALEXANDRE DE PADUA RAMOS SOUTO"
6715;"***.061.149-**";"JOSE AUGUSTO SIMOES NETO"
6716;"***.057.444-**";"EDMAR NASCIMENTO DE OLIVEIRA JUNIOR"
6717;"***.067.460-**";"MARCIA VALESKA DE SOUZA"
6718;"***.348.464-**";"KARLA GISELE CORREIA PEIXOTO"
6719;"***.549.572-**";"FELIPE ANDERSON DOS SANTOS PROFETA"
6720;"***.759.474-**";"JULIANO BARBOSA DOS SANTOS"
6721;"***.763.064-**";"JOSE MAURICIO LIMA FERREIRA"
6722;"***.502.841-**";"JOCY GONCALO DE MIRANDA"
6723;"***.625.724-**";"SERGIO DE FARIAS TENORIO"
6724;"***.884.364-**";"ANTONIO TEOTONIO DE SOUZA NETO"
6725;"***.834.757-**";"PABLO ALVES DE SOUZA PONTES"
6726;"***.922.741-**";"EDMO RAIMUNDO DE SOUSA LIMA"
6727;"***.720.778-**";"SERGIO AUGUSTO DE LIMA"
6728;"***.497.227-**";"PAULA SOARES PINHEIRO"
6729;"***.279.782-**";"MARESSA GIRAO DO AMARAL"
6730;"***.768.639-**";"FABIO ANDRE FARACO"
6731;"***.124.349-**";"RAFAEL RODRIGUES MACHADO"
6732;"***.349.822-**";"YAGO ESTOUCO RODRIGUES"
6733;"***.256.229-**";"RENATA DANIELLA VARGAS"
6734;"***.226.795-**";"SERGIO FERNANDES FREITAS"
6735;"***.903.326-**";"ROSANGELA DE ASSIS NICOLAU"
6736;"***.124.364-**";"FELIPE FARIAS ALBANEZ"
6737;"***.749.147-**";"GUSTAVO SOUZA CRUZ MENEZES"
6738;"***.220.432-**";"JEFFREY DA SILVA CAETANO"
6739;"***.477.931-**";"RONDINEY TEIXEIRA DE SOUZA"
6740;"***.591.067-**";"CARLOS ALBERTO BELMONT FERNANDES"
6741;"***.233.902-**";"MARIA GUADALUPE GADELHA DA SILVA"
6742;"***.380.781-**";"DILSON PEDRO DOS SANTOS JUNIOR"
6743;"***.421.131-**";"DIOGO CAMILO COSTA"
6744;"***.733.430-**";"WILSON GOZZER BENJAMIN"
6745;"***.547.184-**";"CAMILA RIBEIRO CARDOSO DOS SANTOS"
6746;"***.091.557-**";"GABRIEL LONDRES ARLOTA"
6747;"***.189.855-**";"RAFAELLA BRUNO DA CRUZ MARQUES"
6748;"***.500.215-**";"DEIVISSON SOUZA SANTOS"
6749;"***.227.677-**";"RAFAEL TAFNES DE ALMEIDA"
6750;"***.772.077-**";"VALMOR ALVES FERREIRA FILHO"
6751;"***.163.257-**";"DIEGO CANDIDO SOUZA"
6752;"***.376.902-**";"DJALMA CARDOSO DE ALMEIDA"
6753;"***.115.749-**";"ALEX JUNIOR POLAK"
6754;"***.262.983-**";"GEORGIA VANICE LOPES LIMA VERDE"
6755;"***.188.327-**";"PAULO HENRIQUE SANTOS DE OLIVEIRA"
6756;"***.192.377-**";"LUANA VENTURA DOS SANTOS"
6757;"***.962.747-**";"RODRIGO BARBOSA DE LIMA OLIVEIRA"
6758;"***.164.162-**";"PAULO CESAR ALMEIDA SILVA"
6759;"***.743.537-**";"FILLIPE DE CARVALHO SOUZA"
6760;"***.134.616-**";"CLEVERSON FERREIRA DA SILVA"
6761;"***.664.446-**";"LUCAS COELHO NASCIMENTO"
6762;"***.610.841-**";"LUCAS FONSECA DE ANUNCIACAO"
6763;"***.758.861-**";"LUIZA DE SOUSA GOULART"
6764;"***.366.837-**";"JULIANE CHRISTINE SILVEIRA"
6765;"***.898.814-**";"JOELMA ANA FERREIRA DE FARIAS"
6766;"***.513.580-**";"JOEL DARCIE"
6767;"***.426.641-**";"RODRIGO DE CARVALHO"
6768;"***.995.625-**";"CARLOS LEANDRO DE SA SANTOS"
6769;"***.877.344-**";"JANILTON VIANA DE ANDRADE"
6770;"***.971.513-**";"PAULO BARBOSA CARDOSO JUNIOR"
6771;"***.188.947-**";"JORGE ERNESTO PEREIRA NASCIMENTO"
6772;"***.012.418-**";"JANETH YOSHIMI SUMI NISIMURA"
6773;"***.867.730-**";"PATRICIA LEIVAS COSTA"
6774;"***.900.806-**";"CARLOS ALEXANDRE TEIXEIRA"
6775;"***.566.402-**";"EDSON LOURENCO DA SILVA"
6776;"***.697.389-**";"WILLYAM STERN PORTO"
6777;"***.880.991-**";"FRANCISCO RUTIERES VIRGILIO DIOGO TEIXEIRA"
6778;"***.145.425-**";"ANTONIO CARLOS CUNHA SANTOS"
6779;"***.162.370-**";"PEDRO RICARDO CORREA DA SILVA"
6780;"***.870.664-**";"ERIK PINHO GIELOW"
6781;"***.905.937-**";"EDUARDO BRUNO PIRES E ALBUQUERQUE"
6782;"***.958.877-**";"FLAVIO SILVEIRA ALMEIDA"
6783;"***.978.818-**";"AGENOR JUAZEIRO"
6784;"***.585.947-**";"VICTOR LUCAS DE OLIVEIRA SERQUEIRA"
6785;"***.308.156-**";"ANA BEATRIZ LELIS FONSECA ALVES"
6786;"***.060.555-**";"RODRIGO SANDE SOUZA"
6787;"***.493.547-**";"STHEFANIE GONCALVES NUNES DOS SANTOS"
6788;"***.385.398-**";"EZEQUIEL LIMA"
6789;"***.111.326-**";"WILLIAN BARBOSA BORGES"
6790;"***.758.689-**";"ANDERSON DIONISIO DE AZAMBUJA"
6791;"***.544.348-**";"ANDRE DE PAULA RIBEIRO"
6792;"***.956.407-**";"LUIS PEREIRA DA SILVA"
6793;"***.964.347-**";"ALEXANDRE SOARES DE ARAUJO"
6794;"***.924.527-**";"OMAR NAMUR DE AVILA BALDO"
6795;"***.302.537-**";"WELLINGTON PEIXOTO DOS SANTOS"
6796;"***.417.157-**";"MAGNO COUTINHO SAVAGET"
6797;"***.369.185-**";"BRUNO LUCAS PEREIRA LISBOA"
6798;"***.248.637-**";"MAYARA BARRETO SANTOS BERNARDO"
6799;"***.494.914-**";"ALAN CHARLLES DA SILVA SOUZA"
6800;"***.558.437-**";"CAROLINA TIMOTEO SILVA LOUBACK"
6801;"***.945.977-**";"MARCIO FELIPE MARQUES MACHADO"
6802;"***.343.841-**";"ROMERITO COSTA DOS SANTOS"
6803;"***.261.017-**";"LUIZ CLAUDIO DOS SANTOS DA CRUZ"
6804;"***.128.387-**";"NATALIA SEOUD DE CARVALHO"
6805;"***.877.580-**";"HUELITON DOUGLAS CARDOSO BERNARDES"
6806;"***.763.237-**";"WELLINGTON DA SILVA VELOZO"
6807;"***.111.049-**";"ALEXANDRE RHODEN BARCELLOS"
6808;"***.371.507-**";"MARCELO FRANCELINO DOS SANTOS"
6809;"***.349.586-**";"HELCIO HEYDER DE SOUZA NOGUEIRA"
6810;"***.883.759-**";"LUIS GUSTAVO DONATO"
6811;"***.751.012-**";"CARLOS ERNESTO CORREA DA GAMA NETO"
6812;"***.509.792-**";"LEANDRO ABNER MONTEIRO BARBOSA"
6813;"***.396.693-**";"ATILA PEREIRA RICARTE"
6814;"***.279.997-**";"ISAAC FRANCISCO GOMES DOS SANTOS"
6815;"***.888.413-**";"ARNOBIO FERREIRA LIMA FILHO"
6816;"***.883.274-**";"DELMARI SILVESTRE COSTA NETO"
6817;"***.567.432-**";"DAVI AMARAL DE MOURA"
6818;"***.071.011-**";"LUIZ HENRIQUE DA COSTA CANDIDO"
6819;"***.749.123-**";"SEVERIANO MARQUES REIS JUNIOR"
6820;"***.335.890-**";"DANIEL DOS SANTOS RODRIGUES JUNIOR"
6821;"***.326.107-**";"LEONARDO FABIANO ATIR"
6822;"***.872.176-**";"VINICIUS DAVI MARQUES DE SA"
6823;"***.522.687-**";"DAVID NASCIMENTO DE SOUZA"
6824;"***.934.159-**";"WILLIAM VITOR ALVES FRANCO"
6825;"***.210.702-**";"ERALDO FERREIRA DE SOUZA"
6826;"***.546.447-**";"ASSAD AFONSO TUBAGI"
6827;"***.836.864-**";"WARLLEY BARBOSA DE SOUZA GONCALVES"
6828;"***.016.252-**";"HELTON WILLIAM PINHEIRO FERREIRA"
6829;"***.229.504-**";"MYLLER HENRIQUE FRANCISCO BATISTA"
6830;"***.680.217-**";"LUIZ CLAUDIO SOBRAL RIBEIRO"
6831;"***.572.547-**";"LUCAS CARDOSO BESSONI"
6832;"***.456.897-**";"RENATO HELIO DA SILVA JUNIOR"
6833;"***.234.481-**";"PEDRO EDUARDO COUTINHO MACIEL MENDES"
6834;"***.804.924-**";"THIAGO LUIZ SANTOS GAMA"
6835;"***.303.136-**";"JANSLEY DE AMORIM SILVA"
6836;"***.383.986-**";"GUSTAVO COURI DE OLIVEIRA"
6837;"***.563.446-**";"MARCOS ANTONIO CHRISPIM"
6838;"***.747.047-**";"MARCO ANTONIO DE SOUZA FARIAS"
6839;"***.393.170-**";"GIVELSON BOLZAN STANISLAWSKI"
6840;"***.066.458-**";"JOAO PAULO MACIEL DE CARVALHO LIMA"
6841;"***.326.699-**";"ELIZEU LUIZ WILMSEN"
6842;"***.405.206-**";"JEFFERSON BALBINO DE MELO"
6843;"***.023.217-**";"LUIZ OTAVIO PEREIRA DE CARVALHO"
6844;"***.759.837-**";"CARLOS SANTOS RAMALHEIRA"
6845;"***.646.327-**";"CARLOS HENRIQUE ARANTES DE MORAES"
6846;"***.214.258-**";"GABRIEL LAZARO NOGUEIRA"
6847;"***.041.123-**";"REMULO PINHO MARTINS"
6848;"***.650.631-**";"MARCIO LUIS DE SIQUEIRA CAMPOS FILHO"
6849;"***.576.107-**";"DIEGO DOS SANTOS FIGUEIRA"
6850;"***.840.341-**";"ADEMIR ALVES DOS SANTOS"
6851;"***.927.110-**";"ALAN DA COSTA GONCALVES"
6852;"***.717.495-**";"MAURICIO NUNES SOUSA"
6853;"***.920.658-**";"ARTHUR HENRIQUE COELHO DE PAULA"
6854;"***.885.831-**";"JORGE FILIPE BRITO SILVA"
6855;"***.016.401-**";"ANDREIA DA COSTA PEIXOTO"
6856;"***.781.601-**";"THIAGO THOMAS CRISTOVAO LIOTTI"
6857;"***.759.763-**";"ANTONIO ISALTONIO VASCONCELOS DE SOUSA"
6858;"***.740.282-**";"KLEBSON ALFREDO GERALDO FILHO"
6859;"***.372.063-**";"JURY KLISMANN LINDOSO SOARES"
6860;"***.257.493-**";"FLAVIO CRISTINO DA SILVA SILVEIRA JUNIOR"
6861;"***.579.061-**";"ALEXANDRE MARTINS BRAGA"
6862;"***.307.842-**";"AMANDA DE BARROS AMADOR"
6863;"***.215.373-**";"FRANCISCO RAULINO NETO"
6864;"***.626.510-**";"DAVID ALMEIDA DOS SANTOS"
6865;"***.497.437-**";"LUIS FELIPE TAVARES BATISTA"
6866;"***.162.205-**";"LUIZ MARCELLO PALMEIRA LEITE"
6867;"***.128.150-**";"CHRISTIAN MATTEUS DA SILVA RUBIM"
6868;"***.052.660-**";"LUCIANO MAIDANA FREIRE"
6869;"***.262.282-**";"DOMINGOS SARGES JUNIOR"
6870;"***.305.127-**";"GABRIELLE CATIBE DA SILVA"
6871;"***.429.756-**";"PEDRO HENRIQUE DIAS DE SOUSA"
6872;"***.810.143-**";"FELIPE CUNHA DE LIRIO"
6873;"***.234.725-**";"MADALENA LIMA MENEZES"
6874;"***.472.910-**";"JOSE FERNANDO BIBIANO DE MELO"
6875;"***.385.709-**";"DANIELA BERNARDI"
6876;"***.507.961-**";"LUCELIA RIBEIRO COELHO FIEDLER"
6877;"***.155.651-**";"ERNANDES JOEL DE QUEIROZ"
6878;"***.561.081-**";"VITOR HUGO FERREIRA MENONI"
6879;"***.092.601-**";"EDSON ALVES DE SOUZA"
6880;"***.095.400-**";"BRUNO NONEMACHER"
6881;"***.962.840-**";"ANGELA FLACH"
6882;"***.631.046-**";"ANTONIO MARCOS DE LIMA"
6883;"***.590.876-**";"TIARA CUNHA SILVA"
6884;"***.995.633-**";"JOSENILMA DA SILVA"
6885;"***.320.330-**";"ROBERTO THOMASINI LANGE"
6886;"***.674.369-**";"ANDRE TIAGO ANDREOLA"
6887;"***.288.021-**";"MARLEY APOLINARIO SARAIVA"
6888;"***.102.991-**";"EDMAR JOSE MARIA NETTO"
6889;"***.470.246-**";"PAULINE FREIRE PIMENTA"
6890;"***.736.557-**";"RAFAEL SILVA CADENA"
6891;"***.332.210-**";"SOILO NUNES DOS SANTOS"
6892;"***.089.536-**";"LEANDRO PEREIRA DE ASSIS"
6893;"***.392.789-**";"TIAGO PACHECO DE CAMARGO"
6894;"***.852.654-**";"ANDRE MAXIMINO DA COSTA FILHO"
6895;"***.348.414-**";"MARIA JOSE DA ROCHA"
6896;"***.630.601-**";"FELIPE JOAO SIQUEIRA CAETANO"
6897;"***.566.042-**";"MANOEL ALVES BEZERRA JUNIOR"
6898;"***.118.714-**";"ANAMARIA QUINTILIANO CABRAL DE LIMA"
6899;"***.202.803-**";"MARIA DA GRACA MARANHAO PENHA"
6900;"***.226.184-**";"LEONARDO GOMES PEREIRA"
6901;"***.509.576-**";"ADRIANA CLEMENTE DE OLIVEIRA VIEIRA"
6902;"***.211.021-**";"ROSANGELA SALLABERRY ROEDEL"
6903;"***.893.106-**";"HELGA PAULINO SANTOS CARDOSO"
6904;"***.276.204-**";"ASCENDINO ALEM DE AZEVEDO MAIA NETO"
6905;"***.879.441-**";"THIAGO SANTOS DA CUNHA"
6906;"***.422.094-**";"SERGIO LUIS GOIS CAVALCANTI"
6907;"***.795.596-**";"LEONARDO ROSA DE CASTRO"
6908;"***.075.477-**";"WELLINGTON DE MAGALHAES RIBEIRO JUNIOR"
6909;"***.278.314-**";"LENILDO CORREIA DA SILVA JUNIOR"
6910;"***.383.932-**";"RAFAEL CELESTINO LIMA BARROS"
6911;"***.450.624-**";"CLIMEDIO SEVERINO DA SILVA"
6912;"***.305.960-**";"CARLOS ALBERTO SOTT IFARRAGUIRRE"
6913;"***.728.800-**";"JORGE GUILHERME TESCHE"
6914;"***.180.680-**";"RAFAEL CORREA XAVIER"
6915;"***.410.039-**";"CLEOMAR RODRIGUES DA LUZ"
6916;"***.530.497-**";"LUIS GUSTAVO GIRAUX LEITAO"
6917;"***.056.761-**";"FAUSTO LINS"
6918;"***.868.277-**";"WAGNER NAZARETH MONTEIRO"
6919;"***.135.190-**";"BRUNA SANTOS AGUIAR UTIME"
6920;"***.652.129-**";"JOANA MIYO NAKUI"
6921;"***.361.617-**";"ANDREA DA SILVA SANTOS"
6922;"***.081.327-**";"NORMA CRISTINA CARDOSO BRANDAO"
6923;"***.191.967-**";"JONATAS BELONI SILVEIRA LEITE"
6924;"***.625.782-**";"ALFREDO ARZE COLLINS"
6925;"***.766.254-**";"CLEONICE MARIA DA SILVA"
6926;"***.031.874-**";"ARTUR CESAR DE OLIVEIRA"
6927;"***.103.161-**";"MONA GARDENIA DE OLIVEIRA BERNARDO"
6928;"***.626.621-**";"GEYSON HILBERT RODRIGUES DA SILVA"
6929;"***.940.202-**";"ANDRE MARQUES DE ARAUJO"
6930;"***.162.804-**";"LEILIANNE DUARTE GURGEL D AVILA"
6931;"***.004.685-**";"RODRIGO LIMA FONTANARI"
6932;"***.121.951-**";"CESARIO NONATO DE OLIVEIRA NETO"
6933;"***.397.472-**";"ANTONIO NETO ALVES LEDA"
6934;"***.504.301-**";"CARLOS ANTONIO DE SOUSA ROCHA"
6935;"***.012.316-**";"GABRIEL FERNANDO REZENDE"
6936;"***.887.700-**";"RONALDO CATALDO COSTA"
6937;"***.966.627-**";"ALAN DO NASCIMENTO MAYNHONE"
6938;"***.833.617-**";"EDUARDO FREDERICO CABRAL DE OLIVEIRA"
6939;"***.725.167-**";"LIGIA MARA COSER"
6940;"***.934.133-**";"THIAGO DIAS FERREIRA"
6941;"***.315.411-**";"BARBARA FREITAS GALDINO"
6942;"***.942.417-**";"MICHELLA PAULA CECHINEL REIS"
6943;"***.429.540-**";"CLAUDIO FRANCO SANT ANNA"
6944;"***.670.484-**";"DANIELLY VINICIUS DE OLIVEIRA"
6945;"***.243.435-**";"LOURIVAL JUNIOR MATOS MACEDO"
6946;"***.903.975-**";"JESSIVALDO SANTOS"
6947;"***.449.255-**";"IGOR FERREIRA DE MACEDO"
6948;"***.667.875-**";"GABRIEL DA MOTA SANTOS"
6949;"***.646.405-**";"RAFAELA LEAO DO NASCIMENTO SANTOS"
6950;"***.415.704-**";"DAMIAO GONDIN ALVES DOS SANTOS"
6951;"***.433.002-**";"SANDRA MARIA DA SILVA FREIRES"
6952;"***.205.292-**";"VALDINEY DE MELO DA SILVA"
6953;"***.676.503-**";"RAIMUNDO ROGACIANO MONTENEGRO"
6954;"***.441.767-**";"BARBARA CASTRO SOUZA"
6955;"***.289.382-**";"SERGIO MURILO DE SOUZA MOREIRA"
6956;"***.467.619-**";"LUCAS DOMINGOS BOIM"
6957;"***.324.903-**";"NAYANNE NAYRA DA COSTA"
6958;"***.568.759-**";"DOUGLAS VANDERLEI DOS SANTOS"
6959;"***.248.877-**";"PAOLA CRISTINNE GUIMARAES DA COSTA"
6960;"***.080.241-**";"VINICIUS GERVILLA CHAN"
6961;"***.764.011-**";"JOAO PAULO DANTAS ARANTES"
6962;"***.531.578-**";"MIRIAM APARECIDA ESPAGNOLO"
6963;"***.245.568-**";"SERGIO GABRIEL DA SILVA"
6964;"***.839.838-**";"WILLIAN GONCALVES DO NASCIMENTO"
6965;"***.080.458-**";"GUSTAVO FERRARI CONTIN"
6966;"***.134.218-**";"LUCIANA PEREIRA LORENZI"
6967;"***.641.554-**";"SANDRO MAURICIO CASTELO BRANCO BISPO"
6968;"***.647.924-**";"ERICK SANDES SA SANTOS"
6969;"***.307.509-**";"ANGELA FABIANA PEREIRA"
6970;"***.815.401-**";"RIANNY MORAIS MADEIRA DE ALCANTARA"
6971;"***.223.387-**";"CRISTIANE BRINGEL XAVIER NEVES"
6972;"***.099.791-**";"HELBERTH TEIXEIRA DOS SANTOS"
6973;"***.520.303-**";"ROMULO AUGUSTULO MONTELES DA SILVA"
6974;"***.945.910-**";"OSVALDO DA COSTA ARMENDARIS"
6975;"***.989.121-**";"DANIELA RODRIGUES MACEDO FERREIRA"
6976;"***.815.928-**";"MELISSA TORRES DA SILVA"
6977;"***.066.845-**";"GARDENIA ROCHA SCHIMIDT"
6978;"***.676.087-**";"MAURO MEDEIROS APRIZIO DO CANTO"
6979;"***.084.847-**";"WANDERSON DE MENDONCA SOUZA"
6980;"***.192.877-**";"PAULO VICTOR RIBEIRO LIMA"
6981;"***.198.287-**";"CARLLOS MONTEIRO DALGOBBO"
6982;"***.618.427-**";"REBECA CORREA GOMES MARQUES"
6983;"***.089.070-**";"SERGIO BRASIL OLIVEIRA GONCALVES"
6984;"***.184.346-**";"ANTONIO AUGUSTO DE SOUZA JUNIOR"
6985;"***.527.700-**";"ARIEL DE OLIVEIRA CASAGRANDE"
6986;"***.009.389-**";"AXELL UCHOA HUTNER"
6987;"***.260.440-**";"CAIO CESAR SOARES BERTONCELLO"
6988;"***.592.117-**";"LUIZ HENRIQUE DOS REIS GREM"
6989;"***.265.807-**";"CLEBER OSMAR PRADO VALENTIM"
6990;"***.076.814-**";"LEANDRO JOSE BARROS BARBOSA"
6991;"***.387.513-**";"AUGUSTO DE LIMA ALBUQUERQUE"
6992;"***.627.760-**";"DREISON DA SILVA MARTINS"
6993;"***.712.430-**";"LUCIANO CASTRO DA SILVA"
6994;"***.555.624-**";"ISRAEL FERREIRA BARBOSA"
6995;"***.859.466-**";"ANTONIO VALTER MARTINS JUNIOR"
6996;"***.521.126-**";"LUCIANO ALVES DE PAULA"
6997;"***.703.126-**";"HILTON GROSSI SILVEIRA"
6998;"***.239.014-**";"WAGNER SILVA SOUSA"
6999;"***.314.678-**";"JOSE FERREIRA RODRIGUES"
7000;"***.640.621-**";"SABRINE BARBOSA LIMA"
7001;"***.654.726-**";"HELENA MARIA FERREIRA"
7002;"***.603.072-**";"RAFAEL PEREIRA PINHEIRO"
7003;"***.627.260-**";"RICARDO SCHMITZ ONGARATTO"
7004;"***.175.950-**";"CRISTINE DA SILVA MEDEIROS"
7005;"***.250.457-**";"THIAGO VASCONCELOS MELO"
7006;"***.020.017-**";"RENAN ARJONA DE SOUZA"
7007;"***.125.001-**";"LUCAS BRITO CALASANS"
7008;"***.937.524-**";"JOSE VALDENEIS DE BARROS"
7009;"***.198.114-**";"MARIA DAS GRACAS FIGUEIREDO PESSOA SAMPAIO"
7010;"***.087.734-**";"EUDO MARQUES DIAS"
7011;"***.199.970-**";"ANDRE NEUTZLING LEHN"
7012;"***.288.707-**";"RENAN GOMES COELHO"
7013;"***.468.484-**";"ALUIZIO NUNES DA COSTA"
7014;"***.906.084-**";"LUCIANA JUREMA LOPES"
7015;"***.513.797-**";"CARLOS EDUARDO CORREIA DE PAIVA"
7016;"***.549.102-**";"JORIVAN BRITO NASCIMENTO"
7017;"***.998.516-**";"MONICA DE FREITAS SANTOS"
7018;"***.399.711-**";"GABRIEL AUGUSTO SILVA"
7019;"***.095.233-**";"BRUNO MOURA CRUZ"
7020;"***.760.870-**";"ROGER LEMOS"
7021;"***.485.247-**";"ROMULO FERREIRA DA SILVA"
7022;"***.652.241-**";"SALVADORA BENITES DA SILVA CAMARGO"
7023;"***.711.924-**";"GEAN FRANK FAUSTINO DA SILVA"
7024;"***.080.981-**";"ANDREA BARBI CHAVES MROGINSKI"
7025;"***.119.202-**";"ALESSANDRO DO NASCIMENTO OLIVEIRA"
7026;"***.907.278-**";"WILSON LEONARDO RIBEIRO ESTEVES"
7027;"***.965.267-**";"ANDERSON DE OLIVEIRA MELLO"
7028;"***.993.406-**";"LUCAS CERQUEIRA LAZIER"
7029;"***.695.521-**";"WILLIAM BARROS BRAGA"
7030;"***.668.646-**";"ALAN FONSECA ROCHA"
7031;"***.961.295-**";"RAFAEL VITORIA DO NASCIMENTO"
7032;"***.085.914-**";"SEVERINO GONCALO DA SILVA"
7033;"***.933.644-**";"EDNALDO PIRES DA SILVA"
7034;"***.464.202-**";"DARLISON FERNANDES CARVALHO DE ANDRADE"
7035;"***.981.366-**";"ANIVALDO LIBERIO CHAVES"
7036;"***.977.531-**";"LUIZ CLAUDIO MESSIAS DA COSTA"
7037;"***.725.961-**";"MARCELLO DE SOUZA PANTOJA"
7038;"***.121.301-**";"VALDIVINO BORGES DA SILVA"
7039;"***.241.851-**";"CARLOS QUEIROZ DE MEDEIROS"
7040;"***.438.301-**";"ELENICE CRISTALDO CANO"
7041;"***.890.583-**";"EDUARDO DE ALMEIDA GUIMARAES PEIXOTO"
7042;"***.657.197-**";"MARCO ANTONIO LOPES GUIMARAES"
7043;"***.233.405-**";"MILENA FREIRE COSTA"
7044;"***.291.945-**";"PEDRO AFONSO DE SOUZA MOREIRA"
7045;"***.129.582-**";"IARA BARROS LANDIM"
7046;"***.571.172-**";"DINIZ HENRIQUE FERREIRA BOTELHO FILHO"
7047;"***.710.543-**";"JOSEANA ROCHA PALMEIRA MACEDO"
7048;"***.906.527-**";"MAXUEL ROBERTO NEVES ANTONIO"
7049;"***.903.078-**";"FERNANDO CESAR DOS SANTOS"
7050;"***.518.674-**";"TIAGO BERNARDO DE OLIVEIRA"
7051;"***.520.121-**";"PAULO HENRIQUE ALVES DAS NEVES"
7052;"***.262.828-**";"LYLIAN DUARTE FERRACCI"
7053;"***.449.118-**";"RICHARD NEUBAUER"
7054;"***.290.788-**";"RICARDO KOOZO TAIRA"
7055;"***.259.588-**";"RAMON WARTO CYRINEU WOLF"
7056;"***.634.216-**";"PEDRO ELIEZER MAIA"
7057;"***.681.106-**";"FABIANA FABREGA DE OLIVEIRA"
7058;"***.347.616-**";"HENRIQUE SILVA SANTOS"
7059;"***.229.924-**";"THIAGO DE MELO CORDEIRO"
7060;"***.154.664-**";"JORGE AUGUSTO MORAIS DE BARROS"
7061;"***.940.594-**";"GILSON JOSE XAVIER DA SILVA"
7062;"***.898.181-**";"MARGARIDA AMELIA ROCHA PACHECO CAVALCANTI"
7063;"***.941.991-**";"FERNANDA OLIVEIRA GUIMARAES DE SOUZA"
7064;"***.334.155-**";"MARCELA NUNES TAVARES CORREIA"
7065;"***.455.849-**";"RAFAEL DE ANDRADE VIEIRA"
7066;"***.281.638-**";"ANTONIO DIAS PEREIRA"
7067;"***.578.426-**";"MARIA ANTONIA SANTOS DE ALMEIDA"
7068;"***.707.411-**";"AFONSO PINHEIRO"
7069;"***.416.736-**";"ALEXANDRE RABELO ARCANJO"
7070;"***.793.706-**";"REGINALDO MORENO ROMERO"
7071;"***.762.787-**";"FERNANDA POMPEREK CAMILO"
7072;"***.405.641-**";"BRAYON WEVELY ALVES DE SOUSA"
7073;"***.177.671-**";"FERNANDA PERALTA MARCONDES DROPPA"
7074;"***.666.783-**";"MARIA CELIANA PINHEIRO LIMA"
7075;"***.686.471-**";"MARCOS ODILON DIAS RODRIGUES"
7076;"***.677.571-**";"DAYANA CARDOSO CRUZ"
7077;"***.490.516-**";"LUIZ FELIPE DE OLIVEIRA MARCHEZINI"
7078;"***.797.706-**";"AURELIANO CLARET DA CUNHA"
7079;"***.844.951-**";"EUCIMAR DIOGENES DE MEDEIROS"
7080;"***.085.823-**";"JORGE LUIZ HACHEM VASCONCELOS"
7081;"***.081.481-**";"DIEGO FERNANDO ROMANHOL"
7082;"***.991.800-**";"MAURILIO DOS SANTOS FALLEIRO"
7083;"***.341.234-**";"MARCELO COSTA DE AZEVEDO"
7084;"***.346.841-**";"GILMAR ARAUJO DE SOUSA"
7085;"***.547.231-**";"VALNEI VIEIRA MARINHO"
7086;"***.358.439-**";"NEIVA MARIA DA SILVA"
7087;"***.611.518-**";"MARIA ROBERTA GOMES DE CARVALHO"
7088;"***.221.340-**";"DANIEL ANDREAS NETTO ALBRECHT"
7089;"***.138.812-**";"JOANA D ARC PINHO PRAXEDES"
7090;"***.305.487-**";"NELIO COSTA"
7091;"***.759.938-**";"ALEX SANDRO DE JESUS SILVA"
7092;"***.447.066-**";"RAFAEL OLIVER ROSA"
7093;"***.715.978-**";"ELIDIA VALERIA MELLO SANTANA DE ANDRADE"
7094;"***.663.968-**";"ANTONIO CLEITON DE SOUSA ANDRADE"
7095;"***.519.656-**";"MARCOS RAFAEL DE MOURA XAVIER"
7096;"***.877.352-**";"WAGNER ANDERSEN XAVIER DA CONCEICAO"
7097;"***.159.267-**";"DISNEY FRANK RIBEIRO SOARES"
7098;"***.589.817-**";"RONALDO PEREIRA PINTO"
7099;"***.111.976-**";"JERRY KENNED SABINO"
7100;"***.633.737-**";"ELIO RICARDO ALVES BRANDAO"
7101;"***.196.432-**";"CHRISTIELLE DA SILVA ALENCAR"
7102;"***.982.425-**";"RUAN ANDRICK MENEZES EMIDIO"
7103;"***.456.747-**";"WILLIAN LUIZ VIRGILIO DOS SANTOS"
7104;"***.260.301-**";"ALESSANDRO TAVARES"
7105;"***.898.630-**";"ALEXANDER ALDEIR COSTA DA SILVA"
7106;"***.319.447-**";"GABRIEL DA COSTA FREITAS"
7107;"***.689.286-**";"RAMON LUCAS ALFENAS"
7108;"***.719.588-**";"RODRIGO FERNANDO DE OLIVEIRA"
7109;"***.498.291-**";"EDUARDO HOISLER SALLET"
7110;"***.690.882-**";"MAILSON ANDRE MOREIRA MOURA"
7111;"***.973.480-**";"ROMARIO KRUG OLIVEIRA"
7112;"***.632.767-**";"ISABELLA ALVAREZ MACHADO GREGORIO"
7113;"***.303.841-**";"CLAUDIO HENRIQUE FERNANDES"
7114;"***.671.386-**";"IVANEI SALGADO"
7115;"***.679.545-**";"JOAO MAURICIO PEIXOTO DA SILVA"
7116;"***.268.261-**";"BRENO NERI CARNEIRO"
7117;"***.757.291-**";"JONATHAN NASCIMENTO DE SOUZA"
7118;"***.875.671-**";"PAULO RICARDO CONDI"
7119;"***.280.208-**";"ALEXANDRE JOSE CLAUDIO"
7120;"***.930.681-**";"MARCIA CRISTINA DE FRANCA BOMFIM REIS"
7121;"***.376.011-**";"LUCIARA NEVES DE SOUZA"
7122;"***.292.342-**";"MARCO ANTONIO MAIA FREIRE JUNIOR"
7123;"***.310.677-**";"ALEXANDRE NEVARES BARCELLOS"
7124;"***.322.548-**";"GABRIEL MARQUES VIVANCO SILVA"
7125;"***.500.451-**";"ELVIO BOGARIM"
7126;"***.959.470-**";"JOEL CARDOSO DA CUNHA"
7127;"***.032.510-**";"AUGUSTO DOS ANJOS PEICHE"
7128;"***.799.852-**";"CHARLES LINDEMBERG BARBOSA DE SOUZA"
7129;"***.415.434-**";"JULIO CESAR MONTEIRO GOMES"
7130;"***.370.571-**";"JORGE MASSENA DA SILVA"
7131;"***.025.391-**";"CECILIA VARELA"
7132;"***.874.926-**";"RENATO BARBOSA DE ANDRADE"
7133;"***.787.710-**";"LOURDES TERESINHA TOMAZI"
7134;"***.578.939-**";"VIVIANE DAUFEMBACK"
7135;"***.431.160-**";"EDENILSON FOGOLARI FAGUNDES"
7136;"***.955.895-**";"DAVI CORREIA LIMEIRA"
7137;"***.234.545-**";"LUIS RUBENS SILVA NORMANDIA"
7138;"***.905.867-**";"NEIDIMAR TEIXEIRA NARCIZO"
7139;"***.317.933-**";"BRUNA GABRIELLY GUEDES DIAS"
7140;"***.087.466-**";"VANESSA GUEDES DA SILVA"
7141;"***.883.431-**";"JULIO VICTOR GOMES PEREIRA"
7142;"***.917.417-**";"PAULO JOSE DO NASCIMENTO"
7143;"***.838.911-**";"ANTONIO BERNARDINO DE LIMA"
7144;"***.020.741-**";"JOEL TEZZA"
7145;"***.459.255-**";"DIEGO ALEXANDRE RODRIGUES DOS SANTOS"
7146;"***.933.998-**";"VANESSA GOMES CASALINO"
7147;"***.854.411-**";"MILTON ALEXANDRE DA SILVA"
7148;"***.869.266-**";"TATIANA DE ARAUJO CARVALHO"
7149;"***.000.021-**";"JOAO BATISTA QUEIROZ"
7150;"***.020.117-**";"RUAN RAPOSO DOS SANTOS"
7151;"***.352.801-**";"EDIGAR TEIXEIRA DA SILVA"
7152;"***.559.061-**";"BRUNO CAVALHEIRO BREITENBACH"
7153;"***.629.848-**";"AUGUSTO LUIS BILLI"
7154;"***.287.508-**";"FABIANA SILVA LIMA"
7155;"***.651.405-**";"ANTONIO ZOZIMO DE MATOS COSTA"
7156;"***.994.721-**";"KAIO FERREIRA PONTES"
7157;"***.818.478-**";"EDUARDO PAVAO ARAUJO"
7158;"***.851.127-**";"FILIPE PEREIRA DE AGUIAR BARROS"
7159;"***.166.902-**";"CLAUDIO FRANCO DE MELO JUNIOR"
7160;"***.021.957-**";"ANDREA QUINTANILHA FERREIRA"
7161;"***.142.863-**";"TOMAZ BERNARDO DE CASTRO"
7162;"***.718.137-**";"JORGE ROBERTO ALEGRIA JUNIOR"
7163;"***.601.534-**";"VICTOR KASSIMATI MILANEZ"
7164;"***.972.227-**";"PAULO RENAN CAMPOS CESAR"
7165;"***.254.871-**";"AILSON DA SILVA ZANCHETT"
7166;"***.293.844-**";"CLAUDIO RIBEIRO DE MOURA VASCONCELOS"
7167;"***.242.657-**";"VANDERSON PEREIRA POLLETTI"
7168;"***.307.131-**";"SAMUEL ALVES DE SOUSA"
7169;"***.276.340-**";"MAICON ROBERTO VIEIRA DA CUNHA"
7170;"***.633.300-**";"FERNANDO DA SILVA VACCARI"
7171;"***.983.370-**";"ANTONIO RAFAEL WEBER DA CRUZ"
7172;"***.574.837-**";"RAFAEL DE OLIVEIRA FARIA"
7173;"***.799.557-**";"ARTHUR LOURENCO AMARAL DE ALBUQUERQUE"
7174;"***.741.271-**";"WILLIAMS NELSON LEAO BAPTISTA"
7175;"***.666.821-**";"GABRYEL COSTA E SOUZA FRANCO"
7176;"***.425.397-**";"ARIEL OLIVEIRA AIRES"
7177;"***.221.551-**";"PATRICK WALLIS ABREU MACEDO"
7178;"***.729.331-**";"DIOGO MONTEIRO DE SOUZA MARTINS"
7179;"***.842.957-**";"LUCAS LOURENCO DOS SANTOS"
7180;"***.135.307-**";"CLEDISON LOPES DE SANTANA"
7181;"***.206.020-**";"NEIDER MENDONCA SOARES"
7182;"***.351.230-**";"PEDRO HENRIQUE TEIDER OLIVEIRA"
7183;"***.933.436-**";"LUCILIA PEREIRA DE OLIVEIRA"
7184;"***.744.801-**";"GLAUBER PEREIRA PINTO"
7185;"***.599.094-**";"ANDREIA CRISTINA DA SILVA JORDAO EMERENCIANO PONTES"
7186;"***.500.758-**";"PAULA GOMES RODRIGUES"
7187;"***.723.253-**";"MICHELLE GARCEZ DE CARVALHO"
7188;"***.280.540-**";"KARINA PROENCA LIGABUE"
7189;"***.305.021-**";"RAISSA REGIS DA SILVA SANTOS"
7190;"***.779.227-**";"THIAGO BRUNO VIEIRA MOREIRA"
7191;"***.447.579-**";"BIANCA DOS SANTOS COSTA"
7192;"***.655.288-**";"FABIO LUIS CABRAL"
7193;"***.635.233-**";"ADRIANO SANDERS CAMPOS PARENTE"
7194;"***.387.547-**";"LORENA ABDALLA DE OLIVEIRA PRATA GUIMARAES"
7195;"***.851.317-**";"RAFAEL ANTONIO SOUZA DE LIMA"
7196;"***.749.143-**";"GLAUCIO SOUSA MARTINS"
7197;"***.696.443-**";"MARCUS VINICIUS ARAUJO DA COSTA"
7198;"***.326.727-**";"VANESSA FERREIRA DE MACEDO"
7199;"***.568.237-**";"ELADIO BANDEIRA DE LIMA FILHO"
7200;"***.511.260-**";"RODRIGO RABASSA MORALES"
7201;"***.656.621-**";"DANIEL FERREIRA DA SILVA"
7202;"***.998.386-**";"DORACY SILVA DINIZ"
7203;"***.503.666-**";"ANDRE FELIPE CALSAVARA"
7204;"***.943.526-**";"MIRIAM HELENA ALVES EUGENIO"
7205;"***.944.997-**";"MARCOS ONOFRE MALHEIROS"
7206;"***.265.947-**";"RAQUEL ALMEIDA DA SILVA"
7207;"***.861.607-**";"CHRISTIAN MONNI"
7208;"***.569.079-**";"LEANDRO JIN KOBAYASHI"
7209;"***.012.008-**";"VITOR CARLOS PEREIRA"
7210;"***.557.871-**";"FLAVIO LIMA BARCELLOS"
7211;"***.570.628-**";"DIOGO SALLES FARIA"
7212;"***.849.281-**";"RAFAEL RODNEY REIS MELO"
7213;"***.519.121-**";"EDUARDO SILVA DE OLIVEIRA"
7214;"***.277.787-**";"RITA DE CASSIA PEREIRA DE SIQUEIRA"
7215;"***.140.129-**";"BLASIO LUIZ GABRIEL"
7216;"***.113.232-**";"JOSEMAR COSTA DA SILVA"
7217;"***.138.091-**";"VANESSA BITTENCOURT DE SOUZA MENDONCA"
7218;"***.128.793-**";"BRUNO COSTA PITANGA MAIA"
7219;"***.088.746-**";"BRUNO OTTAVIANI"
7220;"***.564.134-**";"GEORGE ADRIANO ALCANTARA SARAIVA"
7221;"***.609.454-**";"CARLOS FELLIPE GUERRA CORREA DE OLIVEIRA"
7222;"***.759.256-**";"FERNANDO DE CARVALHO LORENZETTI"
7223;"***.087.018-**";"JUVERTO KLAHOLD RODRIGUES"
7224;"***.558.798-**";"FERNANDO FERES BORGES"
7225;"***.719.834-**";"ROGERIO FERNANDO ALENCAR VANDERLEI"
7226;"***.083.851-**";"THIAGO INACIO BARROS LOPES"
7227;"***.758.246-**";"ROBSON COSTA CARVALHO LEAO"
7228;"***.307.979-**";"CARLOS ALEXANDRE DE OLIVEIRA"
7229;"***.435.699-**";"OSMAR JUNIOR KLOCK"
7230;"***.506.030-**";"TIAGO MAURICIO MOTTA"
7231;"***.517.638-**";"FERNANDO CESAR CHRISTOFOLETTI"
7232;"***.198.006-**";"FERNANDO PERDIGAO FERNANDES CAIXETA"
7233;"***.154.220-**";"JOSE EVANDRO MARTINS PAZ"
7234;"***.386.350-**";"BERNARDO FREITAS CARRICONDE"
7235;"***.141.481-**";"ALEXANDRE LUIZ MOURA CAPUZZO"
7236;"***.319.092-**";"MAYKOL BRITO BARBOSA"
7237;"***.342.564-**";"MARCELO JOSE DA SILVA"
7238;"***.429.834-**";"TIAGO RIBEIRO GOMES SILVA"
7239;"***.670.307-**";"VIVIANE AMORIM DE OLIVEIRA TOLEDO"
7240;"***.091.352-**";"BERNARDINA DE FREITAS"
7241;"***.140.257-**";"MARIA ELEONORA IOZZI DA SILVA"
7242;"***.480.158-**";"NELSON CANHADA SOARES"
7243;"***.412.462-**";"JOAQUIM FIGUEIREDO DO NASCIMENTO"
7244;"***.460.337-**";"GISELLE CASSIB DE OLIVEIRA"
7245;"***.963.612-**";"HILTON ARI MIRANDA DOS SANTOS"
7246;"***.020.072-**";"LEDA FERREIRA DOS SANTOS"
7247;"***.977.262-**";"HELIVANDA CAVALCANTE DE SOUZA PAULINO"
7248;"***.612.620-**";"LUZIA ROSALINA TEIXEIRA"
7249;"***.694.503-**";"ANTONIO HERMES RIBEIRO"
7250;"***.527.883-**";"DAMIAO RODRIGUES"
7251;"***.466.283-**";"REGIO MELO DOS SANTOS"
7252;"***.590.543-**";"JOSE GABRIEL CAMPOS COSTA FERREIRA"
7253;"***.312.666-**";"GERALDO CARLOS VIEIRA"
7254;"***.295.166-**";"WASHINGTON GONCALVES QUARESMA"
7255;"***.481.256-**";"ALTAMIRO ALEXANDRE FERREIRA JUNIOR"
7256;"***.675.413-**";"CLAUDIOMAR PAZ OLIVEIRA"
7257;"***.370.802-**";"MARIA JOCILEIA SOARES DA SILVA"
7258;"***.096.762-**";"EVELYN CAROLINY PAIM UCHOA MARTORANO"
7259;"***.424.269-**";"LIVIA BISPO FERREIRA ROESSLE GUAITA"
7260;"***.000.567-**";"CECILIA CRONEMBERGER DE FARIA"
7261;"***.946.861-**";"CAMILA SATIRO PRAXEDES"
7262;"***.734.491-**";"PEDRO HENRIQUE DE MESQUITA"
7263;"***.763.841-**";"ROBLEDO SOARES TEIXEIRA"
7264;"***.216.167-**";"CAIO BARBOSA GARCIA"
7265;"***.367.843-**";"JOSIEL PEREIRA DOS SANTOS"
7266;"***.823.552-**";"REGISMARY RAMOS VIEIRA"
7267;"***.750.798-**";"PATRICIA ANGELO PERETI"
7268;"***.049.196-**";"CLARA COSTA CAMARGOS"
7269;"***.575.116-**";"DANILO PEREIRA DE ALMEIDA"
7270;"***.729.728-**";"VICTOR HENRIQUE CALEJON SANTOS"
7271;"***.494.533-**";"ANA LUCIA FERREIRA REIS"
7272;"***.592.893-**";"FRANCISCO ALVES RIBEIRO"
7273;"***.055.561-**";"ADELINO FERREIRA CAMPOS"
7274;"***.857.900-**";"JEAN LARRY MARTINS MACHADO"
7275;"***.117.101-**";"AIRTON FERREIRA ARAUJO FILHO"
7276;"***.272.257-**";"ODIMAR RAFAEL MAIA"
7277;"***.523.712-**";"SORAYA RITA DO AMARAL GARCIA VIANNA"
7278;"***.261.487-**";"MARIJANE TAVARES DA SILVA"
7279;"***.398.518-**";"PATRICIA APARECIDA SILVEIRA"
7280;"***.578.878-**";"FABIO FRANCALACCI DE ALMEIDA"
7281;"***.650.544-**";"ALEXANDRE SILVA ANDRADE"
7282;"***.191.002-**";"RODRIGO SERPA VIEIRA LEITE"
7283;"***.833.021-**";"MARCIO MARTINS PEREIRA"
7284;"***.468.096-**";"SERGIO LUIZ MOREIRA RODRIGUES"
7285;"***.120.988-**";"EVAIR SERGIO DA SILVA"
7286;"***.009.172-**";"MAIRA MAROJA SILVEIRA"
7287;"***.114.613-**";"SUYANE SANTOS PIRES MIRANDA"
7288;"***.963.093-**";"BENIGNO JERONIMO DIAS PEREIRA"
7289;"***.481.329-**";"GUILHERME GRUMMT"
7290;"***.481.907-**";"ULISSES FERNANDES NAVARRO"
7291;"***.829.207-**";"AFRANIO DE OLIVEIRA LUZ"
7292;"***.340.827-**";"MARIO CLAUDIO SANTOS ARAUJO"
7293;"***.833.787-**";"PHILIPE TAVARES FERREIRA DE AGUIAR"
7294;"***.276.287-**";"LUDMILA MORAIS PATRICIO"
7295;"***.913.147-**";"JONATAN BARROS DE AMORIM"
7296;"***.218.083-**";"PAULO HENRIQUE VIEIRA DA SILVA"
7297;"***.103.707-**";"CLEBER RANGEL MARQUES"
7298;"***.297.278-**";"VALDEMIR PEREIRA SOARES JUNIOR"
7299;"***.517.103-**";"MARCEL FERNANDES GOMES"
7300;"***.703.363-**";"CARLOS BARBOSA SANTANA"
7301;"***.471.633-**";"FABIO DE TACIO EVERTON FERREIRA"
7302;"***.434.124-**";"JOSE FRANCISCO OLIVEIRA DA SILVA"
7303;"***.753.127-**";"LINCOLN ESTEVES DOS ANJOS SILVA"
7304;"***.423.097-**";"JOAO FELIPE OLIVEIRA MACENA DE SANTANA"
7305;"***.508.647-**";"HUGO TARDELLI PAIXAO"
7306;"***.490.160-**";"DIONATAN PACHECO DE ALMEIDA"
7307;"***.474.804-**";"ALLISSON DAVID DE MELO RIBEIRO"
7308;"***.923.323-**";"ANTONIO RAFAEL REBOUCAS RODRIGUES"
7309;"***.442.010-**";"LAWRENCE FIORIN DOS SANTOS"
7310;"***.406.630-**";"JEFERSON ALEX DE OLIVEIRA FIGUEIREDO"
7311;"***.945.551-**";"ANGELA APARECIDA CARLOS RIBEIRO"
7312;"***.995.290-**";"MARCIA MARIA HENGEMUHLE"
7313;"***.970.513-**";"RAQUEL GOMES GONZALEZ ALELUIA"
7314;"***.091.234-**";"EDITE JULIANA LINS DE BARROS"
7315;"***.605.676-**";"FLAVIANE APARECIDA DOS SANTOS"
7316;"***.216.841-**";"WESLEY RICARDO DE SOUZA FREITAS"
7317;"***.096.328-**";"LILIAN SILVA CATENACCI"
7318;"***.126.889-**";"JONAS DANIEL RIBEIRO"
7319;"***.271.924-**";"VICTOR HUGO OLIVEIRA DE ANDRADE"
7320;"***.679.855-**";"MARCIO ALEXANDRE VELOSO GOMES"
7321;"***.851.334-**";"RODRIGO FERNANDES VANDERLEI VASCO"
7322;"***.403.586-**";"ELIAS PEDRO ROSA"
7323;"***.495.506-**";"LUZIA MARIA DOS SANTOS PIRES"
7324;"***.148.778-**";"MARCELO BERNARDINO ARAUJO"
7325;"***.161.073-**";"LUIZ MESSIAS RIBEIRO BATISTA"
7326;"***.879.876-**";"FABRICIO TAVARES DE FARIA"
7327;"***.722.069-**";"RONALDO JOSE SERAMIM"
7328;"***.541.226-**";"ROQUELINE AMETILA E GLORIA MARTINS DE FREITAS"
7329;"***.553.936-**";"EDUARDO MALVACINI FRANCHESQUETI"
7330;"***.626.166-**";"JOAO LUIZ DA CRUZ JUNIOR"
7331;"***.449.987-**";"RAPHAEL CUNHA BARBOZA"
7332;"***.992.707-**";"DEIVES DA SILVA LUCIO"
7333;"***.134.557-**";"PALMIRA COCA CARNEIRO VIEIRA DE SOUZA"
7334;"***.066.377-**";"BRUNO DE MELO RODRIGUES"
7335;"***.396.507-**";"MARIA DE JESUS CORREA DA COSTA RAMOS"
7336;"***.418.263-**";"REGINALDO DE CARVALHO"
7337;"***.675.697-**";"NIVALDO DE FARIA SANT ANA"
7338;"***.333.637-**";"THIAGO DE SOUSA ROSA"
7339;"***.011.861-**";"ROSBER SEVERO DE OLIVEIRA"
7340;"***.192.241-**";"PLACYO DUARTE DA SILVA"
7341;"***.505.571-**";"ADAO SOARES DE BRITO"
7342;"***.226.251-**";"JOEL CESAR HONORIO LYRIO"
7343;"***.502.572-**";"MILENNE DAS GRACAS MASTOP MARTINS"
7344;"***.615.212-**";"ZILTHAI MOREIRA DOS REIS"
7345;"***.707.003-**";"ERIVANIO SILVA GONCALVES"
7346;"***.560.203-**";"JOAO DE SOUSA MOTA NETO"
7347;"***.724.103-**";"WINSTON ALVES TEIXEIRA"
7348;"***.594.037-**";"EWERSON AUGUSTO DA ROCHA CHADA"
7349;"***.202.439-**";"GILBERTO ANTONIO DA SILVA"
7350;"***.571.053-**";"JOSE ANDERSON PEREIRA ALVES"
7351;"***.339.622-**";"GILBERTO MELO DA GAMA"
7352;"***.272.263-**";"MARIA ELIANE PONTES MENDES"
7353;"***.145.899-**";"MARCELO PARSZUTO"
7354;"***.678.047-**";"FABRICIO ROCCO ALVES CORREA"
7355;"***.468.081-**";"WAGNER JIN"
7356;"***.760.404-**";"ANTONIO RIBAMAR RAMOS DE BRITO"
7357;"***.224.666-**";"TACIO MUZZI CARVALHO E CARNEIRO"
7358;"***.552.834-**";"ARIOSVALDO ANDRE COSTA"
7359;"***.031.381-**";"CARLOS HENRIQUE ASATO"
7360;"***.886.068-**";"ADRIANA RUIS GOMES DA SILVA"
7361;"***.693.968-**";"JEFERSON LUIZ MOREIRA"
7362;"***.704.205-**";"MARINEI AUGUSTO SIMOES"
7363;"***.627.697-**";"RAFAEL SANTIAGO BEZERRA"
7364;"***.352.339-**";"DANIEL MELZ"
7365;"***.146.783-**";"BRUNO BARIVIERA MOREIRA"
7366;"***.508.503-**";"EVILASIO BARRETO DE CARVALHO FILHO"
7367;"***.457.348-**";"FELIPE FIGLIOLIA AYRES"
7368;"***.549.227-**";"PAMELLA ABREU DE SOUZA BREIJAO"
7369;"***.535.520-**";"MARCELO TADIELLO MORAES"
7370;"***.930.824-**";"JANETE CLEIA DANIEL"
7371;"***.865.976-**";"WESLEY DE ASSIS LEOPOLDO"
7372;"***.997.832-**";"VALBER DO CARMO DE SOUZA GAIA"
7373;"***.652.243-**";"MARCOS AURELIO MARCELINO MOREIRA"
7374;"***.397.921-**";"SERGIO EDUARDO DE ARAUJO"
7375;"***.439.308-**";"SEVERINO ABEL DA SILVA"
7376;"***.837.635-**";"ELC APARECIDO ROCHA"
7377;"***.543.170-**";"BRAULIO ANTONIO MOCELLIN"
7378;"***.547.956-**";"TIAGO BARBOSA DA MATA"
7379;"***.471.246-**";"JOSE ALVES DE ANDRADE JUNIOR"
7380;"***.572.723-**";"JOSE CARLOS RODRIGUES NUNES"
7381;"***.410.738-**";"JULIANA CRISTINA FUKUDA"
7382;"***.859.017-**";"GABRIEL DREYFUS WEIBERT CATTAN"
7383;"***.717.149-**";"JOCELEI NASCIMENTO LOBO"
7384;"***.522.800-**";"ELDA RAQUEL VARGAS DE OLIVEIRA"
7385;"***.785.013-**";"LILIAN DE CARVALHO LINDOSO"
7386;"***.832.192-**";"JOSE RISONEI ASSIS DA SILVA"
7387;"***.714.479-**";"GERSON ROESSLE GUAITA"
7388;"***.092.359-**";"GUSTAVO NABRZECKI"
7389;"***.812.941-**";"VERONICA ALINE DE SOUSA MAIA"
7390;"***.649.038-**";"JULIANO ALVES DE LIMA"
7391;"***.207.385-**";"JOAO VICTOR MENEZES DE ARAUJO"
7392;"***.801.497-**";"CARLOS EDUARDO ALVES DA ROCHA"
7393;"***.537.671-**";"JULIANO CEZAR CERNECK DOS SANTOS"
7394;"***.572.651-**";"HELITO SERRA"
7395;"***.145.336-**";"ILSON GONCALVES SANTOS"
7396;"***.033.499-**";"DARCIO FRANCISCO BORGES"
7397;"***.159.529-**";"NILSA MIGUEL DOS SANTOS"
7398;"***.871.228-**";"MARCIO BERALDO GODINHO DE CASTRO"
7399;"***.498.794-**";"CARLOS HENRIQUE PESSOA PONTES"
7400;"***.727.804-**";"JORGE CORREIA E SILVA"
7401;"***.251.008-**";"DANIEL PEREIRA COELHO"
7402;"***.971.656-**";"JOSE NIZIO LUCAS MACHADO"
7403;"***.271.377-**";"HAROLDO MAIA JUNIOR"
7404;"***.788.551-**";"SIDNEY BARBOSA DE BRITO"
7405;"***.153.709-**";"LUIZ HENRIQUE KRETZER"
7406;"***.674.241-**";"SAMUEL STEFANO SAMPAIO"
7407;"***.202.308-**";"AILSON FERREIRA SANTOS"
7408;"***.220.291-**";"IZADORA PIMENTA ROCHA CARVALHO"
7409;"***.950.028-**";"CARLOS ALBERTO COUTINHO JUNIOR"
7410;"***.728.973-**";"PEDRO BENTO DE MORAIS JUNIOR"
7411;"***.123.842-**";"SEBASTIAO SIQUEIRA SANTIAGO"
7412;"***.785.004-**";"WAGNER DE ARAGAO BEZERRA"
7413;"***.542.164-**";"CLEBSON BATISTA DA SILVA"
7414;"***.634.236-**";"HEITOR FELIPE RODRIGUES"
7415;"***.175.601-**";"MAURICIO NORMAND TOSTA PECANTET"
7416;"***.682.276-**";"DIEGO MAX SILVA LOPES"
7417;"***.858.454-**";"KENNEDY DANTAS ROCHA"
7418;"***.430.500-**";"FABIANO CARNEIRO DA SILVA"
7419;"***.928.597-**";"JAQUELINE LEITE DE ANDRADE"
7420;"***.454.317-**";"ALEX SANDRO DE OLIVEIRA"
7421;"***.916.697-**";"ALEX PINTO DA SILVA"
7422;"***.372.257-**";"ALANA BEATRIZ ROSTIROLLA MANDIM"
7423;"***.962.867-**";"EDSON ALMEIDA VIANA"
7424;"***.419.458-**";"VINICIUS DA COSTA E SILVA"
7425;"***.955.387-**";"BRUNO AGUIAR DE SOUZA"
7426;"***.737.787-**";"CRISTIANO FERREIRA DE MORAES"
7427;"***.686.747-**";"CARLOS MATOS COSTA"
7428;"***.193.747-**";"BRUNO SANTOS DA SILVA"
7429;"***.535.467-**";"MARCELO MACHADO DE AQUINO"
7430;"***.352.167-**";"FLAVIO FRANCISCO FERREIRA"
7431;"***.102.527-**";"DOUGLAS VIEIRA DE VASCONCELOS"
7432;"***.017.987-**";"PEDRO PAULO GOUVEIA MARQUES DE OLIVEIRA"
7433;"***.491.317-**";"SERGIO LUIZ MONCORES RODRIGUES JUNIOR"
7434;"***.967.867-**";"ISAQUE TOSTA RIBEIRO JAUFFRET COELHO"
7435;"***.207.727-**";"GILMAR MARQUES LIMA"
7436;"***.569.419-**";"JOAO ALEXANDRE MARTINS DE SOUZA"
7437;"***.007.007-**";"FERNANDA VIEIRA GUIMARAES"
7438;"***.458.407-**";"ISRAEL LEVI OLIVEIRA DE OLIVEIRA"
7439;"***.623.157-**";"VIVIANE GONCALVES CAMARA"
7440;"***.691.081-**";"MATHEUS CARVALHO MORETTO"
7441;"***.729.977-**";"BRUNO BERNROIDER BACOLI"
7442;"***.544.167-**";"ALVARO LUIZ FIGUEIREDO SILVA"
7443;"***.945.179-**";"JOAO PAULO MACHADO"
7444;"***.166.517-**";"CASSIANO VINICIUS BERNARDO BARAUNA DOS SANTOS"
7445;"***.254.699-**";"JOAO VITOR LAYNES"
7446;"***.597.710-**";"JEFERSON JUNIOR MELLO DO NASCIMENTO"
7447;"***.575.836-**";"MARLLON HENRIQUE ASSIS DIAS"
7448;"***.770.897-**";"SIMAO LINHARES PEREIRA"
7449;"***.820.416-**";"ALVARO TAVARES FABBRI"
7450;"***.418.027-**";"LUCAS LOPES DA SILVA"
7451;"***.335.833-**";"PEDRO MARTINS DE SOUZA"
7452;"***.904.940-**";"MARCIO JESUS BOEIRA OCAMPOS"
7453;"***.080.961-**";"WESLEY TRINDADE RODRIGUES"
7454;"***.219.027-**";"TIAGO LUIS DA SILVA"
7455;"***.951.467-**";"CASSIUS MARCELUS COSSICH DE OLIVEIRA"
7456;"***.246.929-**";"JOAO BOSCO DA SILVA"
7457;"***.914.542-**";"ALAN VICTOR BARUCH AZEVEDO"
7458;"***.725.130-**";"TIARLES FONSECA RITTA RODRIGUES"
7459;"***.089.110-**";"DJORDAN RYAN LOPES DA SILVA"
7460;"***.129.440-**";"THIAGO DOS SANTOS BITENCOURT RODRIGUES"
7461;"***.509.348-**";"TIAGO DOS SANTOS LUCIANO"
7462;"***.800.033-**";"IZABEL PRISCILLA GOMES BONFIM"
7463;"***.622.500-**";"DHYONER MACRUEY SANTOS MACHADO"
7464;"***.473.316-**";"ALVARO BARROS ALVARENGA"
7465;"***.047.691-**";"PEDRO HENRIQUE FERNANDES DIAS"
7466;"***.567.618-**";"NILSON DE OLIVEIRA"
7467;"***.320.525-**";"PEDRO HENRIQUE SANTIAGO FERREIRA"
7468;"***.375.247-**";"LUCAS VAZ LOPES"
7469;"***.786.300-**";"THALYS GONCALVES ROCHA"
7470;"***.834.030-**";"MAURICIO SANTANNA SILVEIRA"
7471;"***.023.211-**";"FERNANDO WILLIAN DA SILVA ANTONELLO"
7472;"***.780.876-**";"FABIO JUNIOR FERREIRA COSTA"
7473;"***.766.989-**";"LUCAS ROCHA XAVIER SANTOS"
7474;"***.705.279-**";"MARCELO AUGUSTO LARA GOUVEIA"
7475;"***.937.106-**";"GLAUCIO ALBERTO ROSA"
7476;"***.984.176-**";"FILIPE OLIVEIRA DE SOUZA"
7477;"***.213.560-**";"BRUNO SOUZA CORREA"
7478;"***.030.086-**";"VICTOR RAFAEL DIAS DE LIMA"
7479;"***.219.651-**";"FELIPE LURO SANTOS"
7480;"***.556.546-**";"JOSE LUIZ FLORIDO ANDRADE"
7481;"***.904.590-**";"MARZO FABIANO VICENTE PORTO"
7482;"***.316.620-**";"PEDRO ROBERTO RODRIGUES FAGUNDES"
7483;"***.514.351-**";"EMANUEL HENRIQUE ANDRADE DE SOUZA"
7484;"***.658.888-**";"EDMUR BENITES RAMOS"
7485;"***.541.290-**";"PAULO JOSE FERRER NOBREGA"
7486;"***.189.220-**";"RAUL TAVARES FILHO"
7487;"***.541.696-**";"IGOR OLIVEIRA SILVA"
7488;"***.941.570-**";"JILIARDI RODRIGUES CARRION"
7489;"***.304.297-**";"LUCAS AMORIM DIAS"
7490;"***.532.780-**";"LANDI KUNZLER CARNEIRO"
7491;"***.103.042-**";"WANIA DO SOCORRO LIMA MATOS DE SOUZA"
7492;"***.832.966-**";"FABIO VICTOR BARCELOS DA SILVA"
7493;"***.358.776-**";"CRISTIAN MICHAEL SANTOS GOMES"
7494;"***.720.179-**";"MATHEUS DE MIRANDA"
7495;"***.193.816-**";"VAGNO AURELIANO DOS SANTOS"
7496;"***.723.846-**";"RUBENS MARCOS DOS SANTOS FILHO"
7497;"***.097.191-**";"JOSICLARI MOTA"
7498;"***.049.024-**";"YURI NEWMAN FREIRE JOVINO"
7499;"***.406.671-**";"HEVERSON CID OLIVEIRA"
7500;"***.041.115-**";"LUCIANA NALONE ANDRADE"
7501;"***.722.198-**";"TATIANA PACHECO NUNES"
7502;"***.081.545-**";"ELTON MATEUS DOS SANTOS FERREIRA"
7503;"***.500.241-**";"LUCIANO GONDA"
7504;"***.151.831-**";"DENILSON ALMEIDA DOS SANTOS"
7505;"***.803.931-**";"NILTON CONDE TORRES"
7506;"***.640.159-**";"SIMONE VOLTOLINI OLCZYK"
7507;"***.041.529-**";"ELODIR LOURENCO DE SOUZA"
7508;"***.802.949-**";"ANDRESSA THAIS SCHWINGEL"
7509;"***.530.218-**";"VICTOR MARTINS DE SOUSA"
7510;"***.623.812-**";"MARIANA DE SOUZA CABECIONI"
7511;"***.331.909-**";"REJANE MARIA SILVA GRACIOSA"
7512;"***.597.549-**";"CARLOS RAFAEL GARCIA"
7513;"***.308.403-**";"JOSE WELLINGTON DA SILVA"
7514;"***.861.876-**";"CLEITON DE SOUZA BATISTA"
7515;"***.428.746-**";"LUIS ADRIANO BATISTA"
7516;"***.069.981-**";"FREDERICO PEREIRA DA CUNHA"
7517;"***.399.846-**";"GUTEMBERG RIBEIRO"
7518;"***.554.351-**";"DIORGENES DOS SANTOS"
7519;"***.571.746-**";"ADILSON DONIZETI DAMASCENO"
7520;"***.494.571-**";"MARIA ASSIMA BITTAR GONCALVES"
7521;"***.353.111-**";"MAURO MOLINA PEDROSO"
7522;"***.112.849-**";"WENDELL KARLOS TOMAZELLI COLTRO"
7523;"***.103.264-**";"DANIEL CAVALCANTI PEREIRA DO LAGO DE MEDEIROS"
7524;"***.915.615-**";"JACSON MACHADO NUNES"
7525;"***.151.850-**";"ANDRE LEMES DA SILVA"
7526;"***.500.311-**";"ANDERSON GONCALVES ASSUNCAO"
7527;"***.242.492-**";"MARCELE JULIANE MENEZES CASTRO"
7528;"***.436.987-**";"ELTON HIROSHI MATSUSHIMA"
7529;"***.592.447-**";"CICERO ARAUJO PITOMBO"
7530;"***.711.407-**";"ALEXANDRE FERNANDES DELGADO"
7531;"***.538.937-**";"MARCELO HENRIQUE DE OLIVEIRA MACHADO"
7532;"***.544.807-**";"FLAVIO FLORES DA SILVA"
7533;"***.073.177-**";"GERALDO FERNANDO PINHEIRO DIAS"
7534;"***.673.299-**";"TIAGO STRAPACAO"
7535;"***.078.939-**";"VALDEMIR STRAPASSON"
7536;"***.529.331-**";"CARLOS RODRIGUES NETO"
7537;"***.280.411-**";"RAFAEL PEREIRA MARTINS"
7538;"***.960.521-**";"MAIRA MRAD TEIXEIRA SILVA"
7539;"***.319.011-**";"EDSON DE ARAUJO AGUIAR"
7540;"***.986.791-**";"NOEL CARLOS DO PATROCINIO BATISTA BRANDAO"
7541;"***.522.736-**";"TULIO STEFANI COLOMBAROLI"
7542;"***.575.482-**";"ELIETE ARAUJO SANTANA"
7543;"***.131.169-**";"THIAGO ANDRE HERING"
7544;"***.418.652-**";"NORMA SOLANGE LIRA LEITE"
7545;"***.433.704-**";"PAULO ROBERTO OLIVEIRA SANTOS"
7546;"***.422.742-**";"JULIETE RIBEIRO RODRIGUES"
7547;"***.347.654-**";"FRANCISCO CANINDE DO NASCIMENTO"
7548;"***.406.218-**";"ANTONIO MARCOS GUIDOLIM SOLER"
7549;"***.701.839-**";"DILVANA APARECIDA DE SOUZA SEBASTIAO"
7550;"***.805.039-**";"GABRIELA FERNANDA BUENO CAIRES"
7551;"***.044.509-**";"CARLOS ALBERTO LEMA"
7552;"***.337.804-**";"JOSE ODILON BARROS DE MEDEIROS"
7553;"***.398.163-**";"GEANDRA RIBEIRO ROCHA DA SILVA"
7554;"***.479.349-**";"GLENDA FERNANDA DO NASCIMENTO STANCANELLI"
7555;"***.457.551-**";"LUIS ROBERTO MACHADO BARBOZA"
7556;"***.992.711-**";"BRUNO FONTENELE CARVALHO"
7557;"***.302.836-**";"EDUARDO HOFFMAN DE ALMEIDA"
7558;"***.074.101-**";"PEDRO HENRIQUE ZANOTELLI COLLARES"
7559;"***.751.855-**";"HEIDER SANTOS FERNANDES"
7560;"***.454.134-**";"ALEXANDRO MANGUEIRA LIMA DE ASSIS"
7561;"***.694.365-**";"VICTOR SPINOLA VALENCA"
7562;"***.788.619-**";"RENAN FELIPE SENEM"
7563;"***.785.941-**";"JUAREZ LUSTOSA QUEIROZ"
7564;"***.021.215-**";"LUIS FREITAS LISBOA"
7565;"***.509.918-**";"JOSE ROBERIO BANDEIRA DE MELO AMORIM"
7566;"***.392.966-**";"FRANCISCO FILMIANO DA SILVA NETO"
7567;"***.142.252-**";"WAGNER DE OLIVEIRA LIMA"
7568;"***.229.992-**";"DARLEAN KEVEN SANTOS BARAUNA"
7569;"***.356.174-**";"JOSE MENDES FREIRE NETO"
7570;"***.669.393-**";"NAFTALLY DE JESUS SOUSA MOREIRA"
7571;"***.473.463-**";"HELANO MEDEIROS LIMA"
7572;"***.431.711-**";"ARNALDO MENDONCA JUNIOR"
7573;"***.152.197-**";"LEONIO ALVES DE SOUZA GONCALVES"
7574;"***.022.654-**";"MAURICIO DIEGO DE OLIVEIRA"
7575;"***.326.810-**";"RUY EDUARDO DE SOUZA PEREIRA"
7576;"***.061.271-**";"RAUL MARCELO DA SILVA"
7577;"***.281.800-**";"GIOVANI BENVENUTI"
7578;"***.033.751-**";"CLEUBER LIMA SOARES"
7579;"***.485.241-**";"YURI IAGO BIANO MARCIANO"
7580;"***.113.367-**";"VISLAN CAMPOS DOS REIS"
7581;"***.078.700-**";"FELIPE SILVEIRA BARTH"
7582;"***.432.641-**";"SEBASTIAO LUIZ DE SOUZA JUNIOR"
7583;"***.935.172-**";"PAULO SERGIO SOUZA MARQUES"
7584;"***.249.895-**";"KALIANDRA MORAES QUEIROZ DO ESPIRITO SANTO"
7585;"***.603.952-**";"CLAUDEMIR LIMA BRITO"
7586;"***.141.804-**";"FLAVIO CORDEIRO DE ARAUJO"
7587;"***.435.241-**";"ROBSON PRADO CUTRIM"
7588;"***.517.752-**";"EDNEIA DE SOUZA QUEIROZ"
7589;"***.930.971-**";"GLAYTON FERREIRA MARCAL"
7590;"***.131.743-**";"JOSE ARTUR FERREIRA GOMES DE ANDRADE"
7591;"***.265.263-**";"ERASMO DELLYS MEDEIROS BEZERRA"
7592;"***.449.830-**";"CARLA VIGANIGO RANGEL DE CASTILHOS"
7593;"***.155.520-**";"ALEXANDER TOSO PAESE"
7594;"***.854.002-**";"MANOEL RAIMUNDO CARVALHO MORAES"
7595;"***.283.361-**";"DANUBIA BORGES MELO"
7596;"***.127.573-**";"CRISTIANA CASTRO LIMA AGUIAR"
7597;"***.122.466-**";"SERGIO FORTES MACHADO"
7598;"***.583.183-**";"REGINA KATIA SARAIVA CARNEIRO"
7599;"***.561.361-**";"NELSON DE OLIVEIRA"
7600;"***.492.583-**";"MARIAH DE CARVALHO BORGES"
7601;"***.930.868-**";"JOAO LUIZ ALMEIDA DE CAMARGO"
7602;"***.794.852-**";"SHERLEM PATRICIA DE SEIXAS FELIZARDO"
7603;"***.114.633-**";"JOSE WILTON DOS SANTOS VENANCIO"
7604;"***.259.552-**";"RODRIGO AUGUSTO ALVES DE FIGUEIREDO"
7605;"***.008.482-**";"ADRIANA FIGUEIREDO LIMA"
7606;"***.646.897-**";"CARLOS MIGUEL DA SILVA"
7607;"***.644.651-**";"LEONARDO LIMA BERGAMINI"
7608;"***.014.601-**";"WILLIS BATISTA GONCALVES"
7609;"***.655.141-**";"LUIZ AMERICO DA SILVA"
7610;"***.571.162-**";"DANIEL NOVAES DE SOUZA"
7611;"***.011.800-**";"LUCIANO CARLOS MOTTA"
7612;"***.234.703-**";"ISRAEL SOUSA DOS SANTOS"
7613;"***.210.683-**";"CRISTIANO DA CONCEICAO DOS SANTOS"
7614;"***.267.333-**";"SIDNEY DA SILVA RABELO"
7615;"***.147.621-**";"EMILY DANIELLE MORAES COSTA"
7616;"***.317.486-**";"ELTON JUNIOR DE ALMEIDA"
7617;"***.403.926-**";"HUGO CESAR CANDIAN FERREIRA"
7618;"***.836.711-**";"AURY HELLEN DOS PRAZERES MESQUITA"
7619;"***.440.834-**";"JOAO ALEXANDRE DA SILVA"
7620;"***.326.299-**";"ROGERIO PEREZ GARCIA JUNIOR"
7621;"***.870.856-**";"ROGERIO LOPES COSTA REIS"
7622;"***.827.701-**";"ROBSON ARTHUR KAWAHIRA"
7623;"***.840.071-**";"LUANA KAREN GONCALVES QUERINO DA SILVA"
7624;"***.622.511-**";"ALDO SILVA PINTO"
7625;"***.154.551-**";"ROBERTO ROSADO MAIA"
7626;"***.436.450-**";"JOAO LUIS RIBEIRO SILVA"
7627;"***.139.948-**";"ANDREIA ROMERO CAMARGO"
7628;"***.552.554-**";"FRANCISCO GUILHERME NOBREGA SPINELLI"
7629;"***.823.244-**";"CARLOS EDUARDO DE ANDRADE E SILVA"
7630;"***.861.003-**";"ADRIANE RODRIGUES DE ALMEIDA"
7631;"***.005.411-**";"CACILDO VIANA DA SILVA"
7632;"***.936.172-**";"CARINE OLIVEIRA ALVES DE CASTRO"
7633;"***.478.607-**";"AMAURI NEVES SOARES"
7634;"***.101.567-**";"PABLO ALVES DELGADO BATISTA"
7635;"***.629.607-**";"WILSON MARADEI ALVES"
7636;"***.135.626-**";"RAQUEL COSTA CHAVES"
7637;"***.670.814-**";"RUTH VIVIANE DE SOUZA FERNANDES"
7638;"***.633.054-**";"GERLIANA THAMIRES DE OLIVEIRA"
7639;"***.913.722-**";"JOSE HENRIQUE AQUINO MARQUES"
7640;"***.602.098-**";"CELSO ANTONIO DA CRUZ"
7641;"***.559.227-**";"THIAGO SILVA DOS SANTOS"
7642;"***.337.659-**";"ELVIO RAFAEL BORGES"
7643;"***.846.607-**";"LETICIA CALAZANS DE OLIVEIRA"
7644;"***.190.107-**";"RAMON FILGUEIRAS LIMA"
7645;"***.120.877-**";"RENATO FERRI COSTA"
7646;"***.968.192-**";"SABRINA ISABELA DE LIMA BRAGA"
7647;"***.886.237-**";"FABIO LUIZ DANIELETTO"
7648;"***.813.730-**";"UILSON RODRIGO MUNHOS BRINHOL"
7649;"***.817.531-**";"THIAGO GOMES BONFIM"
7650;"***.647.297-**";"AYLTON CLAUDIO DE ANDRADE CAVATI"
7651;"***.713.597-**";"LUCAS GIARETTA AFFONSO"
7652;"***.207.332-**";"KERLANNY DOS SANTOS COQUEIRO BELAO"
7653;"***.805.919-**";"MATHEUS HENRIQUE DOS REIS"
7654;"***.408.937-**";"PEDRO HENRIQUE DE OLIVEIRA MARTINS"
7655;"***.958.933-**";"LUCAS BEZERRA SENA"
7656;"***.798.830-**";"RENAN SILVEIRA FLORES"
7657;"***.495.852-**";"GUILHERME ROLIM MEIRELES DE SALLES"
7658;"***.738.503-**";"MISAEL ROBERT MENDES MONTEIRO"
7659;"***.261.381-**";"WALFRAN ALVES DE SOUZA JUNIOR"
7660;"***.311.677-**";"VINICIUS BELLO DA SILVA"
7661;"***.147.921-**";"JULIANO PEREIRA DE SOUZA"
7662;"***.921.322-**";"FABRICIO THIERRY DE SOUSA BARBOSA"
7663;"***.159.791-**";"BERNARDO RODRIGUES SILVA"
7664;"***.764.443-**";"FRANCISCO YURI CARVALHO DA SILVA"
7665;"***.513.777-**";"CARLOS HENRIQUE BRANDAO GONCALVES"
7666;"***.349.203-**";"ELIARDO VINICIUS SOARES CUNHA"
7667;"***.977.690-**";"OTAVIO CARDOSO DORNELES"
7668;"***.956.437-**";"LUIZ AMERICO DA SILVA CAPITAO"
7669;"***.750.546-**";"JUAREZ MACHADO HOMEM"
7670;"***.942.237-**";"SERGIO IGOR MONTEIRO COSTA"
7671;"***.929.481-**";"VITHOR GABRIEL OLIVEIRA VIRISSIMO"
7672;"***.402.183-**";"GEFERSON DAVI JERONIMO MATOS"
7673;"***.465.927-**";"CARLOS ALBERTO DE OLIVEIRA LOPES"
7674;"***.907.336-**";"KAIAM COELHO BARRETO MARQUES"
7675;"***.879.670-**";"INDEOMAR DOS SANTOS PADILHA"
7676;"***.984.904-**";"BRUNO AUGUSTO DA CRUZ SARMENTO"
7677;"***.966.160-**";"RAFAEL DA SILVA OLIVEIRA"
7678;"***.798.167-**";"LEVI GUARIZI DE PAULA"
7679;"***.404.300-**";"ANTONIO CANDIDO CARDOSO GOROSITO"
7680;"***.311.607-**";"THIAGO BARROS FERREIRA"
7681;"***.953.137-**";"VINICIUS MARINHO ACOSTA"
7682;"***.351.778-**";"GUILHERME ANGELO BARBOSA"
7683;"***.463.883-**";"FRANCISCO DE FREITAS NOJOSA"
7684;"***.992.531-**";"RAFAEL MELO DE SOUZA"
7685;"***.879.367-**";"MARCELO CORREA REIS"
7686;"***.134.120-**";"JULIO CESAR FROELICH"
7687;"***.124.741-**";"THIAGO WILLIAM MIDON MOREIRA"
7688;"***.049.416-**";"VICTOR AUGUSTO CRUZ DE OLIVEIRA"
7689;"***.785.192-**";"FRANCISCO CHAVES NETO"
7690;"***.192.686-**";"HUGO AISLAN ARAUJO MARTINS ANDRADE"
7691;"***.758.570-**";"EDUARDO PACKAESER DE ARRUDA"
7692;"***.901.104-**";"DANILO COELHO FEITOZA"
7693;"***.995.127-**";"ANDERSON OLIVEIRA DA SILVA"
7694;"***.171.017-**";"MURILO CORREA FREIRE MENDES FILHO"
7695;"***.268.357-**";"THIAGO RIBEIRO DE ALMEIDA"
7696;"***.908.247-**";"IGOR BARROS FERREIRA"
7697;"***.273.755-**";"DIEGO DA SILVA SANTOS"
7698;"***.966.618-**";"FABIO RAFAEL DINIZ"
7699;"***.655.010-**";"DENIS ALCIONI TESSELE CASARIN"
7700;"***.134.046-**";"VALENTIM NORBERTO NETO"
7701;"***.939.600-**";"CRISTIAN CARLO HECK"
7702;"***.954.040-**";"LUAN PEREIRA DE LIMA"
7703;"***.561.074-**";"DANILO TENORIO QUINTINO"
7704;"***.888.296-**";"EDUARDO GODOY DE ARAUJO"
7705;"***.268.337-**";"THIAGO LOURENCO DA COSTA"
7706;"***.534.270-**";"FILIPE TAKAKURA MENDONCA CONDE"
7707;"***.603.880-**";"LEONARDO DE OLIVEIRA JOBIM"
7708;"***.156.168-**";"EDUARDO AUGUSTO MIGUEL DOS SANTOS"
7709;"***.247.610-**";"LEONARDO OLIVEIRA SOULUE"
7710;"***.450.602-**";"RAFAEL JOSE DA SILVA CRUZ"
7711;"***.729.053-**";"JOSE GLAUBER DOMINGOS SOUSA"
7712;"***.531.353-**";"LUCAS DE FRANCA DINIZ"
7713;"***.006.553-**";"JOSIAS DA SILVA MENDES"
7714;"***.897.786-**";"LUCIANO DOS REIS FABI"
7715;"***.903.181-**";"ICARO SANTANA ORTIZ"
7716;"***.290.133-**";"JOAO MENDONCA FURTADO NETO"
7717;"***.368.294-**";"WAGNER GOUVEIA BARRETO"
7718;"***.015.226-**";"RICARDO CORREA DE SANTANA"
7719;"***.100.993-**";"FRANCISCO OTAVIO LANDIM NETO"
7720;"***.753.504-**";"ANTONIO CLEIDE DE MORAIS"
7721;"***.355.904-**";"PABLLO HENRIQUE DE SOUZA LIMA"
7722;"***.618.153-**";"CRISTIANO QUINTINO FURTADO"
7723;"***.607.626-**";"SAMUEL GONCALVES PROENCA"
7724;"***.206.028-**";"ANDREA ISHIGURO CISCON DO CARMO"
7725;"***.023.647-**";"JOANA DARK GOMES"
7726;"***.157.981-**";"EPAMINONDAS DE MATOS MAGALHAES"
7727;"***.683.474-**";"GIVALDO DANTAS SAMPAIO NETO"
7728;"***.639.196-**";"CLEDSON NOGUEIRA COSTA"
7729;"***.122.497-**";"DANIEL DIAS LEONARDO MARTINS"
7730;"***.124.680-**";"JULIANE BORBA DO COUTO"
7731;"***.563.122-**";"LUCIANO GOMES DA SILVA"
7732;"***.598.571-**";"KLEBER VINICIUS OLIVEIRA ALMEIDA"
7733;"***.444.390-**";"EDUARDO VIEIRA DOS ANJOS"
7734;"***.040.983-**";"JONH WESLEY LOPES DA SILVA"
7735;"***.530.066-**";"FLAVIA APARECIDA DE OLIVEIRA"
7736;"***.969.876-**";"FELIPE TERRA MARTINS"
7737;"***.065.211-**";"ANDREIA CAROLINE MARIANO MENDES"
7738;"***.529.041-**";"ALEXANDRA ALVES DE OLIVEIRA"
7739;"***.004.821-**";"ANNE ELISE OLIVEIRA SILVA"
7740;"***.179.529-**";"PRISCILA VIEIRA E ROSA"
7741;"***.919.276-**";"DEBORA CRISTINA GUERRA"
7742;"***.592.176-**";"LUCIANO VIEIRA LIMA"
7743;"***.469.998-**";"REINALDO MARCELO LIMA BRAGA"
7744;"***.237.617-**";"FERNANDO RANGEL SEGALOTE ALVES"
7745;"***.980.929-**";"STEPHANI CAROLINE BENETI"
7746;"***.175.481-**";"LETIZIA FERNANDES DE LOURENCO"
7747;"***.959.691-**";"CARLOS EDUARDO PRATA ANTUNES"
7748;"***.828.951-**";"THATIANY TEIXEIRA BATISTA CHAVES"
7749;"***.952.555-**";"THIAGO TIMBO MATOS"
7750;"***.218.246-**";"ANDRE LUIS DO NASCIMENTO"
7751;"***.251.762-**";"MARCOS MELO GUIMARAES"
7752;"***.660.262-**";"WILLIAM DA SILVA PEREIRA"
7753;"***.271.480-**";"ANA PAULA POMPEU OAIGEN TOLFO"
7754;"***.064.611-**";"VINICIUS SOARES JOVITO"
7755;"***.237.434-**";"NELIO DANTAS DOS SANTOS"
7756;"***.683.891-**";"MAXSUEL RIBEIRO SILVA"
7757;"***.644.301-**";"RITA DE CASSIA GOMES AMORIM"
7758;"***.715.352-**";"JOSE GUEDES CATAO NETO"
7759;"***.787.383-**";"LUCIANO MIRANDA MOREIRA"
7760;"***.327.246-**";"HILARA NIEMEYER RUAS"
7761;"***.342.273-**";"MATHIAS LUAN DA SILVA BATISTA"
7762;"***.084.030-**";"MARCOS ROBERTO FEUERHARMEL"
7763;"***.000.384-**";"BRUNA CECILIA COSTA LIMA PONTES"
7764;"***.332.461-**";"ELVIS AUGUSTO ULIANA"
7765;"***.621.701-**";"OSMAR COSTA DE BARROS"
7766;"***.876.562-**";"DEBORA RENATA DOS REIS ROLIM"
7767;"***.071.986-**";"GLAUCIO ARNALDO ANDRADE"
7768;"***.414.423-**";"ANTONIO SOARES ARAUJO"
7769;"***.377.114-**";"IGOR CAVALCANTI DE LIMA BERNARDINO"
7770;"***.561.034-**";"PAULA CAMPOS MONTEIRO"
7771;"***.205.084-**";"NEYRDE DE SOUZA MENDONCA"
7772;"***.491.434-**";"AUGUSTO CARLOS AVELINO TEIXEIRA DE CARVALHO"
7773;"***.425.721-**";"JAIR JOSE TEIXEIRA"
7774;"***.464.810-**";"MORGANA SCARIOT"
7775;"***.659.041-**";"JOSE MARIA DE CARVALHO"
7776;"***.764.172-**";"GERSELIANO TELES DE MENEZES"
7777;"***.080.574-**";"ZENILSON AUGUSTO DE LIMA"
7778;"***.643.537-**";"VIVIANE LASMAR PACHECO"
7779;"***.996.970-**";"GUILHERME MENEZES BETIOLLO"
7780;"***.679.744-**";"LUCAS MATEUS ALMEIDA LOPES"
7781;"***.776.958-**";"DALVA JUNKO OBASE"
7782;"***.375.501-**";"ANDRE AMARAL RODRIGUES"
7783;"***.089.940-**";"GUILHERME JOAO GOELZER"
7784;"***.913.262-**";"ANANIAS DO CARMO PICANCO"
7785;"***.121.602-**";"SERGIO GOMES DA SILVA"
7786;"***.916.379-**";"CASSIUS MARCELUS TALES MARCUSSO BERNARDES DE BRITO"
7787;"***.962.863-**";"SILVIO LIMA SILVA JUNIOR"
7788;"***.711.491-**";"RENATO FELIX CAMPELO"
7789;"***.175.046-**";"MARIA LUIZA FRANCA OLIVEIRA"
7790;"***.817.831-**";"NILSON SANTANA FILHO"
7791;"***.375.034-**";"JOCSA CARLOS LEITE DE OLIVEIRA"
7792;"***.365.054-**";"MACIA MEDEIROS DOS SANTOS TEIXEIRA"
7793;"***.473.009-**";"EVANDRO DE REZENDE CRACCO"
7794;"***.342.521-**";"JAIRO FERNANDES MELCHIOR"
7795;"***.425.699-**";"ELIZANGELA APARECIDA DOS SANTOS FARIA"
7796;"***.295.763-**";"MARINA BEZERRA RODRIGUES TEIXEIRA"
7797;"***.085.129-**";"MARCO AURELIO DIAS MONTEIRO"
7798;"***.973.063-**";"MARCIO LOPES DA FROTA"
7799;"***.969.733-**";"TENORIO JOSE DE BRITO"
7800;"***.082.409-**";"ANDRE LUIZ IGARASHI"
7801;"***.448.177-**";"MARCOS JOSE SILVA REGO"
7802;"***.499.613-**";"RONNEY CARDOSO PORTO GONCALVES"
7803;"***.354.722-**";"LIDIANE MONTEIRO CAMPOS VITAL DE CASTRO"
7804;"***.711.421-**";"LUCIANA DE FATIMA ZUMBA SEABRA"
7805;"***.261.420-**";"LAIZA SELAU DA SILVA"
7806;"***.427.251-**";"FLAVIA DE JESUS DA SILVA CAMOES"
7807;"***.857.319-**";"FRANSCIELLY APARECIDA MARQUARDT"
7808;"***.393.462-**";"ELIAS MACHADO LIMA E SILVA"
7809;"***.867.201-**";"OSEAS BENJAMIN DA SILVA"
7810;"***.263.179-**";"ROBERTO SIQUEIRA FILHO"
7811;"***.723.232-**";"KATIA MARIA DE FIGUEIREDO BACELAR"
7812;"***.604.504-**";"ELCIR TRINDADE VERO"
7813;"***.774.420-**";"MARA LUCIA CARRETT DE VASCONCELOS"
7814;"***.092.596-**";"MARIANA OLIVA RIBEIRO ROCHA"
7815;"***.812.077-**";"LUIZ ALVES MUNIZ JUNIOR"
7816;"***.511.517-**";"GABRIEL DE SOUSA DOS SANTOS"
7817;"***.182.908-**";"MARCOS SENA DE SOUSA"
7818;"***.519.731-**";"MARIA CAROLINA PEREIRA DE SALES"
7819;"***.962.806-**";"EDMIR JOSE DOS SANTOS JUNIOR"
7820;"***.362.312-**";"VINICIUS FAGUNDES FERREIRA"
7821;"***.935.224-**";"CLAUDENIR FIGUEREDO DA COSTA"
7822;"***.070.700-**";"DEIVIS COSTA DA SILVA"
7823;"***.795.777-**";"ADAMO DOS SANTOS SOUZA"
7824;"***.774.487-**";"RODRIGO JOSE BASTOS DA SILVA"
7825;"***.085.005-**";"ANTONIO ALEXANDRE CALAZANS DE MATOS"
7826;"***.362.087-**";"IURI DAS MERCES LOPES"
7827;"***.350.905-**";"HUDSON LUIS GARCIA SENA"
7828;"***.570.017-**";"RAYRA VIANNA DA SILVA"
7829;"***.616.387-**";"MATHEUS FERNANDES BRASIL DA COSTA"
7830;"***.286.668-**";"CAYO KIKUCHI PORTO"
7831;"***.477.517-**";"FELIPE FIGUEIREDO RADDE"
7832;"***.911.207-**";"NATHANAELY ABNER LIMA DE ARAUJO"
7833;"***.404.542-**";"DEBORA CRISTINA DE ABREU GONCALVES"
7834;"***.494.573-**";"TATIANA HOLANDA PEREIRA DE SOUZA"
7835;"***.699.506-**";"EDUARDO HENRIQUE DA SILVA SANTOS"
7836;"***.987.648-**";"NATHANAEL PUGISKI PAZ DE MELO"
7837;"***.596.216-**";"MATHEUS ALEXSANDRO FERREIRA LIMA"
7838;"***.291.600-**";"JUNER RICARDO FAGUNDES GUEDES"
7839;"***.362.757-**";"LUIZ FELIPE MOREIRA DE MORAES"
7840;"***.471.260-**";"FREDERICO LUCAS CASARIN"
7841;"***.349.350-**";"RODRIGO DA SILVA FERRAZ"
7842;"***.514.338-**";"RICARDO DE SOUZA ABRAHAO"
7843;"***.878.053-**";"LUCAS DE SOUZA PINHEIRO"
7844;"***.557.250-**";"JOAO GABRIEL KAMPORT DA SILVA"
7845;"***.241.788-**";"GUILHERME DO NASCIMENTO CASSEMIRO"
7846;"***.608.567-**";"JOAO MARCOS DE PAULA SANTOS"
7847;"***.155.558-**";"CARLOS ARTUR RIBEIRO SANTANA FILHO"
7848;"***.616.010-**";"ANDREY DA SILVA BRUM"
7849;"***.930.718-**";"LUIS FILIPE TAGLIAFERRO"
7850;"***.831.760-**";"GUILHERME SIMON PILAN"
7851;"***.716.306-**";"EDMILSON MARIANO DA SILVA"
7852;"***.649.477-**";"CARLOS EDUARDO RODRIGUES DA SILVA"
7853;"***.286.491-**";"ALEXANDRE DO NASCIMENTO BRAGA JUNIOR"
7854;"***.817.297-**";"LUCAS RIBEIRO MARTINS"
7855;"***.854.925-**";"DANIEL NOGUEIRA SOUSA"
7856;"***.827.106-**";"HENRIQUE CARNEIRO CAPUTO"
7857;"***.786.159-**";"JEANDER KAUAN PRZYBEUKA"
7858;"***.167.267-**";"RODRIGO AVILA PEREIRA DA SILVA"
7859;"***.864.180-**";"DIEGO RAMAO TEIXEIRA SOBOTTKA"
7860;"***.426.085-**";"WESLEY BOMFIM SIQUEIRA JUNIOR"
7861;"***.010.830-**";"LUTIANO DOS ANJOS VICENTE"
7862;"***.159.040-**";"MATHEUS CABRAL CRUZ LOPES DA SILVEIRA"
7863;"***.079.498-**";"FRANCISCO MELLO SIQUEIRA NETO"
7864;"***.922.331-**";"THIAGO MIRANDA GRANJA"
7865;"***.686.431-**";"WIGNEY AUGUSTO GOMES"
7866;"***.383.429-**";"RODRIGO ALEXANDRE JUNJI MIYASHIRO"
7867;"***.495.193-**";"LUCAS ANDRADE DE OLIVEIRA BARCELAR"
7868;"***.299.990-**";"LUCAS GOULART BRONDANI"
7869;"***.333.083-**";"FRANCELIO BEZERRA SEVERINO"
7870;"***.472.374-**";"JAIME DE MELO GAMA DA SILVA"
7871;"***.445.088-**";"RAPHAEL MARTINEZ DUARTE OZZIOLI"
7872;"***.920.706-**";"CLAUBER DA SILVA CHAGAS"
7873;"***.367.577-**";"MARCUS VINICIUS NUNES MASS"
7874;"***.739.519-**";"AIRTON HILBERTO CORREA"
7875;"***.986.937-**";"VALDIR DOS SANTOS ROCHA"
7876;"***.657.996-**";"CREMILSON PAULO MARTINS"
7877;"***.230.199-**";"LEANDRO ANGELO ROSTIROLA"
7878;"***.982.590-**";"VINICIUS MARTINS DA ROSA"
7879;"***.997.563-**";"RAFAEL INACIO LOPES"
7880;"***.647.988-**";"LEANDRO TORRES FERREIRA"
7881;"***.208.877-**";"MATHEUS ABRAHAM ROSA ASSAYAG"
7882;"***.911.027-**";"FAGNER ANDRE ESTEVAO"
7883;"***.700.238-**";"TIAGO HENRIQUE THEODORO"
7884;"***.556.537-**";"ANDRIELLY MOSTAVENCO GOMES"
7885;"***.294.751-**";"MARIO ANTONIO FIGUEIREDO CRISTALDO JUNIOR"
7886;"***.987.371-**";"GUSTAVO VAZ DE ARRUDA LOBO"
7887;"***.241.945-**";"MARCELO CABRAL CIDADE"
7888;"***.573.210-**";"LUCIO FLAVIO MEUS DE FREITAS"
7889;"***.344.911-**";"JACKSON PIRES DE SOUSA"
7890;"***.814.877-**";"NELSON GABRIEL DE LIMA LUCENA"
7891;"***.150.897-**";"MARCOS VINICIOS DA SILVA DAMIAO DOS SANTOS"
7892;"***.982.597-**";"MARCELO BATISTA EZEQUIEL"
7893;"***.313.050-**";"ANDRE MARINHO FERREIRA"
7894;"***.877.096-**";"ALLEY JHON DOS SANTOS"
7895;"***.950.827-**";"GILIARD ANTUNES MACHADO"
7896;"***.482.180-**";"MARCOS VINICIUS DOS SANTOS CARDOSO"
7897;"***.065.200-**";"LUIS ROMUALDO DE QUADROS SEVERO"
7898;"***.400.243-**";"JOSE ARAGAO DA SILVA JUNIOR"
7899;"***.905.924-**";"RAFAEL DIAS LIMA DO REGO BARROS"
7900;"***.841.596-**";"JHONATHAN ALBERTO VICENTINI"
7901;"***.649.603-**";"EVERTON HOLANDA COSTA"
7902;"***.984.703-**";"EVERSON PEREIRA DUARTE"
7903;"***.001.430-**";"MICHELE ZIEGLER DE MATTOS"
7904;"***.888.020-**";"MATHEUS LOPES BERNARDES"
7905;"***.739.509-**";"ANDERSON LUIS CAVALLIN"
7906;"***.680.814-**";"ALDIVAN DANTAS PEREIRA PINTO"
7907;"***.016.684-**";"JEMUEL NUNES ALVES"
7908;"***.320.631-**";"SERGIO HENRIQUE GALVAO FONSECA"
7909;"***.011.901-**";"KAMILA MORANDIM MAIDANA"
7910;"***.128.202-**";"EDILEUZA CRISTINA DA ROZA"
7911;"***.031.895-**";"CARLOS ALBERTO BARRETO"
7912;"***.729.265-**";"MAKSON GLEYDSON BRITO DE OLIVEIRA"
7913;"***.589.495-**";"JOSE EDUARDO MARQUES DA SILVA"
7914;"***.284.864-**";"EDISIO OLIVEIRA DE AZEVEDO"
7915;"***.965.133-**";"EUDICLEIA DA SILVA ARAUJO"
7916;"***.533.317-**";"LUANA CYPRIANO DE SOUZA"
7917;"***.377.444-**";"VANDERLAN FERNANDO ROCHA SILVA"
7918;"***.680.961-**";"NISVAL FERREIRA GUIMARAES"
7919;"***.825.712-**";"RODRIGO MARQUES MACHADO"
7920;"***.868.691-**";"ALEXANDRE MELO DINIZ"
7921;"***.949.773-**";"FRANCISCO ALCIMAR VASCONCELOS"
7922;"***.554.311-**";"ANNA CARLA ACOSTA SANTOS"
7923;"***.949.601-**";"RICARDO LUIS DE CARVALHO ANDRADE"
7924;"***.297.483-**";"JONAS ANTONIO DE LIMA BRITO"
7925;"***.799.243-**";"LAURELLI JOANN VIEIRA DA SILVA"
7926;"***.700.061-**";"MARIOSAN JORGE ARAUJO"
7927;"***.320.806-**";"VERA LUCIA CUNHA DE OLIVEIRA"
7928;"***.642.151-**";"DIENNY RODRIGUES DE SOUZA"
7929;"***.756.381-**";"LAMARTINE NOGUEIRA GONZAGA"
7930;"***.606.791-**";"LUCAS VINICIUS DIAS"
7931;"***.059.836-**";"ELISANGELA ELENA NUNES CARVALHO"
7932;"***.078.760-**";"RICARDO DA SILVA BARCELOS"
7933;"***.642.699-**";"MARCO ANTONIO RIBAS CAVALIERI"
7934;"***.398.844-**";"CARLOS HENRIQUE GRILO DINIZ"
7935;"***.704.257-**";"LEANDRO DUTRA PEREIRA"
7936;"***.691.351-**";"BRENDA CANDEIRA NUNES"
7937;"***.445.811-**";"GUSTAVO BESSA KLOTZ VIEIRA"
7938;"***.222.828-**";"LIVIA CRISTINA SILVA E SOUSA"
7939;"***.862.951-**";"VALDEMAR PEREIRA DE SOUSA"
7940;"***.607.778-**";"EMERSON LUCIO"
7941;"***.118.782-**";"TARCISIO DE LIMA MATOS SOARES"
7942;"***.287.334-**";"MARCELO BRUNO SALVADOR LIRA"
7943;"***.015.361-**";"JAMIL OURIVES JUNIOR"
7944;"***.722.358-**";"CARLOS EDUARDO DA SILVA"
7945;"***.356.224-**";"JOSEVALDO RIBEIRO SILVA"
7946;"***.065.824-**";"JORGE LUIZ DA SILVA"
7947;"***.893.268-**";"SAMIR PALINKAS"
7948;"***.157.567-**";"RAFAEL ALVES DE ALMEIDA"
7949;"***.737.729-**";"CAROLINA HOLZBACH HUNING"
7950;"***.023.356-**";"FREDERICO AUGUSTO DINIZ MARCHEZINI"
7951;"***.937.211-**";"MARIA ESTELA DE SOUZA"
7952;"***.731.264-**";"JOSE VITOR DA SILVA MACEDO"
7953;"***.573.743-**";"CINCINATO FURTADO LEITE NETO"
7954;"***.337.752-**";"ALMERIO BARROSO MORAES"
7955;"***.649.063-**";"WHOKSON PAIVA BARBOSA"
7956;"***.434.003-**";"FRANCISCO JOSE ARAGAO ARAUJO JUNIOR"
7957;"***.779.854-**";"RILDO LAURENTINO DA SILVA"
7958;"***.038.620-**";"GABRIEL CASTRO DUARTE"
7959;"***.864.430-**";"MAURICIO PIVOTTO VIERA"
7960;"***.949.146-**";"LEANDRO ROCHA MARTINS"
7961;"***.982.297-**";"JAQUELINE SOARES ARIAS MOREIRA"
7962;"***.291.418-**";"MARCELO BERGAMASCO"
7963;"***.175.558-**";"MUCIO CEVOLA ESMERALDO LIMA"
7964;"***.402.310-**";"LUCIO LUIS LINCK"
7965;"***.882.446-**";"ANA CRISTINA LONDE NOGUEIRA AGUIRRE"
7966;"***.992.381-**";"DEOLINDA FRANCISCO DE MATOS LIMA CAETANO"
7967;"***.706.547-**";"LEONARDO JOSE VENTURA"
7968;"***.108.208-**";"SERGIO HENRIQUE SOUSA ALMEIDA"
7969;"***.594.261-**";"ANDREA BOGEA VAZ DOS SANTOS"
7970;"***.412.800-**";"LEANDRO DA FONSECA LENZZI"
7971;"***.670.063-**";"QUINTO FERNANDO ANTUNES RAMOS"
7972;"***.819.896-**";"NATHALIA ALVES DE SOUSA"
7973;"***.934.540-**";"ROBERTA AGUIAR DOS SANTOS"
7974;"***.793.560-**";"CEZAR NEUBERT GONCALVES"
7975;"***.287.917-**";"TATIANA TEIXEIRA LEITE RIBEIRO"
7976;"***.340.341-**";"DEUSDEDE INOCENCIO FERREIRA"
7977;"***.292.497-**";"ALBERTO PETERSON DE ALMEIDA"
7978;"***.888.207-**";"AUGUSTA ROSA GONCALVES"
7979;"***.039.529-**";"ANA ROSA DUMBROWSKYJ"
7980;"***.114.287-**";"RICARDO HAAS PECANHA"
7981;"***.159.581-**";"CLAYTON EVANGELISTA DA ROCHA"
7982;"***.298.981-**";"RENATO LOURENCO DE CASTRO"
7983;"***.835.011-**";"ANDRE LUIZ DE SOUZA GONCALVES"
7984;"***.775.091-**";"FRANCISCO INACIO DE CARVALHO"
7985;"***.864.454-**";"CARLOS EDUARDO NOIA ALVES LIMA"
7986;"***.001.915-**";"THIAGO WENDEL DE OLIVEIRA FERREIRA"
7987;"***.391.023-**";"ROMULO OLIVEIRA LEMOS"
7988;"***.097.159-**";"SAMARA PATRICIA TEODORO SPILMAM"
7989;"***.624.987-**";"EDNALDO DE AZEVEDO SILVA JUNIOR"
7990;"***.554.459-**";"VINICIUS BATISTA FRANKLIN"
7991;"***.920.171-**";"DJALMA DIAS"
7992;"***.181.880-**";"JESSICA ZIMMER DA SILVA"
7993;"***.978.651-**";"ROMILDO MEIRELES SANTOS"
7994;"***.193.288-**";"BRUNO FERRUZZI ZOPOLATO"
7995;"***.729.252-**";"LILIAN CRISTINA DA SILVA MAGALHAES COSTA"
7996;"***.729.054-**";"ANA JACQUELINE DA SILVA BASTOS"
7997;"***.621.979-**";"ANDRE BARBOSA DA SILVA"
7998;"***.297.007-**";"CARLOS ALBERTO SIMOES ROCHA"
7999;"***.996.316-**";"CARLA POLASTRI FERREIRA"
8000;"***.833.796-**";"ROBSON LAGE SILVA"
8001;"***.093.437-**";"GUILHERME ESTEVES LOPES TROTTA"
8002;"***.426.101-**";"THIARA BATISTA BRUXEL"
8003;"***.057.288-**";"ELSON BRAGA"
8004;"***.078.287-**";"ALINE DE OLIVEIRA DIAS BONFIM"
8005;"***.981.062-**";"LEANDRO OLIVEIRA DE ARRUDA"
8006;"***.195.531-**";"EDINEI DA SILVA ABREU"
8007;"***.991.497-**";"CAMILA CRISTINA FREITAS GOMES CUTIS"
8008;"***.602.658-**";"RAFAEL RENATO DA SILVA FIRMINO"
8009;"***.325.954-**";"RHALNY RAMON SOARES CAVALCANTI"
8010;"***.567.877-**";"CARLOS ALBERTO DA SILVA JUNIOR"
8011;"***.292.627-**";"RODRIGO LUIZ DA SILVA SANTOS"
8012;"***.550.237-**";"RODRIGO ULYSSES SANTOS SILVA"
8013;"***.105.767-**";"IGOR DE OLIVEIRA LAGE"
8014;"***.267.977-**";"WILLIAM AMORIM DE AGUIAR"
8015;"***.458.087-**";"CRISTIANO BASILIO DE SOUZA"
8016;"***.145.017-**";"JOAO PEDRO DE REZENDE MARQUES MAGALHAES"
8017;"***.565.026-**";"ANDRE EFRAIM DOS ANJOS CAMARA"
8018;"***.030.807-**";"CAIO PHELIPPE EVANGELISTA ALVES DA CONCEICAO"
8019;"***.399.657-**";"LUIS EDUARDO SILVA DE CARVALHO"
8020;"***.441.417-**";"MATHEUS DA CUNHA PASTORE"
8021;"***.672.365-**";"SIDNEY FIRMO DE QUEIROZ"
8022;"***.536.697-**";"BRUNO DOS SANTOS ARAUJO"
8023;"***.478.544-**";"VANDESSEN DE MELO NERI"
8024;"***.620.917-**";"EDUARDO DE LIMA DA SILVA"
8025;"***.333.877-**";"PHILIPPE TAVARES ALVES DE SIQUEIRA"
8026;"***.673.099-**";"FERNANDO RIBEIRO"
8027;"***.278.596-**";"LEONARDO GUIMARAES CAIXETA E SILVA"
8028;"***.238.000-**";"FABRICIO DA SILVA PERES"
8029;"***.546.154-**";"WEYDSON RAFAEL ARAUJO DE MORAES"
8030;"***.753.719-**";"ALYSSON HELFENSTEIN"
8031;"***.920.054-**";"GABRIEL DOS SANTOS RODRIGUES"
8032;"***.468.729-**";"JEFERSON SEEFELD"
8033;"***.337.802-**";"EDIMAR DE SOUZA CHRISTO"
8034;"***.236.664-**";"VINICIUS PATRICIO DE ALMEIDA FREITAS"
8035;"***.511.617-**";"MATHEUS MOTA IGNACIO DE MESQUITA"
8036;"***.032.887-**";"PEDRO CARVALHO LOUREIRO"
8037;"***.963.640-**";"RENAN SUM DUTRA MARTINS"
8038;"***.943.418-**";"LEONARDO PRESTES DA SILVA"
8039;"***.897.588-**";"MATEUS MACHIAVELI BRUNHARA"
8040;"***.210.971-**";"JOAO VITOR PAZETO PUKS CAMPOS"
8041;"***.420.557-**";"GIOVANNA PEREIRA BIONDE"
8042;"***.335.831-**";"ANA LUIZA FERREIRA DA SILVA"
8043;"***.060.117-**";"MATHEUS LIMA MARCHEL"
8044;"***.990.969-**";"RODRIGO BATISTA DA SILVA"
8045;"***.185.146-**";"WESLLEY ALEXANDER DAIBERT"
8046;"***.211.050-**";"MATHEUS LIMA BENFICA"
8047;"***.662.493-**";"ANTONIO WELLINGTON DE MORAIS COSTA"
8048;"***.645.179-**";"CLAUDIO DE LIMA DE SA"
8049;"***.187.310-**";"PEDRO HENRIQUE DE CASTRO GUEDES"
8050;"***.751.159-**";"MATHEUS DA SILVA SANTOS"
8051;"***.419.469-**";"VICENTE ZIEM JUNIOR"
8052;"***.133.270-**";"LEONARDO OLIVEIRA DE BORBA"
8053;"***.494.800-**";"RODRIGO MARTINS DORNELES"
8054;"***.457.360-**";"HUGO WESLEI ZANOVELLO DE LIMA"
8055;"***.348.181-**";"LAERT GONCALVES DA SILVA NETO"
8056;"***.770.438-**";"GUSTAVO LIMA CIPOLLI"
8057;"***.808.590-**";"CLEVERTON VIANNA RODRIGUES"
8058;"***.240.612-**";"GABRIEL MIILER MENEZES DA SILVA"
8059;"***.499.856-**";"ADRIANO RODRIGO DE SA"
8060;"***.086.396-**";"FABIANO JONAS DE PAULA GONCALVES"
8061;"***.871.556-**";"MAYCON IVO FRAGA FERNANDES"
8062;"***.601.773-**";"GEORGE WENNES VIEIRA ROCHA"
8063;"***.665.549-**";"RAULUIZ BONK"
8064;"***.352.379-**";"GUSTAVO FERREIRA AMORIM"
8065;"***.342.909-**";"BRUNO THIAGO KRASSOTA"
8066;"***.919.376-**";"NICOLAS DE BARROS VIEIRA"
8067;"***.464.537-**";"DANIEL DE SOUZA PIAZ JUNIOR"
8068;"***.963.547-**";"CAIO PEREIRA CORADO"
8069;"***.460.974-**";"HAYUD ELIAS FARAH"
8070;"***.725.187-**";"JED ALLAH ISSA RAFFIDE NETTO"
8071;"***.611.104-**";"LUCAS BARBOSA DE OLIVEIRA"
8072;"***.888.417-**";"THIAGO DIAS GATTI MOREIRA DE SOUZA"
8073;"***.061.994-**";"PAULO ROBERTO GADELHA PEIXOTO"
8074;"***.919.652-**";"CASSIANO CORDEIRO BATISTA JUNIOR"
8075;"***.860.509-**";"VANDERCI VIANA"
8076;"***.606.976-**";"ANDERSON VINICIUS CARNEIRO GOUVEA"
8077;"***.545.610-**";"OLAVO THIELE"
8078;"***.842.976-**";"VITOR MATTOS KOGA"
8079;"***.121.411-**";"VALQUIRIA LETICIA MESQUITA DE MENEZES"
8080;"***.407.817-**";"LUIZ GUSTAVO DA SILVA SANTANA"
8081;"***.647.303-**";"FRANCISCO ALEXANDRE NASCIMENTO DE OLIVEIRA"
8082;"***.077.567-**";"DANIEL DE OLIVEIRA MOREIRA"
8083;"***.020.844-**";"RAFAEL PAIVA DE OLIVEIRA"
8084;"***.919.727-**";"THIAGO COELHO RODRIGUES"
8085;"***.346.137-**";"GUSTAVO GENUINO DA SILVA"
8086;"***.808.988-**";"RENAN LABATE GONSALVES"
8087;"***.481.930-**";"CARLOS ALBERTO NEMITZ MARTINS"
8088;"***.873.590-**";"SANDRO MAR PAZ SOARES"
8089;"***.688.792-**";"WISLEY HELVECIO ALBANO FERREIRA"
8090;"***.598.746-**";"RAFAEL DE OLIVEIRA FERREIRA"
8091;"***.686.197-**";"PAULO CUSTODIO DE ALMEIDA"
8092;"***.044.537-**";"JACKSON LIMA DE ALMEIDA"
8093;"***.680.307-**";"ARTHUR DANIEL FERREIRA GOMES"
8094;"***.833.623-**";"JOSE GERALDO DE MELO JUNIOR"
8095;"***.329.098-**";"ELISANGELA FERREIRA MONTEIRO"
8096;"***.415.387-**";"LUIZ RICARDO OLIVEIRA DE SOUZA E SILVA"
8097;"***.453.279-**";"PAULO FERNANDO MARQUES DIAS GOMES CARNEIRO"
8098;"***.056.007-**";"ANDRE RODRIGUES DE SOUZA SOARES"
8099;"***.334.844-**";"VINICIUS DE LUCENA FEIJO"
8100;"***.686.821-**";"DEREK RONDON BRASIL"
8101;"***.098.217-**";"RAFAEL OLIVEIRA MACIEL DOS SANTOS"
8102;"***.956.717-**";"DANIEL CARLOS SOBRINHO PRADO"
8103;"***.721.134-**";"ALEXSANDRO FARIAS DE SANTANA"
8104;"***.188.931-**";"GIOVANI SANTOS DE CASTRO"
8105;"***.764.903-**";"CARLOS AUGUSTO GOMES"
8106;"***.004.471-**";"DANILO DOS SANTOS RITTER"
8107;"***.065.051-**";"LEANDRO DE ALMEIDA NAZARIO"
8108;"***.897.441-**";"JEFERSON DOS SANTOS QUEIROZ"
8109;"***.891.824-**";"FRANCISCO MARINALDO FERREIRA SILVA"
8110;"***.281.938-**";"LUCAS MARQUES ARECO"
8111;"***.695.707-**";"VICTOR HUGO PEREIRA GREENHALGH"
8112;"***.759.687-**";"PEDRO HENRIQUE MANOEL ROCHA"
8113;"***.571.137-**";"BRUNO JORGE DA SILVA JERONIMO ROSA"
8114;"***.424.110-**";"TALLES CHAGAS OLIVEIRA"
8115;"***.252.050-**";"ERASMO CARLOS BINOTTO"
8116;"***.705.249-**";"RAUL CARLOS DE ALMEIDA DOS SANTOS"
8117;"***.337.100-**";"CRISTIANA RAACH BROMBERGER"
8118;"***.963.441-**";"JOSEPH AREVALOS NEVES"
8119;"***.536.207-**";"JOAO GORKI VELOSO DE ARAUJO"
8120;"***.649.487-**";"EVERTON PAZ ALMEIDA"
8121;"***.450.000-**";"GILTON OLIVEIRA ALANIS"
8122;"***.006.806-**";"ROBERTO FERNANDO CARNEIRO"
8123;"***.855.261-**";"LAYZY RODRIGUES SILVA"
8124;"***.826.867-**";"REINALDO SILVA AGUIAR"
8125;"***.973.841-**";"GABRIEL DOS SANTOS MACEDO"
8126;"***.620.447-**";"ARNOLDO GODOY JUNIOR"
8127;"***.640.742-**";"CLAYTON PONTES DOS SANTOS"
8128;"***.537.904-**";"ANA CARMEN PALHARES FERREIRA"
8129;"***.521.214-**";"LEANDRO RODRIGUES DO NASCIMENTO"
8130;"***.719.726-**";"ADRIANE MARGARETH DE OLIVEIRA SANTANA PIRES"
8131;"***.992.120-**";"ANDERSON SILVA DE ARAUJO"
8132;"***.440.283-**";"GLAUBER CAMPOS VALE"
8133;"***.978.865-**";"FRED SANTANA BORBA"
8134;"***.609.864-**";"FREDERICO CAMPOS PEREIRA"
8135;"***.364.404-**";"TARCISIO LIMA FERREIRA"
8136;"***.651.414-**";"GILIARDE BISPO DA SILVA"
8137;"***.779.354-**";"JAMERSON NERI CAVALCANTE"
8138;"***.950.843-**";"DANIELLE MARTINS LEMOS"
8139;"***.870.634-**";"MARCIO DIAS OLIVEIRA DE QUEIROZ"
8140;"***.673.848-**";"ISRAEL DA SILVA MOTA"
8141;"***.655.569-**";"ADILSON PAKUSZEWSKI"
8142;"***.831.598-**";"GLAUCIA MARIA AMANCIO"
8143;"***.434.682-**";"HAROLDO WILSON SILVA SOUZA"
8144;"***.050.977-**";"JOAO GOMES DA SILVEIRA"
8145;"***.242.416-**";"MARLENE REIS SILVA"
8146;"***.082.206-**";"MARCELO PENHA FERNANDES"
8147;"***.695.961-**";"SERGIO SILVA IDALINO"
8148;"***.723.376-**";"REINALDO GONCALVES NOGUEIRA"
8149;"***.250.881-**";"MARIA TEREZA TOME DE GODOY"
8150;"***.070.551-**";"MARCOS RIBEIRO CUNHA"
8151;"***.298.181-**";"WAGNER INACIO FERREIRA"
8152;"***.105.991-**";"FRANCISCO ASSIS MENDES DE CARVALHO"
8153;"***.021.451-**";"REINALDO PEREIRA DA SILVA"
8154;"***.000.251-**";"WENDELL PEREIRA DA SILVA"
8155;"***.495.377-**";"DIENER MAICK PISKE"
8156;"***.228.088-**";"DANIEL RUME CASAGRANDE"
8157;"***.171.035-**";"ANA ALICE ANDRADE OLIVEIRA"
8158;"***.658.424-**";"IVAN SANTIAGO DA SILVA"
8159;"***.177.000-**";"MARCELA BROMBERGER SOQUETTA"
8160;"***.341.412-**";"DAVIS CARVALHO DE OLIVEIRA"
8161;"***.134.272-**";"BENEDITO TAVARES DE BARROS"
8162;"***.818.816-**";"MARIA CLARA NANGI DOS SANTOS E SILVA"
8163;"***.737.056-**";"ANA MARIA LIMA DE FARIAS"
8164;"***.102.428-**";"LUIZ MARCOS DE LIRA FARIA"
8165;"***.271.671-**";"JULIANA SANTOS GUARIENTO"
8166;"***.223.191-**";"DIEGO MARCEL DE MACEDO MONTEIRO"
8167;"***.710.641-**";"RILDO DA SILVA"
8168;"***.935.668-**";"RENATA LIMA DOS SANTOS DOMINGUES"
8169;"***.446.562-**";"OLESSANDRO GARCIA CUNHA"
8170;"***.042.589-**";"VANDE MARCIO TSCHA"
8171;"***.467.971-**";"DIVANILDO DANTAS DE LIMA"
8172;"***.322.862-**";"JAIRO CASTILLO"
8173;"***.745.346-**";"TIAGO DA SILVEIRA COTA"
8174;"***.919.721-**";"ROBERTO TERTULIANO DA SILVA RODRIGUES"
8175;"***.279.581-**";"GUILHERME DA CUNHA MADUREIRA"
8176;"***.334.918-**";"RENATA GOMES"
8177;"***.908.797-**";"ITAMAR ALMEIDA DE CARVALHO"
8178;"***.891.601-**";"RAFAEL SOUSA LIMA"
8179;"***.304.054-**";"KALYANNE FERNANDES DE MOURA"
8180;"***.132.293-**";"PEDRO HENRIQUE CARVALHO BARBOSA COSTA"
8181;"***.797.007-**";"RONILZA LUZIA DUTRA RABELO"
8182;"***.178.867-**";"AURELIO AMODEI JUNIOR"
8183;"***.572.489-**";"LUIZ VINICIUS LOPES"
8184;"***.755.109-**";"PAULO ROMILDO ROSSA FILHO"
8185;"***.572.757-**";"TATIANA FIGUEIREDO DE OLIVEIRA"
8186;"***.431.417-**";"ANDRE JOBERTO TORRES JUNIOR"
8187;"***.456.770-**";"ANDRE ALVARO HINNAH"
8188;"***.507.481-**";"PAULO FERNANDES CAVACO DAS NEVES"
8189;"***.192.220-**";"RENNAR DILELIO AVILA"
8190;"***.085.664-**";"ANTONIO MARCOS MELO GUEDES"
8191;"***.074.072-**";"BRUNA TAKAKO CAMPANER SAKAZAKI"
8192;"***.587.917-**";"LEANDRO ANDRADE DO NASCIMENTO"
8193;"***.493.039-**";"THIAGO LUIZ TONIN"
8194;"***.370.733-**";"IGOR CANUTO ALEXANDRINO"
8195;"***.149.117-**";"LUCIENE PINHEIRO CAPRA"
8196;"***.488.620-**";"JEFERSON LUIS LOURENCO BALDOINO"
8197;"***.014.510-**";"GIOVANI DOS SANTOS SELISTRE"
8198;"***.843.110-**";"FABIANO CICHELERO"
8199;"***.228.610-**";"ROBERTO JUN KOYA"
8200;"***.052.874-**";"SEVERINO SEBASTIAO DA SILVA FILHO"
8201;"***.582.994-**";"JOAO OLIVEIRA LIMA NETO"
8202;"***.401.002-**";"CARLOS AUGUSTO SARMENTO FERREIRA"
8203;"***.158.833-**";"ALEXEY ATAIDE PEIXOTO"
8204;"***.259.436-**";"MARGARETH MARQUES DOS SANTOS"
8205;"***.740.712-**";"JOSE IVALDO MARTINS GUIMARAES"
8206;"***.035.144-**";"UZIEL MORAES SEGUNDO"
8207;"***.116.174-**";"REGINALDO LUIZ DOS SANTOS"
8208;"***.368.682-**";"ARIELE DE FREITAS RODRIGUES"
8209;"***.709.632-**";"ANTONIA DE AGUIAR"
8210;"***.330.198-**";"CARLA NATACHA MARCOLINO POLAZ"
8211;"***.373.729-**";"WAGNER ELIAS CARDOSO"
8212;"***.943.737-**";"ADERSON ARAUJO AVELAR"
8213;"***.708.049-**";"DIANA CARLA FLORIANI"
8214;"***.749.607-**";"FERNANDO MIGUEL TRISTAO FERNANDES"
8215;"***.407.278-**";"JOAO CARLOS ALCIATI THOME"
8216;"***.153.691-**";"ALBINO BATISTA GOMES"
8217;"***.250.721-**";"RONALDO DOS SANTOS MONTEIRO"
8218;"***.778.391-**";"HELDER RESENDE DE CARVALHO"
8219;"***.272.623-**";"LUCAS COELHO SOBRINHO"
8220;"***.655.331-**";"LUIZ FERNANDO DIAS DE LIMA"
8221;"***.517.960-**";"DIEGO MOREIRA DORNELLES DE OLIVEIRA"
8222;"***.297.175-**";"FABIO FERREIRA MUNIZ"
8223;"***.983.315-**";"NILO ANTONIO MONTEIRO DE MENDONCA"
8224;"***.711.143-**";"FRANCISCO HERLANE MARQUES SOARES"
8225;"***.071.543-**";"VINICIUS DE MORAES PINHEIRO"
8226;"***.380.161-**";"LEONARDO RODRIGUES PAMPLONA"
8227;"***.580.936-**";"LEONARDO CABRAL DA SILVA"
8228;"***.415.250-**";"ANDERSON LUIS KREUTZ"
8229;"***.676.459-**";"ANA CRISTINA DO AMARAL PEREIRA"
8230;"***.699.880-**";"RENATO GRASSI QUADROS"
8231;"***.069.861-**";"LEANDRO LIMA MENDES"
8232;"***.248.016-**";"HAROLDO MAIA DE ALMEIDA"
8233;"***.721.919-**";"DAIANA MILDENBERGER KNEVITZ"
8234;"***.916.781-**";"JESSICA GONCALVES DE ARAUJO MIRANDA"
8235;"***.682.894-**";"ADONIS LUCENA DA SILVA"
8236;"***.679.339-**";"YARA SANTOS CIOFFI"
8237;"***.135.949-**";"GLAUCO BERTOLDO"
8238;"***.585.141-**";"CLOVIS RAMOS BASEGGIO"
8239;"***.496.072-**";"MILTON LEITE ALVES DA CUNHA"
8240;"***.372.399-**";"IZABEL TANIA CARDOSO"
8241;"***.263.147-**";"SILVIO COSCARELLA GRECO"
8242;"***.166.909-**";"FLAVIO DE CARLI"
8243;"***.991.003-**";"CLAYTON MARTINS SILVA"
8244;"***.009.240-**";"CASSIUS ANTONIO DA ROSA"
8245;"***.548.202-**";"TATIANE DOS SANTOS"
8246;"***.374.372-**";"HELDER SEBASTIAO DE ASSUNCAO MACHADO"
8247;"***.568.128-**";"ALEXANDRE LOURENCO"
8248;"***.319.917-**";"VYTOR CARVALHO BASTOS"
8249;"***.328.627-**";"BRUNO DA MOTA BARBOSA"
8250;"***.625.517-**";"FELIPE RAMOS DA SILVA ALVES"
8251;"***.394.307-**";"WILLIAM MIRANDA DE ALBUQUERQUE"
8252;"***.573.214-**";"SAMANTHA FERREIRA DO NASCIMENTO MARTINS"
8253;"***.639.682-**";"CAIQUE NILSON DO NASCIMENTO AMARAL"
8254;"***.950.475-**";"LUIZ GUSTAVO DA SILVA SANTOS"
8255;"***.410.666-**";"MIGUEL FONTES DOMINGUES"
8256;"***.023.041-**";"JEOVANE COSTA DE SOUSA"
8257;"***.019.106-**";"ALVIBAR MOREIRA"
8258;"***.433.086-**";"EMERSON MAGALHAES DOS SANTOS"
8259;"***.283.078-**";"LUIZ FERNANDO PEREIRA DA SILVA"
8260;"***.309.606-**";"CARLOS HENRIQUE MARCIO DE ALMEIDA"
8261;"***.785.051-**";"MATHEUS DE SOUZA DE FREITAS"
8262;"***.627.940-**";"SAMUEL MELO DA SILVA"
8263;"***.292.095-**";"JAILTON SIMPLICIO DA SILVA"
8264;"***.686.170-**";"DIOGO MACHADO LOURENCO DA SILVA"
8265;"***.532.040-**";"RICARDO TOLFO ERENO"
8266;"***.666.960-**";"DANILO LAZARO DA SILVA NUNES"
8267;"***.883.985-**";"AIRAN JESUS DE OLIVEIRA"
8268;"***.639.707-**";"RAFAEL SILVA DOS SANTOS"
8269;"***.065.117-**";"FELIPE BRUNO CONCEICAO SILVA"
8270;"***.610.778-**";"VITOR ANTONIO SILVA"
8271;"***.220.988-**";"CHRISTOFER SANTOS CRUZ"
8272;"***.089.916-**";"MARCELO SILVEIRA BARLETTA"
8273;"***.700.118-**";"LUIS EDUARDO PEREIRA DA SILVA"
8274;"***.181.482-**";"JADIEL PONTES MOREIRA"
8275;"***.519.900-**";"EDIJELSON MANGHAGO SOARES"
8276;"***.935.593-**";"GUILHERME ALVES DE ABREU"
8277;"***.660.027-**";"CARLOS HERNANDES BARBOSA"
8278;"***.929.773-**";"JOSEPH IRAN DO NASCIMENTO TAVARES"
8279;"***.307.447-**";"NATALIA SERPA DA SILVA PIMENTEL"
8280;"***.773.382-**";"DOUGLAS KENNEDY VASCONCELOS MACHADO"
8281;"***.106.376-**";"IVO SOARES XAVIER"
8282;"***.378.387-**";"ADRIANO TORRES"
8283;"***.556.517-**";"PEDRO HENRIQUE MARTINS DUTRA"
8284;"***.870.877-**";"ESTELA DA SILVA TAVARES"
8285;"***.200.057-**";"GABRIEL DE PAULO TURTELTAUB DOS SANTOS"
8286;"***.313.777-**";"MATHEUS VINICIUS DOS SANTOS LAGE"
8287;"***.334.885-**";"JOAO MARCOS NOVAES ROCHA"
8288;"***.149.673-**";"SAMUEL OLIVEIRA NUNES"
8289;"***.274.477-**";"DIEGO ROCHA DE ARAUJO"
8290;"***.771.506-**";"LUCAS EMANUEL DO SERRO RODRIGUES"
8291;"***.318.330-**";"ABEL PAGNOSSIM"
8292;"***.961.057-**";"EDSON FERREIRA DE LIMA"
8293;"***.409.744-**";"DANIEL SANTIAGO"
8294;"***.975.824-**";"MARCO ANTONIO DANIEL DE OLIVEIRA"
8295;"***.164.864-**";"WILSON ALVES DA SILVA"
8296;"***.410.291-**";"JORGE INFRAN JUNIOR"
8297;"***.619.451-**";"CAIO FELIPE DOS SANTOS SILVA"
8298;"***.714.161-**";"DILSON FIGUEIREDO DOS SANTOS JUNIOR"
8299;"***.628.418-**";"JULIO CESAR DA SILVA"
8300;"***.524.581-**";"PATRICK DAVID FLORENCIO DE FARIA"
8301;"***.792.427-**";"FABIANO LOPES PEREIRA"
8302;"***.077.529-**";"LUCAS TOMAS LIPIENSKI"
8303;"***.834.297-**";"HEIDER TEIXEIRA DE SANTANA JUNIOR"
8304;"***.165.491-**";"CARLOS HENRIQUE DE MORAES"
8305;"***.509.603-**";"FABRICIO DE OLIVEIRA SOUSA"
8306;"***.885.277-**";"FERNANDO AUGUSTO DE PAIVA RODRIGUES"
8307;"***.069.621-**";"RODERIK YAMASHITA"
8308;"***.828.128-**";"LUIS FERNANDO DA SILVA NEPOMUCENO"
8309;"***.685.987-**";"FELLIPE LISBOA DE ALMEIDA RIBEIRO"
8310;"***.693.698-**";"CARLOS ROBERTO KENJI OBARA JUNIOR"
8311;"***.465.866-**";"LEONARD FRULOPES QUEZADA"
8312;"***.814.643-**";"MARCOS VINICIUS SILVA FRANCO"
8313;"***.275.017-**";"BRUNO CORREA ANDRADE"
8314;"***.541.196-**";"EZEQUIAS GENTIL DE LIMA"
8315;"***.673.097-**";"WILLIANS JOSE TEODORO"
8316;"***.493.590-**";"ANDERSEN SCHUBERT GOLLO"
8317;"***.855.080-**";"RODRIGO SACHETT MEDEIROS"
8318;"***.755.757-**";"RENNAN SCHUMACHER DA FONSECA"
8319;"***.696.956-**";"THALISSON FELIPE FERREIRA NEVES"
8320;"***.541.477-**";"FLAVIO DA SILVA TOSTA"
8321;"***.217.910-**";"AIA MONTEIRO VIEIRA"
8322;"***.064.113-**";"AURELIO BEZERRA MELO DE SOUSA"
8323;"***.793.432-**";"CAE AIRES MOURA LACERDA"
8324;"***.643.451-**";"PATRICIA KAROLINE ESTEVAM LIMA"
8325;"***.344.137-**";"RODRIGO ASSIS VICENTE BAHIA"
8326;"***.314.824-**";"BRUNO ALYSSON SOUZA VALENTIM"
8327;"***.852.034-**";"LEANDRO DE MELO MOREIRA"
8328;"***.637.124-**";"CECILIA SATIRO NOBREGA"
8329;"***.892.106-**";"WILSON MACHADO"
8330;"***.275.840-**";"CARLA ZANELLA GUIDINI"
8331;"***.449.581-**";"GABRIELA DALCIN DURANTE"
8332;"***.491.846-**";"CRISTIANO LUNARDI RIBAS"
8333;"***.499.064-**";"PABLO HENRIQUE CABRAL DE ARAUJO"
8334;"***.284.124-**";"KLEITON TERDIS FIRMINO RODRIGUES"
8335;"***.882.434-**";"AMILTON JOSE DE LIMA"
8336;"***.649.741-**";"FERNANDO FRANCISCO DE SOUZA"
8337;"***.128.702-**";"CARLOS ALESSANDRE DO CARMO PEREIRA"
8338;"***.768.363-**";"MARCELO DE SOUSA SARAIVA"
8339;"***.203.457-**";"CARLOS EDUARDO SILVA ABREU"
8340;"***.784.473-**";"ANNATANAEL SILVA PAIVA"
8341;"***.315.423-**";"RODRIGO DOMINICI SILVA"
8342;"***.123.091-**";"OTONIEL MEIRELES DA SILVA"
8343;"***.786.071-**";"ALEXANDRA LARA DE SOUZA CERESER"
8344;"***.805.873-**";"HEINRICH HERTZ SILVA"
8345;"***.164.106-**";"ALINE SOUSA CAMARGOS"
8346;"***.693.306-**";"IZABEL CRISTINA SILVA DINIZ"
8347;"***.751.736-**";"LUCIENE ALVES MOREIRA MARQUES"
8348;"***.922.081-**";"PRISCILLA NUNES MOTA"
8349;"***.011.131-**";"RENATO JAQUETO GOES"
8350;"***.980.039-**";"GUILHERME RIZZATTI"
8351;"***.572.305-**";"CLAUDIA DE SOUZA SANTOS"
8352;"***.229.200-**";"ENEAS RICARDO KONZEN"
8353;"***.223.587-**";"JULIO CESAR DE JESUS PEREIRA"
8354;"***.718.197-**";"JAYME DE SOUZA JUNIOR"
8355;"***.096.277-**";"CRISTIANO JORGE RIGER"
8356;"***.511.598-**";"RODRIGO AMADO DOS SANTOS"
8357;"***.704.837-**";"VALMIR MONTEIRO"
8358;"***.037.009-**";"JEFERSON GIL FURHMANN"
8359;"***.286.109-**";"STELLA MARIS SCHMALL DA CRUZ"
8360;"***.514.886-**";"JAQUELINE ALMEIDA DE OLIVEIRA"
8361;"***.967.321-**";"SANDER SILVESTRE DE OLIVEIRA"
8362;"***.769.441-**";"DAVI FERREIRA FELIX"
8363;"***.358.643-**";"FRANCISCO ADALBERTO ALVES SOBREIRA"
8364;"***.075.657-**";"RONALDO GARCIA DA COSTA"
8365;"***.357.994-**";"FERNANDO LIMA MACHADO DE OLIVEIRA"
8366;"***.554.178-**";"WALTER GUERRA SILVA"
8367;"***.522.676-**";"EMERSON CRISTIANO FRADE"
8368;"***.717.036-**";"RICARDO ALVES CASTELO COSTA"
8369;"***.195.154-**";"DENISSON JOSE GOMES DE CARVALHO"
8370;"***.997.639-**";"EDUARDO MARQUES CARDOSO"
8371;"***.692.287-**";"MARCOS DE FRIAS RAPOSO PINHEIRO"
8372;"***.778.732-**";"ALINE CRUZ DE MEDEIROS"
8373;"***.860.323-**";"SABRYNA GABRYELLE MARQUES DE CARVALHO"
8374;"***.281.207-**";"MARCOS ANTONIO DA SILVA CRUZ"
8375;"***.278.344-**";"CLINT EASTWOOD COSTA FREITAS"
8376;"***.129.116-**";"MARCO ANTONIO PEREIRA JUNIOR"
8377;"***.183.617-**";"JEREMIAS DE FREITAS COSTA"
8378;"***.811.579-**";"CARLOS MAGNO DA CRUZ JUNIOR"
8379;"***.038.896-**";"DANIEL TRINDADE DA SILVA"
8380;"***.726.623-**";"PEDRO PAULO DO NASCIMENTO VERCOSA"
8381;"***.754.704-**";"EDUARDO CABRAL BEZERRA"
8382;"***.501.012-**";"FERNANDO BOSCO DE SOUSA MELO"
8383;"***.783.300-**";"CARLOS ANTONIO BARBOSA"
8384;"***.968.298-**";"GUILHERME DA COSTA SILVA"
8385;"***.442.408-**";"ESTELA MARIA CARNEIRO DE CAMARGO"
8386;"***.632.932-**";"PAULO ROGERIO DOS SANTOS NEVES"
8387;"***.546.240-**";"REINALDO SANTOS DE SOUZA"
8388;"***.138.342-**";"LINDALVA DE FREITAS BRANDAO"
8389;"***.438.590-**";"LEANDRO KUPKA GOULARTE"
8390;"***.776.636-**";"GABRIELLA CARMELITA CARDOSO"
8391;"***.510.546-**";"FERNANDO DOS SANTOS WEBER"
8392;"***.858.185-**";"RONALDO FREITAS OLIVEIRA"
8393;"***.897.031-**";"MAXIMO MENEZES COSTA"
8394;"***.461.898-**";"SALOME SARACHU SANTANA"
8395;"***.284.568-**";"ANTONIO CESAR CAETANO"
8396;"***.329.965-**";"LINO ROCHA DE OLIVEIRA"
8397;"***.837.277-**";"FRANCISCO CRISTIANO ORLANDO"
8398;"***.138.265-**";"FRANCISCO NICOLAU DE BRITO SOBRINHO"
8399;"***.678.665-**";"ERIC OLIVEIRA CARVALHO"
8400;"***.906.543-**";"JOSE DEUSIMAR DE ANDRADE PEREIRA"
8401;"***.526.213-**";"MATEUS SOUSA COSTA"
8402;"***.067.527-**";"DAVID MACIEL DA FONSECA"
8403;"***.159.847-**";"ANDERSON MAXIMIANO NASCIMENTO"
8404;"***.595.438-**";"RENATO JOSE FURIGO LELIS"
8405;"***.262.638-**";"ERIKA ALVES DOS SANTOS"
8406;"***.830.602-**";"HELIO DE OLIVEIRA"
8407;"***.170.051-**";"JOSE DE PAULO DOS SANTOS"
8408;"***.295.104-**";"AMAURI FRANCISCO DA SILVA"
8409;"***.306.041-**";"MARLINGSON WELBER DA SILVA"
8410;"***.049.071-**";"OSMIFRAN MUNIZ DOS SANTOS"
8411;"***.506.921-**";"PABLO LUIS SANTOS MUNDIM"
8412;"***.184.934-**";"FERNANDO FRANCISCO DE FARIAS"
8413;"***.406.441-**";"JOSELITO ALMEIDA AZEVEDO"
8414;"***.900.089-**";"KARLA CRISTINA PADILHA"
8415;"***.177.157-**";"LEANDRO DE PAIVA MARINS"
8416;"***.183.104-**";"CICERO ROBERTO DA SILVA"
8417;"***.129.852-**";"WANDERLEY MISSIAS OLIVEIRA"
8418;"***.787.303-**";"MARCOS EIELSON PINHEIRO DE SA"
8419;"***.096.382-**";"MARCOS PEREIRA BARBOSA"
8420;"***.140.375-**";"HAMILTON JOSE DA SILVA"
8421;"***.834.162-**";"JULIO CESAR ABREU LIMA"
8422;"***.314.904-**";"JOSE MARIA VIEIRA DA NOBREGA"
8423;"***.661.645-**";"VERA LUCIA MINAN DE OLIVEIRA"
8424;"***.779.231-**";"ADRIANA ELYSA ALIMANDRO CORREA"
8425;"***.321.138-**";"SERGIO TAVARES CORREIA DOS SANTOS"
8426;"***.693.521-**";"CARLOS ANDRE AMARAL DE FREITAS"
8427;"***.306.836-**";"LILIA DE SA SILVA"
8428;"***.757.707-**";"AMARILDO LOPES DE OLIVEIRA"
8429;"***.548.113-**";"LUCIANA BELCHIOR MOTA"
8430;"***.281.406-**";"LEONARDO LESSA DE MENDONCA"
8431;"***.626.733-**";"ROMULO MACEDO BARRETO DE NEGREIROS"
8432;"***.165.053-**";"EMANUEL OLIVEIRA BRAGA"
8433;"***.653.789-**";"SANDRA RAFAELA MAGALHAES CORREA"
8434;"***.471.059-**";"HAMILTON TRAJANO DOS SANTOS"
8435;"***.777.370-**";"LUIS RODRIGO FRANKLIN DA SILVA"
8436;"***.931.302-**";"BRUNO FURTADO DE OLIVEIRA"
8437;"***.021.202-**";"LUIZ ALBERTO TAVARES GOMES"
8438;"***.608.950-**";"SIMONE KOSSMANN CAVALHEIRO"
8439;"***.555.957-**";"ALEXANDRE MARINHO VALERO"
8440;"***.131.711-**";"THATYANE AMARO MAIA LEITE"
8441;"***.042.107-**";"JULIO CESAR PORTO TEIXEIRA"
8442;"***.531.303-**";"ANDERSON SILVA DE LIMA"
8443;"***.366.287-**";"RODRIGO LUIZ DOS SANTOS BRESSAN"
8444;"***.936.828-**";"SERGIO LUIZ MARQUES MALECKA"
8445;"***.535.374-**";"LUCAS PEREIRA DA ROCHA"
8446;"***.316.972-**";"HELOISA JUDITE IZEL COSTA"
8447;"***.402.476-**";"EDILBERTO CARLOS DA ROCHA JUNIOR"
8448;"***.760.116-**";"CLEBER GOMES DA SILVA"
8449;"***.120.417-**";"LUIS GUSTAVO DA SILVA SANTOS"
8450;"***.259.493-**";"GABRIEL BORGES URBANO"
8451;"***.792.986-**";"ADILTON DE SOUZA PARREIRA"
8452;"***.605.608-**";"GUSTAVO DA COSTA PORTELLA"
8453;"***.330.795-**";"GILBERTO MACEDO OLIVEIRA"
8454;"***.352.770-**";"LEONARDO BARBOSA FERRARI"
8455;"***.305.740-**";"WESLEY FLORES DA SILVA FERNANDES"
8456;"***.602.762-**";"LUCAS SILVA SALVAGNI OLIVEIRA"
8457;"***.329.157-**";"THAYLE KAROLINE SANTOS DE ALMEIDA"
8458;"***.175.696-**";"YSAQUE ALVES CAMILO"
8459;"***.162.253-**";"ROSSEAN KELEN BARBOSA GOMES"
8460;"***.344.660-**";"LUIS FERNANDO DA CUNHA PEREIRA"
8461;"***.203.580-**";"ANA LUIZA ALVES RIFFEL"
8462;"***.117.067-**";"ELIOMAR LIMA SILVEIRA JUNIOR"
8463;"***.057.084-**";"ALLAN SHELDOM DE MELO FARIAS"
8464;"***.285.750-**";"GABRIEL ELIAS SANTOS OLIVEIRA"
8465;"***.754.834-**";"JOSE MESSIAS FERNANDES MARQUES"
8466;"***.089.958-**";"ROBSON CAIQUE PESSOA SAMPAIO"
8467;"***.681.814-**";"DIOGO BEZERRA DANTAS COELHO"
8468;"***.913.840-**";"JADER DE OLIVEIRA FIGUEIREDO"
8469;"***.909.357-**";"JULIA DE MELLO AVILA"
8470;"***.424.242-**";"HYAGO TRULLE SILVA DE OLIVEIRA"
8471;"***.809.763-**";"VALMAR TUPINA DE DEUS ALVES"
8472;"***.472.404-**";"GILBERTO BALBINO DA COSTA JUNIOR"
8473;"***.025.908-**";"FERNANDO ZORZETTO MARREIRA"
8474;"***.565.659-**";"CLAUDIO GONCALVES PENTEADO"
8475;"***.566.774-**";"HYELTON JORGE SANTANA DA SILVA"
8476;"***.886.477-**";"JOAO PEDRO DA SILVA DOS SANTOS PERES"
8477;"***.074.896-**";"MULLER DA SILVA SANTOS"
8478;"***.549.657-**";"LUCAS LAGO DE LIMA"
8479;"***.534.424-**";"VINICIUS SOARES DE LIMA"
8480;"***.131.111-**";"ATTILIO JOHNER TACHINARDI"
8481;"***.959.786-**";"LUCAS HENRIQUE VAZ DE JESUS"
8482;"***.299.327-**";"ROMULO BARROS SODRE MONNERAT"
8483;"***.364.930-**";"RUAN DA SILVA OLIVEIRA"
8484;"***.654.724-**";"ARIANA CRISTINA MOTA ZIMMERMANN"
8485;"***.825.810-**";"TIAGO DE SOUZA TRINDADE"
8486;"***.321.377-**";"LUIZ FERNANDO GONCALVES DE PAIVA ALEXANDRE"
8487;"***.783.090-**";"BRENO ALESSANDRO DA SILVA FIALHO"
8488;"***.719.544-**";"DIOSLEY ANTUNES DE AMORIM"
8489;"***.483.588-**";"BRUNA CAMPOS NOGUEIRA PLENTZ"
8490;"***.638.207-**";"AQUILES VELOSO RODRIGUES"
8491;"***.633.791-**";"LUCAS AVALHAES DE JESUS"
8492;"***.843.679-**";"LUCAS GIULIANO BOGO BEXIGA"
8493;"***.054.267-**";"RENAN DIAS TRANNIN DOS SANTOS"
8494;"***.809.470-**";"VITOR DELLA FLORA DOS SANTOS"
8495;"***.228.687-**";"ERIQUE ALVES LEIRA"
8496;"***.598.376-**";"JEAN GABRIEL SOUZA MELO"
8497;"***.631.297-**";"WESLEY DANTAS PERES"
8498;"***.378.730-**";"DENIS BATISTA GAUTO STORTI"
8499;"***.398.584-**";"AUGUSTO SERGIO FERREIRA BANDEIRA DE VASCONCELOS"
8500;"***.388.737-**";"FERNANDO SILVA DE ASSIS"
8501;"***.644.662-**";"ELBERTH DOMINGOS DOS SANTOS"
8502;"***.360.584-**";"FRANCINALDO COSME DOS SANTOS"
8503;"***.995.023-**";"STEPHESON PAIXAO DE OLIVEIRA"
8504;"***.508.280-**";"GUILHERME MOREIRA"
8505;"***.828.814-**";"REGINALDO RODRIGUES BARBOSA FILHO"
8506;"***.856.963-**";"ADEMIR RODRIGUES OLIVEIRA"
8507;"***.158.484-**";"ANDRE LUIZ FRANCO DE SOUZA FILHO"
8508;"***.753.524-**";"RAFAEL CAPISTRANO DE QUEIROZ COSTA"
8509;"***.142.597-**";"ANDRE DA SILVA LINO"
8510;"***.957.310-**";"CRISTIAN FERREIRA BELMONTE"
8511;"***.561.561-**";"EDUARDO EDSON DA ROCHA BATISTA"
8512;"***.458.968-**";"BRUNO XAVIER FERREIRA"
8513;"***.746.140-**";"TIAGO SAUSEN"
8514;"***.084.017-**";"LUIS FILIPE MADDEO PAULA"
8515;"***.063.593-**";"LOAN GUEDES DE OLIVEIRA"
8516;"***.101.961-**";"JANDERSON VIEIRA DA COSTA"
8517;"***.883.111-**";"ADERSON SAMUEL DE ARAUJO NETO"
8518;"***.994.096-**";"CLAUDINEY APARECIDO DE OLIVEIRA"
8519;"***.274.171-**";"ELIEL VIANA GARCIA"
8520;"***.998.811-**";"RAFAEL WILLIAM SILVA DOS SANTOS"
8521;"***.966.597-**";"IGOR VINICIUS DE SOUZA PINTO"
8522;"***.812.774-**";"ALCIDES GERARD OLIVEIRA VIANA"
8523;"***.090.802-**";"MURILO CESAR DA SILVA"
8524;"***.684.134-**";"PEDRO AMORIM DA SILVA NETO"
8525;"***.595.400-**";"EBERSON LUIZ PANO GAIST"
8526;"***.210.526-**";"OLDAIR NASCIMENTO DE OLIVEIRA"
8527;"***.552.261-**";"RENNAN SILVA SANTOS"
8528;"***.084.151-**";"CLAUDY MARIANO ORTIZ DE FREITAS"
8529;"***.631.291-**";"ALYSSON DE SOUZA RODRIGUES"
8530;"***.983.271-**";"JOAO PAULO ALVES DA SILVA VALENCIO"
8531;"***.007.398-**";"ALAN CESAR DA CRUZ"
8532;"***.048.077-**";"HUGO LEONARDO WALTZ QUITES PEREIRA"
8533;"***.445.307-**";"FRANCISCO FLAUBE DA SILVA"
8534;"***.063.097-**";"GUILHERME CONSTANTINO FRANCA PRAZERES"
8535;"***.955.357-**";"LUCAS DE SOUZA MARTINIANO"
8536;"***.284.587-**";"THIAGO NEVES MACHADO BELLO"
8537;"***.487.407-**";"GABRIEL PESSANHA DE ALBUQUERQUE MARANHAO"
8538;"***.328.957-**";"MURILO BARBOSA GOMES"
8539;"***.851.614-**";"WILTON FAIRBANCKS DE AGUIAR"
8540;"***.619.157-**";"LEONARDO LUIS COSTA E SILVA GIORNO"
8541;"***.706.790-**";"RICHTER BRYAN DE MELO DE MOURA"
8542;"***.374.640-**";"VITOR HUGO SOUTO SEVERO"
8543;"***.162.027-**";"WESLEY PACIFICO DO NASCIMENTO"
8544;"***.162.199-**";"FRANCISCO SOCRATES DE FREITAS AZEVEDO"
8545;"***.224.520-**";"ARTHUR BERNARDES ENGROFF"
8546;"***.409.526-**";"RODNEY BOTELHO DE OLIVEIRA"
8547;"***.873.642-**";"THIAGO DE CARVALHO REIS"
8548;"***.788.247-**";"BRUNO GUIMARAES MACIEL"
8549;"***.857.590-**";"ANTONIO VICENTE VALENTE BRESSAN"
8550;"***.861.780-**";"VALNEI BOLZAN DENARDI"
8551;"***.880.777-**";"ERICKSON BEZERRA DE ALMEIDA"
8552;"***.859.417-**";"ELIEZER COSTA DOS SANTOS"
8553;"***.521.321-**";"FELIPE DE BRITO PETIT"
8554;"***.085.754-**";"LUIZ CARLOS DE SOUSA QUEIROGA JUNIOR"
8555;"***.644.694-**";"SUZANA TEREZA ARAUJO DE MEDEIROS CAMPOS"
8556;"***.273.071-**";"MARCOS MARCILO SOBRAL"
8557;"***.015.212-**";"DANIEL DE MACEDO DA SILVA"
8558;"***.157.372-**";"RAFAELLA OLIVEIRA MACHADO"
8559;"***.942.605-**";"JANAYNA DE AGUIAR TRENCH"
8560;"***.158.671-**";"KARLA CRISTINA DE SOUSA OLIVEIRA"
8561;"***.470.884-**";"DIEGO LUIS DOS SANTOS FELIX"
8562;"***.049.234-**";"JOSE CARLOS GOMES DE LIMA"
8563;"***.416.934-**";"EMERSON FELIPE ARAUJO MAGALHAES"
8564;"***.810.626-**";"ERIKA DIAS CORDEIRO HOSKEN"
8565;"***.819.303-**";"HONORIO PEREIRA DA SILVA NETO"
8566;"***.292.260-**";"JAIR MATIAS DA ROSA"
8567;"***.402.180-**";"DIEGO HEPP"
8568;"***.949.789-**";"EVERTON JUNIOR PELISSON"
8569;"***.718.389-**";"MARCELO ANTUNES DA SILVA"
8570;"***.106.969-**";"SAMUEL RODRIGUES MONTEIRO"
8571;"***.109.891-**";"THAIS DE OLIVEIRA CARNEIRO ALMEIDA"
8572;"***.026.161-**";"ANNE SULYVAN ALVES MELO"
8573;"***.455.307-**";"LUIZ PHELLIPE DE ARAUJO ZEBENDO"
8574;"***.034.344-**";"MANUELA ALVES DA CUNHA"
8575;"***.045.264-**";"FRANCISCO JEAN CARLOS DA SILVA"
8576;"***.273.347-**";"ANA CLARA DE CASTRO CAMERANO PAIVA"
8577;"***.721.917-**";"CARLOS ALBERTO CORREA BARBOSA"
8578;"***.590.754-**";"AROLDO INACIO DE ARAUJO LOPES"
8579;"***.596.629-**";"CARLOS ALEXANDRE BECKER"
8580;"***.765.819-**";"RICARDO SOBJAK"
8581;"***.727.089-**";"DALMARINO SETTI"
8582;"***.147.537-**";"LEANDRO NEVES LOBO"
8583;"***.948.448-**";"PAULO MOREIRA ARAUJO"
8584;"***.530.042-**";"MARIA ANTONIA ARAUJO BEZERRA"
8585;"***.778.351-**";"ROGERIO RIGOTTI"
8586;"***.625.131-**";"ELTEVON DIAS DA ROCHA"
8587;"***.663.748-**";"CRISTIANE APARECIDA VITOR"
8588;"***.930.089-**";"RONALDO DOS SANTOS RAIZER"
8589;"***.695.612-**";"MOISES BEN HUR SOUSA SEIFFERT SIMOES"
8590;"***.360.292-**";"ISABELLE BENLOLO RODRIGUES"
8591;"***.638.791-**";"NEIDE FERREIRA DE OLIVEIRA"
8592;"***.054.615-**";"JULIO ALVES DA SILVA NETO"
8593;"***.260.464-**";"ANTONIO DO NASCIMENTO"
8594;"***.862.882-**";"RENATA REIS RIBEIRO"
8595;"***.296.101-**";"FRANCIELIO ALVES DE ALMEIDA"
8596;"***.159.418-**";"CRISTIAN KOTINDA JUNIOR"
8597;"***.023.531-**";"LETICIA IAMADA MIZUNO"
8598;"***.851.146-**";"MARCELO CARVALHO LASMAR"
8599;"***.056.916-**";"CELSO FERREIRA DOS SANTOS"
8600;"***.079.896-**";"PERICLES ALCANTARA PEREIRA"
8601;"***.860.077-**";"LUCIANO VENTURA MARRA"
8602;"***.857.650-**";"JOAO MACIEL ROJAS"
8603;"***.861.789-**";"LEONARDO NEIA DE OLIVEIRA"
8604;"***.843.564-**";"CLEYDSON IRINEU LIMA DA SILVA"
8605;"***.885.593-**";"MARCOS AURELIO MENDES DE MOURA"
8606;"***.932.987-**";"GERALDO HENRIQUE SCERNI BARBOSA"
8607;"***.466.825-**";"EUNAPIO LUIS DE QUEIROZ STURARO JUNIOR"
8608;"***.265.273-**";"CARLOS ANTONIO CORREA MARTINS"
8609;"***.192.969-**";"EDUARDO YANAGA"
8610;"***.203.823-**";"ARNALDO GONCALVES CABRAL"
8611;"***.793.190-**";"AMANDA DE MELLO OLIVEIRA"
8612;"***.208.670-**";"MEIRIANE DE BARROS GAEDKE"
8613;"***.700.180-**";"CAUE DE FRANCA CAUDURO"
8614;"***.572.936-**";"VINICIUS AUGUSTO BECHELAINE GONCALVES"
8615;"***.779.386-**";"PABLO PERES DA SILVA"
8616;"***.387.903-**";"VANUSA DE MELO ESCORCIO"
8617;"***.651.187-**";"JOCEIR NUNES"
8618;"***.146.901-**";"ROGERIO BARBOSA DOS SANTOS"
8619;"***.136.402-**";"MARIA DOLORES SOUZA GUIMARAES PACHECO"
8620;"***.145.884-**";"ALUIZIO BATISTA SILVA"
8621;"***.177.817-**";"MARCO ANTONIO DE ANDRADE BARBOSA"
8622;"***.483.162-**";"GABRIELA DA SILVEIRA MESQUITA"
8623;"***.126.651-**";"TAINAH LOPES GALVAO"
8624;"***.865.704-**";"JOAQUIM RIBEIRO NETO"
8625;"***.964.673-**";"THYAGO DE SOUSA RIBEIRO"
8626;"***.475.405-**";"DAVID DE BARROS GALO"
8627;"***.596.278-**";"CARLOS EDUARDO NERI DE OLIVEIRA"
8628;"***.466.566-**";"RAFAEL DA SILVA RAMOS DE OLIVEIRA"
8629;"***.462.541-**";"ALESSANDRA PATRICIA DINIZ"
8630;"***.768.403-**";"INACIO CAVALCANTE MELO NETO"
8631;"***.028.985-**";"ALFEU PEDREIRA LUEDY"
8632;"***.532.778-**";"VALDIR RODRIGUES"
8633;"***.462.057-**";"JULIEDER GORONCI COCHETO"
8634;"***.476.051-**";"CLAUDIA REGINA FERREIRA LIMA"
8635;"***.856.902-**";"PEDRO PAULO AMARAL DOS SANTOS"
8636;"***.399.402-**";"FRANCISCO ANTONIO TAVARES DA PENHA"
8637;"***.411.458-**";"MARCELO GUSTAVO BACCO"
8638;"***.361.398-**";"ALECSANDRA LOPES DE FREITAS"
8639;"***.392.010-**";"FERNANDA KALIL STEINBRUCH"
8640;"***.699.330-**";"VINICIUS REIS VASQUES"
8641;"***.061.837-**";"RAFAEL DE OLIVEIRA SANT ANNA"
8642;"***.927.172-**";"VALTER DA SILVA GLORIA"
8643;"***.173.208-**";"BEATRIZ NASCIMENTO GOMES"
8644;"***.415.737-**";"FABIO DE MELLO OSOLINS"
8645;"***.855.732-**";"LUCIANA RODRIGUES FERREIRA"
8646;"***.824.401-**";"TERSIO ABEL PEZENTI"
8647;"***.738.305-**";"RAFAELLA DO SOCORRO NUNES MOURAO FRAZAO"
8648;"***.932.591-**";"CARLOS EDUARDO FE XAVIER"
8649;"***.118.007-**";"VINICIOS ABREU DA SILVA"
8650;"***.492.556-**";"RODRIGO TEOFILO DE AZEVEDO"
8651;"***.699.598-**";"JOSE MARCOS MOSER"
8652;"***.550.205-**";"LOUISE MACIEL WANDERLEY DE LACERDA"
8653;"***.398.397-**";"CLAUDIO LUIZ MARINS MARTINS"
8654;"***.825.681-**";"LUIZ GOMES ABADIA FILHO"
8655;"***.671.048-**";"DANIEL VADO TORRAQUE"
8656;"***.937.683-**";"JOSUE ARAUJO DE AZEVEDO"
8657;"***.172.921-**";"ANTONIO DE PADUA SILVA"
8658;"***.503.892-**";"ALEXANDRE MENEZES DA COSTA"
8659;"***.010.935-**";"ERIVALDO DE SOUZA"
8660;"***.302.100-**";"SOLISMAR DAME PRESTES"
8661;"***.884.018-**";"ALESSANDRA BARBOSA MORO"
8662;"***.549.454-**";"ALEXANDRE CESAR ALVES SILVA"
8663;"***.569.431-**";"HELDA CEBALHO DA SILVA"
8664;"***.824.392-**";"CLEA DO SOCORRO FRANKLIN DA SILVA FIGUEIREDO"
8665;"***.524.658-**";"MAURICIO JOSE GUERRINI"
8666;"***.268.382-**";"SIDNY FRAZAO DE ALMEIDA"
8667;"***.768.741-**";"MARCOS VINICIUS ALMEIDA CRUVINEL"
8668;"***.814.476-**";"TIAGO EMMANUEL NUNES BRAGA"
8669;"***.031.527-**";"LUIS FELIPE DIAS TROTTA ESTEVES"
8670;"***.406.540-**";"CAROLINA ANCHIETA"
8671;"***.380.408-**";"RICARDO GRACINDO DIAS"
8672;"***.006.703-**";"ANTONIO CARLOS ROCHA RODRIGUES"
8673;"***.368.990-**";"MEDICKSON LAMONATO BERRA"
8674;"***.836.908-**";"FRANCISMAR ARAUJO RAMOS"
8675;"***.166.077-**";"CARLOS VICENTE FREITAS BERGAMO MARTINS"
8676;"***.204.647-**";"RONEY RODRIGUES CARVALHO"
8677;"***.131.007-**";"KEVIN BRUNO DOS REIS VICTORINO"
8678;"***.324.067-**";"VINICIUS MOREIRA BRANDAO GUEDES DE BRITO"
8679;"***.360.597-**";"JOSE MARCELO CAVALCANTI SANTOS"
8680;"***.912.008-**";"RICHELLI SALGADO SILVA"
8681;"***.139.747-**";"DANIEL COSTA DA SILVA"
8682;"***.327.167-**";"BIANCA DA COSTA TEIXEIRA GALISA"
8683;"***.107.547-**";"MARCIO DE SOUZA KOCK"
8684;"***.182.563-**";"GILSON RODRIGUES DE SOUSA"
8685;"***.422.874-**";"ANDRE LUIZ BEZERRA DA COSTA SOARES"
8686;"***.401.217-**";"JORGE MOURA DE FARIA"
8687;"***.238.697-**";"JOSE RUBENS NASCIMENTO DE CASTRO"
8688;"***.816.519-**";"JONAS HILLESHEIN"
8689;"***.663.090-**";"JULIANO DE ALMEIDA CONCEICAO"
8690;"***.451.057-**";"RODRIGO ALVES SANTOS"
8691;"***.644.167-**";"RENATA ALVES DE LIMA CAPRI"
8692;"***.868.867-**";"MARIO MENDONCA JUNIOR"
8693;"***.492.691-**";"LYANDRO MARCENA MOREIRA"
8694;"***.466.651-**";"RAFAEL HENRIQUE DA SILVA"
8695;"***.667.584-**";"JHOSEFY OLIVEIRA DE LIRA SILVA"
8696;"***.372.651-**";"RAFAEL MOURA DE SOUSA"
8697;"***.504.666-**";"TALISSA DOS SANTOS BENTO COELHO"
8698;"***.994.102-**";"FELIPE EMANUEL ALVES CORDEIRO"
8699;"***.248.467-**";"ALAMO DE JESUS DE OLIVEIRA"
8700;"***.810.737-**";"ALVARO NASCIMENTO DE OLIVEIRA"
8701;"***.555.970-**";"JOAO GUSTAVO BRAGA DE ABREU"
8702;"***.599.598-**";"VINICIUS WILLAMYS LIMA DE ANDRADE PINTO"
8703;"***.681.694-**";"REINALDO SILVA GOMES"
8704;"***.191.195-**";"RAFAEL SOARES RESENDE"
8705;"***.070.153-**";"FRANCISCO EUDES MORAIS DA CUNHA"
8706;"***.859.561-**";"KAIQUE ALBERT SILVA PEREIRA"
8707;"***.772.510-**";"MARCIO EDUARDO GRINGS DA LUZ"
8708;"***.224.787-**";"PAULO CESAR MATHIAS DELGADO JUNIOR"
8709;"***.308.326-**";"HEBERT DE SOUZA"
8710;"***.495.540-**";"PEDRO HENRIQUE PAPPEN"
8711;"***.001.454-**";"CLEITON MARCONE DE AMORIM SILVA"
8712;"***.995.898-**";"ROMULO URBANO FONSECA PEREIRA"
8713;"***.569.217-**";"RENNAN GONCALVES TOSI"
8714;"***.199.390-**";"VITOR SANTOS DE LIMA"
8715;"***.533.827-**";"RAFAEL DA SILVA MENDES"
8716;"***.157.441-**";"SANDOVAL SOARES BORGES"
8717;"***.126.362-**";"MATHEUS PEREIRA CORREA"
8718;"***.070.912-**";"WASHINGTON LUIS DE CASTRO AMADOR"
8719;"***.447.022-**";"TAMIRIS BALIEIRO DA SILVA HOSOUME"
8720;"***.035.127-**";"JOAO LUIZ LOPES TEIXEIRA"
8721;"***.048.596-**";"MAIKON MIRA RIBEIRO"
8722;"***.427.537-**";"DEJAIR BARBOSA DA SILVA"
8723;"***.244.297-**";"SERGIO HENRIQUE MENDES MOSQUEIRA PAIVA"
8724;"***.276.981-**";"HENRIQUE VENTURA SANTOS"
8725;"***.727.226-**";"NILTON RODRIGUES MARTINS FILHO"
8726;"***.316.528-**";"JOAO GABRIEL DOS SANTOS FREITAS"
8727;"***.417.937-**";"MARCELO PEREIRA DE CASTRO"
8728;"***.656.172-**";"JOSE LUCAS DOS SANTOS NOGUEIRA"
8729;"***.057.788-**";"GEORGE ALBERTO GARCIA DE OLIVEIRA"
8730;"***.804.183-**";"PAULO SERSIO CORREIA DE OLIVEIRA FILHO"
8731;"***.500.192-**";"WENDEL DOUGLAS DOS SANTOS AFONSO"
8732;"***.744.406-**";"WAGNER DE OLIVEIRA BRAGA"
8733;"***.513.917-**";"EDUARDO CARNEIRO RIBEIRO"
8734;"***.224.407-**";"BRUNO MINGUTA DA SILVA"
8735;"***.957.026-**";"ROBERT DE ALMEIDA ALVES"
8736;"***.780.881-**";"EDIVALDO RODRIGUES DE REZENDE JUNIOR"
8737;"***.828.137-**";"ROBERTO MACHADO DE SOUZA"
8738;"***.538.397-**";"TUANDRE GOMES DE SOUZA"
8739;"***.774.847-**";"ELVIS COSTA"
8740;"***.189.819-**";"KLAYTON NATAN MORAES"
8741;"***.999.791-**";"GUSTAVO DOS SANTOS ROSA"
8742;"***.975.467-**";"WENDEL DE OLIVEIRA MARQUES CORREA"
8743;"***.263.343-**";"FRANCISCO DAVID DE LIMA COSTA"
8744;"***.991.676-**";"JOAO VITOR GONCALVES DE SOUSA"
8745;"***.377.074-**";"EDMAR IGOR RAMOS DOS SANTOS"
8746;"***.701.030-**";"RENAN SOBOTYK DE OLIVEIRA"
8747;"***.054.909-**";"ALDERI EDSON DE PRA"
8748;"***.257.117-**";"EDUARDO PIMENTEL HENRIQUES"
8749;"***.460.756-**";"THIAGO HENRIQUE ALVES"
8750;"***.705.847-**";"ALBERTO SILVA PAULINO"
8751;"***.391.806-**";"HENRIQUE DOS REIS PAULA"
8752;"***.402.897-**";"HENRIQUE DE VASCONCELOS CRUZ RIBEIRO"
8753;"***.881.371-**";"ZILDA ISIDORO OLIVEIRA"
8754;"***.454.840-**";"PAULO MOTA BANDARRA"
8755;"***.885.852-**";"CELIELSON DE AGUIAR BRITO"
8756;"***.913.894-**";"ANA CLAUDIA CAMPOS"
8757;"***.558.280-**";"MARILENE HOERLLE NOZARI"
8758;"***.268.584-**";"LUAM HENRIQUE BENEDITO DA SILVA GOMES"
8759;"***.725.254-**";"MARCOS ANDRE FERREIRA GRANJA"
8760;"***.853.531-**";"PAULO HENRIQUE PEREIRA FREITAS"
8761;"***.321.871-**";"PAULO ROBERTO DE OLIVEIRA GARCIA"
8762;"***.091.116-**";"MARCIO TAKESHI SUGAWARA"
8763;"***.376.686-**";"MAGNO ELOISIO DE PAULA"
8764;"***.223.236-**";"HARLLEY SANDER SILVA TORRES"
8765;"***.028.996-**";"LUCIANO VILAS BOAS ESPIRIDIAO"
8766;"***.855.826-**";"ANTONIO VIEIRA LIMA"
8767;"***.971.466-**";"ANDERSON NASCIMENTO OLIVEIRA"
8768;"***.848.329-**";"PATRICIA MULLER VIDAL"
8769;"***.391.358-**";"JADE SCHEVENIN"
8770;"***.168.558-**";"RICARDO CEZAR JOAQUIM"
8771;"***.538.077-**";"ALEXANDRE MORAIS BORGES"
8772;"***.390.137-**";"WAGNER PEREIRA DOS SANTOS"
8773;"***.043.863-**";"RAMON SOARES E SILVA"
8774;"***.603.393-**";"JOSE MARIA CARDOSO FILHO"
8775;"***.381.291-**";"RICARDO AUGUSTO PEREIRA"
8776;"***.112.229-**";"EDMILSON JOSE KLEINERT"
8777;"***.093.111-**";"CARLOS ATILA PIMENTA"
8778;"***.026.850-**";"MARCOS AIMORE MACHADO FAGUNDES"
8779;"***.792.255-**";"ADSON MOTA ROCHA"
8780;"***.125.647-**";"DIOGO MENEZES FERRAZANI MATTOS"
8781;"***.324.277-**";"CARLOS ALBERTO LIDIZIA SOARES"
8782;"***.638.531-**";"ALESSANDRO WANZELLER MORGADO"
8783;"***.797.881-**";"MARCELO PEREIRA JAYME FILHO"
8784;"***.925.362-**";"ESTANLER FERREIRA DE SOUZA"
8785;"***.839.121-**";"NILTON SOUZA OLIVEIRA"
8786;"***.714.097-**";"EDUARDO OZORIO NUNES DOS SANTOS"
8787;"***.415.071-**";"NAYARA DOS SANTOS ANDRADE SOUSA"
8788;"***.471.700-**";"JOAO GURSKI RODRIGUES"
8789;"***.136.451-**";"GABRIEL GOMES PULLEN PARENTE"
8790;"***.627.649-**";"EVERTON LUIZ EXTECOETTER"
8791;"***.209.906-**";"CHRISTIANO HENRIQUE DE OLIVEIRA GAROFOLO"
8792;"***.316.526-**";"MARCELO HENRIQUE COSTA SANTOS"
8793;"***.479.466-**";"CEZAR SILVINO GOMES"
8794;"***.772.915-**";"PAULO ENGLY SOUZA MATOS"
8795;"***.825.900-**";"LUCIMAURO ALBUQUERQUE"
8796;"***.120.305-**";"JAQUELINE NEVES RIBEIRO"
8797;"***.094.633-**";"RONALDO PAIVA DE OLIVEIRA"
8798;"***.701.719-**";"ADRIANO SOARES"
8799;"***.415.823-**";"TELSON CUNHA CAVALCANTE"
8800;"***.294.700-**";"MAGALI BASTOS CRUZ"
8801;"***.491.659-**";"ALTIR ANTONIO PERUZZO"
8802;"***.440.515-**";"DIEGO HENRIQUE NEVES PEREIRA"
8803;"***.047.151-**";"ATILA BARBOSA PIRES"
8804;"***.524.666-**";"EUGENIO ASTOLFO COELHO ROCHA"
8805;"***.569.263-**";"HELANO REGIS DA NOBREGA FONTELES"
8806;"***.833.712-**";"REGINALDO COTA DOS SANTOS"
8807;"***.813.875-**";"ADRIANA NASCIMENTO SOUZA"
8808;"***.696.734-**";"MARIA DE FATIMA AMORIM GUERRA"
8809;"***.202.075-**";"ANA CAROLINE SANTOS PARANHOS"
8810;"***.352.071-**";"LINDOMAR SILVA DA COSTA"
8811;"***.322.981-**";"NUBIA NADIR DE JESUS OLIVEIRA"
8812;"***.661.201-**";"GERALDO PINTO COELHO"
8813;"***.666.052-**";"MARCOS ROBERTO MONTEIRO LEITE"
8814;"***.339.482-**";"MOISES DE SOUZA SANTOS"
8815;"***.564.882-**";"MIKELE MORAIS MICCIONE"
8816;"***.044.925-**";"RODOLFO MARQUES"
8817;"***.320.843-**";"LEONARDO ARAUJO BEZERRA"
8818;"***.485.101-**";"PEDRO DE PAULA EMERICH"
8819;"***.094.128-**";"CARLOS EDUARDO DE CAMARGO E CASTRO"
8820;"***.080.668-**";"BRUNO ALVES GIANFALDONI"
8821;"***.860.812-**";"ANTONIO ELSON PORTELA"
8822;"***.087.599-**";"MAXIMILIANO NIEDFELD RODRIGUEZ"
8823;"***.951.920-**";"ALINE KELLERMANN"
8824;"***.470.602-**";"JEISIANE PINTO ROCHA DA SILVA"
8825;"***.909.717-**";"ANTONIO DE PADUA LEITE SERRA DE ALMEIDA"
8826;"***.423.042-**";"MARIO ANTONIO CAVALEIRO DE MACEDO"
8827;"***.179.838-**";"LUCAS COUTINHO MAGNIN"
8828;"***.115.668-**";"PAULO CESAR PIRES DINIZ DA CRUZ"
8829;"***.035.228-**";"JOSE ANTONIO LOURENCO"
8830;"***.777.966-**";"LUCAS DANILO DA SILVA DURAES"
8831;"***.003.676-**";"MARCO TULIO SIMOES COELHO"
8832;"***.518.086-**";"FLAVIA MARIA ROSSI DE MORAIS"
8833;"***.157.077-**";"ANDERSON DE OLIVEIRA NASCIMENTO"
8834;"***.011.502-**";"MARCOS ANDRE DO NASCIMENTO ALBUQUERQUE"
8835;"***.702.022-**";"ADEMIR ALBERTO SOUTO DE JESUS"
8836;"***.351.167-**";"ANDRE LOUREIRO GRANGEIRO"
8837;"***.626.652-**";"WUALISSON CHAVES DA SILVA"
8838;"***.036.672-**";"JOSE AYAN"
8839;"***.546.406-**";"JAILSON FIGUEIREDO DOS SANTOS"
8840;"***.102.926-**";"GUILHERME BARROS REIS"
8841;"***.518.096-**";"ROSANGELA GONZAGA FONSECA"
8842;"***.928.454-**";"FABIANA VANESSA LEMOS DE SOUZA"
8843;"***.238.203-**";"LUCIANO BUARQUE BARBOSA"
8844;"***.145.163-**";"EVALDO MOREIRA MAPURUNGA FILHO"
8845;"***.024.608-**";"THIAGO YUDI TAKARA FERREIRA"
8846;"***.978.124-**";"JEANE MEDEIROS MARTINS DE ARAUJO"
8847;"***.781.125-**";"ZANONI BARRETO"
8848;"***.468.201-**";"CLEMILTON PEREIRA DA SILVA"
8849;"***.472.480-**";"ALINE DURO AVILA"
8850;"***.884.571-**";"KAREN GONCALVES DE ARAUJO ANTERO"
8851;"***.377.467-**";"CELSON HENRIQUE MEZA ORTIZ"
8852;"***.631.637-**";"ANDERSON FERREIRA DA SILVA"
8853;"***.802.437-**";"THADEU PACHECO SOUSA LEITE"
8854;"***.818.207-**";"LEONARDO DE MOURA RAMALHO FORTES"
8855;"***.114.777-**";"CASSIA MARIA BARRETO"
8856;"***.950.770-**";"LUCIANO VERNIERI SORIA JUNIOR"
8857;"***.181.864-**";"LINALDO FONSECA COSTA"
8858;"***.497.946-**";"MARCUS VINICIUS TOMAZ ADAO"
8859;"***.463.824-**";"ADALBERTO NUNES DE MOURA FILHO"
8860;"***.820.780-**";"JOSE CARLOS FRAI ZIMER"
8861;"***.150.284-**";"WEDSON URBANO DA SILVA"
8862;"***.999.650-**";"LUIS FILIPE DA ROSA ORIQUES"
8863;"***.286.817-**";"JUAN CARLOS FELIX RODRIGUES"
8864;"***.104.270-**";"WILLIAN DOS SANTOS CARVALHO"
8865;"***.430.832-**";"GABRIEL MONTE BRAZ"
8866;"***.149.497-**";"SERGIO ROBERTO OLIVEIRA DE LIMA"
8867;"***.450.077-**";"PERICLES MARTINS DOS SANTOS LOURENCO"
8868;"***.762.501-**";"THIAGO CAMPOS DE OLIVEIRA"
8869;"***.773.517-**";"MATHEUS DOS SANTOS BATISTA"
8870;"***.392.532-**";"ERICK SOUSA FERREIRA"
8871;"***.272.547-**";"DAVID CEZARIO DE SOUZA FILHO"
8872;"***.689.460-**";"MARCELLO NEIMAIER DOS SANTOS"
8873;"***.798.536-**";"RERISSON DA COSTA AZEVEDO"
8874;"***.944.717-**";"MAICON DOS SANTOS SILVA"
8875;"***.071.117-**";"JONATHAN DE SOUZA GONCALVES"
8876;"***.070.514-**";"JOSE RONALDO MARQUES JUNIOR"
8877;"***.469.791-**";"KENZO RODRIGUES HAYASHI"
8878;"***.241.736-**";"DIEGO CEZAR MONTEIRO DE MENDONCA"
8879;"***.487.714-**";"STENIO CORREIA DE BARROS"
8880;"***.682.411-**";"EDEILTON APARECIDO BARBOSA"
8881;"***.502.494-**";"RICARDO SOARES DOS SANTOS"
8882;"***.358.994-**";"ALEXANDRE NASCIMENTO DOS SANTOS"
8883;"***.238.924-**";"JOSE CLEBSON GUILHERME DA SILVA"
8884;"***.179.133-**";"RHAYANE DA SILVA MONTEIRO"
8885;"***.092.857-**";"KELLY PECINALLI DIAS"
8886;"***.006.669-**";"JOSE LAUDILINO BUENO JUNIOR"
8887;"***.797.091-**";"ANTONIO WEVERSON GOMES DOS SANTOS"
8888;"***.275.257-**";"GILBERTO DUARTE CUZZUOL"
8889;"***.615.786-**";"RICARDO DE MELO DIAS"
8890;"***.414.186-**";"ANDERSON DE OLIVEIRA REIS"
8891;"***.544.686-**";"RILKE TADEU FONSECA DE FREITAS"
8892;"***.572.006-**";"PAULO JOSE SARAIVA"
8893;"***.342.891-**";"TIAGO DOMINGUES DE OLIVEIRA"
8894;"***.793.232-**";"ONILSON PEREIRA BARBOSA"
8895;"***.189.860-**";"JOAO PAULO DIAS DA ROSA"
8896;"***.916.101-**";"WILSON ALVARES DE OLIVEIRA"
8897;"***.345.401-**";"CYNTHIA LUCAS VITORINO GUIMARAES"
8898;"***.979.842-**";"LEONARDO CAMARGO FAVATTO"
8899;"***.991.117-**";"ANDRE VALE DE SALLES ANDRADE"
8900;"***.648.259-**";"MARLON KONZEN"
8901;"***.581.851-**";"ISABELLA VENANCIO ALEIXO"
8902;"***.757.896-**";"ISABELA MORAIS ATAIDE VENTURIM"
8903;"***.032.290-**";"JOAO RODRIGUES NETO"
8904;"***.867.965-**";"PEDRO HENRIQUE MARQUES DOURADO LIRIO"
8905;"***.136.158-**";"MARCELO VANTINI DOS SANTOS"
8906;"***.024.633-**";"MARONILTON FERREIRA SOUSA"
8907;"***.716.980-**";"VALMIR DE SOUZA DO ESPIRITO SANTO"
8908;"***.389.327-**";"ALEX ALMEIDA CAVALCANTE DA SILVA"
8909;"***.042.140-**";"CARLOS GAUTAMA DE ABREU GOMES"
8910;"***.942.462-**";"NEWTON SOUZA SERRAO JUNIOR"
8911;"***.274.847-**";"DANIEL FERREIRA DE CARVALHO"
8912;"***.113.041-**";"GISELIA MARQUES DE SOUZA"
8913;"***.441.400-**";"CLODOIR OLIVEIRA DA SILVA"
8914;"***.728.390-**";"WALTER MORALES ARAGAO"
8915;"***.612.260-**";"LUIS RENATO JASNIEWICZ"
8916;"***.209.477-**";"DANIEL LOPES JORDY"
8917;"***.189.302-**";"MARIA DA GLORIA MONTEIRO DAIBES"
8918;"***.861.502-**";"JOSE EDIVALDO MARQUES CHERMONT"
8919;"***.979.568-**";"CESAR AUGUSTO AFONSO DRUMMOND"
8920;"***.136.450-**";"RITI SOARES DOS SANTOS"
8921;"***.207.353-**";"IVO GABRIEL BARROS MINEIRO"
8922;"***.556.676-**";"PATRICIA GRECO CAMPOS FARACO"
8923;"***.001.788-**";"FRANCISCO CHEN DE ARAUJO BRAGA"
8924;"***.804.501-**";"ALEXANDER BRUNO PEGORARE"
8925;"***.816.660-**";"GLEIDSON COMACHIO"
8926;"***.129.210-**";"LUCAS AJALA RAMOS"
8927;"***.765.541-**";"BRENDA VERONICA VIEIRA LEITE"
8928;"***.493.216-**";"LUIZ CARLOS DE MOURA"
8929;"***.299.231-**";"LEONARDO LANI DE ABREU"
8930;"***.514.907-**";"MARCOS UCHOA CAVALCANTI"
8931;"***.836.421-**";"BRUNO RICARDO EMIDIO DE OLIVEIRA"
8932;"***.762.687-**";"PEDRO MIGUEIS RODRIGUES"
8933;"***.227.974-**";"DANILO LOSADA JAPIASSU"
8934;"***.853.437-**";"MATHEUS DA SILVA DECCACHE SPITZ"
8935;"***.732.307-**";"RAFAELLE TORRES PEREIRA CARLOS"
8936;"***.171.907-**";"BRENO PINTO DE ANDRADE"
8937;"***.901.086-**";"JOAO PEDRO RIBEIRO"
8938;"***.678.689-**";"EDSON LAUSCHNER"
8939;"***.738.107-**";"RAFAEL CASCARDO CARDOZO DE SOUSA"
8940;"***.163.736-**";"MARLLON BRENDO DO CARMO MOREIRA"
8941;"***.357.081-**";"GABRIEL FUGINARA VERNILLE ELIAS"
8942;"***.612.171-**";"LUCAS ASSIS DE SOUZA"
8943;"***.523.861-**";"IVAN DIONATAN ORTIZ DOS SANTOS"
8944;"***.638.347-**";"MILLER PIRES SINGULANI"
8945;"***.822.485-**";"JOAO PAULO SANTOS REIS"
8946;"***.942.876-**";"GUSTAVO DELGADO CYRNE LOPES"
8947;"***.246.423-**";"PEDRO VINICIUS ALMEIDA DE OLIVEIRA"
8948;"***.963.337-**";"BRUNO MION CEA"
8949;"***.824.087-**";"VICTOR VERCOSA CRAVEIRO"
8950;"***.027.577-**";"ULYSSES DA SILVA CARVALHO"
8951;"***.317.550-**";"JACKSON DENIS MULLER BURGAN"
8952;"***.292.321-**";"ALEX FERREIRA MIRANDA"
8953;"***.854.861-**";"GLAUBER LOPES DA NOBREGA"
8954;"***.316.487-**";"LUIZ FREDERICO VIEIRA MACHADO CYPRIANO"
8955;"***.051.416-**";"ALISSON ALVES ALMEIDA"
8956;"***.469.684-**";"MARCOS ANTONIO DE SOUZA JUNIOR"
8957;"***.239.372-**";"JOSE MARIA LARANGEIRA VIANA"
8958;"***.916.318-**";"PAULO SERGIO MARIANO"
8959;"***.541.017-**";"COSME FERREIRA ALVES"
8960;"***.926.749-**";"LEONARDO DE SOUZA CHAGAS"
8961;"***.423.937-**";"MATHEUS CARVALHO PONTES"
8962;"***.712.841-**";"LUIS GUSTAVO MONTEIRO LIMA"
8963;"***.341.646-**";"JHONATAN SILVA TERRA"
8964;"***.076.900-**";"ANDREI MAKOSKI MACHADO"
8965;"***.115.432-**";"RENAN DOS SANTOS ESPOSTO"
8966;"***.742.237-**";"BRUNO KNUPP BRANDAO RUBEN"
8967;"***.775.379-**";"EDUARDO BRASIL DA ROCHA"
8968;"***.891.073-**";"ANDERSON DAS CHAGAS DE ALCANTARA"
8969;"***.976.717-**";"PABLO GUEDES DOS SANTOS DA SILVA"
8970;"***.134.836-**";"VITOR DE OLIVEIRA NASCIMENTO"
8971;"***.548.748-**";"RAFAEL VOLPATO SILVARES"
8972;"***.277.427-**";"LUCAS DE MELO OLIVEIRA PAIVA"
8973;"***.236.384-**";"FERNANDO FRANCISCO DOS PRAZERES"
8974;"***.126.393-**";"LETICIA CAMPOS DE OLIVEIRA FREITAS"
8975;"***.996.433-**";"FRANCISCO BRENO DE SOUSA SANTOS"
8976;"***.842.121-**";"ANTONIO GABRIEL DE ABREU SOUZA"
8977;"***.536.776-**";"MARLON DE SOUZA MUNIZ"
8978;"***.048.790-**";"JONAS RODRIGUES MACHADO"
8979;"***.447.237-**";"HUGO FARIA BRITO FRANCISQUINI"
8980;"***.794.957-**";"HUGO LIMA OLIVEIRA"
8981;"***.443.991-**";"HELIO BARROSO NETTO JUNIOR"
8982;"***.533.557-**";"PAULO ROBERTO DOS SANTOS FILHO"
8983;"***.314.879-**";"GILSON CARLOS CESCATO"
8984;"***.999.604-**";"JOANY GABRIELLY DA SILVA SEVERINO"
8985;"***.198.351-**";"GUILHERME DE ALMEIDA COSTA"
8986;"***.137.865-**";"ADRIANO FRAGA RODRIGUES VITAL"
8987;"***.129.984-**";"JOSE SUCUPIRA NETO"
8988;"***.695.631-**";"ANTONGNIONI PEREIRA DE MELO"
8989;"***.506.561-**";"LEANDRO CARBO"
8990;"***.653.061-**";"JOAO PAULO GONZALEZ GONCALVES"
8991;"***.307.286-**";"FLAVIO DONIZETE DE OLIVEIRA"
8992;"***.214.461-**";"ROBERTA DANNEMANN VARGAS NEVES"
8993;"***.432.562-**";"FABIO LUIS FERREIRA DE ALMADA"
8994;"***.283.620-**";"DENISE DE MORAES BORBA"
8995;"***.827.367-**";"ALAN TOWERSEY"
8996;"***.657.791-**";"EUNICE ARAUJO DOS REIS"
8997;"***.875.653-**";"MARCELO SILVA PEIXOTO"
8998;"***.152.124-**";"THIAGO PEDROSA CORTEZ"
8999;"***.914.641-**";"RODRIGO DE MORENO JABOUR"
9000;"***.212.007-**";"JOAO LUIZ CAETANO DE ARAUJO"
9001;"***.530.626-**";"MARCUS FIGUEIREDO NOGUEIRA"
9002;"***.747.327-**";"GUILHERME CADINELLI DOS SANTOS"
9003;"***.281.034-**";"JONATHAN CORREIA COSTA PIMENTEL"
9004;"***.245.432-**";"ITALO DE SOUZA CAMPELO"
9005;"***.971.741-**";"SOSTHENNY LEANDRO DOS SANTOS"
9006;"***.886.339-**";"GUSTAVO MARANGONI COSTA"
9007;"***.296.189-**";"DOUGLAS THOMAS JACOBSEN"
9008;"***.496.823-**";"LEANDRO SOUZA DA SILVA"
9009;"***.436.594-**";"DANIEL JOSE DOS SANTOS"
9010;"***.591.831-**";"ITAMAR VILARINHO BRITO"
9011;"***.759.298-**";"HEBER VIEIRA DE OLIVEIRA"
9012;"***.289.096-**";"MANOEL CENCAO PEREIRA DA MOTA FILHO"
9013;"***.122.406-**";"SABRINA RODRIGUES SILVA"
9014;"***.239.871-**";"WENDY ALMEIDA DE ARAUJO BECKER"
9015;"***.917.648-**";"ANDERSON LUIZ DOS SANTOS"
9016;"***.505.271-**";"GABRIELLA DE SOUZA NORONHA"
9017;"***.050.547-**";"ALEXANDRE MARINS DA SILVA CARRASCOSE"
9018;"***.945.361-**";"CLAUDELI CONCEICAO DOS SANTOS"
9019;"***.012.247-**";"RODRIGO PORTO HEINDIK"
9020;"***.115.921-**";"HENRIQUE DE OLIVEIRA ANDRADE"
9021;"***.295.627-**";"CLAUDIA REGINA TAVARES CANEDO"
9022;"***.688.157-**";"RICARDO MEDEIROS PIMENTA"
9023;"***.577.987-**";"FAGNER SALVADOR CARNEIRO"
9024;"***.222.547-**";"EMANUELLA LEIVAS DA SILVA"
9025;"***.205.148-**";"LUIZ FERNANDO DA COSTA PACHECO"
9026;"***.167.330-**";"GABRIEL ESCOBAR DOS SANTOS"
9027;"***.964.127-**";"BRUNO LOPES DA SILVA"
9028;"***.103.797-**";"TANIA CRISTINA SANTOS DA SILVA"
9029;"***.650.593-**";"MANOEL GOMES DE CARVALHO NETO"
9030;"***.843.367-**";"RAPHAEL REBOUCAS SANTANA SILVA"
9031;"***.836.087-**";"DOUGLAS BATISTA NUNES"
9032;"***.914.537-**";"PEDRO ALVES MAX"
9033;"***.147.987-**";"JOYCE DA SILVA BEZERRA GONCALVES"
9034;"***.153.282-**";"MATHEUS VIANNA DIAS SANTOS"
9035;"***.064.947-**";"WESCLEY DE SOUZA MARQUES"
9036;"***.208.467-**";"JOAO JOSE BAPTISTA DE MORAES"
9037;"***.740.337-**";"ANA CLARA BARBOSA MARTINS"
9038;"***.773.217-**";"NATALIA NASCIMENTO DOS SANTOS"
9039;"***.889.487-**";"ALLAN JEFFERSON SIMPLICIO TEIXEIRA"
9040;"***.650.307-**";"AFFONSO HENRIQUE BOAVENTURA MAIDANA"
9041;"***.805.500-**";"ELEANDRO DE NARDIN"
9042;"***.215.981-**";"ADRIANO MONTEIRO ROSA MARCOS"
9043;"***.006.039-**";"PEDRO FELIPE OLIVEIRA PINTO SOUZA HOLANDA"
9044;"***.363.016-**";"MIKAEL ARAUJO DE OLIVEIRA"
9045;"***.958.726-**";"ROMULO TEIXEIRA SOARES"
9046;"***.128.517-**";"MAURICIO ANSELMO SETUBAL JUNIOR"
9047;"***.985.264-**";"CARLOS CLEITON VIANA GUERRA"
9048;"***.050.775-**";"JONATAS SANTIAGO"
9049;"***.871.717-**";"MARCIO DA SILVA MACHADO"
9050;"***.215.322-**";"DAVISON CARLOS BASTOS LOUREIRO"
9051;"***.412.830-**";"VAGNER OLIVEIRA DOS SANTOS"
9052;"***.709.662-**";"WILLYAN GONCALVES ROSA"
9053;"***.752.796-**";"FELIPE PIFANO DIAS"
9054;"***.859.750-**";"FRANCESCO DE ROYES MELLO"
9055;"***.507.677-**";"JONATHAS LOPES DA SILVA BARBOSA"
9056;"***.688.381-**";"ANDERSON DE CAMARGO PIANTA"
9057;"***.118.971-**";"JOAO VICTOR VERISSIMO DOS SANTOS"
9058;"***.029.732-**";"RAUL CESAR LIMA DE OLIVEIRA"
9059;"***.702.617-**";"RENAN DOS REIS DRAWANZ"
9060;"***.849.803-**";"FRANCISCO SUERLANDIO FARIAS FERREIRA"
9061;"***.596.380-**";"VANDERLEI VILI POERNER"
9062;"***.308.738-**";"DANILO GUSMAO DE MOURA"
9063;"***.033.690-**";"RICHER CRISTOFARI DE OLIVEIRA"
9064;"***.632.780-**";"MILTON OLIVEIRA VIEIRA"
9065;"***.266.420-**";"GILBERTO TONATO CARDOSO"
9066;"***.949.900-**";"ADILSON DOS REIS"
9067;"***.617.109-**";"FABIANA FRIGO SOUZA"
9068;"***.462.648-**";"GRAZIELA APARECIDA FERRI DE OLIVEIRA"
9069;"***.024.102-**";"CHARLES DAM SOUZA SILVA"
9070;"***.900.744-**";"ARTHUR NASCIMENTO DE MELO"
9071;"***.001.899-**";"JUCELE GRANDO"
9072;"***.079.269-**";"RODRIGO ZUFFO"
9073;"***.693.844-**";"ANTONIO CLAUDIO DA SILVEIRA ALVES"
9074;"***.936.996-**";"JOAO VICTOR CARVALHO TEREZA"
9075;"***.093.496-**";"DANIEL NEVES ROCHA"
9076;"***.571.562-**";"EZEDEQUIAS DIAS DE SOUZA"
9077;"***.379.258-**";"JOSE ROBERTO DA SILVA"
9078;"***.254.468-**";"NELSON BERTO DOS SANTOS"
9079;"***.584.053-**";"VANDERSON BARBOSA LIMA"
9080;"***.565.791-**";"ALEXANDRE DA SILVA HASSAN"
9081;"***.031.086-**";"PAULO ANTONIO DE CARVALHO"
9082;"***.360.732-**";"IVALDO DE JESUS ALMEIDA BELEM"
9083;"***.985.697-**";"ROGERIO ALVES ZACHARIAS DE SOUZA"
9084;"***.320.011-**";"MARCUS VINICIUS SANTOS COSTA"
9085;"***.367.731-**";"ANDRE BRIZUENA GARCEZ"
9086;"***.691.507-**";"JONAS SOARES GALLITO"
9087;"***.931.243-**";"WERSON SOUSA DE ABREU"
9088;"***.538.164-**";"GILBERTO BEZERRIL"
9089;"***.772.109-**";"PAULO ROBERTO DA SILVA"
9090;"***.949.013-**";"JOSE DE RIBAMAR GOMES SILVA"
9091;"***.104.617-**";"JOSE RENATO VIEIRA LOPES"
9092;"***.305.832-**";"JOEL PARENTE DE OLIVEIRA"
9093;"***.309.166-**";"RAMANA GUIMARAES SOARES"
9094;"***.684.923-**";"LEONARDO CHAVES MOTA"
9095;"***.026.342-**";"IVAN LIMA ARAUJO"
9096;"***.339.198-**";"MARCOS PAULO PIMENTEL"
9097;"***.997.375-**";"ANA PAULA DE MOURA LEITE SOUZA"
9098;"***.156.148-**";"ELIANE MARTINS MELO"
9099;"***.009.004-**";"ALEX DE MELO ROEHE"
9100;"***.570.204-**";"FELIPE GOMES FRAGA"
9101;"***.198.418-**";"JULIANA RODRIGUES"
9102;"***.821.371-**";"VINICIUS RIBEIRO DE TORRES"
9103;"***.686.063-**";"ROBERTO CHAVES MOREIRA"
9104;"***.634.039-**";"GUSTAVO DEBONA BERNARDI"
9105;"***.965.233-**";"ALLYSON ARAUJO MUNIZ"
9106;"***.893.743-**";"REGINO SANTIAGO MESQUITA"
9107;"***.378.773-**";"VANESSA DE OLIVEIRA BARROS"
9108;"***.141.696-**";"ANA AMELIA TOLEDO BARRA"
9109;"***.131.657-**";"ANDRE NOGUEIRA CARDOSO"
9110;"***.754.406-**";"JULIANO FLAVIO DOS REIS REZENDE"
9111;"***.857.966-**";"EMILIO DE CASSIO CANDIDO"
9112;"***.436.988-**";"KIMBERLLY BILIERI DE OLIVEIRA CRUZ"
9113;"***.988.798-**";"PAMELA ALVES DA COSTA"
9114;"***.093.029-**";"MARCOS AURELIO GRANO"
9115;"***.738.312-**";"FRANCISCA DAS GRACAS ANDALECIO BATISTA GONTIJO"
9116;"***.418.334-**";"EDELSON DE AZEVEDO LUCENA"
9117;"***.013.232-**";"FRANCISCA DOS SANTOS DALTIBA"
9118;"***.877.047-**";"MARCUS VINICIUS BASTOS BORBA"
9119;"***.068.242-**";"REJIANE DE OLIVEIRA CAETANO"
9120;"***.968.821-**";"MARCOS ANTONIO TELES GUEDES"
9121;"***.104.097-**";"MARCIO SOARES RABELLO"
9122;"***.015.987-**";"LUIS EDUARDO FREITAS TINOCO"
9123;"***.101.429-**";"MARIO SERGIO CELSKI DE OLIVEIRA"
9124;"***.422.122-**";"MATHEUS MARQUES BITENCOURT SANTOS"
9125;"***.408.202-**";"HERBERTO UENO SEELIG DE SOUZA"
9126;"***.665.097-**";"ZORAIDE MENDONCA SOARES PUGLIA"
9127;"***.826.183-**";"PAULO VITOR DA CRUZ TAVARES"
9128;"***.803.713-**";"RAFAEL SANTANA DE CARVALHO"
9129;"***.729.403-**";"ARTHUR BENTO DE LIMA"
9130;"***.236.503-**";"LIDIA GOMES SILVA"
9131;"***.981.203-**";"ANTONIO FERNANDO MENDES SILVA"
9132;"***.132.149-**";"CRISTINA HIROKO SAKATA"
9133;"***.948.284-**";"JAILSON FILGUEIRA PEREGRINO DA SILVA"
9134;"***.994.618-**";"ADRIANA BARBOSA"
9135;"***.312.514-**";"SERGIO MURILO FAGUNDES DE FRANCA"
9136;"***.956.444-**";"IVAN PINHEIRO PAIVA JUNIOR"
9137;"***.076.204-**";"THIAGO CORNELIO DE ARAUJO"
9138;"***.424.603-**";"CLEMILSON DOMINGOS RESENDE SANTANA FILHO"
9139;"***.958.303-**";"WILSON GENTIL DA COSTA JUNIOR"
9140;"***.754.343-**";"JOICE DE SOUSA BORGES"
9141;"***.571.798-**";"LUZIANE APARECIDA MONTEIRO HENRIQUE DOS SANTOS"
9142;"***.476.147-**";"ALAN COSME RODRIGUES DA SILVA"
9143;"***.692.105-**";"MERCIA SANTOS HAACK"
9144;"***.125.221-**";"ADRIANA APARECIDA MANSANO ROSA"
9145;"***.412.584-**";"MARCO AURELIO VIANA SILVA"
9146;"***.851.299-**";"SIDNEY FRAGA"
9147;"***.633.911-**";"ALESSANDRO WAGNER ALVES SILVA"
9148;"***.054.608-**";"RUI MOREIRA DOS SANTOS"
9149;"***.951.688-**";"VINICIUS LIMEIRA MARTINS"
9150;"***.783.247-**";"JESSICA RODRIGUES DA SILVA"
9151;"***.711.892-**";"HUDSON DO NASCIMENTO NOVAIS"
9152;"***.234.706-**";"BRUNO SERGIO CARVALHO DE AZEVEDO"
9153;"***.183.287-**";"ALYSSON KARDECK FERREIRA LIMA"
9154;"***.789.807-**";"LARISSA DOS SANTOS CORREIA"
9155;"***.668.857-**";"WENERSON CARLOS ALVES DE ARAUJO"
9156;"***.793.447-**";"CIRO SERGILOW GOMES LUGAO DA COSTA LIMA"
9157;"***.346.127-**";"LEANDRO CANTO CORTAZIO"
9158;"***.512.687-**";"BRUNO SERGIO ROCHA DE SOUZA"
9159;"***.726.107-**";"ANNA KAROLINA OLIVEIRA RONDON"
9160;"***.153.374-**";"ARTHUR COSME RUFINO DE MORAIS"
9161;"***.564.797-**";"JONATAS FERREIRA RAGAZZI"
9162;"***.341.787-**";"RODRIGO OLIVEIRA COSTA"
9163;"***.803.293-**";"KEILIANE RABELO MARTINS"
9164;"***.692.577-**";"BRENO MADRUGA LANZILLOTTA"
9165;"***.787.114-**";"RAFAEL HENRIQUE DA SILVA"
9166;"***.651.552-**";"CAIO LUCIO ANDREOLA DA SILVA"
9167;"***.778.057-**";"GUSTAVO DIAS KRISTOSCHEK"
9168;"***.346.851-**";"DANIEL COSTA ALVES"
9169;"***.580.121-**";"JOAO PAULO VAZ ROCHA"
9170;"***.094.496-**";"VITOR ALVES ANDRADE"
9171;"***.579.206-**";"JORDANE FREIRE FERREIRA"
9172;"***.919.143-**";"EDILSON CHAVES DA SILVA"
9173;"***.770.357-**";"PAULO CESAR GOMES DA FONSECA"
9174;"***.371.912-**";"MATHEUS FILIPE DE OLIVEIRA SAAR SILVA"
9175;"***.801.136-**";"DANIEL ALVES"
9176;"***.400.550-**";"GUILHERME STEFAN DA SILVA"
9177;"***.446.045-**";"YURI BRITO DE PAULA"
9178;"***.325.245-**";"FILIPE DA SILVA SANTOS"
9179;"***.092.121-**";"PEDRO GUSTAVO DE MELO GONCALVES"
9180;"***.989.830-**";"EDUARDO GIACOMELLI JUSTEN"
9181;"***.307.967-**";"ALAN GOMES BARROZO"
9182;"***.822.964-**";"KLEITON ALKMAR DE SOUZA OLIVEIRA"
9183;"***.964.228-**";"MATHEUS LOPES SETTE"
9184;"***.470.961-**";"JOSE ENIO PINHEIRO DOS SANTOS"
9185;"***.684.850-**";"MARCIO DE LIMA SILVEIRA"
9186;"***.936.727-**";"ISRAEL SANTOS MARTINS"
9187;"***.691.480-**";"JOSMAR DOS SANTOS PEREIRA"
9188;"***.093.643-**";"FELIPE JOSE DE CASTRO SANTOS"
9189;"***.684.570-**";"IZAIAS SEVERO RODRIGUES"
9190;"***.919.214-**";"MAX CLAYTON SANTOS"
9191;"***.481.816-**";"SILVIO CESAR MOISES"
9192;"***.825.826-**";"THIAGO ALVES PEREIRA"
9193;"***.988.184-**";"RODOLFO HERCULANO RIBEIRO DA SILVA"
9194;"***.796.761-**";"SILMAR DIAS DA SILVA"
9195;"***.087.923-**";"DIEGO DE CASTRO COSTA"
9196;"***.765.460-**";"FERNANDO CASTRO ARAUJO"
9197;"***.313.501-**";"JOHN MULLER HIPOLITO DOS SANTOS"
9198;"***.894.361-**";"WAGNER MARCOS DE OLIVEIRA"
9199;"***.543.727-**";"MAURICIO BATISTA FERREIRA"
9200;"***.150.406-**";"CLODOALDO SILVERIO ROSA"
9201;"***.631.570-**";"RAFAEL DO CARMO DIAS"
9202;"***.910.997-**";"MARCO ANTONIO CARNEIRO"
9203;"***.292.797-**";"DANNIEL ELIAS CARNEIRO LEITE DOPAZO"
9204;"***.681.818-**";"CLAUDIO FERREIRA DE OLIVEIRA"
9205;"***.842.284-**";"JORGE EDUARDO AZEVEDO COSTA"
9206;"***.663.818-**";"ALEXANDRE CARLOS RODRIGUES RAMOS"
9207;"***.434.875-**";"TIAGO PINHEIRO VAZ DE CARVALHO"
9208;"***.166.420-**";"MOISES MOREIRA PINHEIRO"
9209;"***.354.489-**";"ANDREIA DALLA ROSA"
9210;"***.433.729-**";"CICERO TEOFILO BERTON"
9211;"***.966.672-**";"ANDRE XAVIER DINELLY"
9212;"***.621.474-**";"ADEILTON RODRIGUES GOMES"
9213;"***.165.444-**";"JOSE IRINEU FERREIRA JUNIOR"
9214;"***.358.021-**";"RAUL MANOEL PEREIRA NETO"
9215;"***.411.858-**";"DENIVALDO APARECIDO GARAVELLO"
9216;"***.337.767-**";"ELIZABETE GERLANIA CARON SANDRINI"
9217;"***.812.637-**";"JOAO PAULO SANTOS"
9218;"***.048.339-**";"REINALDO SILVA BARBOSA"
9219;"***.831.958-**";"MARA MARCIA DE OLIVEIRA VONO DE SANT ANA"
9220;"***.491.931-**";"JANAINA MARA PACCO MENDES"
9221;"***.471.229-**";"LEANDRO APARECIDO DE AGUIAR"
9222;"***.127.926-**";"JOSE CLAUDIO FERNANDES CARNEIRO"
9223;"***.311.686-**";"MARCOS ROBERTO DOS SANTOS"
9224;"***.875.611-**";"SERGIO HENRIQUE FERNANDES MUNDIM"
9225;"***.103.089-**";"CLADIS JULIANA LUTINSKI"
9226;"***.078.586-**";"ALEXANDRE RIBEIRO LIMA"
9227;"***.100.048-**";"RAFAEL FARINASSI MENDES"
9228;"***.302.172-**";"GABRIELA DE OLIVEIRA ARAUJO FILGUEIRA"
9229;"***.167.356-**";"PEDRO HUMBERTO TAVARES DE MELO SILVA"
9230;"***.424.774-**";"ISABELLA KARINA DE ANDRADE LUCENA"
9231;"***.888.440-**";"KATIA REZZADORI"
9232;"***.593.518-**";"ELLEN LUCY TRISTAO"
9233;"***.659.106-**";"GIULIANO ALVES BORGES E SILVA"
9234;"***.554.757-**";"ANDRE LUIZ DE JESUS RODRIGUES"
9235;"***.656.847-**";"LUCIENE ALVES MIGUEZ NAIFF"
9236;"***.817.857-**";"GIANCARLOS ZULIANI JUNIOR"
9237;"***.850.391-**";"ALINE FERNANDES DE CARVALHO"
9238;"***.241.801-**";"MARCIO ROBERTO DE LIMA SOLINO"
9239;"***.496.143-**";"EDER SANDRO LIMA CHAVES"
9240;"***.111.614-**";"BARBARA MONTE FORTUNATO LUNA"
9241;"***.610.309-**";"SERGIO DE PAULA SANTOS"
9242;"***.173.974-**";"GEOVAL LUIZ DE OLIVEIRA JUNIOR"
9243;"***.501.253-**";"DENIZE MOURA LEAL DIAS"
9244;"***.698.416-**";"LEONARDO TEIXEIRA ALVIM"
9245;"***.356.737-**";"THIAGO JOSE SILVA MENDES DE OLIVEIRA"
9246;"***.178.695-**";"DAIANE RIBEIRO SILVA DE JESUS"
9247;"***.532.600-**";"ADRIANO OTAVIO MALDANER"
9248;"***.568.038-**";"NARUMI PEREIRA LIMA"
9249;"***.229.116-**";"TERESA CRISTINA MIRANDA"
9250;"***.717.384-**";"CIRO CORREA VIEIRA DE MELO"
9251;"***.617.639-**";"CARLOS EDUARDO VITORIA"
9252;"***.401.638-**";"MARIO DE AZEVEDO MARCONDES FILHO"
9253;"***.323.103-**";"CARLOS ARTUR LIMA DA ROCHA"
9254;"***.680.533-**";"LAYANNE MOITA COSTA"
9255;"***.518.986-**";"MATEUS LOURENCO DE PAULA"
9256;"***.127.951-**";"VINICIUS RENATO MARTINI"
9257;"***.665.721-**";"JESSICA MAIARA BERNARDES DIAS CORREIA"
9258;"***.744.776-**";"WILLIAN RODRIGUES FERREIRA"
9259;"***.866.079-**";"ADILSON JOSE RANK"
9260;"***.622.368-**";"ALEXANDRO CRISTOVAN TSUKADA"
9261;"***.569.100-**";"GEOVANI DA ROSA FONSECA"
9262;"***.769.669-**";"MARIA CRISTINI PIACENTINI BOPPRE"
9263;"***.125.417-**";"ALEXANDRE SILVA ESTEVES"
9264;"***.397.802-**";"AILTON DOS SANTOS NASCIMENTO"
9265;"***.764.221-**";"RODRIGO DE SOUZA SILVA"
9266;"***.620.258-**";"ELISA MARIA ELVIRA BRETERNITZ"
9267;"***.354.984-**";"ANTONIO JOSE SANTOS DE LIMA"
9268;"***.210.706-**";"MARCOS DELGADO GONTIJO"
9269;"***.148.701-**";"FABIANO JOSE DE CAMPOS BASTOS"
9270;"***.366.856-**";"FRANKLIN DE PAULA"
9271;"***.282.120-**";"JOSE CARLOS DE PAULA"
9272;"***.715.514-**";"JOSE MARCELO VENANCIO DA CUNHA"
9273;"***.630.182-**";"JAIR OLIVEIRA CANDIDO"
9274;"***.566.241-**";"PAULO ROBERTO FREITAS SILVA PELAGIO"
9275;"***.079.870-**";"JOEL FRANCESCHINI"
9276;"***.864.439-**";"MARCOS ALBERTO AHLF"
9277;"***.498.991-**";"JOSE LUIZ ROMA"
9278;"***.879.537-**";"BRUNO BARBOSA IESPA"
9279;"***.322.618-**";"ALINE COSTA SOARES DA FONSECA"
9280;"***.425.777-**";"GABRIEL DE MENDONCA DOMINGUES"
9281;"***.518.880-**";"GABRIEL MOREIRA RABAIOLI"
9282;"***.482.724-**";"OBEDE VERISSIMO DA SILVA"
9283;"***.588.476-**";"PATRICIA DE OLIVEIRA BORGES E SOUZA"
9284;"***.548.546-**";"NAYLA FERNANDA ANDRADE LOPES"
9285;"***.345.616-**";"RENAN SERENINI BERNARDES"
9286;"***.489.865-**";"WAGNER REBOUCAS ALMEIDA"
9287;"***.183.660-**";"FRANCISCO LUIS BOHNS RIBEIRO"
9288;"***.889.391-**";"ARILSON CAVALCANTE PEREIRA"
9289;"***.211.997-**";"MARILIA ALVES TAVARES"
9290;"***.698.098-**";"ALEXANDRE BRINO"
9291;"***.492.120-**";"MARGARETE DE SIQUEIRA CHAVES"
9292;"***.873.891-**";"EDSON AMEMIYA"
9293;"***.924.081-**";"PAULO LEONARDO BOTELHO DE ASSIS VIEIRA"
9294;"***.766.054-**";"DHONE GUEDES DE AGUIAR GOMES"
9295;"***.669.232-**";"ALDEVANDRO PEREIRA SILVA"
9296;"***.280.474-**";"MARIA DO CARMO BARROS"
9297;"***.227.395-**";"ROMULO SILVEIRA DOS SANTOS AMOR"
9298;"***.255.492-**";"JOSE FERNANDO AMARAL PINTO"
9299;"***.493.129-**";"FABIO CESAR WON STEIN"
9300;"***.054.044-**";"NEMUEL FRANCA DE ARAUJO"
9301;"***.155.557-**";"ROGERIO DE ASSIS MATOS"
9302;"***.519.347-**";"MARCIO BEL FERNANDES DA ROCHA"
9303;"***.612.227-**";"LUAN RAPHAEL CUNHA DOS SANTOS MARTINS"
9304;"***.942.467-**";"EDIVAR RODRIGUES SOUSA JUNIOR"
9305;"***.404.657-**";"JOAO VICTOR SALES DE SOUZA"
9306;"***.513.457-**";"GABRIEL BITTENCOURT SANTIAGO VIEIRA"
9307;"***.258.297-**";"VINICIUS NEVES LEITE"
9308;"***.032.727-**";"JONISTON DOS REIS MARTINS"
9309;"***.414.057-**";"VINICIOS PEDROZA BRANDT"
9310;"***.757.227-**";"MARCELO BARBOSA DE OLIVEIRA"
9311;"***.782.887-**";"PAULO VICTOR PAMPOLHA SIMOES"
9312;"***.382.217-**";"BRUNO RIBEIRO VICENTE"
9313;"***.121.947-**";"ALAN ERIC MENDES DE SOUZA"
9314;"***.277.622-**";"CARLOS AUGUSTO SIQUEIRA MARTINS"
9315;"***.730.664-**";"BRUNNA SOARES RODRIGUES COSTA"
9316;"***.126.853-**";"TATIANE DA SILVA ARAUJO"
9317;"***.520.561-**";"LUCAS ALVES SILVA"
9318;"***.754.609-**";"LEANDRO WAGNER TRISTAO"
9319;"***.561.807-**";"LUIZ FELIPE CORREA E CORREIA"
9320;"***.835.621-**";"VINICIUS FERREIRA FREITAS"
9321;"***.202.081-**";"BRUNO SANTOS DA MOTA"
9322;"***.432.407-**";"ARTUR LUIZ GALINDO BOMFIM"
9323;"***.536.797-**";"ARTUR ROBSON DE OLIVEIRA DA SILVA"
9324;"***.614.437-**";"ANDRE DE OLIVEIRA FERNANDES"
9325;"***.528.657-**";"GUILHERME MOFFATI SOARES BUSTAMANTE"
9326;"***.104.817-**";"GABRIEL FELIPE DA SILVA PEREIRA"
9327;"***.416.347-**";"HIRAN CARDOSO DE SOUZA TOLEDO"
9328;"***.082.988-**";"LEONARDO JONATHAN DA SILVA"
9329;"***.765.706-**";"DANIEL LUCAS SANTOS MOURA"
9330;"***.076.759-**";"LUIZ CLAUDIO PEREIRA JUNIOR"
9331;"***.272.802-**";"DIOGO HELANO MARTINS FERREIRA"
9332;"***.729.259-**";"OTAVIO HERNATZKI JUNIOR"
9333;"***.308.597-**";"PAULO ANDRE PRATA DECOTE"
9334;"***.162.147-**";"LUCAS CARVALHO DE OLIVEIRA GARCIA"
9335;"***.893.763-**";"PEDRO GABRIEL MOURA MACHADO"
9336;"***.903.100-**";"BRUNO MANUEL DE FRAGA GUTERRES"
9337;"***.423.830-**";"MATHEUS PIETRO POMPEU ALVES"
9338;"***.190.530-**";"DEMITRE GIRIBONE PFEIFER"
9339;"***.064.350-**";"BRUNO BITTENCOURT DA SILVEIRA"
9340;"***.385.300-**";"LUAN DOS SANTOS JAIME"
9341;"***.282.397-**";"FELIPE PEREIRA DA SILVA"
9342;"***.555.223-**";"LUIS DE GONZAGA MOTA PINTO"
9343;"***.799.626-**";"VICTOR HUGO MATTOS MARTINS"
9344;"***.494.950-**";"LUCAS DANIEL SIMON DE JEZUZ"
9345;"***.788.846-**";"VICTOR LUIZ PEREIRA MIRANDA"
9346;"***.801.211-**";"MARIA ELISA CORSINO"
9347;"***.371.317-**";"CAIO FELIPE PEDRON"
9348;"***.561.877-**";"FLAVIO BARROSO DA SILVA"
9349;"***.765.336-**";"JUDA BONFATTI DE SOUZA LIMA"
9350;"***.659.780-**";"DANIEL DOS SANTOS SILVEIRA"
9351;"***.448.017-**";"CARLOS VAGNER BORSATO LIMONGI"
9352;"***.322.677-**";"JOAO PAULO XAVIER TEIXEIRA"
9353;"***.963.294-**";"VINICIUS JOSE ROCHA DE LIMA"
9354;"***.885.597-**";"VINICIUS REIS DA SILVA"
9355;"***.905.766-**";"MARCELO FERREIRA LEITE CARNEIRO DE MACEDO"
9356;"***.996.030-**";"JHONATAN BORGES PINTO"
9357;"***.458.470-**";"FERNANDO DONATO"
9358;"***.961.013-**";"DANIEL SOUZA DE ALBUQUERQUE"
9359;"***.032.490-**";"PEDRO HENRIQUE SCHERER VEIGA"
9360;"***.783.991-**";"JOAO VITOR DA SILVA SARAIVA"
9361;"***.035.897-**";"DANIEL RAMON DA SILVA FERREIRA"
9362;"***.430.051-**";"LUIZ HENRIQUE MARRELI FERREIRA"
9363;"***.535.640-**";"LUIZ FERNANDO CORROCHE PERES"
9364;"***.323.560-**";"EDER FORTES DA ROSA"
9365;"***.319.620-**";"ANTONIO CARLOS DUTRA BATISTA"
9366;"***.163.960-**";"HENRIQUE FALLER CHAGAS"
9367;"***.667.166-**";"FERNANDO PEREIRA LUZ"
9368;"***.257.527-**";"GABRIEL TRINDADE REGIS"
9369;"***.667.547-**";"RENAN CORREA FARIA"
9370;"***.132.807-**";"LUIZ HENRIQUE GOMES GONCALVES"
9371;"***.671.937-**";"THIAGO FELIPE DOS SANTOS SIQUEIRA"
9372;"***.155.653-**";"NILO PARENTE PESSOA DIAS"
9373;"***.720.546-**";"MURILO MONTEIRO DE SOUSA"
9374;"***.265.330-**";"ALCIDES LUCIANO MEDEIROS BELMUDES"
9375;"***.375.873-**";"WESLEY NUNES DA SILVA"
9376;"***.693.043-**";"MARCELO DO NASCIMENTO SILVA"
9377;"***.633.057-**";"GABRIEL GOMES CASTRO"
9378;"***.767.467-**";"DOUGLAS REINA DE MOURA"
9379;"***.390.280-**";"LEONARDO DE LIMA ESCOBAR"
9380;"***.318.379-**";"JAIME PAROLIM"
9381;"***.296.420-**";"VANDERLEI DE LIMA BOTTCHER"
9382;"***.039.297-**";"ANDRE FERREIRA DE MIRANDA"
9383;"***.931.054-**";"FERNANDO FREITAS DE MEDEIROS"
9384;"***.177.561-**";"JOSE PEREIRA AGUIAR NETO"
9385;"***.697.520-**";"VANDERLEI CRISTIANO JURASKI"
9386;"***.268.034-**";"JAILSON SAMPAIO DE SOUSA"
9387;"***.861.586-**";"GERBER LUCIO LEITE"
9388;"***.611.314-**";"JOSE LEANDRO CANDIDO"
9389;"***.230.013-**";"TARDELLY SOUSA SIPAUBA"
9390;"***.216.391-**";"RAFAEL JOSE TRICHES NUNES"
9391;"***.639.367-**";"MARCOS REIS DE SOUZA"
9392;"***.494.266-**";"KARENINA MARTINS VALADARES"
9393;"***.965.306-**";"FAGNER JOSE DE CARVALHO LOURENCO"
9394;"***.273.101-**";"ANNE HELOISA MARTINS SOARES"
9395;"***.082.061-**";"RITA DE CASSIA FERNANDES DOS SANTOS"
9396;"***.002.891-**";"JEZIEL FERREIRA DOS SANTOS"
9397;"***.512.046-**";"LIVIO SANTOS SOARES"
9398;"***.058.624-**";"THIAGO ROCHA DE SA GOMES"
9399;"***.119.689-**";"LAUREN MACHADO PINTO"
9400;"***.694.127-**";"ENEIDA FALCAO VEIGA"
9401;"***.387.617-**";"FELIPE VAZ SANCHES"
9402;"***.427.757-**";"CESAR DOS SANTOS COSTA"
9403;"***.218.567-**";"GABRIEL ROMAO"
9404;"***.274.187-**";"CLAUDIO DE OLIVEIRA PAES LEME"
9405;"***.409.857-**";"JESSIKA FIGUEREDO ALVES"
9406;"***.897.489-**";"MAURINI DE SOUZA"
9407;"***.652.537-**";"MARIA DE FATIMA SOUZA"
9408;"***.290.983-**";"MATHEUS RODRIGUES LIMA AGUIAR"
9409;"***.006.201-**";"BRENO DE SOUZA ROCHA"
9410;"***.814.889-**";"DENIVALDO VIOLIN"
9411;"***.235.049-**";"GESE ADEMIR OLIVEIRA"
9412;"***.900.185-**";"THOMAZ FONSECA MAYNARD GARCEZ"
9413;"***.498.130-**";"LETICIA STEDILE"
9414;"***.818.947-**";"MARCELO FONSECA DE AZEVEDO"
9415;"***.823.514-**";"ROSILANE SANTOS CAVALCANTI"
9416;"***.727.734-**";"UBIRACI RODRIGUES DA FONSECA"
9417;"***.212.257-**";"FABIO DA SILVA BOTELHO"
9418;"***.348.164-**";"SIMONE OLIVEIRA SILVA"
9419;"***.462.788-**";"RODRIGO ALMEIDA ALFANO"
9420;"***.574.641-**";"KEVEN BELO DE SOUZA"
9421;"***.404.545-**";"RENILDO MOREIRA FALETA"
9422;"***.174.474-**";"RAFAEL GONZAGA CAMARA DE MELO"
9423;"***.093.157-**";"THATIANA DAVINHA DA SILVEIRA DE OLIVEIRA"
9424;"***.413.156-**";"LUAN BRAZ SCARPA WALDEMBURGO DE AGUIAR"
9425;"***.786.096-**";"LUIZ GUSTAVO SILVA BARBOSA"
9426;"***.854.396-**";"DANIEL GONCALVES RIBEIRO"
9427;"***.216.347-**";"THIAGO FERREIRA BARBOSA"
9428;"***.522.898-**";"DANIELA COSTA FERRETE"
9429;"***.354.578-**";"LUIS GUSTAVO PONCIANO PEREIRA"
9430;"***.754.158-**";"SILVESTRE SCARDOVELLI"
9431;"***.540.195-**";"IVANILDO CIRQUEIRA SILVA"
9432;"***.947.067-**";"MARCEL PICOLI HAASE"
9433;"***.919.114-**";"MARCO ANTONIO CUNHA"
9434;"***.951.381-**";"MARCEL LEAL FERNANDES"
9435;"***.327.947-**";"SANDRO CONSTANT DE ALMEIDA FILHO"
9436;"***.470.252-**";"MARCELA PINHEIRO CIDADE"
9437;"***.809.504-**";"ANDERSSON CHRISTYAN SOARES DA SILVA"
9438;"***.307.594-**";"LINDEMBERG RAMOS DOS SANTOS"
9439;"***.334.333-**";"ROGERIO PINHEIRO MAGALHAES CARVALHO"
9440;"***.388.400-**";"VALERIO MIGUEL GRANDO"
9441;"***.175.484-**";"ROBERTO BASILIO DE LIMA"
9442;"***.498.553-**";"MARIA DO CARMO RODRIGUES VERAS"
9443;"***.813.902-**";"MOACIR RIBEIRO FURTADO"
9444;"***.978.754-**";"WELLINGTON DE ARAUJO GUEDES DA COSTA"
9445;"***.431.826-**";"JADSON VIANA BASTOS"
9446;"***.073.996-**";"MARCELO JOSE PEREIRA DA CUNHA"
9447;"***.460.926-**";"FLAVIO MENDES BOTELHO"
9448;"***.111.832-**";"JOSE PASCOAL NASCIMENTO CORDEIRO"
9449;"***.618.301-**";"ANTONIO CARLOS ALMEIDA PAES"
9450;"***.366.472-**";"FABIANO RODRIGUES GUEDES"
9451;"***.801.301-**";"YUGO MARCELO MIYAKAWA"
9452;"***.136.639-**";"SERGIO NORIYUKI SUZUKI"
9453;"***.481.459-**";"EMERSON LUIZ SERVELLO"
9454;"***.552.251-**";"MARCELO NEIVA DE AMORIM"
9455;"***.353.781-**";"MARCELLO LUIZ DA COSTA ANDRADE"
9456;"***.094.408-**";"CLAUDINEI JOSE RODRIGUES"
9457;"***.997.311-**";"ERIKA BASTOS DE REZENDE"
9458;"***.692.709-**";"ANA CAROLINA SAUPE"
9459;"***.256.201-**";"ILDA APARECIDA DE MEDEIROS MOURA"
9460;"***.862.011-**";"PAULO OLIVEIRA DE SOUSA"
9461;"***.085.661-**";"CLAUDIA BARBOSA DE LIMA SACRAMENTO"
9462;"***.958.322-**";"MARILEIA DE ARAUJO DA SILVA"
9463;"***.830.212-**";"CRISTIANO LEAO GOMES"
9464;"***.987.398-**";"HUGO GABRIEL SANTOS BORGES"
9465;"***.299.460-**";"GUILHERME SCHMIDT"
9466;"***.858.441-**";"LUIZ CARLOS GONCALVES PENNAFORT JUNIOR"
9467;"***.159.364-**";"MARIA LUIZA DE MENDONCA PEDROSA"
9468;"***.457.762-**";"MARCOS BORGES PALMA"
9469;"***.186.301-**";"HELIO PINHEIRO ANDRADE DO REGO"
9470;"***.120.354-**";"LUIS VICENTE DA SILVA FILHO"
9471;"***.406.293-**";"NATANAEL VIANA LOURENCO"
9472;"***.176.312-**";"IGOR CESAR RIBEIRO FALCAO"
9473;"***.170.172-**";"BRIANI CIBELY ARAUJO SOUZA CUNHA"
9474;"***.528.838-**";"VILMA GALVAO DA ROSA"
9475;"***.345.342-**";"MARIA NILMAR DE SOUZA"
9476;"***.838.902-**";"FRANCISCO CORDEIRO DE AZEVEDO"
9477;"***.391.913-**";"NALBER MIRANDA LEITE"
9478;"***.488.157-**";"MOISES CORREA FONSECA DA SILVA"
9479;"***.585.121-**";"ALAN FERREIRA DOS ANJOS DE MATOS"
9480;"***.942.188-**";"VICTOR AUGUSTO DA SILVA"
9481;"***.564.451-**";"LEONARDO VASCONCELOS LISBOA"
9482;"***.934.554-**";"VITOR RIJK RUFINO"
9483;"***.661.437-**";"JOAO PAULO ALVES DE LIMA"
9484;"***.043.063-**";"LEOMACIO NUNES DOS SANTOS"
9485;"***.456.689-**";"ONILDO DA CONCEICAO JUNIOR"
9486;"***.976.710-**";"JEFERSON DE JESUS BLUM"
9487;"***.505.859-**";"JEAN MICHEL JUNGBLUT"
9488;"***.602.857-**";"JONATAS DO ROSARIO QUINTAO"
9489;"***.185.197-**";"LEANDRO GRACIANO DE SOUZA"
9490;"***.136.187-**";"RAFAEL JOSE D AMICO THOMAZ DA SILVA"
9491;"***.199.377-**";"IGOR DOS SANTOS MARQUES"
9492;"***.543.117-**";"KAROLINE BATISTA NOGUEIRA"
9493;"***.073.657-**";"CLAUDIO ROBERTO SOARES DA SILVA"
9494;"***.427.177-**";"WESLEI PAIVA MARTINS"
9495;"***.447.357-**";"LEONARDO FERNANDES DE MELLO AMORIM SANTOS"
9496;"***.749.427-**";"ISRAEL DE SOUZA LOPES MELO"
9497;"***.164.150-**";"PAULA SEVERO LOPES"
9498;"***.447.307-**";"DELLEON PEREIRA MARTINS"
9499;"***.835.967-**";"GABRIELA BELMIRO PROENCA"
9500;"***.345.147-**";"BIANCA CORREA DE OLIVEIRA FERRAZ"
9501;"***.848.572-**";"RAQUEL FALCAO DO REGO"
9502;"***.519.447-**";"RAFAEL MARTINS COELHO"
9503;"***.225.697-**";"VANESSA GOMES DA ROCHA SOARES"
9504;"***.260.807-**";"JEAN NEVES CAVALCANTE"
9505;"***.450.737-**";"DOUGLAS DA COSTA ALVES"
9506;"***.449.217-**";"JEAN LOUIS ESPINOSO DE MOURA"
9507;"***.707.707-**";"JOSE EDUARDO MESQUITA BARBOSA FILHO"
9508;"***.344.467-**";"LUIS GIULIANO DA SILVA"
9509;"***.229.964-**";"SWVERILDO VASCONCELOS DA SILVA"
9510;"***.873.000-**";"VILMAR CORDEIRO MENEZES"
9511;"***.792.881-**";"LETIANA DA SILVA REHBEIN"
9512;"***.552.696-**";"JUNIO CORREA DA SILVA"
9513;"***.271.726-**";"ANTONIO DIOGO DO NASCIMENTO JUNIOR"
9514;"***.853.642-**";"CAIO FELIPE PEQUENO RODRIGUES"
9515;"***.247.309-**";"LEONARDO HENRIQUE DE ALMEIDA MOREIRA"
9516;"***.585.839-**";"JEFERSON REZNISKI SANTOS"
9517;"***.206.519-**";"MARIO ANTONIO PEQUIM MODESTO"
9518;"***.378.049-**";"GABRIEL FILIPI COLMAN ROCHA"
9519;"***.433.226-**";"VINICIUS CORDEIRO BARROS PINHEIRO"
9520;"***.839.470-**";"MARCOS DOS SANTOS MONTEIRO"
9521;"***.246.230-**";"TATIANE BORGES MORO GONCALVES"
9522;"***.500.227-**";"JEZIEL BECALITO SANTO"
9523;"***.338.670-**";"SOLANO FERREIRA DE SOUZA"
9524;"***.987.251-**";"MATHEUS DE SOUZA NEPOMUCENO"
9525;"***.617.477-**";"RODRIGO BOMFIM E SILVA"
9526;"***.687.338-**";"MIGUEL CERVANTES DE OLIVEIRA"
9527;"***.124.238-**";"JOAB DOS SANTOS QUINTINO"
9528;"***.296.366-**";"MARCOS VINICIUS FAGUNDES TEIXEIRA"
9529;"***.902.900-**";"SAMUEL BORBA BRANDOLFF"
9530;"***.345.473-**";"JULIO CESAR BRANCO QUINTINO JUNIOR"
9531;"***.518.424-**";"INALDO RODRIGUES DE SOUZA JUNIOR"
9532;"***.441.610-**";"PABLO EDUARDO ROZA ARAUJO DE ALMEIDA"
9533;"***.959.961-**";"ANDRE NEVES BATISTA"
9534;"***.940.762-**";"GEORGE LUCAS NEVES DA SILVA"
9535;"***.988.013-**";"HERLON JARDEL DA SILVA BRITO"
9536;"***.965.686-**";"CLAUDIO EDUARDO RESENDE JORGE"
9537;"***.852.949-**";"MARCOS VINICIUS DA CRUZ BITTERBIR"
9538;"***.352.828-**";"DIEGO ROBERTO MONTEIRO"
9539;"***.851.950-**";"NEISON VALDIR SILVEIRA DOS SANTOS"
9540;"***.311.549-**";"MARCELO CEZAR PEREIRA FURTADO"
9541;"***.804.400-**";"PEDRO HENRIQUE SUDATI RIBEIRO"
9542;"***.388.220-**";"NATANAELL LOUREIRO DE JESUS"
9543;"***.813.907-**";"MATHEUS BARBETA NOBREGA"
9544;"***.005.261-**";"CAIO HENRIQUE BORGES SILVA"
9545;"***.755.187-**";"ALEX DA CRUZ SANTOS"
9546;"***.349.621-**";"JORGE AUGUSTO SCHONS CORREA"
9547;"***.202.703-**";"YURI DA COSTA JUSTA"
9548;"***.640.624-**";"CLEITON ALVES DA SILVA"
9549;"***.079.061-**";"DOUGLAS MIELDAZIS BRASIL DE FREITAS"
9550;"***.024.860-**";"GUILHERME DE DEUS BRAZ"
9551;"***.778.221-**";"PAULO VINICIUS WERNECK"
9552;"***.095.205-**";"DAVI ALVES LIMA"
9553;"***.175.459-**";"EDUARDO MITIO KUSAKARIBA"
9554;"***.194.088-**";"LUCAS HENRIQUE PEREIRA CALACIO"
9555;"***.232.489-**";"JONATHAN SCHORNOBAI PEREIRA"
9556;"***.219.073-**";"AYRTON LEVY ALVES DA SILVA"
9557;"***.817.696-**";"GLAUBER CLEITON DA SILVA LODORO"
9558;"***.533.607-**";"JAECY EDUARDO PAVAN DE MEDEIROS"
9559;"***.872.530-**";"CRISTIANE DE AVILA CANABARRO"
9560;"***.624.810-**";"SANDRO JAIR ZIEMNICZAK"
9561;"***.168.340-**";"LUCAS BIZZI DA ROCHA"
9562;"***.196.370-**";"ANA PAULA KNOLL"
9563;"***.068.560-**";"CARLOS EDUARDO SOARES"
9564;"***.264.037-**";"GABRIEL FERNANDEZ SANTOS"
9565;"***.764.711-**";"ALCIDINO JOSE BARBOSA"
9566;"***.543.511-**";"ALESSANDRO CRUZ DE FREITAS"
9567;"***.182.403-**";"ANTONIO MAIRTON BEZERRA AZEVEDO"
9568;"***.349.002-**";"EDILSON PEREIRA RODRIGUES"
9569;"***.178.777-**";"BRUNO TUNES DE MELLO"
9570;"***.274.857-**";"JANDSON GUIMARAES DA COSTA"
9571;"***.614.857-**";"CLAYTON FERREIRA FRANCA VARGAS"
9572;"***.631.567-**";"ELBA JANE BASTOS PEREIRA"
9573;"***.707.055-**";"CESAR BERNARD OLIVEIRA DE SOUZA"
9574;"***.113.916-**";"CAROLINE ROBERTA FREITAS PIRES"
9575;"***.535.860-**";"GIOVANI BAPTISTA GIODA"
9576;"***.424.969-**";"JESSE DE PELEGRIN"
9577;"***.740.496-**";"EDMILSON NOVAES"
9578;"***.045.859-**";"MARIELLI APARECIDA NAVA PAGGI"
9579;"***.438.707-**";"JOSE EMILIO OLIVEIRA"
9580;"***.818.033-**";"LUIS ARTUR REGO FIGUEIREDO"
9581;"***.405.700-**";"ANDRE LUIS PEREIRA DRESSENO"
9582;"***.018.551-**";"YARA CHRISTINA PEREIRA MARTINS"
9583;"***.165.819-**";"FABIANA DOS SANTOS OLIVEIRA"
9584;"***.469.124-**";"GERMANA BARROS RODRIGUES"
9585;"***.138.610-**";"ALINE OLEGARIO BAPTISTA"
9586;"***.791.735-**";"ROSA CANDIDA CORDEIRO"
9587;"***.476.740-**";"CATIA REGINA MULLER"
9588;"***.117.426-**";"LETSILANE ALVES BARBOSA"
9589;"***.643.046-**";"ROBERTA FERREIRA CASTRO"
9590;"***.591.671-**";"MAURO HENRIQUE ARAUJO RIBEIRO"
9591;"***.843.441-**";"JOSE MARIO DE ALMEIDA"
9592;"***.519.273-**";"ROMARIO RUFINO DE SOUSA"
9593;"***.466.352-**";"EVERTON FARIAS DOS REIS"
9594;"***.200.576-**";"LUISA SOUZA LIMA MACEDO"
9595;"***.418.386-**";"DANIEL LADEIRA CARVALHO"
9596;"***.498.140-**";"FERNANDO PFLUG COMPARSI"
9597;"***.614.607-**";"KEILLA MACHADO QUEIROZ"
9598;"***.286.739-**";"BRUNO DE SOUZA LOPES"
9599;"***.457.423-**";"FELIPE DA SILVA FACANHA PEREIRA"
9600;"***.257.030-**";"RAFAEL QUINTO SCREMIN"
9601;"***.790.679-**";"LEOMAR HELTON ANDRADE RIBEIRO"
9602;"***.024.307-**";"MICHEL DOS SANTOS BITANA"
9603;"***.629.582-**";"MARCOS SOUSA DA ROCHA"
9604;"***.815.989-**";"JOAO PAULO HAAS"
9605;"***.007.666-**";"WAGNER SCHMITZ"
9606;"***.874.075-**";"MAX CABRAL DOS SANTOS"
9607;"***.883.126-**";"ADRIANO SOUZA DOURADO"
9608;"***.317.343-**";"MARIA IZILNICE ESMERALDO DE OLIVEIRA"
9609;"***.263.427-**";"JORGE LUIZ CAMANHO DE AGUIAR JUNIOR"
9610;"***.567.897-**";"CELIA REGINA SARMENTO CAMARA DA SILVA"
9611;"***.921.177-**";"MAGALY NUNES DO NASCIMENTO"
9612;"***.158.013-**";"LOIANE MELO DE ALMEIDA CAMARGOS"
9613;"***.138.227-**";"ELCIO COUTINHO DO NASCIMENTO"
9614;"***.221.873-**";"THAIS MORAES MELO"
9615;"***.620.802-**";"GLORIA LORENA SOUSA SENA"
9616;"***.241.706-**";"JOANA ANGELICA CAVALCANTI PINHEIRO"
9617;"***.472.772-**";"MARCELO MACEDO GUIMARAES"
9618;"***.329.533-**";"CARLOS EDUARDO SANTOS DE OLIVEIRA"
9619;"***.011.341-**";"MARCIO PIERO ELLY"
9620;"***.284.692-**";"MARIA DO SOCORRO ALMADA DOS SANTOS"
9621;"***.328.479-**";"ROBERTO RAMOS"
9622;"***.119.626-**";"JOSE GERSON BARRETO CAVALCANTE"
9623;"***.906.427-**";"JOSE RODRIGUES SILVA"
9624;"***.259.569-**";"PABLO DAVI KIRCHHEIM"
9625;"***.754.432-**";"IRIA DE OLIVEIRA SANTOS"
9626;"***.169.753-**";"ANNA KARINA ARAUJO SOARES"
9627;"***.315.818-**";"LUCIANO BONATTI REGALADO"
9628;"***.585.262-**";"JOSE PEDRO DA MOTA MELO"
9629;"***.934.398-**";"BENJAMIM BORDALLO DA LUZ"
9630;"***.657.035-**";"TULIO CESAR NUNES DE MOURA"
9631;"***.821.505-**";"ELIETE OLIVEIRA ALMEIDA"
9632;"***.730.462-**";"ANTONIA FRANCISCA COSTA FONSECA"
9633;"***.937.847-**";"RAFAELA DE LIMA FRANCA"
9634;"***.587.549-**";"CASSIO MISSAKI"
9635;"***.001.482-**";"MICHEL CARDOSO PARANHOS"
9636;"***.914.257-**";"EDVALDO COSTA DE MARQUE"
9637;"***.476.849-**";"CARLOS EDUARDO PACHECO"
9638;"***.672.282-**";"NAIRTON DE SALES BASTOS JUNIOR"
9639;"***.192.327-**";"ANDREA RIBEIRO DO NASCIMENTO"
9640;"***.753.498-**";"CAMILA BATISTA DOS SANTOS"
9641;"***.193.109-**";"ELAINE DO ROCIO SILVA NERY"
9642;"***.452.429-**";"FLAVIO DE MORAES"
9643;"***.625.299-**";"MARCELO FLORENTINO FRAGA"
9644;"***.123.768-**";"JANSEN VENTURA DE SOUZA"
9645;"***.649.457-**";"RODOLFO MACHADO ENDLER GOMES"
9646;"***.164.209-**";"NICEIA SUELI SIMES"
9647;"***.497.887-**";"ANTONIO CARLOS DE SOUZA MARTINS"
9648;"***.662.095-**";"ALINE SANTOS SILVA"
9649;"***.916.301-**";"GUILHERME BRUNO DOS SANTOS"
9650;"***.827.461-**";"ALVARO DE OLIVEIRA SILVA DUARTE"
9651;"***.310.081-**";"ALISSON DA GUARDA"
9652;"***.132.377-**";"DAYANA GOLTARA GONCALVES DE NEGREIROS PAIVA"
9653;"***.348.312-**";"DILERMANDO CARDOSO GOULART JUNIOR"
9654;"***.440.537-**";"RENATA DA SILVA GADELHA"
9655;"***.796.830-**";"ROGERIO FELIX DE LIMA COELHO"
9656;"***.162.228-**";"ARIEL ROCHA RIBEIRO"
9657;"***.830.067-**";"ALVARO TAVARES DE SANTANA"
9658;"***.370.137-**";"SAULO ALVES DOS SANTOS E SANTOS"
9659;"***.166.117-**";"ANDERSON FERREIRA MARQUES"
9660;"***.911.155-**";"EDSON RIBEIRO CERQUEIRA JUNIOR"
9661;"***.976.598-**";"AMANDA KUHLMANN DE MELLO ANGERAMI"
9662;"***.114.137-**";"WESLEY DE LIMA RAMOS CABRAL"
9663;"***.672.517-**";"VINICIUS CUTRIM BOTELHO"
9664;"***.874.797-**";"ALLAN DAVID GOMES DA SILVA LOUREIRO"
9665;"***.772.197-**";"CAIO SOUSA DE SOUZA"
9666;"***.555.792-**";"VICTOR MOREIRA GOMES"
9667;"***.207.147-**";"LEONAM FRANKLIN DE ALMEIDA"
9668;"***.762.007-**";"ELIAS CARVALHO DE OLIVEIRA"
9669;"***.004.407-**";"ROGERIO DOS SANTOS PEREIRA"
9670;"***.548.417-**";"DAIANA CRISTINE PEREIRA DO NASCIMENTO"
9671;"***.187.201-**";"VICTOR EMMANUEL SILVA CASTELO"
9672;"***.437.817-**";"RAFAEL OLIVEIRA SIQUEIRA DA SILVA"
9673;"***.430.706-**";"GABRIEL VILAS BOAS DIAS"
9674;"***.646.786-**";"GUILHERME MENDES DIAS SALES GOMES"
9675;"***.669.950-**";"MARCOS VALANDRO CRESTANI LAVARDA"
9676;"***.247.992-**";"HENRIQUE LUCA NERES NASCIMENTO"
9677;"***.455.719-**";"JEAN CARLOS ERHART"
9678;"***.149.629-**";"LUCAS LASCHI DE OLIVEIRA"
9679;"***.055.210-**";"MAYARA KELLEN LEITE FERREIRA"
9680;"***.504.631-**";"PEDRO ARTHUR COUTO DANTAS"
9681;"***.462.737-**";"GUILHERME HENRIQUE CARVALHO CRIVELARI"
9682;"***.087.591-**";"ANDRE ESTEVES NEVES"
9683;"***.015.820-**";"CLAITON ROVIAN DUTRA"
9684;"***.307.096-**";"ANDREI VICTOR CARDOSO DOS SANTOS"
9685;"***.184.335-**";"HENRIQUE LUCCA MORATO GAMA"
9686;"***.154.652-**";"JAKSON DE SOUZA SILVA"
9687;"***.322.058-**";"RAFAEL CESAR BERNARDES ROSA"
9688;"***.779.262-**";"JOAO EDUARDO NEVES MARTINS"
9689;"***.097.994-**";"WANDERSON PATRICIO CARNEIRO DE LIMA"
9690;"***.687.394-**";"RODRIGO ASSUMPCAO MOTA MIRANDA"
9691;"***.136.197-**";"BARBARA XAVIER DA SILVA"
9692;"***.194.657-**";"DEMETRIOS TOMAZ DA SILVA"
9693;"***.900.321-**";"LUCAS CAVALLARE RUELA"
9694;"***.190.060-**";"LUCAS HENRIQUE DE MEDEIROS"
9695;"***.950.957-**";"GABRIEL ALMEIDA DO NASCIMENTO"
9696;"***.647.290-**";"LUCAS ALAN BAUMGARTNER"
9697;"***.188.370-**";"TAMIR DE FREITAS GUTIERRI"
9698;"***.471.137-**";"GABRIEL RIZZO DA COSTA SOARES"
9699;"***.081.161-**";"TALLES HENKEL RODRIGUES DA SILVA"
9700;"***.154.831-**";"MARCELO DA SILVA COSTA"
9701;"***.764.946-**";"LUIZ FELIPE DE OLIVEIRA"
9702;"***.534.168-**";"JOSE FERNANDO GON ALVES"
9703;"***.518.576-**";"ALEXANDRE ALMEIDA NASCIMENTO"
9704;"***.166.029-**";"FERNANDO SANTOS CECCONET"
9705;"***.872.157-**";"ANDRE FERREIRA AMARANTE"
9706;"***.082.047-**";"ANDRESSA RIBEIRO BARBOSA"
9707;"***.722.789-**";"MAYKO FELIPPE DE SOUZA REIS"
9708;"***.429.489-**";"JOAO VICTOR PAGESKI DO NASCIMENTO"
9709;"***.047.815-**";"HUGO ALVES MENEZES"
9710;"***.942.116-**";"JORGE LUIZ ZANGANELLI MACHADO"
9711;"***.087.614-**";"ALEFH ANGELO BARRETO DA SILVA"
9712;"***.025.311-**";"CAIO JULIANO PORTELA LIMA SIMOES"
9713;"***.141.343-**";"RAFAEL LOPES MOREIRA"
9714;"***.876.541-**";"FLAVIO HENRIQUE NOBREGA E SILVA"
9715;"***.907.624-**";"VAGNER TEIXEIRA BARBOSA DA SILVA"
9716;"***.422.711-**";"ARTHUR DE CASTRO REIS"
9717;"***.573.697-**";"RUIMAR PORTELA CORREA JUNIOR"
9718;"***.453.933-**";"ELY LINDOLFO BARBOSA"
9719;"***.212.130-**";"LUIS ORIONE GARCIA DE FREITAS"
9720;"***.320.076-**";"DANILO TIELLES DE SOUSA"
9721;"***.513.606-**";"LUCAS MUSSI STEINER"
9722;"***.600.037-**";"GABRIEL SANTOS PEIXOTO FARIAS"
9723;"***.341.531-**";"CLAUDIO MARCEL DE ALMEIDA MOURA"
9724;"***.160.974-**";"ROGERS OLIVEIRA DO NASCIMENTO"
9725;"***.441.288-**";"ALISON JOSE DA SILVA SEELIG"
9726;"***.448.698-**";"MATHEUS RAMOS ROSSI"
9727;"***.058.107-**";"JHONATAN DA SILVA LIMA"
9728;"***.006.782-**";"CAIAN SALDANHA DE OLIVEIRA GOMES"
9729;"***.521.690-**";"OSVANDO GALVAN RIBEIRO"
9730;"***.067.507-**";"JOHNATAN FREIRE GOMES"
9731;"***.744.797-**";"YAN DE ALMEIDA SANTOS REGO"
9732;"***.863.177-**";"THALLES WANDER DOS REIS SILVA"
9733;"***.039.842-**";"ADSON FELIPE PENA GARCIA"
9734;"***.311.362-**";"RAMON NOGUEIRA AZEVEDO"
9735;"***.123.121-**";"FERNANDO BISPO MARINAS"
9736;"***.980.186-**";"DANNYEL RAFAEL DE CARVALHO"
9737;"***.918.157-**";"SILVIO LUIZ MIRANDA DA SILVA"
9738;"***.004.540-**";"LUIS IRAN RODRIGUES FERNANDES"
9739;"***.238.201-**";"CLAUDECI CARVALHO INACIO"
9740;"***.255.967-**";"ALEF BARBOSA DE ASSUNCAO"
9741;"***.916.787-**";"JAQUELINE ARAUJO SOUZA MENDES"
9742;"***.016.433-**";"WANDERSON DE CASTRO NASCIMENTO MARTINS"
9743;"***.567.637-**";"DANIEL SANT ANNA ESTRELLA"
9744;"***.929.215-**";"DANIEL SILVA DE SOUZA"
9745;"***.128.034-**";"RONALDO DOS SANTOS DE MOURA"
9746;"***.720.048-**";"ALEXANDRE OLIVEIRA DA ROSA"
9747;"***.035.586-**";"LUCAS ALCANTARA DE CARVALHO"
9748;"***.412.531-**";"MAURICIO OLIVEIRA GOMES"
9749;"***.638.586-**";"CARLOS RAFAEL CAMPOS RESENDE"
9750;"***.255.850-**";"JORGE TADEU DE FREITAS ARAUJO"
9751;"***.941.134-**";"GABRIEL DA SILVA MARTINS"
9752;"***.930.680-**";"RAFAEL NORBERT PEREIRA"
9753;"***.258.770-**";"ALECSANDRO DIEHL"
9754;"***.222.203-**";"RAFAEL ROCHA SA"
9755;"***.636.173-**";"FRANCISCO ANDRE FERREIRA MENEZES"
9756;"***.053.547-**";"MARLUS NOGUEIRA NASCIMENTO"
9757;"***.982.497-**";"JAIRO MONTEIRO SIQUEIRA DA SILVA"
9758;"***.538.877-**";"EMERSON COSME SILVA DE OLIVEIRA"
9759;"***.851.977-**";"THIAGO VIEIRA SILVA"
9760;"***.288.102-**";"JOAO JOSE PEREIRA BENEVIDES"
9761;"***.221.256-**";"CLAUDENIR DA SILVA LIMA"
9762;"***.556.327-**";"THIAGO ALCANTARA GUALBERTO TEIXEIRA"
9763;"***.331.356-**";"SELMAIR REIS ALVES"
9764;"***.908.397-**";"CESAR MASSUCATI NEGRI"
9765;"***.995.563-**";"FRANCISCA ROUSE LUZ GONCALVES DE MORAIS"
9766;"***.920.204-**";"DANIEL FIDELES SEABRA"
9767;"***.896.891-**";"DIONEY MAGALHAES BRITO"
9768;"***.576.235-**";"ANA PAULA PEREIRA ALVES"
9769;"***.275.089-**";"TIAGO JONES BACK"
9770;"***.664.294-**";"LIGIA GOMES FERREIRA DE SOUZA MAIA"
9771;"***.204.624-**";"GENARD DANTAS DE AGUIAR NETO"
9772;"***.253.464-**";"CATELINE REGIA DE LUCENA RAMOS"
9773;"***.125.136-**";"HUGO RAFAEL NOGUEIRA GOMES"
9774;"***.760.139-**";"JULIO CESAR LEIVA FILHO"
9775;"***.484.871-**";"VALDEMAR ONOFRE NETO"
9776;"***.293.630-**";"ADRIANA SILVA MARTINS"
9777;"***.654.317-**";"CRISTIANO DA SILVA COSTA"
9778;"***.335.166-**";"CARLOS EDUARDO BATISTA CORDEIRO"
9779;"***.437.686-**";"ADOLFO ENRIQUE CIFUENTES PORRAS"
9780;"***.314.424-**";"CRISPIM CIPRIANO DO NASCIMENTO NETO"
9781;"***.016.094-**";"RICARDO JUNIOR DE LIMA"
9782;"***.095.846-**";"JADER FILIPE BRAGA DE SOUSA"
9783;"***.019.817-**";"WAGNER PESSANHA TAMY"
9784;"***.779.807-**";"THAISE PEREIRA BASTOS SILVA PIO"
9785;"***.271.227-**";"GILSON SANTIAGO BORGES"
9786;"***.814.301-**";"EDIMUNDO ANTONIO BANDEIRA DE MELO FILHO"
9787;"***.371.301-**";"RODRIGO NEVES DE MENEZES LEITE"
9788;"***.763.051-**";"FLAVIO QUEIROZ DAMASCENO"
9789;"***.094.157-**";"FILLIPE CRESPO VIEIRA"
9790;"***.649.799-**";"HAROLDO FERREIRA DIAS JUNIOR"
9791;"***.282.006-**";"PEDRO HENRIQUE MARTINS SOARES"
9792;"***.783.701-**";"JONIO SILVEIRA IBIAPINA"
9793;"***.435.672-**";"GUSTAVO ADOLFO DOS SANTOS BOUCAO"
9794;"***.872.327-**";"ALEXANDRE LACERDA PEDRAZZI"
9795;"***.406.724-**";"JEAN MIGUEL FORMIGA DE ALENCAR"
9796;"***.644.161-**";"ADILTON DE OLIVEIRA INAGAKI"
9797;"***.714.252-**";"ROSANGELA MARIA GEORGETE PANTOJA SANTIAGO"
9798;"***.918.792-**";"MAGNO DOS SANTOS AMANAJAS"
9799;"***.319.404-**";"ROBERTO CLEMENTE BATISTA"
9800;"***.010.876-**";"GUILHERME OLIVEIRA CARDOSO"
9801;"***.538.758-**";"NEVIL RAMOS VERRI"
9802;"***.053.122-**";"MACKEM SILVA DE CASTRO"
9803;"***.082.671-**";"RAFAELA BALLIANA BRAGANCA DE VASCONCELOS"
9804;"***.266.833-**";"GERMANO SANFORD DIOGENES"
9805;"***.711.077-**";"FERDINAND SIDNEI MENDES"
9806;"***.047.619-**";"FRANZ PRIESTER"
9807;"***.390.221-**";"GIOVANNA CORREA BAMPA"
9808;"***.742.980-**";"LEANDRO DA SILVA PINTO"
9809;"***.013.667-**";"LUCAS PUPPIM CARVALHO"
9810;"***.322.586-**";"MARCOS FERNANDO DE MORAIS"
9811;"***.841.867-**";"HUDSON TAMANHAO DE OLIVEIRA"
9812;"***.886.908-**";"LUCIANO BORGES GONCALVES"
9813;"***.801.343-**";"GUSTAVO BARBOSA DE FARIAS"
9814;"***.809.117-**";"ALLAN EWERTON REZENDE EUFLOSINO"
9815;"***.795.300-**";"FELIPE ROSSI MASSAIA"
9816;"***.569.978-**";"STEFANIE DE PAULA SALES PINHEIRO"
9817;"***.782.002-**";"MARIO DO SOCORRO JARDIM MONTEIRO"
9818;"***.144.450-**";"SIMONE COSTA SILVA DE CAMARGO"
9819;"***.045.634-**";"CLAUDIO MOONEN"
9820;"***.665.543-**";"CARLOS MAGNO CASTRO CARDOSO"
9821;"***.821.241-**";"EULINA PAULA DA SILVA"
9822;"***.006.830-**";"JONATHAN NEREU LISBOA PIMENTA ROJAS"
9823;"***.563.537-**";"CARLOS EDUARDO BARBOSA DE OLIVEIRA"
9824;"***.624.112-**";"SEBASTIAO HENRIQUE SANTOS LIMA"
9825;"***.161.436-**";"JULIO CESAR DE SOUZA"
9826;"***.234.354-**";"MIGUEL RAMOS BARRETO"
9827;"***.959.134-**";"AURINO VITAL DA SILVA"
9828;"***.869.194-**";"PAULO FERNANDO DA SILVA"
9829;"***.224.614-**";"EDILSON SERGIO DA SILVA"
9830;"***.921.454-**";"WELLINGTON CESAR BARBOSA DE LIRA"
9831;"***.048.802-**";"LUIZ CARLOS DEL CASTILO RAIOL"
9832;"***.448.041-**";"ISAQUE MEDEIROS SIQUEIRA"
9833;"***.408.643-**";"MARGARETH MUNIZ SILVA"
9834;"***.303.353-**";"DIEGO BEZERRA RODRIGUES"
9835;"***.673.658-**";"HENRIQUE MICELI GONCALVES"
9836;"***.739.501-**";"CARLOS FERNANDO ANICET FISCHER"
9837;"***.837.676-**";"DAYSE DE SOUZA LEITE"
9838;"***.171.297-**";"RICARDO MOTTA PIRES"
9839;"***.294.195-**";"DIOGO DOS SANTOS SILVA"
9840;"***.697.734-**";"EVANDRO DE MEDEIROS NOBREGA"
9841;"***.090.909-**";"LUCAS EDUARDO BOFF"
9842;"***.668.194-**";"ERIOSVALDO DUARTE CELESTINO"
9843;"***.743.719-**";"DANIEL RAMOS PONTONI"
9844;"***.664.038-**";"DENILSON JOSE DA SILVA"
9845;"***.256.826-**";"LUIS HENRIQUE DE CAMARGOS FREITAS"
9846;"***.088.509-**";"ERLEY DE OLIVEIRA"
9847;"***.418.667-**";"VERONICA DA COSTA DALCANAL"
9848;"***.755.451-**";"IURI HOLSBACK GUERRERO"
9849;"***.898.277-**";"IZAIAS RODRIGUES PENHA"
9850;"***.937.754-**";"ELIZIEL FERREIRA DA SILVA FILHO"
9851;"***.063.644-**";"BRENO CASAL RAMOS"
9852;"***.223.891-**";"FRANCISCO CHAVES FREITAS"
9853;"***.961.798-**";"TIBERIO CLEMENTE RODRIGUES DE SOUZA"
9854;"***.997.020-**";"LEONARDO RHADEL DIAS"
9855;"***.821.068-**";"KEISON DE SOUZA LUNIERE"
9856;"***.760.021-**";"NIVALDO CARLOS DA SILVA"
9857;"***.277.687-**";"MIRIAM SIQUEIRA DE MIRANDA"
9858;"***.487.668-**";"GUSTAVO DE SOUZA ALMEIDA"
9859;"***.262.692-**";"FRANCISCA DAMIANA DA SILVA E SILVA"
9860;"***.536.458-**";"LEANDRO JANDUCCI CARRERA"
9861;"***.292.937-**";"THIAGO MACHADO DA COSTA"
9862;"***.550.217-**";"RENATO DE ALMEIDA MARINS"
9863;"***.667.210-**";"PHELIPE FERREIRA DO NASCIMENTO"
9864;"***.772.143-**";"ABMAEL MOREIRA DE OLIVEIRA"
9865;"***.216.707-**";"PEDRO HENRIQUE THEOPHILO TEIXEIRA"
9866;"***.316.557-**";"ALLAN HENRIQUE SOARES BENTO"
9867;"***.477.647-**";"WALLACE HERCULES SIQUEIRA MESQUITA"
9868;"***.684.467-**";"SHEILA ARRUDA"
9869;"***.709.467-**";"THIAGO DA SILVA FERREIRA"
9870;"***.726.653-**";"LUIS EDUARDO MUNIZ GOMES"
9871;"***.075.607-**";"ISRAEL HENRIQUE SILVA NEVES DE PADUA"
9872;"***.325.041-**";"GLEYSSON SOARES LEAL"
9873;"***.148.612-**";"ALINE BARROSO LIMA"
9874;"***.906.110-**";"PAULO MATEUS FERRAO CARVALHO"
9875;"***.263.033-**";"CAIO LEVI COUTINHO DE SOUZA"
9876;"***.143.229-**";"MAYCON DA CRUZ"
9877;"***.502.458-**";"BRUNO ZACARIN DE SOUZA"
9878;"***.186.570-**";"BRUNO GONCALVES DO COUTO"
9879;"***.357.769-**";"JOSE HENRIQUE JACOVOS"
9880;"***.124.248-**";"ANDRE FIRMINO RODRIGUES"
9881;"***.805.542-**";"JHONNATHAN WILLIAN ALVES DE SOUZA"
9882;"***.749.864-**";"ARISTOBULO GOUVEIA DE AMORIM JUNIOR"
9883;"***.149.001-**";"THIAGO FERREIRA PIMENTEL"
9884;"***.877.988-**";"VINICIUS FERREIRA DE OLIVEIRA"
9885;"***.551.840-**";"KELLEN GONCALVES RETZLAFF"
9886;"***.442.840-**";"LUCIANO DA SILVA"
9887;"***.440.792-**";"LUCIANO RICARDO DO NASCIMENTO FARIAS"
9888;"***.219.727-**";"GUSTAVO PEREIRA GOMES"
9889;"***.158.587-**";"DANIEL DE LEMOS AGRA NASCIMENTO"
9890;"***.870.470-**";"TEILOR VIEIRA DURGANTE"
9891;"***.630.527-**";"RENAN TAVARES MIRANDA"
9892;"***.801.270-**";"JEFERSON LUCIANO DA SILVA BATISTA"
9893;"***.671.680-**";"GERSON BORGES SEVERO"
9894;"***.825.450-**";"LEONARDO DE SOUZA NUNES"
9895;"***.721.337-**";"RAPHAEL PINA VIANA"
9896;"***.401.406-**";"ITHALO ASSIS NOGUEIRA SILVA"
9897;"***.239.068-**";"GABRIELLA CEMBRANELLI BORGES"
9898;"***.258.917-**";"LUCAS DE JESUS PEREIRA"
9899;"***.888.831-**";"THARLLES MARTINS FERREIRA"
9900;"***.152.241-**";"MATHEUS AUGUSTO DOS SANTOS"
9901;"***.525.593-**";"FRANCISCO CARDOSO COSTA JUNIOR"
9902;"***.023.946-**";"LUIS CLAUDIO CALIXTO"
9903;"***.925.099-**";"EDUARDO BONET"
9904;"***.132.287-**";"JUAN COSTA LEITE"
9905;"***.597.370-**";"PEDRO DA SILVA BRITO DO CANTO"
9906;"***.166.888-**";"GUSTAVO REOLON"
9907;"***.771.951-**";"LUCAS MONACO LEAL"
9908;"***.895.861-**";"ROBISON DA SILVA SANTOS MENDES"
9909;"***.948.787-**";"HERICH PIMENTEL PAIVA DA SILVA"
9910;"***.792.327-**";"EVERSON SILVA DOS SANTOS"
9911;"***.438.127-**";"JACKSON JULIO DE OLIVEIRA VALENTIM"
9912;"***.640.977-**";"MARCIO SOUZA DE ARAUJO"
9913;"***.776.187-**";"MARCOS VINICIUS DA SILVA PINHEIRO"
9914;"***.781.396-**";"LEONARDO APARECIDO PEREIRA"
9915;"***.700.050-**";"ELISEU JOSE DAMKE"
9916;"***.845.320-**";"TALISON MARCELO PERSKE"
9917;"***.713.500-**";"JULIO SERGIO MARQUES RODRIGUES"
9918;"***.449.876-**";"ALAN MOREIRA"
9919;"***.685.150-**";"PAULO LEONARDO ALVARES GONCALVES"
9920;"***.534.689-**";"PEDRO HENRIQUE DUARTE ABREU"
9921;"***.950.927-**";"FELIPE MARTINS DA SILVA ROSA"
9922;"***.722.397-**";"GILBERTO MARECO PALERMO"
9923;"***.611.607-**";"CARLOS ALBERTO BATISTA DE ANDRADE"
9924;"***.682.018-**";"WASHINGTON HARRYSON ALCOFORADO"
9925;"***.052.026-**";"RICARDO FORTUNATO DE OLIVEIRA"
9926;"***.662.471-**";"THIAGO FERREIRA DOS SANTOS"
9927;"***.987.576-**";"GABRIEL ISAIAS LEE TUNON"
9928;"***.567.581-**";"EDILSON PEREIRA MARINS"
9929;"***.960.051-**";"THIAGO MAGALHAES MORAES DE SOUZA"
9930;"***.073.565-**";"SAMUEL DE SOUZA MENDES MIRANDA"
9931;"***.698.529-**";"ALESSANDRO EZIQUIEL DA PAIXAO"
9932;"***.308.689-**";"MAIARA RAISER SUHNEL BESS"
9933;"***.944.104-**";"MARIO JORGE DA SILVA RACHMAN"
9934;"***.838.984-**";"ISLEIMAR DE SOUZA OLIVEIRA"
9935;"***.258.374-**";"RODOLFO RODRIGUES PEREIRA DOS SANTOS"
9936;"***.671.786-**";"SILVANA NAHAS RIBEIRO"
9937;"***.813.356-**";"MARCIO TEODORO DIAS"
9938;"***.810.466-**";"CRISTIANO GONCALVES FERNANDES"
9939;"***.837.792-**";"BRAZ MANZOLI"
9940;"***.100.039-**";"MICHELINE SARTORI"
9941;"***.173.172-**";"LUZIVALDO MENDONCA DE SOUZA"
9942;"***.793.617-**";"BRUNO DA SILVA ASSIS"
9943;"***.011.793-**";"FERNANDO RIBEIRO CALACA"
9944;"***.755.093-**";"ENILDO BARBOSA DAS CHAGAS SILVA"
9945;"***.981.027-**";"ALEXANDRE MAGNO DE ALMEIDA"
9946;"***.042.980-**";"MAIARA JULIANE FAUST"
9947;"***.881.159-**";"VALERIA BORSZCZ"
9948;"***.455.746-**";"WALLAS MIRANDA FERRAZ"
9949;"***.276.567-**";"TIAGO GOMES DA SILVA RIBEIRO"
9950;"***.345.179-**";"CHEILA NUNES DOS SANTOS"
9951;"***.485.620-**";"LUANA INES DAMKE"
9952;"***.036.525-**";"BENIVALDO NASCIMENTO DOS SANTOS JUNIOR"
9953;"***.095.221-**";"DOUGLAS ANTONIO ROCHA PRADO"
9954;"***.140.966-**";"GILBERTO COELHO"
9955;"***.052.116-**";"ANDERSON BERNARDO DOS SANTOS"
9956;"***.375.460-**";"EUNICE FIGHERA"
9957;"***.037.679-**";"ANA PAULA CARNEIRO BRANDALIZE"
9958;"***.569.307-**";"MELISSA DE AZEVEDO XAVIER DA SILVA"
9959;"***.032.629-**";"CARLOS HENRIQUE GIANJACOMO"
9960;"***.812.011-**";"BRUNO RUIZ VIDA"
9961;"***.792.754-**";"JAKSON HONORATO CARDOSO"
9962;"***.289.632-**";"RODRIGO GEMAQUE BARBOSA"
9963;"***.417.917-**";"VINICIUS DE SOUZA BAPTISTA"
9964;"***.029.602-**";"JOSENILDO ROCHA CHAGAS"
9965;"***.809.479-**";"KARINA DUCATI"
9966;"***.598.919-**";"ROBERTO PERES RIBEIRO"
9967;"***.433.891-**";"SIMON RIBEIRO HOLANDA"
9968;"***.487.967-**";"WALDIR SILVA FILHO"
9969;"***.815.609-**";"ANA CAROLINA DE SOUSA"
9970;"***.193.114-**";"MARIA DO SOCORRO ALVES"
9971;"***.749.481-**";"RODRIGO PEREIRA LOPES"
9972;"***.387.924-**";"HACHID TARGINO DE SANTANA"
9973;"***.715.981-**";"RODRIGO CARNEIRO GOMES"
9974;"***.010.602-**";"CARLOS ROMEU MOURA DO AMARAL"
9975;"***.126.531-**";"GLYCON SOUSA RODRIGUES"
9976;"***.838.581-**";"MARCELO LOHDER DE OLIVEIRA"
9977;"***.172.894-**";"HEBERTON EUGENIO DE OLIVEIRA SILVA"
9978;"***.941.505-**";"EULER AVELAR PASSOS DE SANTANA"
9979;"***.317.814-**";"SERGIO CLODOALDO SANTOS FERREIRA"
9980;"***.223.210-**";"CHARLES ESTEVAO NUNES"
9981;"***.642.149-**";"TIAGO TOMIO YOSHIDA"
9982;"***.237.286-**";"ALESSANDRO NASCIMENTO"
9983;"***.725.464-**";"CHARLISTON ALVES DE AMORIM"
9984;"***.361.705-**";"CLEITON DE SOUZA CORREIA"
9985;"***.451.550-**";"ANGELO RODRIGO STEFENS"
9986;"***.667.451-**";"DORCENI DE JESUS GOMES MAIA"
9987;"***.679.160-**";"PATRICIA DIAS"
9988;"***.927.728-**";"MARIO MAUA CHAVES FERREIRA"
9989;"***.211.988-**";"ALFREDO JOSE CAVALCANTI JORDAO DE CAMARGO"
9990;"***.372.591-**";"CARLOS JOSE PADILHA DA SILVA"
9991;"***.691.864-**";"DEBORA PINHO CAVALCANTE FREIRE"
9992;"***.002.313-**";"FRANCISCO EDSON GOMES SIQUEIRA"
9993;"***.887.773-**";"GLEDSON DA SILVA BRITO"
9994;"***.001.441-**";"RAFAEL DIAS MONTEIRO"
9995;"***.207.141-**";"JOAO BOSCO AGUERO"
9996;"***.370.305-**";"EVELYNE COSTA CARVALHO"
9997;"***.087.346-**";"MARCOS SILVEIRA PALHARES"
9998;"***.554.681-**";"ALTAIR LUIS GONCALVES"
9999;"***.454.238-**";"JULIANA GIACOMETTI CHINALI"
10000;"***.987.372-**";"FRANCISCO JAIRO LIMA DA SILVA"
10001;"***.041.290-**";"MARCELO MORAES DE ANDRADE"
10002;"***.958.096-**";"ANDRE DE LIMA ANDRADE"
10003;"***.305.642-**";"TIAGO MIRANDA MARQUES"
10004;"***.887.367-**";"ANTONIO JURANDIR CONSTANTINO DE OLIVEIRA"
10005;"***.832.380-**";"RENATO KLUMB"
10006;"***.955.602-**";"JOSE ILCLESON MENDES COELHO"
10007;"***.380.712-**";"KARANE DANTAS DE MELO"
10008;"***.741.283-**";"MARCIONE DOS SANTOS ALVES"
10009;"***.296.791-**";"PAULA BEATRIZ SANTOS FILGUEIRAS"
10010;"***.124.456-**";"CARLOS FERNANDO DE MELO E SILVA"
10011;"***.447.229-**";"ELISANE BEATRIZ MANGOLD BERGAMO"
10012;"***.604.713-**";"ROBERT GUIMARAES SILVA"
10013;"***.757.671-**";"ROBERTO JOSE DA ROCHA JUNIOR"
10014;"***.636.148-**";"GILMAR VAZ DO CARMO"
10015;"***.482.101-**";"KENEDY WILLYS GOMES DE OLIVEIRA"
10016;"***.997.838-**";"JULIANA BERNADETE SOARES PEREIRA"
10017;"***.556.587-**";"GUILHERME MEDEIROS DE ANDRADE"
10018;"***.488.321-**";"EDVON PIRES NOGUEIRA"
10019;"***.288.929-**";"ADINAN GALINA"
10020;"***.131.944-**";"DANIELLE FERREIRA DE ANDRADE"
10021;"***.296.766-**";"ADRIANA SILVA DE ALBUQUERQUE"
10022;"***.433.196-**";"CARLOS RAMIRO"
10023;"***.560.607-**";"ANA CAROLINA BARRETO DA SILVA COUTO"
10024;"***.394.038-**";"RAFAEL BRANDAO DE OLIVEIRA"
10025;"***.523.897-**";"DANIELE NUNES AZAMBUJA"
10026;"***.396.087-**";"MONT CLAIR GAZONI SILIO"
10027;"***.973.003-**";"KLEBER FERREIRA DA SILVA"
10028;"***.984.234-**";"RODOLPHO JOSE GOMES PEREIRA"
10029;"***.383.991-**";"GILSON TAVARES"
10030;"***.744.434-**";"DENILSON DEYMESSON GOMES DA SILVA"
10031;"***.392.017-**";"ERIC PIRES MESSEDER SARAIVA"
10032;"***.948.541-**";"JERSEY DO MONTE"
10033;"***.798.356-**";"PAULO RUFFONI NETO"
10034;"***.435.147-**";"ELIZABETH BAPTISTA ROCHA CORREA SOARES"
10035;"***.713.077-**";"GLEISSON CARDOSO DE OLIVEIRA"
10036;"***.237.635-**";"LUZIMAR DAS NEVES SANTIAGO"
10037;"***.256.097-**";"LEONARDO DA SILVA CABRAL"
10038;"***.176.407-**";"DANIEL CAMPOS DA SILVA"
10039;"***.201.661-**";"THIAGO INSABRALDE LEITE"
10040;"***.839.547-**";"JOAO HERBERT PONTES TEIXEIRA"
10041;"***.713.787-**";"FRANCISCO ANTONIO JUNIOR"
10042;"***.318.821-**";"YURI SOUZA CAMARGOS"
10043;"***.894.857-**";"PAULO HENRIQUE ALBERTO CONDE"
10044;"***.147.507-**";"JORGE FERREIRA NUNES RAIMUNDO"
10045;"***.847.333-**";"ELVYS KELLY FREITAS PORTELA"
10046;"***.338.557-**";"JONATAS SANTOS RIBEIRO"
10047;"***.772.874-**";"SERGIO EBSON DE CASTRO JUNIOR"
10048;"***.426.987-**";"ANDRE DUARTE VILARIN"
10049;"***.864.714-**";"JOAO VINICIUS SILVA DE PONTES"
10050;"***.099.786-**";"HAMILTON HENRIQUE TEIXEIRA REIS"
10051;"***.121.447-**";"ERICK DE SOUZA CAVALHEIRO"
10052;"***.044.177-**";"CAMILA GOMES MUNIZ"
10053;"***.932.124-**";"FABIO OLEGARIO DOS SANTOS"
10054;"***.832.127-**";"ALECIO FELIX SOARES DA SILVA"
10055;"***.196.096-**";"RODRIGO SILVA MORAES"
10056;"***.987.729-**";"ANA EMILIA WOLTRICH"
10057;"***.563.024-**";"JOSE WILSON DA SILVA"
10058;"***.321.699-**";"JULIANO DE OLIVEIRA"
10059;"***.367.699-**";"JOSE VICTOR BISPO LEITE"
10060;"***.952.497-**";"JULIO CESAR MELLO ARAUJO"
10061;"***.574.456-**";"IGOR PEREIRA DE SOUZA"
10062;"***.237.141-**";"EIDIENE PORTUGAL TEIXEIRA"
10063;"***.517.555-**";"JORGE MARINHO DOS SANTOS JUNIOR"
10064;"***.194.441-**";"LEANDRO CARVALHO DOS SANTOS"
10065;"***.446.408-**";"LETICIA JOELMA MARTINS TEIXEIRA"
10066;"***.772.223-**";"ALISSON CAVALCANTE PEREIRA"
10067;"***.300.769-**";"GABRIEL DE SOUZA FERREIRA"
10068;"***.087.308-**";"JOAO VITOR FEITOSA OLIVEIRA"
10069;"***.275.137-**";"VINICIUS VIEIRA DE OLIVEIRA SANTOS"
10070;"***.076.036-**";"KELLVIN LIMA OLIVEIRA"
10071;"***.771.948-**";"VITOR BAIO CALIXTO DA SILVA"
10072;"***.555.553-**";"LEONARDO FRANCO BONFIM"
10073;"***.559.210-**";"SANDRO GONCALVES SEVERO"
10074;"***.413.019-**";"JEFFERSON MEIRA DOS SANTOS"
10075;"***.075.596-**";"PIETRO LINHARES CAVALCANTE"
10076;"***.380.551-**";"JEAN CARLOS VANELI DA ROCHA"
10077;"***.744.116-**";"MICHEL DE OLIVEIRA RIBEIRO"
10078;"***.477.314-**";"HUGO GOMES DA SILVA"
10079;"***.308.605-**";"MAURO DEBIASI FERNANDES"
10080;"***.414.367-**";"RAFAEL OLIVEIRA BENDITO"
10081;"***.981.885-**";"INDIAN CONCEICAO DE OLIVEIRA"
10082;"***.627.525-**";"JEFERSON FELIPE DE SANTANA ALMEIDA"
10083;"***.061.711-**";"LUCCA TORRES RODRIGUES DE SOUSA"
10084;"***.887.081-**";"ANGELO VELOZ DOS SANTOS"
10085;"***.267.218-**";"PAULO SERGIO DE JESUS"
10086;"***.676.376-**";"GUILHERME FRANK FURTADO"
10087;"***.774.179-**";"MICHAEL PAULO DA SILVA"
10088;"***.720.871-**";"RAFAEL RODRIGUES DA SILVA REGO"
10089;"***.121.546-**";"ROMULO FERREIRA ALVES"
10090;"***.422.416-**";"JOSE AUGUSTO OLIVEIRA MACIEL"
10091;"***.450.386-**";"RAFAEL FRANCISCO DE PAULA GOUVEA"
10092;"***.757.481-**";"JAIRES FERREIRA DA SILVA"
10093;"***.884.021-**";"EDUARDO MIYASHIRO RIOS"
10094;"***.007.657-**";"BERNARDO ALVES RIBEIRO"
10095;"***.004.697-**";"MATHEUS DOS SANTOS COUTO"
10096;"***.262.621-**";"RENAN CORREIA SOARES"
10097;"***.583.800-**";"CAMILA SILVEIRA RODRIGUES"
10098;"***.878.129-**";"LAURO DE SOUZA SILVA"
10099;"***.328.907-**";"ROBERTO DE SOUZA BEZERRA"
10100;"***.688.452-**";"FELIPE WILLIAMS DE LIMA BARRADAS"
10101;"***.695.261-**";"DANIEL DE SOUZA DIAS"
10102;"***.876.787-**";"PAULO GUSTAVO DA SILVA MARINS"
10103;"***.822.463-**";"JOSE RONALDO FERREIRA PASSOS"
10104;"***.304.576-**";"FREDERICO TRINDADE DUTRA"
10105;"***.718.670-**";"MATEUS MOHR MACHADO"
10106;"***.801.673-**";"FRANCISCO COELHO DE MOURA"
10107;"***.223.503-**";"FRANCISCA MARGISLENE AGUIAR DA SILVA"
10108;"***.903.474-**";"ANDRE FELIPE DE ARAUJO VALENCA"
10109;"***.469.190-**";"LUCAS RAFAEL ESSY"
10110;"***.955.467-**";"CLAUDIO OLIVEIRA DE SOUZA"
10111;"***.047.307-**";"EDUARDO RANGEL DE CARVALHO"
10112;"***.507.551-**";"DALILA NERES DUARTE"
10113;"***.082.716-**";"RAFAEL JOSE FONSECA DE SA"
10114;"***.968.170-**";"MAURO SERGIO AVILA CALDERIPE"
10115;"***.933.833-**";"CLAUDIA MENDES MARTINS"
10116;"***.097.405-**";"JOSE MARIO ARCIERI DE ALMEIDA"
10117;"***.237.926-**";"ELLENCRISTINA DA SILVA BATISTA FIDALGO"
10118;"***.012.301-**";"NATERCIA CRISTIANE MENDES DE SOUZA"
10119;"***.407.680-**";"LUANA MACIEL BRUXEL"
10120;"***.650.079-**";"DOUGLAS HORNER"
10121;"***.674.321-**";"FERNANDO LIMA MARQUES"
10122;"***.823.986-**";"MARCIA CRISTINA DE PAULA CESARIO"
10123;"***.305.082-**";"NIRCE VIEIRA LORAS"
10124;"***.388.169-**";"JULIANE BUBNIAK"
10125;"***.706.121-**";"ANTONIO MARCIO PASCHOAL"
10126;"***.147.878-**";"CONCEICAO REGINA PINTO DE OLIVEIRA"
10127;"***.642.087-**";"ADEMAR CIRILO ALTOE JUNIOR"
10128;"***.449.077-**";"JULIO CESAR COLA PEREIRA"
10129;"***.126.307-**";"ROBERTO INHANCE"
10130;"***.749.203-**";"ZEDEQUIAS DE OLIVEIRA CAMPOS JUNIOR"
10131;"***.887.191-**";"CRISTOVAM ALBANO DA SILVA JUNIOR"
10132;"***.152.991-**";"DILSON ALMEIDA DOS SANTOS"
10133;"***.602.103-**";"FRANCISCO RAFAEL PEREIRA DA COSTA"
10134;"***.992.620-**";"MARCOS ANTONIO CEZNE"
10135;"***.557.386-**";"JOSE ROBERTO DE CARVALHO"
10136;"***.537.469-**";"WILLIAM PLETSCH DOS SANTOS"
10137;"***.017.479-**";"EDSON ANTONIO SANTOLIN"
10138;"***.612.460-**";"ELIZABETE MARIA DA SILVA PEDROSKI"
10139;"***.812.496-**";"JOSUE CARLOS LOURENCO FERREIRA"
10140;"***.078.546-**";"EDIMILSON APARECIDO DE ASSIS ALMEIDA"
10141;"***.911.376-**";"CARLOS HENRIQUE ANDRADE"
10142;"***.513.596-**";"RONALDO LUIZ"
10143;"***.416.116-**";"MAYKMILLER CARVALHO RODRIGUES"
10144;"***.409.386-**";"EDUARDO HENRIQUE DA SILVA"
10145;"***.252.128-**";"JOSE AUGUSTO DE ABREU"
10146;"***.137.716-**";"LUIZ PAULO BRIANESE VALIM"
10147;"***.088.396-**";"VANESSA AVELAR SILVA"
10148;"***.663.054-**";"LUCIA HELENA MACHADO ALMEIDA LAURINDO"
10149;"***.429.114-**";"FERNANDA CRISTINA PUCA FRANCA"
10150;"***.456.675-**";"HALISSON JHONATAS ALMEIDA LIMA"
10151;"***.762.937-**";"RAFAEL RANGEL DE SALLES GUERRA"
10152;"***.110.437-**";"THAIS FARIAS DA COSTA"
10153;"***.314.477-**";"FLAVIA AREIAS CORREIA CARDOSO"
10154;"***.599.384-**";"ERICKA MARIA DE MELO ROCHA CALABRIA"
10155;"***.810.884-**";"SYLVANO DA COSTA BRITO"
10156;"***.709.451-**";"MATHEUS DA COSTA MATTOS"
10157;"***.397.684-**";"JOSE BEZERRA SOBRINHO"
10158;"***.742.304-**";"EDSON DE MOURA LINS"
10159;"***.587.536-**";"VALMORIO SEBASTIAO DE SOUZA"
10160;"***.794.601-**";"LEONARDO DE CASTRO FARIA"
10161;"***.448.940-**";"MORGANA CELINA ALVES"
10162;"***.887.839-**";"IGOR NACK BUSS"
10163;"***.084.057-**";"JANETE DO CARMO NARCISO"
10164;"***.586.437-**";"ANDREIA DA SILVA DE CARVALHO"
10165;"***.142.562-**";"CARLOS ARTUR MAIA DA SILVA"
10166;"***.102.512-**";"GLEISSON LIMA DE OLIVEIRA"
10167;"***.583.214-**";"MARCOS ANTONIO DE SOUZA"
10168;"***.406.634-**";"FERNANDO HENRIQUE ALVES PEDROSA"
10169;"***.656.312-**";"ROSANEY MAGALHAES VIANA"
10170;"***.155.623-**";"CARLOS EDUARDO SOARES REIS"
10171;"***.516.247-**";"ALEXANDRE ALVES SANTOS"
10172;"***.210.377-**";"FRANCISCO HELMER ALMEIDA SANTOS"
10173;"***.432.676-**";"PAULO HENRIQUE MARTINS SEIXAS"
10174;"***.871.835-**";"RICARDO RIBEIRO SAMPAIO"
10175;"***.178.506-**";"SANDRO RODRIGUES COSTA"
10176;"***.171.227-**";"CAROLINA MOULIN COELHO LIMA"
10177;"***.392.942-**";"THIAGO CASTRO DE SOUSA"
10178;"***.702.243-**";"LUCAS GOMES DE ALMEIDA MOURAO"
10179;"***.791.233-**";"ERNANI PINTO DE ALMEIDA"
10180;"***.993.147-**";"GABRIEL MANZANI TERTO"
10181;"***.562.541-**";"AILTON BONIFACIO"
10182;"***.867.147-**";"JALMIR CEZINI DE ANDRADE"
10183;"***.347.752-**";"JOSE FURTADO LEITE"
10184;"***.000.732-**";"AUGUSTO COSTA SALGADO"
10185;"***.344.626-**";"MAGNO JOSE DA SILVA"
10186;"***.019.642-**";"MARIA IRACEMA LASMAR FRANCO"
10187;"***.447.731-**";"MARIA DOMINGOS DA SILVA"
10188;"***.800.535-**";"MILENA NASCIMENTO SALES"
10189;"***.672.502-**";"VITOR PINHEIRO FEITOSA"
10190;"***.264.994-**";"OMAR JOSE EVANGELISTA DE BARROS"
10191;"***.656.242-**";"JHONATAN GARCIA GAMA"
10192;"***.937.628-**";"RENATO DOMITH GODINHO"
10193;"***.213.877-**";"MONICA MAGALHAES BARBOSA"
10194;"***.333.788-**";"REGINALDO VIANA CUNHA"
10195;"***.094.067-**";"FABIO DE ALMEIDA ABREU"
10196;"***.550.731-**";"RENATA DUARTE ALQUEZAR DE OLIVEIRA"
10197;"***.034.534-**";"FLAVIA KATARINE DA SILVA"
10198;"***.246.331-**";"ADILA ROCHA LOPES"
10199;"***.291.091-**";"GUILHERME CARNEIRO DO NASCIMENTO"
10200;"***.490.004-**";"SILVANIA DA ROCHA MEDEIROS VILA NOVA"
10201;"***.017.349-**";"GABRIEL TAKASHI WATANABE"
10202;"***.122.006-**";"JOSIANE COSTA DA SILVA MENEZES LEAO"
10203;"***.268.009-**";"VANESSA BECKER MACIEL"
10204;"***.501.109-**";"MILTON ALBANO JUNIOR"
10205;"***.090.321-**";"MARIA ALICE RIBEIRO DE OLIVEIRA SALES"
10206;"***.672.166-**";"FLAVIO FERREIRA PENA"
10207;"***.068.169-**";"MAYSA CRISTINA LOPES DOS SANTOS"
10208;"***.131.228-**";"LINCOLN CHAVES DE OLIVEIRA"
10209;"***.802.425-**";"GRACIELLY BITTENCOURT MACHADO"
10210;"***.628.360-**";"CARLOS BRANDAO SCHWAB"
10211;"***.387.705-**";"BERNARDINO SANTOS PROTASIO DA SILVA"
10212;"***.802.502-**";"MILTON MARTINS DA PENHA FILHO"
10213;"***.983.449-**";"SAUL MAURICIO TULIO MARCONDES"
10214;"***.317.181-**";"KEILLA CRISTINA VIEIRA"
10215;"***.183.077-**";"EMERSON DUARTE DE MENDONCA"
10216;"***.197.287-**";"MARCOS VIEIRA DA SILVA"
10217;"***.867.127-**";"RENAN ALVES DE OLIVEIRA"
10218;"***.416.897-**";"FRANCESCO LUIGI DE FARIA TROTTA"
10219;"***.697.742-**";"ANDERSON DE ARAUJO BARROSO"
10220;"***.564.812-**";"FABIO ALMEIDA"
10221;"***.657.480-**";"JOSE HENRIQUE RODEGHIERO CRUZ"
10222;"***.830.364-**";"LEONEL DE AZEVEDO NETO"
10223;"***.518.829-**";"ELEANDRO DA SILVA"
10224;"***.142.592-**";"CLEBER GILSON REIS DE LIMA"
10225;"***.740.017-**";"JAMIL JOSE DE MORAES JUNIOR"
10226;"***.307.634-**";"BRUNO LEONARDO RODRIGUES DE OLIVEIRA"
10227;"***.726.517-**";"ANA CATARINA NUNES NOGUEIRA"
10228;"***.471.397-**";"ELIZABETH DE ALBUQUERQUE DE SOUSA"
10229;"***.798.887-**";"JEFFERSON DOS SANTOS DA ROCHA"
10230;"***.703.297-**";"VICTOR BRUNO RODRIGUES LOPES DE SANTANA"
10231;"***.531.057-**";"DIOGO DOS SANTOS ABDIAS"
10232;"***.422.058-**";"FABIANO GIL DE SOUSA"
10233;"***.336.227-**";"MATHEUS LUIZ DE ANDRADE SILVA JANEIRO"
10234;"***.914.667-**";"LUCIANO SABOIA CAMPOS"
10235;"***.101.487-**";"BRUNO MORCINEK BORSATO"
10236;"***.931.727-**";"JOAO PAULO DOS SANTOS MIRANDA"
10237;"***.445.487-**";"ANDRE LUIZ DO NASCIMENTO GUIMARAES"
10238;"***.021.907-**";"ANDRE GONCALVES DE ALMEIDA"
10239;"***.698.267-**";"MARIA LUISA CAJATY DE FRIAS"
10240;"***.175.667-**";"CAMILA GARCIA LOUREIRO"
10241;"***.769.286-**";"PABLO ISAQUE ALMADA DELGADO"
10242;"***.522.327-**";"ANA CAROLINA BARBOSA DOS SANTOS"
10243;"***.038.237-**";"ARIANE DOS SANTOS PAVAO"
10244;"***.330.003-**";"EUGENIO GOMES RODRIGUES"
10245;"***.248.061-**";"GIOVANNA VIEIRA ROCHA"
10246;"***.966.313-**";"WILLIAM JOSEPH LOPES ALBANO"
10247;"***.633.097-**";"DERICK CABRAL DE OLIVEIRA"
10248;"***.861.947-**";"PEDRO HENRIQUE DA SILVA"
10249;"***.561.953-**";"RENAN ARRUDA DO NASCIMENTO"
10250;"***.391.024-**";"JONATHAN GREGORIO DE OLIVEIRA"
10251;"***.402.270-**";"ALEX SANDRO MOREIRA MARTINS"
10252;"***.005.700-**";"ANA JULIA STRIEDER DOTTO"
10253;"***.126.326-**";"JOAO PAULO DE SOUZA"
10254;"***.303.553-**";"JOSELIO TEIXEIRA LIMA"
10255;"***.622.458-**";"LEONARDO AUGUSTO BAFINI"
10256;"***.569.366-**";"JAIRO ALEXANDRE DOS SANTOS"
10257;"***.795.747-**";"GABRIEL TADEU SILVA DE ALMEIDA"
10258;"***.865.746-**";"SAMUEL SARMENTO DE SA"
10259;"***.669.159-**";"CLAUDINEI ANTONIO TONELLO JUNIOR"
10260;"***.977.287-**";"RICARDO MARCHON DO NASCIMENTO"
10261;"***.355.201-**";"BRUNO ARAUJO SILVA"
10262;"***.824.631-**";"NATAN FERNANDES DA CRUZ"
10263;"***.239.971-**";"LUIZ HENRIQUE CABRAL DOS SANTOS"
10264;"***.985.747-**";"CARLOS ALBERTO BOUCAS FILHO"
10265;"***.380.274-**";"GABRIEL BENNING CESAR DE ALBUQUERQUE"
10266;"***.250.923-**";"JOAO ANTONIO ALMONDES DE SOUSA"
10267;"***.957.322-**";"MARCELO FELIPE BARBOSA GREGORIO"
10268;"***.258.310-**";"PEDRO LINCK BARRETO"
10269;"***.425.508-**";"JOELSON LOUREIRO GUEDES"
10270;"***.205.594-**";"RICARDO ANTONIO ALVES DA SILVA"
10271;"***.675.287-**";"PEDRO CARVALHO PONTES COSTA"
10272;"***.749.097-**";"PAULO GOMES DA SILVA NETO"
10273;"***.894.270-**";"LUCIANO ROBERTO VIEIRA SANCHES"
10274;"***.771.981-**";"FABIO EDUARDO DA SILVA BARBOZA"
10275;"***.543.957-**";"ALEX JALSON PIRES DA FONSECA"
10276;"***.011.583-**";"JORGE HENRIQUE BORGNETH SANTIAGO"
10277;"***.381.723-**";"DANIEL LIRA FLAGAS SOUSA"
10278;"***.339.775-**";"FRANCISCO DAVID SAMPAIO BESSA"
10279;"***.119.638-**";"JULIANO DEPIERI"
10280;"***.966.907-**";"RENATO SANTOS CHAGAS"
10281;"***.338.053-**";"FRANKLIN FERREIRA COSTA"
10282;"***.608.226-**";"ELIAS MARCIO DE JESUS"
10283;"***.527.610-**";"ALEX BENDER LENCINE"
10284;"***.849.328-**";"HEBER DA COSTA MENDONCA DE ALMEIDA"
10285;"***.900.857-**";"AMANDA ALMEIDA FRANCA"
10286;"***.244.737-**";"DANIEL FERNANDES PEREIRA"
10287;"***.082.843-**";"ANTONIO LUIZ DE ARAUJO JUNIOR"
10288;"***.444.273-**";"EMANUEL RIBEIRO E SILVA"
10289;"***.555.307-**";"RENAN DE BARROS FARIA"
10290;"***.641.418-**";"WILLIAN PAIVA CAVALHERI"
10291;"***.241.241-**";"MULLER LUCAS LIMA DE SOUZA"
10292;"***.761.839-**";"LUCAS GABRIEL FARIAS MENDES"
10293;"***.425.562-**";"MATHEUS GUTTEMBERG ROCHA DOS SANTOS"
10294;"***.121.401-**";"LUCAS CARVALHO NAGAMINE"
10295;"***.664.503-**";"ANTONYEL BORGES FERNANDES"
10296;"***.646.630-**";"SERGIO ESCOBAR JUNIOR"
10297;"***.651.497-**";"JOAO GABRIEL CONCEICAO MARQUES"
10298;"***.047.429-**";"BRUNO GAVLINSKI DUARTE"
10299;"***.812.244-**";"CRISTIANO BAHIA DE LIMA"
10300;"***.260.813-**";"JOSE EUDIMAR DOS SANTOS AGUIAR"
10301;"***.472.108-**";"LUCAS AMORIM MEDEIROS"
10302;"***.460.125-**";"ERIVELTON ANTUNES LIMA"
10303;"***.556.453-**";"JOAO VITOR RODRIGUES VALERIO"
10304;"***.959.252-**";"CINESIO BEZERRA VISGUEIRA"
10305;"***.021.330-**";"EDSON MARCELLO VIANNA JUNIOR"
10306;"***.775.160-**";"MAICON LOPES DE OLIVEIRA"
10307;"***.532.400-**";"DJALMO WEISS NUNES"
10308;"***.555.650-**";"AUGUSTO LOPES MORAES"
10309;"***.588.330-**";"VINICIUS DE OLIVEIRA RODRIGUES"
10310;"***.240.375-**";"RANIERI RIBEIRO CARVALHO"
10311;"***.549.633-**";"JOAO VICTOR CLAUDINO DUTRA"
10312;"***.517.041-**";"WOSLEY DIVINO DA SILVA"
10313;"***.669.057-**";"MARIA SIMONE ANDRADE DA SILVA RODRIGUES"
10314;"***.937.877-**";"ARTUR RICARDO TEIXEIRA SOTAO"
10315;"***.592.804-**";"RIVALDO ANDRADE DO NASCIMENTO"
10316;"***.686.757-**";"TIAGO DE ALMEIDA PEREIRA"
10317;"***.415.362-**";"MATEUS DA SILVA BRITO"
10318;"***.695.929-**";"FABIO KULKAMP"
10319;"***.810.991-**";"MATHEUS LAVORATTI MAGALHAES"
10320;"***.863.977-**";"ARTHUR BERNARDES CAMPOS"
10321;"***.311.921-**";"MATHEUS LOPES DOS SANTOS"
10322;"***.666.426-**";"JONATHAN LUIZ DE SOUZA"
10323;"***.971.111-**";"RICARDO VINICIUS REIS BORGES DE LIMA"
10324;"***.362.969-**";"GUILHERME ALVES HESSEL"
10325;"***.324.951-**";"LUCAS NEVES FREITAS GONCALVES"
10326;"***.648.781-**";"ANTONIO TEODORO INOUYE"
10327;"***.581.817-**";"MARCUS TADEU ALVES DA SILVA"
10328;"***.739.992-**";"LUIZ ALBERTO ALFAIA DOS SANTOS JUNIOR"
10329;"***.854.504-**";"JOAO VITOR DE ARAUJO OLIVEIRA"
10330;"***.842.325-**";"ANDERSON BATISTA SANTOS"
10331;"***.760.854-**";"JEFFERSON RIBEIRO DE OLIVEIRA"
10332;"***.624.984-**";"AUGUSTO CESAR MONTEIRO REGO"
10333;"***.412.484-**";"EDUARDO VINICIUS MATOS DE ALMEIDA"
10334;"***.966.394-**";"CARLOS EDUARDO SOUZA OLIVEIRA"
10335;"***.450.094-**";"JOAO VICTOR DE SOUZA NOVAES"
10336;"***.519.143-**";"ANTONIO DOS SANTOS FERREIRA JACINTO"
10337;"***.450.695-**";"FELIPE THIAGO ALMEIDA VIZZONI"
10338;"***.255.067-**";"LUCAS DE SA DA SILVA BORTOLUZZI"
10339;"***.537.978-**";"MIGUEL RUBENS MAYER GOMES DA SILVA"
10340;"***.173.196-**";"ANDRE AUGUSTO MENDES ESPEREDIAO"
10341;"***.962.601-**";"ERIKSON LUIZ DE OLIVEIRA NEVES"
10342;"***.500.092-**";"JAILSON RIBEIRO DOS SANTOS"
10343;"***.895.393-**";"PABLO MANOEL VIANA REBELO"
10344;"***.814.450-**";"MAURICIO RECH"
10345;"***.101.680-**";"NICOLAS LOPES DOS SANTOS"
10346;"***.950.503-**";"JALYSSON DO NASCIMENTO ARAUJO"
10347;"***.416.884-**";"GUTEMBERG GOMES DORIA MACHADO"
10348;"***.268.907-**";"CLERISTON BARBOSA BELLO"
10349;"***.336.607-**";"JOAO PEDRO HASSEN FOUGO REIS"
10350;"***.139.734-**";"PAULO ROBERTO SILVA DOS ANJOS JUNIOR"
10351;"***.190.618-**";"ALISSON RAPHAEL DOS SANTOS OLIVEIRA"
10352;"***.797.413-**";"SANDERSON ALVES DE ALMEIDA"
10353;"***.850.795-**";"VICTOR DE BRITO SAMPAIO"
10354;"***.220.594-**";"FLAVIO ROBERTO DORNELLES DOS ANJOS"
10355;"***.225.158-**";"JONATHAN VIEIRA DA SILVA"
10356;"***.129.381-**";"GERFFERSON IVANDARCK CARVALHO"
10357;"***.203.480-**";"TALES PERIPOLLI"
10358;"***.289.979-**";"KEVIN BRAGA FERREIRA DE LIMA"
10359;"***.059.588-**";"HUGO DAVID ARAUJO"
10360;"***.905.681-**";"GUSTAVO DE OLIVEIRA WEBER"
10361;"***.613.971-**";"FILIPE DE GOIS CAMARA"
10362;"***.517.920-**";"DOUGLAS MAYA FLORES"
10363;"***.803.841-**";"RENER FERREIRA BORDALLO"
10364;"***.243.754-**";"ALFREDO RODRIGUES DOS SANTOS NETO"
10365;"***.763.284-**";"LUCAS MESSALLA COELHO NOBREGA"
10366;"***.724.988-**";"VICTOR FERREIRA ARIMORI"
10367;"***.654.587-**";"IAN XISTO DINIZ"
10368;"***.650.317-**";"LEANDRO DA SILVA E SILVA"
10369;"***.716.002-**";"ADY CRAVO PINHEIRO"
10370;"***.187.347-**";"MATHEUS TAVARES RODRIGUES GUARANY DA SILVA"
10371;"***.144.324-**";"GISLEUDO DA SILVA ALVES"
10372;"***.195.847-**";"HELDER RABELO TEIXEIRA DA SILVA"
10373;"***.071.006-**";"GEOVANE GONCALVES TENORIO"
10374;"***.154.288-**";"IGOR TORRES DE SOUZA"
10375;"***.759.496-**";"DIOGO FARAO DELVIVO DOS SANTOS"
10376;"***.818.167-**";"WALLACE RAMOS DOS SANTOS"
10377;"***.385.441-**";"DIEGO SANTOS DA COSTA"
10378;"***.634.891-**";"GUSTAVO DOS SANTOS SILVA"
10379;"***.820.024-**";"FELIPE FERREIRA DANTAS DE OLIVEIRA"
10380;"***.097.670-**";"MATHEUS CEZAR COSTA"
10381;"***.831.823-**";"THIAGO MARQUES FERREIRA"
10382;"***.657.396-**";"JOSE ANTONIO DA SILVA JUNIOR"
10383;"***.032.400-**";"LUAN LENNON DOS SANTOS GONCALVES"
10384;"***.425.111-**";"MICHAEL VINICIUS DA SILVA FERREIRA"
10385;"***.531.773-**";"CARLOS MAGNO LAGO DE ASSIS"
10386;"***.800.067-**";"ADAMO ALEMONGE EVRES"
10387;"***.722.212-**";"MARCELO DA SILVA BAIA"
10388;"***.754.857-**";"GABRIEL VICTOR SOUZA DA SILVA"
10389;"***.291.508-**";"MURILO AUER MONTEIRO"
10390;"***.123.758-**";"CAIO HENRIQUE PIERRE GABRIEL"
10391;"***.345.572-**";"ROMULO DOS SANTOS BARBOZA"
10392;"***.372.648-**";"HENRIQUE NAPOLITANO FAVARELLO"
10393;"***.972.083-**";"ADILSON FREITAS BASTOS"
10394;"***.849.301-**";"MATHEUS SIQUEIRA SOUSA"
10395;"***.528.756-**";"HENRIQUE DE OLIVEIRA COSTA"
10396;"***.403.636-**";"GABRIEL TABANEZ"
10397;"***.416.740-**";"LEONARDO NUNES DA ROSA"
10398;"***.524.962-**";"JHONATA CUNHA CELESTINO"
10399;"***.363.964-**";"JOSE LOURENCO DOS SANTOS COSTA"
10400;"***.556.647-**";"JULIO CESAR DE CARVALHO MOURA JUNIOR"
10401;"***.347.963-**";"JONATAS MONTEIRO LOUREIRO"
10402;"***.270.317-**";"PAULO HENRIQUE DTTMANN JARSKE"
10403;"***.390.862-**";"MOISES DE ALMEIDA GALVAO"
10404;"***.462.293-**";"CLAUDIO ALYSSON DE OLIVEIRA SENA"
10405;"***.892.167-**";"BRENO DIAS FERREIRA"
10406;"***.361.837-**";"BRUNO CORE FARIA"
10407;"***.384.289-**";"GABRIEL ESPINDOLA QUEIROZ PEREIRA"
10408;"***.506.322-**";"THIAGO SALES CALDERARO"
10409;"***.546.214-**";"AYRTON BARRETO SILVA"
10410;"***.112.125-**";"MARIO SERGIO DA SILVA MAGALHAES"
10411;"***.253.733-**";"WEGNER LIMA DE SOUZA"
10412;"***.716.564-**";"BRUNO ANTONIO BIONE DA SILVA"
10413;"***.172.574-**";"LOUAN RICHARD SOARES DA SILVA"
10414;"***.416.045-**";"NAILSON DOS SANTOS"
10415;"***.132.678-**";"DAVID WILLIAM DE MELO GUERREIRO GUANDALINI"
10416;"***.001.427-**";"LEONEL MATHEUS DE SOUZA VIEIRA"
10417;"***.336.483-**";"ANTONIO HENRIQUE MARINHO DE SOUZA"
10418;"***.998.113-**";"MARCOS ANTONIO ANDRADE"
10419;"***.349.083-**";"GLEYSON SOUSA MELO"
10420;"***.074.963-**";"ERIVAN PAULO ALVES SOBRINHO"
10421;"***.891.683-**";"MANOEL NASCIMENTO SANTOS NETO"
10422;"***.734.716-**";"BRUNO RIBEIRO GONCALVES"
10423;"***.451.686-**";"ALVARO ANTONIO DA SILVA FAUSTINO"
10424;"***.006.843-**";"CARLOS ADRIANO DA SILVA RIBEIRO"
10425;"***.954.813-**";"DJAIR FERNANDO DOS ANJOS SANTOS"
10426;"***.609.162-**";"JOAO LUCAS REZENDE DE SOUZA"
10427;"***.273.243-**";"WANDERLEY CARVALHO DA SILVA"
10428;"***.225.854-**";"ALYSSON DANTAS PINTO"
10429;"***.234.397-**";"DAYVID GOMES DE SOUZA"
10430;"***.672.704-**";"LEANDRO FERREIRA DA SILVA"
10431;"***.890.293-**";"GIOVANNI MENDES GOES"
10432;"***.794.150-**";"IAGO DA SILVA FERREIRA"
10433;"***.528.113-**";"LUCAS DE ANDRADE RIBEIRO"
10434;"***.540.880-**";"CLAUDIO DAMAR DE OLIVEIRA"
10435;"***.823.097-**";"IOUSSEF RESENDE TEIXEIRA DA SILVA"
10436;"***.457.778-**";"GABRIEL CASTELLANO TEIXEIRA"
10437;"***.260.143-**";"KEYSON LEON VIANA MACHADO"
10438;"***.286.710-**";"CRISTIAN VIEIRA DE MELO"
10439;"***.494.084-**";"PAULO VINICIUS DE ALMEIDA E SILVA"
10440;"***.550.571-**";"MARCELO MARTINS LISBOA"
10441;"***.729.717-**";"WILLIAM CORREIA VILLACA MENEZES"
10442;"***.994.988-**";"ROSELAINE OLIVEIRA SORGATTI"
10443;"***.362.030-**";"JOAO CARLOS GIACHINI"
10444;"***.078.250-**";"DIOGO PINHEIRO CARTAGENA"
10445;"***.127.803-**";"PAULO VICTOR VARGAS"
10446;"***.184.559-**";"ALEXANDRE FRANZINI DOS SANTOS"
10447;"***.236.822-**";"LUIZ CARLOS DE ALMEIDA"
10448;"***.388.953-**";"DANIEL CASTELO BRANCO LEMOS"
10449;"***.112.240-**";"FABIANO PEREIRA VICENTE"
10450;"***.266.333-**";"JOSE FELIPE PINHEIRO DO NASCIMENTO VIEIRA"
10451;"***.213.201-**";"HERLLON NOVAIS DO NASCIMENTO"
10452;"***.863.468-**";"GUSTAVO RODRIGUES PENHA"
10453;"***.043.301-**";"TELMA BAZZANO DA SILVA"
10454;"***.292.885-**";"IVANILSON FERREIRA VAZ"
10455;"***.547.576-**";"ALESSANDRO PEREIRA OLIVEIRA"
10456;"***.005.706-**";"ALCESTE METZKER DOS SANTOS GLORIA"
10457;"***.782.647-**";"LORENA DE OLIVEIRA CARLESSO VENTURA"
10458;"***.384.735-**";"JAILSON FREITAS DA SILVA"
10459;"***.261.133-**";"EVANIA CARVALHO DOS SANTOS"
10460;"***.222.089-**";"ELI LINO DE JESUS"
10461;"***.437.196-**";"MARCOS VINICIUS MORAIS NANGINO"
10462;"***.378.796-**";"CRISTIANE SANTOS FREIRE BARBOSA"
10463;"***.216.401-**";"FREDSON LEAL DE CASTRO CARVALHO"
10464;"***.593.511-**";"GIULIANO MOREIRA DE CARVALHO"
10465;"***.619.791-**";"DOUGLAS DE FRANCA ALVES BITILHER"
10466;"***.304.339-**";"PAULO SERGIO CARNICELLI"
10467;"***.848.168-**";"DANIEL ROTELLA COCCO"
10468;"***.654.125-**";"MARCIA AURELINA DE OLIVEIRA ALVES"
10469;"***.797.980-**";"JAQUELINE BERDIAN DE OLIVEIRA"
10470;"***.996.301-**";"ELIOMAR ARAUJO DE LIMA"
10471;"***.626.831-**";"TELMA ALVES GARCIA"
10472;"***.049.536-**";"ROSSANO WAGNER DE LIMA BOTELHO"
10473;"***.049.726-**";"VALDIR PEREIRA DE CARVALHO"
10474;"***.557.006-**";"JOSE HEITOR BELARMINO"
10475;"***.153.856-**";"CAROLINE BICALHO MALUF"
10476;"***.640.684-**";"VILDE GOMES DE MENEZES"
10477;"***.592.474-**";"ANTONELLA BRUNA MACHADO TORRES GALINDO"
10478;"***.378.489-**";"ROBERTO CARLOS ALVES"
10479;"***.631.879-**";"DEREK BLAESE DE AMORIM"
10480;"***.920.876-**";"IZAIAS FERREIRA DOS SANTOS"
10481;"***.899.157-**";"CAROLINE LINHARES DE SOUZA"
10482;"***.957.707-**";"CARLOS ANTONIO ALMEIDA RAEDER"
10483;"***.682.554-**";"ANA CAROLINA DOS SANTOS COSTA"
10484;"***.331.538-**";"MIRELA VANIN DOS SANTOS LIMA"
10485;"***.246.807-**";"PHILIP ARAUJO SILBERMAN"
10486;"***.510.981-**";"NATHALIA GONCALVES ARAUJO LOPES DE OLIVEIRA"
10487;"***.476.818-**";"JONATAS JOSE SANTOS SILVA"
10488;"***.699.771-**";"AILTON LUCIO SIQUEIRA"
10489;"***.491.371-**";"HUMBERTO CARRILHO SANTOS"
10490;"***.900.911-**";"BRUNO MAGNUM PARENTE TIMBO PINHEIRO SILVA"
10491;"***.915.421-**";"EDVALDO FERNANDES LIMA"
10492;"***.487.331-**";"WILSON BARBOSA ALVES"
10493;"***.246.287-**";"MARLY MARIA THOMAZINI ROELA"
10494;"***.141.907-**";"CLAUDIA VANIA PEREIRA LIMA"
10495;"***.274.090-**";"MARLA LISIANE LIMA WEBER"
10496;"***.346.432-**";"ELENILCY DOS SANTOS BEZERRA"
10497;"***.845.924-**";"MARIA DE FATIMA VASCONCELOS DE OLIVEIRA"
10498;"***.439.019-**";"ODILON SANTOS"
10499;"***.758.999-**";"JOAQUIM SOARES PADILHA FILHO"
10500;"***.751.600-**";"LEANDRO STRAUSS"
10501;"***.915.820-**";"FABIO RICARDO FRANCO"
10502;"***.935.612-**";"JOSEMEIRE SOUSA BARRETO"
10503;"***.640.571-**";"DIOGENES FONTENELE TEIXEIRA"
10504;"***.979.121-**";"THAYANE DA CONCEICAO OLIVEIRA SILVA"
10505;"***.941.363-**";"LICIA FERREIRA FONTENELE"
10506;"***.805.475-**";"DEBORA MEDEIROS DE ASSIS KARAM"
10507;"***.620.080-**";"RUMAR CARDOSO DE AZEVEDO"
10508;"***.090.990-**";"RINALDO DE SOUZA"
10509;"***.804.214-**";"FABIO MAIA DE FARIA"
10510;"***.197.071-**";"CAROLINE ANCHIETA NUNES"
10511;"***.112.376-**";"RODRIGO BORTOLINI PRADO"
10512;"***.826.837-**";"JULIANA PIRES E ALBUQUERQUE FERRER"
10513;"***.150.176-**";"OLIVIA DA SILVA VIEIRA"
10514;"***.852.964-**";"RENAN DO NASCIMENTO BELARMINO"
10515;"***.990.084-**";"ADMILSON MARQUES DOS PRAZERES"
10516;"***.002.405-**";"PEDRO AUGUSTO BEZERRA DE MELO"
10517;"***.497.605-**";"MARCOS DAVID GUSMAO GOMES"
10518;"***.103.938-**";"JOAO PEDRO ALVES BAPTISTA"
10519;"***.063.023-**";"BRENO TEIXEIRA GUEDES"
10520;"***.060.417-**";"CARLOS RENATO BRASIL JUNIOR"
10521;"***.050.714-**";"WELITON GOIS CANDIDO JUNIOR"
10522;"***.042.058-**";"LUDWIG ALFRED KLABACHER JUNIOR"
10523;"***.708.850-**";"THAIS RHEINHEIMER LOPES"
10524;"***.923.539-**";"ALTAMIR DA SILVA CARDOSO"
10525;"***.002.781-**";"ROMOLO DE LIMA FERREIRA"
10526;"***.382.997-**";"JOAO LUIZ GASPARELLI BARBOSA"
10527;"***.021.657-**";"RENATA GIORGI"
10528;"***.731.631-**";"ERIKA TAVARES AGUIRRES"
10529;"***.777.102-**";"MARIA DOS REIS MONTEIRO TEIXEIRA"
10530;"***.073.027-**";"CLAUDIA MAURICIO BARROS"
10531;"***.078.484-**";"HEITOR RODRIGO DE QUEIROZ GUIMARAES"
10532;"***.316.201-**";"ELISSON BRYAN SANTOS DE ALARCAO"
10533;"***.392.627-**";"JOAO CARLOS SARDINHA JUNIOR"
10534;"***.564.910-**";"FREDERICO RODRIGUES ROSSI"
10535;"***.561.901-**";"HENRIQUE COSTA ABREU"
10536;"***.787.902-**";"VICENTE FERREIRA LIMA FILHO"
10537;"***.879.782-**";"MARCIO CHUCRE DOS SANTOS"
10538;"***.552.702-**";"WALNEY JOSE DE OLIVEIRA ALBUQUERQUE"
10539;"***.107.036-**";"ANA PAOLA COSTA DE OLIVEIRA"
10540;"***.786.737-**";"MARCO ANTONIO VILLAS BOAS AGUIAR"
10541;"***.390.650-**";"ANDREA MARIA DE MARQUE"
10542;"***.805.858-**";"MELINA RANGEL DE ANDRADE"
10543;"***.842.909-**";"SHANNA BITTENCOURT"
10544;"***.600.679-**";"CARLOS ALBERTO VIANA"
10545;"***.081.901-**";"FERNANDA AMARILIO DOS SANTOS"
10546;"***.619.392-**";"MARCOS CHAPARRO PENA"
10547;"***.255.953-**";"ELISEU REIS FERNANDES"
10548;"***.794.533-**";"AFONSO FERREIRA DE SOUSA JUNIOR"
10549;"***.848.862-**";"JULIE MARIA SILVA AGUIAR"
10550;"***.332.284-**";"IVO SANTOS DE FRANCA"
10551;"***.467.898-**";"MIRIAN GISELE GABRIEL E SILVA"
10552;"***.725.286-**";"JEFFERSON ALVES DE OLIVEIRA"
10553;"***.546.559-**";"GIULIA AFFOLTER PERDONCINI"
10554;"***.515.179-**";"LUIZ FERNANDO FAVARO BUSNARDO"
10555;"***.521.414-**";"JUSSARA RODRIGUES BEZERRA"
10556;"***.785.229-**";"GLAISSON BIAVA VELHO"
10557;"***.480.539-**";"CAROLINE PEREIRA CHALEGRE"
10558;"***.578.349-**";"MARCOS DE ALMEIDA CAMARGO"
10559;"***.074.148-**";"ROGERIO DO NASCIMENTO"
10560;"***.966.128-**";"PAULEANA RODRIGUES"
10561;"***.220.709-**";"ADRIANA ESTEVAO"
10562;"***.784.579-**";"RICARDO PIMENTA"
10563;"***.619.414-**";"NATALY AMORIM DE SANTANA"
10564;"***.658.606-**";"ROGERIO OTTOBONI"
10565;"***.430.227-**";"ELIEL DA SILVA MOURA"
10566;"***.542.984-**";"ERIC MOTA DE ALBUQUERQUE"
10567;"***.564.454-**";"WELOSON FABIO AQUINO DA COSTA"
10568;"***.605.596-**";"MATEUS VINICIUS ALVES GUIMARAES"
10569;"***.539.571-**";"AMANDA CAROLINE HUPPES MOLLER"
10570;"***.404.367-**";"JORGE ALVES MACHADO"
10571;"***.385.237-**";"EDIVANDRO CABRAL DOS SANTOS"
10572;"***.761.246-**";"MARCIO LUCIO DE CARVALHO"
10573;"***.293.732-**";"FABIO ALVES DE ALBUQUERQUE"
10574;"***.571.800-**";"LUIS FELIPE CAVICHIOLI"
10575;"***.513.827-**";"ROBSON DA SILVA LIMA BARROS"
10576;"***.150.477-**";"CARLOS EDUARDO DOS SANTOS VIEIRA"
10577;"***.614.819-**";"JORGE LUIS DE MORAES ANSELMO"
10578;"***.495.877-**";"RICHARD MESSIAS NOVAES DA SILVA"
10579;"***.323.797-**";"JAILSON DUTRA NOGUEIRA"
10580;"***.768.130-**";"MAURO GARCIA DA SILVA"
10581;"***.513.847-**";"MARCOS AURELIO LOPES DA SILVA"
10582;"***.826.317-**";"THIAGO MONTEIRO DANTAS"
10583;"***.239.227-**";"LUCAS RODRIGUES SANT ANNA"
10584;"***.612.287-**";"KAYO VIERLING TEIXEIRA"
10585;"***.081.237-**";"BRUNO LEANDRO PEREIRA"
10586;"***.035.447-**";"DIEGO MORENO ALEXANDRE"
10587;"***.557.177-**";"PEDRO LONGO BOTELHO"
10588;"***.901.737-**";"GIOVANNI VITAL MACHADO"
10589;"***.743.047-**";"GABRIEL MANTOANO FELIX DE SOUZA"
10590;"***.413.337-**";"GUILHERME GOMES VERDAN DE MATTOS"
10591;"***.875.168-**";"GABRIEL LUAN VASCONCELOS FELICIO"
10592;"***.314.607-**";"JOAO AUGUSTO GUIMARAES SARAIVA"
10593;"***.908.629-**";"JULIANO TEIXEIRA"
10594;"***.040.077-**";"IGOR MACHARETT BAPTISTA"
10595;"***.813.167-**";"MATHEUS MENDES LUCAS"
10596;"***.483.084-**";"RUAN DA ROCHA GOMES MOURA"
10597;"***.749.814-**";"JOAO VICTOR CARNEIRO LEAO FABRICIO"
10598;"***.479.186-**";"FELIPE CAMPOS GAVA"
10599;"***.496.710-**";"JANIO AUGUSTO BAVARESCO"
10600;"***.401.834-**";"LAERTE FERNANDES DE SOUZA E SILVA"
10601;"***.384.380-**";"JOEL DOS SANTOS LOPES"
10602;"***.342.281-**";"WILLIAN CARDOSO DOS SANTOS"
10603;"***.225.538-**";"ARTHUR CUSTODIO MARCONDES"
10604;"***.682.377-**";"DANIEL BARBOSA CARVALHO"
10605;"***.704.987-**";"DENILSON BITENCOURT LEMOS"
10606;"***.599.074-**";"PHILIPE BORBA"
10607;"***.111.608-**";"MATEUS JOSE SIMAO CAMELO"
10608;"***.410.183-**";"MARIO AUGUSTO CARDOSO DE ALMEIDA"
10609;"***.454.752-**";"RICARDO COSTA MORAES"
10610;"***.275.499-**";"MATEUS VIEIRA DOS SANTOS"
10611;"***.895.898-**";"RAFAEL CARVALHO LONGO"
10612;"***.378.414-**";"MARCOS LEANDRO NUNES DE SOUZA"
10613;"***.803.227-**";"MARYANA OLIVEIRA DOS SANTOS"
10614;"***.664.289-**";"EDUARDO BAPTISTIM FRANCISCO"
10615;"***.120.438-**";"DEVIDSON COSTA CORREIA DA SILVA"
10616;"***.984.204-**";"JACQUES DEMES SOARES SILVA"
10617;"***.668.813-**";"HIDELMAR RODRIGUES LOPES"
10618;"***.328.420-**";"LESSANDRO GONCALVES DA SILVA"
10619;"***.853.820-**";"VINICIUS IVANES RIBAS DALBOSCO"
10620;"***.883.556-**";"ADRIANO ALMEIDA DE ALCANTARA"
10621;"***.145.756-**";"SAMUEL BARBOSA DA SILVA"
10622;"***.212.186-**";"GABRIEL DO NASCIMENTO VIEIRA"
10623;"***.158.691-**";"GABRIEL LANDI DOS REIS"
10624;"***.673.492-**";"RAIANDREY MOREIRA DE PAULA"
10625;"***.169.601-**";"MAXIS MARQUES"
10626;"***.663.661-**";"GUILHERME DOS SANTOS LEMES"
10627;"***.546.050-**";"ANDRE LUIS DO CANTO PETRY"
10628;"***.681.645-**";"ERICK DE SOUZA LEMOS"
10629;"***.171.657-**";"GABRIEL MACHADO FERNANDES"
10630;"***.334.124-**";"JEAN PABLO LIMA DA SILVA"
10631;"***.866.890-**";"ANDRE GILES CORNELIS CAMARGO"
10632;"***.589.422-**";"WEMERSON ALAN RODRIGUES MATOS"
10633;"***.771.302-**";"LUCELIA DE ALMEIDA DOS SANTOS COSTA"
10634;"***.638.340-**";"PABLO GABRIEL AVILA DE OLIVEIRA"
10635;"***.344.747-**";"REYNALDO COELHO LEAL"
10636;"***.619.507-**";"HUGO ZACARIAS DE SOUSA CARVALHO"
10637;"***.772.757-**";"DEMETRIUS DE PAULA ARAUJO"
10638;"***.479.428-**";"EVERTON OSSIMAR SOARES"
10639;"***.058.157-**";"REINALDO JUNIOR SOARES SILVA"
10640;"***.541.506-**";"MATHEUS CANIATO VALVERDE"
10641;"***.811.587-**";"GUSTAVO FIZ DE CARVALHO"
10642;"***.270.177-**";"ABNER ROSA LODORO"
10643;"***.726.701-**";"DIOMAR MENDES RIBEIRO"
10644;"***.088.677-**";"LEONARDO MELO DE PAULA"
10645;"***.791.344-**";"JOSE EDSON DOS SANTOS"
10646;"***.177.964-**";"MARCOS EDUARDO CAVALCANTI MEDEIROS OUTEDA"
10647;"***.947.924-**";"GUSTAVO BUARQUE RIBEIRO DA CUNHA"
10648;"***.999.521-**";"VINICIUS MARTINS NUMER"
10649;"***.832.120-**";"ARTHUR LAZZARI ROYES"
10650;"***.616.158-**";"VITOR AUGUSTO DOS REIS NARCISO"
10651;"***.738.474-**";"PAULO NUNES DOS ANJOS NETO"
10652;"***.234.084-**";"ALEKSANDR ANDRADE FERREIRA DE ABREU"
10653;"***.516.264-**";"TIAGO OLIVEIRA DE MELO"
10654;"***.920.124-**";"ANDERSON LUIZ DO NASCIMENTO ALVES"
10655;"***.890.929-**";"LUIZ GABRIEL MOREIRA CESAR"
10656;"***.304.967-**";"LUIZ MAURICIO MAIA JUNIOR"
10657;"***.140.102-**";"JOAO FAGUNDES MARCAL"
10658;"***.600.049-**";"VINICIUS SCHUINDT KAMINSKI"
10659;"***.358.197-**";"RAMON NEVES DE FARIAS PEQUENO"
10660;"***.463.977-**";"AUGUSTO CESAR FARIA SILVA"
10661;"***.638.574-**";"JOSE BERTO DOS SANTOS NETO"
10662;"***.106.179-**";"OTAVIO PROCHMANN LOEBENS"
10663;"***.165.527-**";"RODRIGO OLIVEIRA FIGUEIRA"
10664;"***.489.108-**";"CAUEH BRANCO DE CRISTO"
10665;"***.801.177-**";"VITOR EMANUEL SIMOES ANTONINO"
10666;"***.181.218-**";"THYAGO LUCIANO KANASHIRO NG"
10667;"***.761.618-**";"RICHARD ROBERT BATISTA RIBEIRO"
10668;"***.744.321-**";"LUCAS BALDUINO GOMES FERREIRA"
10669;"***.998.003-**";"JOSE ROGERIO SOARES COSTA"
10670;"***.631.056-**";"SERGIO HENRIQUE GAVA DO CARMO"
10671;"***.794.705-**";"WENDELL GABRIEL DOS SANTOS CARNEIRO"
10672;"***.661.257-**";"LEANDRO JOAO DA SILVA"
10673;"***.416.678-**";"FELLIPE GOMES DA SILVA SIQUEIRA"
10674;"***.747.579-**";"ROGERIO WILSON APOLINARIO"
10675;"***.942.163-**";"NAYLSON SOUSA PINHEIRO"
10676;"***.523.004-**";"ILIDIO FRANCISCO RAMOS NETO"
10677;"***.118.704-**";"GUILHERME DA SILVA RAMOS RODRIGUES"
10678;"***.196.342-**";"CICERO LOPES DA SILVA FILHO"
10679;"***.455.811-**";"SAVIO JOSE SALLES TEIXEIRA DA SILVA"
10680;"***.140.940-**";"JUNES LUIS OST"
10681;"***.278.051-**";"RAFAEL RODRIGUES FERNANDES"
10682;"***.056.131-**";"THALLES BISPO DE OLIVEIRA"
10683;"***.569.736-**";"VINICIUS FERNANDES MENDONCA DE BRITO"
10684;"***.049.557-**";"ELIAS DA SILVA PEDRO JUNIOR"
10685;"***.497.956-**";"RODRIGO RAFAEL MESQUITA GUIMARAES"
10686;"***.040.370-**";"THIAGO MARTINS BUENO"
10687;"***.931.017-**";"RAFAEL DOS SANTOS MACHADO"
10688;"***.000.774-**";"RICARDO MARINO JUNIOR"
10689;"***.367.524-**";"AGILSON RAIMUNDO DE ARAUJO"
10690;"***.908.786-**";"LEANDRO ROCHA GONCALVES"
10691;"***.084.820-**";"MARCOS AURELIO GONCALVES GOMES"
10692;"***.089.011-**";"CLAUDEMIRSON PAIVA BRASILINO"
10693;"***.317.396-**";"MARCIO ALVES DA SILVA"
10694;"***.034.727-**";"MARCELO GABRIELLI PONTES"
10695;"***.287.086-**";"GERALDO CRISTOVAO JUNIOR"
10696;"***.001.667-**";"JONH ALAN DORMEA SANTOS"
10697;"***.542.549-**";"WELLINGTON GOES BARBOSA"
10698;"***.306.974-**";"RISONALDO MAGALHAES BARRETO"
10699;"***.031.673-**";"DANIEL AZAMBUJA NOBRE DE SOUSA"
10700;"***.485.673-**";"RICHARD JARLLI BRILHANTE CHAVES"
10701;"***.683.341-**";"ELAN DOMINGOS FALCAO JUNIOR"
10702;"***.431.236-**";"BARBARA FERNANDA DA SILVA ARMONDES FERNANDES"
10703;"***.333.927-**";"ANDERSON LOPES SERAFIM"
10704;"***.251.801-**";"RAYSSA COUTINHO RODRIGUES"
10705;"***.727.748-**";"ANA GRAZIELE LOURENCO TOLEDO"
10706;"***.168.626-**";"STELLA MARIA GOMES"
10707;"***.980.688-**";"BRUNO DE CARVALHO OPINI"
10708;"***.798.333-**";"GESDETE DA COSTA PESSOA"
10709;"***.932.141-**";"MARCELO PEREIRA DANTAS DA SILVA"
10710;"***.227.471-**";"MARCIO JOSE RODRIGUES AMORIM"
10711;"***.805.907-**";"FLAVIO JOSE RIBEIRO"
10712;"***.168.620-**";"LEONARDO AFONSO DE FARIAS"
10713;"***.905.548-**";"FABIANA LUCIO DE OLIVEIRA"
10714;"***.277.327-**";"RODRIGO TAVORA GADELHA"
10715;"***.883.883-**";"CHARLES PEREIRA CHAVES"
10716;"***.025.039-**";"ALLAN RAFAEL VASSI DE SOUZA"
10717;"***.721.883-**";"JOAO FELIPE RODRIGUES DO NASCIMENTO"
10718;"***.591.966-**";"SILAS PRIMOLA GOMES"
10719;"***.590.085-**";"LINDOMAR LUIS DE SOUZA PAIXAO"
10720;"***.406.321-**";"TATIANE OLIVEIRA DOS SANTOS"
10721;"***.977.091-**";"LUIZ CARLOS DA CUNHA"
10722;"***.906.951-**";"HELIDA CAROLINNE MEDEIROS DE MORAES SILVA"
10723;"***.267.186-**";"DALILA PINTO DE SOUZA FERNANDES"
10724;"***.255.226-**";"TONNY APARECIDO VIDAL BARRA DE SOUZA"
10725;"***.353.296-**";"ELIZIANE DENIZE DE CASTRO PENHA"
10726;"***.803.273-**";"CLAUDETE FERNANDES PEREIRA"
10727;"***.759.864-**";"DANIEL GARRETT FEITOSA"
10728;"***.399.964-**";"LEONICE MARIA CAVALCANTE"
10729;"***.574.270-**";"MANOEL LISBOA SICHONANY JUNIOR"
10730;"***.310.807-**";"VICTOR MATHEUS JOAQUIM SALGADO CAMPOS"
10731;"***.588.139-**";"TAILON DAL MASO LUCAS"
10732;"***.179.037-**";"CARLOS JOSE FLEURY DE SIQUEIRA SILVA"
10733;"***.596.127-**";"CAMILA LIMA MUTZENBECHER MAISENHELDER"
10734;"***.540.731-**";"DANIELA MATOS DE OLIVEIRA"
10735;"***.795.271-**";"ANTONIO DE FREITAS TRISTAO NETO"
10736;"***.551.390-**";"EDER CHARNESKI"
10737;"***.500.701-**";"BENTO FREIRE DE SOUSA"
10738;"***.942.240-**";"IVY CATHERINE BUENO ROTH"
10739;"***.215.412-**";"NATALIA GOMES PINHEIRO"
10740;"***.432.921-**";"MARIA DA GLORIA NAZARETH"
10741;"***.032.562-**";"CLAUDIO BARROS"
10742;"***.008.736-**";"JULIO SERGIO RAMOS"
10743;"***.504.704-**";"CARLOS ALBERTO DA SILVA REIS"
10744;"***.637.529-**";"BENJAMIM GERLACH NETO"
10745;"***.448.201-**";"HENRIQUE ARAUJO HOHNE"
10746;"***.357.795-**";"ADRIANO ANDRIANI APOLUCENO"
10747;"***.041.792-**";"UMBERTO RAMOS RODRIGUES"
10748;"***.237.616-**";"ADRIANO BASTOS PEREIRA"
10749;"***.389.911-**";"EDMILSON MARTINS LOPES"
10750;"***.894.301-**";"MARCOS TIAGO DE AMARAL E ELOI"
10751;"***.617.717-**";"ANDRE DA SILVA MUSSOI"
10752;"***.362.875-**";"LUIZ ANTONIO GABRIEL DE CASTRO DOURADO"
10753;"***.189.054-**";"PATTERSON ALVES DE OLIVEIRA PIRES"
10754;"***.619.343-**";"IVAN SILVA LIMA"
10755;"***.816.273-**";"ARTHUR LEVY QUEIROZ CAVALCANTE"
10756;"***.038.389-**";"VICTOR PAULO DA CUNHA VICELLI RIBEIRO"
10757;"***.546.787-**";"CRISTIANO LECIO DA SILVA"
10758;"***.882.686-**";"RODRIGO ALVES LADEIRA"
10759;"***.570.466-**";"NATHALIA MIQUELITTO"
10760;"***.448.426-**";"MAURO MANSILHA DOS REIS FILHO"
10761;"***.793.405-**";"ROBERTO NASCIMENTO DOS SANTOS SALES"
10762;"***.143.465-**";"LUIZ CARLOS DOS SANTOS CARNEIRO"
10763;"***.355.704-**";"JEOVA QUERINO DA SILVA"
10764;"***.161.373-**";"CHRISTIAN RIBEIRO CASTELO BRANCO"
10765;"***.504.460-**";"DANIEL PITREZ DE AGUIAR CORREA"
10766;"***.804.500-**";"JONATAS JOSUE NERY"
10767;"***.730.301-**";"ALEXANDRE FIGUEIREDO DOS SANTOS"
10768;"***.757.262-**";"CARLOS ALBERTO NASCIMENTO BARBOSA"
10769;"***.154.791-**";"FABIO SANTANA DE OLIVEIRA"
10770;"***.125.426-**";"ROGER LUCIO MARINHO"
10771;"***.487.971-**";"MARCOS PEREIRA CARACA"
10772;"***.853.280-**";"LEONEL VALMOR MUGGE"
10773;"***.649.034-**";"HELDO MANUEL SILVA PEREIRA"
10774;"***.476.044-**";"MARCOS ROBERTO CAVALCANTE"
10775;"***.348.421-**";"LUIZ ALFREDO MARTINS LOPES BAPTISTA"
10776;"***.532.273-**";"CAROLINA ALVES RODRIGUES VIVEIROS"
10777;"***.315.291-**";"GERALDO FARIAS DE FRANCA"
10778;"***.328.781-**";"HUGO FERREIRA NETTO LOSS"
10779;"***.595.736-**";"ARISTEU NUNES DOS SANTOS"
10780;"***.689.962-**";"DIERLEY MORAIS DE ARAUJO"
10781;"***.351.987-**";"ADRIANA CARVALHAL FONSECA"
10782;"***.940.361-**";"ZILMA PEREIRA SILVA DE OLIVEIRA"
10783;"***.710.116-**";"ARISTIDES SALGADO GUIMARAES NETO"
10784;"***.804.100-**";"NARA SALOMAO"
10785;"***.806.741-**";"LUCIANA LAZZARI RIBAS"
10786;"***.931.792-**";"KASSIA LILIAN MACEDO GOMES"
10787;"***.199.198-**";"NATHALIA PORTERO DA SILVA"
10788;"***.051.362-**";"WILHAN ROCHA CANDIDO ASSUNCAO"
10789;"***.174.242-**";"ALINE ROBERTA POLLI"
10790;"***.957.972-**";"ALEX GARCIA CAVALLEIRO DE MACEDO KLAUTAU"
10791;"***.901.273-**";"BRUNO CAVALCANTE GONCALVES DA SILVA"
10792;"***.761.266-**";"MARILENE SOARES FONSECA"
10793;"***.147.056-**";"TAIS GOMES DUARTE SANTANA"
10794;"***.812.410-**";"DIEGO EDUARDO MACHADO"
10795;"***.807.811-**";"RODRIGO ROCHA RIBEIRO"
10796;"***.996.373-**";"ROSIFRAN DA SILVA"
10797;"***.293.767-**";"LESSANDRO DE MEDEIROS SILVEIRA"
10798;"***.948.808-**";"LOURDES DE FATIMA TRUZZI DE ALMEIDA"
10799;"***.867.324-**";"EDUARDO GUELFER FERRER DE MORAIS"
10800;"***.616.945-**";"CARLOS ALEXSHANDER MACEDO BORGES"
10801;"***.895.637-**";"JOSE CARLOS ALVES PEREIRA"
10802;"***.155.465-**";"MAIRA EVELIN DA SILVA SOUSA XAVIER"
10803;"***.017.795-**";"CHAYENNE SA DE SOUZA GUERREIRO"
10804;"***.916.817-**";"RUTEMBERG SANTOS CONCEICAO"
10805;"***.100.377-**";"LUIZ EDUARDO ELIAS DA SILVA"
10806;"***.364.787-**";"VITOR TEIXEIRA DA COSTA"
10807;"***.070.096-**";"JOAO VICTOR PEIXOTO TOLEDO"
10808;"***.319.367-**";"MAYCON ALVES CASADO"
10809;"***.493.347-**";"JORGE RAMOS DE VASCONCELOS JUNIOR"
10810;"***.465.026-**";"PAULO PAIVA DE MAGALHAES"
10811;"***.183.763-**";"GILDAZIO TIMBO PORTELA"
10812;"***.315.863-**";"LUCAS GABRIEL CORREA AIRES"
10813;"***.984.290-**";"GUILHERME FARIAS HENRIQUES"
10814;"***.600.852-**";"ANTONIO VINICIUS PEREIRA DE ALMEIDA"
10815;"***.531.267-**";"DIOGO VILLELA DA SILVA PINTO"
10816;"***.101.336-**";"ANDRE LUIZ MANOEL MEIRA"
10817;"***.741.158-**";"ANTONIO CESAR BAUS JUNIOR"
10818;"***.957.748-**";"WILSON DE ALVARENGA BOTELHO JUNIOR"
10819;"***.797.884-**";"TULIO AUGUSTO BARRETO CAVALCANTE"
10820;"***.896.074-**";"HERMERSON PESSOA DE OLIVEIRA"
10821;"***.316.874-**";"THIAGO JOSE COSME SOARES"
10822;"***.807.469-**";"ANDRE GUILHERME GOELDNER"
10823;"***.670.006-**";"REGINALDO COSTA DE OLIVEIRA"
10824;"***.673.917-**";"WENDEL DOS SANTOS NASCIMENTO"
10825;"***.453.232-**";"ERICK VILGNER CABRAL VIEIRA"
10826;"***.414.841-**";"ISABELLA DANTAS LIMA"
10827;"***.280.315-**";"ADILTON OLIVEIRA ALMEIDA"
10828;"***.625.643-**";"CLEYTON MAIA ROCHA"
10829;"***.301.757-**";"LETICIA REIS NOGUEIRA"
10830;"***.223.957-**";"FRANKLIN JOSE DA COSTA ALVES"
10831;"***.233.627-**";"JOAO PEDRO DE OLIVEIRA MARTINS"
10832;"***.266.158-**";"JOAO FLORENTINO TEIXEIRA DE CASTRO"
10833;"***.770.747-**";"RAFAEL RODRIGUES DE OLIVEIRA"
10834;"***.649.247-**";"GERALDO ANDERSON CARDOZO"
10835;"***.427.887-**";"WANDERSON FREITAS DOS SANTOS"
10836;"***.825.137-**";"ALBERTT DE SOUZA DE PAIVA"
10837;"***.326.418-**";"ENZO IAVAZZO DEL VECCHIO"
10838;"***.002.577-**";"RODRIGO DE SOUSA NOGUEIRA"
10839;"***.866.728-**";"EDUARDO DA SILVA CARNEIRO MALTA"
10840;"***.188.168-**";"RAFAEL SEIDY MILLE TAKEMOTO"
10841;"***.570.528-**";"PEDRO DA CRUZ RAFAELE"
10842;"***.363.500-**";"GUSTAVO LONGATTI SANTANA"
10843;"***.478.777-**";"MOABE DA COSTA LUNA"
10844;"***.988.190-**";"LUCAS BRAGA NUNES"
10845;"***.823.506-**";"EDUARDO ROCHA FERREIRA"
10846;"***.365.559-**";"JOAO VITOR DOS SANTOS BANDEIRA"
10847;"***.569.947-**";"MATHEUS DOS SANTOS MACIEL"
10848;"***.105.527-**";"THIAGO LIMA LUIZ"
10849;"***.832.638-**";"DAVID RAMOS NETO"
10850;"***.440.736-**";"NATANAEL SANTOS SILVA"
10851;"***.466.001-**";"BARBARA MUNIZ DA SILVA GUERREIRO"
10852;"***.569.941-**";"ANDRE FILIPE COSTA DO NASCIMENTO"
10853;"***.471.671-**";"ANA CAROLINA BITTENCOURT SEPULVEDA DE GODOY"
10854;"***.346.950-**";"RODRIGO HOPPE"
10855;"***.400.517-**";"JANAINA DE MORAES PERES"
10856;"***.446.030-**";"BRUNA BONNESS"
10857;"***.080.900-**";"THAIS CHIAPINOTTO MARSCHNER"
10858;"***.106.404-**";"INAKA SILVA BARRETO"
10859;"***.972.571-**";"ELAINE ALVES DE FARIA BRAGA"
10860;"***.082.471-**";"LUCAS BORGES DA SILVA"
10861;"***.210.574-**";"UBIRAJARA PEREIRA DA SILVA"
10862;"***.868.723-**";"ANTONIO MOISES FILHO DE OLIVEIRA MOTA"
10863;"***.333.030-**";"ADENISE CLERICI"
10864;"***.547.429-**";"ANDRESSA ROSPIRSKI"
10865;"***.864.816-**";"ELISA DE MELO CASTRO"
10866;"***.309.334-**";"RICARDO CAVALCANTE GALVAO"
10867;"***.849.728-**";"CRISTINA MOREIRA BONAFE"
10868;"***.554.881-**";"EMERSON CARLOS LEITE DE SOUZA"
10869;"***.711.751-**";"LUCIO FAGNER CHAGAS VALENTE"
10870;"***.011.385-**";"RAFAEL DULTRA GOMES DE ALMEIDA"
10871;"***.688.084-**";"CARLA ELIZABETH GRILO DINIZ"
10872;"***.907.702-**";"WALDEMAR OLIVEIRA FIGUEIREDO"
10873;"***.949.671-**";"VITOR NEVES DE MORAES"
10874;"***.627.121-**";"CAROLINA HELENA COELHO ANTUNES FONTES"
10875;"***.354.726-**";"ALINE ROBERTA VELOSO RANGEL"
10876;"***.807.991-**";"LUIS CLAUDIO LIMA PINHEIRO"
10877;"***.619.333-**";"DENISE DE PAULA SILVA"
10878;"***.822.591-**";"JONAS PEREIRA DE FREITAS"
10879;"***.567.608-**";"LINALDO SERAFIM"
10880;"***.079.207-**";"CLEVERTON LOPES SILVA"
10881;"***.968.970-**";"HUMBERTO DE ARAUJO GEHLEN"
10882;"***.861.400-**";"MARLON SANDRI PEGORARO"
10883;"***.000.266-**";"JULIO CESAR LOMBELLO"
10884;"***.976.497-**";"FLAVIO JORGE SANTOS DA HORA"
10885;"***.009.928-**";"JOSE TREVISOL"
10886;"***.790.746-**";"SANDRA ELIZA LADEIRA"
10887;"***.182.657-**";"PAULO CESAR SABINO"
10888;"***.931.828-**";"THAYNA JEREMIAS MELLO"
10889;"***.719.466-**";"ALINE MARTINS FERREIRA"
10890;"***.404.986-**";"ERIK ALVES DE OLIVEIRA"
10891;"***.229.018-**";"WILLIAM BATISTA DE VASCONCELLOS RAMELLO"
10892;"***.938.750-**";"ENIO JOSE GRABOSKI"
10893;"***.190.419-**";"CASSIANO AUGUSTO FERREIRA RODRIGUES GATTO"
10894;"***.979.172-**";"JOAO MONTEIRO DE SOUZA JUNIOR"
10895;"***.753.501-**";"CICERA MARIA RAMALHO DE LIMA COSTA"
10896;"***.103.201-**";"ANDERSON DOS SANTOS MENDES"
10897;"***.430.344-**";"JOAO ROSENDO DE LIMA SOBRINHO"
10898;"***.556.504-**";"VON BRAUNER MEDEIROS DE SOUZA"
10899;"***.264.331-**";"LEANDRO FRANCO PEDROZA"
10900;"***.911.178-**";"FELIPE REIS MELGAREJOS"
10901;"***.374.677-**";"MATHEUS DE PAIVA FREITAS"
10902;"***.487.947-**";"YURI GOMES DE MATTOS"
10903;"***.215.677-**";"EVERTON DOS SANTOS DO NASCIMENTO"
10904;"***.208.487-**";"JUAN PEREIRA PAGAN FILHO"
10905;"***.859.667-**";"RICHARDSON DO NASCIMENTO SOARES"
10906;"***.393.877-**";"JULIANA MARTINS DE ALMEIDA BRAGA"
10907;"***.989.071-**";"DOUGLAS ANSELMO DORNELES DE OLIVEIRA"
10908;"***.013.786-**";"LUISMAR CARDOSO"
10909;"***.696.353-**";"RODRIGO MARTINS DO NASCIMENTO"
10910;"***.355.046-**";"RANDAL BREVES DOS SANTOS"
10911;"***.943.992-**";"JORGE ALDIR ARANHA DA COSTA JUNIOR"
10912;"***.170.231-**";"CARLOS EDUARDO VILELA DA COSTA"
10913;"***.965.761-**";"GERCINO DUARTE SILVA"
10914;"***.979.311-**";"TATIANA VALENCA TEIXEIRA JORDAO"
10915;"***.090.816-**";"EDUARDO CARDOSO MELO"
10916;"***.599.212-**";"MATEUS GOMES DOS SANTOS"
10917;"***.412.803-**";"FRANCISCO ROBERTO DE SA PEREIRA"
10918;"***.238.666-**";"PATRICIA TAVARES DOS SANTOS"
10919;"***.912.747-**";"IGOR DIAS DE SOUZA"
10920;"***.696.931-**";"ALLAN JHONY DE SOUZA CASTRO"
10921;"***.477.901-**";"WEDSNEY LUIS LOPES ROGERIO"
10922;"***.507.282-**";"FERNANDO GOMES ANDRADE"
10923;"***.343.774-**";"ANA KARLA JALES DANTAS"
10924;"***.344.784-**";"ALISSON MENDES DA SILVA"
10925;"***.001.837-**";"SANDRO ALEX COSTA"
10926;"***.566.327-**";"FABRICIO PINHAL CARREIRA"
10927;"***.437.612-**";"RONI ADRIANO SILVA COSTA"
10928;"***.120.224-**";"ALDEMIR ALMEIDA DA SILVA"
10929;"***.395.131-**";"ALLAN VINICIUS PINHEIRO SALGADO"
10930;"***.917.973-**";"MARCOS DOS SANTOS AZEVEDO"
10931;"***.408.303-**";"DARLENE CARVALHO LEMOS"
10932;"***.029.254-**";"LEVI KENGIN WANDERLEY KOYANAGI"
10933;"***.068.523-**";"LUIZ EDUARDO TELES TAVORA"
10934;"***.721.501-**";"EDNALDO FERREIRA DE OLIVEIRA"
10935;"***.214.714-**";"PABLO RAMOS GOUVEIA"
10936;"***.991.104-**";"PEDRO AMERICO DE OLIVEIRA NETO"
10937;"***.997.808-**";"CELSO HUERTA GIMENES"
10938;"***.392.334-**";"ITAMIR DA ROCHA CORREIA"
10939;"***.407.537-**";"SERGIO FERNANDES PEREIRA"
10940;"***.989.507-**";"EDUARDO ARRISCADO DE FARIA"
10941;"***.584.157-**";"LEONARDO DE SOUZA CAIXETA"
10942;"***.772.672-**";"CAMILA AGUIAR DA FONSECA"
10943;"***.255.427-**";"OTAVIO MENDES DA ENCARNACAO"
10944;"***.109.516-**";"CAIO AUGUSTO DO CARMO"
10945;"***.286.242-**";"RENAN RODRIGUES TAVARES DE LIMA"
10946;"***.128.396-**";"SAULO DE SOUZA TOLEDO"
10947;"***.431.176-**";"PEDRO AUGUSTO MOREIRA DO CARMO"
10948;"***.815.087-**";"LUCAS RODRIGUES DE FREITAS"
10949;"***.883.706-**";"LUIZ THOMAZ NETO"
10950;"***.207.507-**";"JOHNNY DE ALMEIDA SANTANA"
10951;"***.397.069-**";"REBERSON TOMBINI FILHO"
10952;"***.470.904-**";"WERLLAN LIMA SOUZA E SILVA"
10953;"***.899.117-**";"CAIO FAILDE LIMA"
10954;"***.491.429-**";"HELINTON AMIN COSMOSKI"
10955;"***.145.151-**";"BRUNO JOSE PAIVA JOVANELLI"
10956;"***.355.232-**";"LUIS FELIPE DA SILVA SANT ANNA"
10957;"***.900.301-**";"RYAN CHRISTYAN FERREIRA DE MOURA"
10958;"***.262.861-**";"GABRIEL SANTOS DE ATAIDES"
10959;"***.033.937-**";"OLYNTHO ALVES GOMES DE SA"
10960;"***.215.907-**";"CESAR MENEZES MAIA"
10961;"***.218.047-**";"MARCOS ANTONIO BARBOSA"
10962;"***.061.760-**";"MICHELE DAIANE GABRIEL DA VEIGA OLIVESKI"
10963;"***.182.991-**";"LUIGUI RAFAEL SOUSA FARIAS"
10964;"***.442.239-**";"ELIZETI NIENCKOTTER"
10965;"***.480.624-**";"MARCEL RAULLINO ROCHA DO NASCIMENTO"
10966;"***.803.386-**";"RAFAEL MARTINS RIBEIRO"
10967;"***.282.764-**";"JERFFESON FRANCISCO NORONHA DA SILVA"
10968;"***.976.462-**";"ALEKSANDER LUIZ SILVA"
10969;"***.831.341-**";"JOABE CARDOSO NUNES DA SILVA"
10970;"***.497.228-**";"OTAVIO AUGUSTO COSTA"
10971;"***.013.758-**";"LEONILSON KIYOSHI SATO DE HERVAL"
10972;"***.796.315-**";"EURIVALDO NUNES RODRIGUES"
10973;"***.601.826-**";"TAIS CRISTINA BASTOS SOARES"
10974;"***.646.834-**";"JOAO PEDRO SANTOS TAVARES"
10975;"***.763.401-**";"TATIANY ALVES DUARTE DE OLIVEIRA"
10976;"***.742.788-**";"CRISTINA HELENA DA CUNHA MONTEFELTRO DE LUCIA"
10977;"***.589.757-**";"ALCEIA MARIA SILVA RIBEIRO"
10978;"***.015.584-**";"MARCOS VINICIUS GALDINO LIMA"
10979;"***.872.467-**";"BARBARA MELLO GUIMARAES"
10980;"***.114.975-**";"ANTONIO ALVES PIMENTA NETO"
10981;"***.051.641-**";"ANA PAULA LOPES GUEDES TEIXEIRA"
10982;"***.539.724-**";"NAPOLEAO GOMES DA SILVA FILHO"
10983;"***.985.706-**";"CLESIO LEAO DE CARVALHO"
10984;"***.759.746-**";"ALEX GUERSON GONCALVES"
10985;"***.229.784-**";"HEITOR SANTOS PENA DE LIMA"
10986;"***.584.156-**";"TELSON EMMANUEL OLIVEIRA CRESPO"
10987;"***.358.913-**";"ALEXANDRE DA PAIXAO ROLDAO"
10988;"***.369.716-**";"RENATO SILVA DA PAZ"
10989;"***.949.586-**";"KENNEDY CARLOS FERREIRA"
10990;"***.245.204-**";"CARLOS EVALDO ALVES DA CRUZ"
10991;"***.648.287-**";"TIAGO FRANCIS SOARES"
10992;"***.388.607-**";"ROSSANO NASCIMENTO DE OLIVEIRA"
10993;"***.264.858-**";"LUCIANO GARCIA LOURENCAO"
10994;"***.115.420-**";"MARCELO PEREIRA JAUREGUY"
10995;"***.592.500-**";"VINICIUS GALANTE MONTE MEZZO"
10996;"***.575.073-**";"ANTONIO JOSE NOGUEIRA DOS SANTOS"
10997;"***.744.538-**";"TIAGO ANTONELLI"
10998;"***.776.652-**";"LENA LUCIA LADISLAU LIMA DA SILVA"
10999;"***.194.202-**";"FABIO GUERRA SANTOS"
11000;"***.504.782-**";"JOSE LENILSON GOMES COSTA"
11001;"***.286.431-**";"RAYRA NEVES EUZEBIO"
11002;"***.317.846-**";"JERONIMO CARVALHO MARTINS"
11003;"***.440.154-**";"RAQUEL PEREIRA FREITAS DA SILVA"
11004;"***.952.702-**";"LAIO WILLIAM SILVA QUADROS"
11005;"***.961.327-**";"GUSTAVO MARTINELLI"
11006;"***.826.743-**";"ARTUR VINICIUS BARROS MOTA"
11007;"***.712.519-**";"JULIANO KLASSEN CHICORA"
11008;"***.136.686-**";"ALESSANDRO JOSE SILVA SANT ANNA"
11009;"***.517.039-**";"CRISTINA KAORI UEKUBO"
11010;"***.495.660-**";"PEDRO BIAGGIO SIEBENEICHLER"
11011;"***.035.345-**";"GILVAN ALVES ROCHA"
11012;"***.056.011-**";"SIMONE MIRANDA MOREIRA"
11013;"***.374.411-**";"OZIAS DA MOTA FERNANDES"
11014;"***.070.934-**";"EDUARDO LIBORIO FEITOSA DE ARAUJO"
11015;"***.568.468-**";"CARLOS FERNANDO TORRE LARA"
11016;"***.670.927-**";"EDUARDO SOUZA MOTTA"
11017;"***.678.621-**";"ALMIR LOPES DE CASTRO"
11018;"***.189.625-**";"LUIS GUILHERME ANDRADE OLIVEIRA"
11019;"***.565.017-**";"MATHEUS RAMOS RIBEIRO"
11020;"***.442.908-**";"LUCAS DIAS CARDOSO"
11021;"***.894.637-**";"ERICK MEIRELES DA SILVA"
11022;"***.888.367-**";"MARCIO PEREIRA SIMPLICIO"
11023;"***.350.917-**";"RAMON COSTA SEABRA"
11024;"***.805.457-**";"ANDERSON ADONIS FARIA DA CRUZ JUNIOR"
11025;"***.942.691-**";"FABIA FERNANDA CARDOSO DE BARROS DA CONCEICAO"
11026;"***.637.047-**";"ITALO QUEIROZ DE SOUSA"
11027;"***.943.021-**";"NATANAEL ALVES DE ALBUQUERQUE"
11028;"***.923.950-**";"JOCELI ALDEMAR DORNELES FAVERO JUNIOR"
11029;"***.397.700-**";"MIGUEL HENRIQUE MARTINS VIELMO"
11030;"***.775.040-**";"ANDRE HENRIQUE OHLAND FOERSTER"
11031;"***.764.475-**";"MATHEUS PIRES SAMPAIO COSTA"
11032;"***.203.420-**";"GUSTAVO CARVALHO TRUJILLO"
11033;"***.588.495-**";"FELIPE RAMON NEVES VIEIRA"
11034;"***.786.320-**";"GABRIEL SARTURI ALVES"
11035;"***.730.627-**";"EDGAR LUIZ TEIXEIRA DE ALMEIDA"
11036;"***.008.026-**";"GEISON MORAES DA COSTA VAZ"
11037;"***.443.697-**";"ALEXANDRE SEABRA GOMES"
11038;"***.049.014-**";"JAILDSON XAVIER SIQUEIRA"
11039;"***.853.657-**";"DIEGO DE SOUZA BESERRA"
11040;"***.344.296-**";"THAIAN MARCUS PEREIRA DOS SANTOS"
11041;"***.008.012-**";"ISRAEL LUCAS CABRAL DA SILVA"
11042;"***.185.397-**";"LUCAS TENREIRO DA COSTA FERNANDES"
11043;"***.394.867-**";"RAFAEL GILDES BORGES"
11044;"***.355.770-**";"JONATHAN GUSTAVO DE SOUZA"
11045;"***.537.173-**";"LUIS FILIPE RIBEIRO GAMBOA"
11046;"***.297.490-**";"JECSON BRAGA MOREIRA"
11047;"***.555.133-**";"MARCOS JOSE TEIXEIRA DA SILVA"
11048;"***.356.263-**";"ROMULO DOS SANTOS DO NASCIMENTO"
11049;"***.982.100-**";"SANDRO SILVA PERES"
11050;"***.476.537-**";"FABIO DE CASTRO PEREIRA"
11051;"***.520.336-**";"GIOVANNI ARLINDO DE CARVALHO"
11052;"***.464.772-**";"CLEMILSON AMARAL DO NASCIMENTO"
11053;"***.607.031-**";"MAYKON CARVALHO MARQUES DOS SANTOS"
11054;"***.958.696-**";"OSCAR PRAGA DE SOUZA"
11055;"***.926.815-**";"ADYLA KEILA LOPES SILVA OLIVEIRA"
11056;"***.604.284-**";"LUCIANO BERTO DA SILVA"
11057;"***.435.841-**";"CEZAR EDUARDO SOARES CORDEIRO"
11058;"***.971.850-**";"VALDECIR CARLOS FERRI"
11059;"***.123.905-**";"ALEXANDRE MOTA MENEZES"
11060;"***.536.314-**";"RODRIGO DE LUNA BORBA"
11061;"***.419.169-**";"JOAO RICARDO TECHIO"
11062;"***.682.134-**";"FRANCISCO JARISMAR DE OLIVEIRA"
11063;"***.838.646-**";"LEANDRO ALVES EVANGELISTA"
11064;"***.370.602-**";"CESAR LUCAS DOS SANTOS"
11065;"***.499.027-**";"HUGO MARTINS DE CARVALHO"
11066;"***.775.681-**";"CLAUDINILSON ALVES LUCZKIEWICZ"
11067;"***.222.939-**";"FABRICIO DALCIN CASTILHA"
11068;"***.090.017-**";"BRUNO DOS SANTOS AZEVEDO"
11069;"***.220.121-**";"MOACIR BATISTA GOMES JUNIOR"
11070;"***.304.186-**";"RENATO BRAZ ALBERTINO SOUZA"
11071;"***.020.696-**";"LETICIA SILVA FERREIRA"
11072;"***.552.651-**";"ERIKA FILGUEIRAS SOUSA"
11073;"***.607.581-**";"MARCELO GONZAGA"
11074;"***.847.338-**";"EVALDO GARCIA PEREZ"
11075;"***.351.278-**";"NATHALIA CALDEIRA MARQUES KHEDE DE PAULA"
11076;"***.860.453-**";"EDUARDO SILVA NEPOMUCENO"
11077;"***.858.022-**";"ANACLETO RABELO DE ALMEIDA NETO"
11078;"***.508.792-**";"JANIO GOMES LIMA"
11079;"***.152.396-**";"RODRIGO DIAS DE SOUZA GONCALVES"
11080;"***.508.841-**";"DEBORA RIBEIRO LOPES"
11081;"***.392.153-**";"RUBIA EMANUELLE OLIVEIRA MONTEIRO"
11082;"***.702.340-**";"MARCELO SILVEIRA COITINHO"
11083;"***.592.890-**";"ENRICO STRELIAEV CANALI"
11084;"***.865.636-**";"THIAGO SEVERO DE REZENDE"
11085;"***.636.011-**";"DANIEL VIANA CONTAR"
11086;"***.891.506-**";"TATIANA ALVES TORRES"
11087;"***.681.476-**";"MARCELO ALMADA POLCARO"
11088;"***.400.632-**";"LUIGI BARBOSA MORO"
11089;"***.846.442-**";"VINICIUS DUARTE LOPES"
11090;"***.659.811-**";"MARTA CARNEIRO DE MENDONCA"
11091;"***.458.997-**";"CLAUDIA CRISTINA SANTOS SOARES"
11092;"***.430.688-**";"LUCIMARA DE SOUZA"
11093;"***.264.796-**";"PEDRO AUGUSTO ESCOBAR"
11094;"***.852.016-**";"MARCOS GUEDES"
11095;"***.922.702-**";"JAMIR GONCALVES DOS SANTOS JUNIOR"
11096;"***.682.987-**";"GLEIBSON RUI BOM"
11097;"***.290.411-**";"FRANCISCO JOSE PEREIRA"
11098;"***.665.274-**";"DAMIAO DANTAS DE SOUSA"
11099;"***.151.870-**";"LISANDRO MARCIO SIGNORI"
11100;"***.199.868-**";"FERNANDO AUGUSTO TAMBELINI TIZIANEL"
11101;"***.456.156-**";"BETANIA TARLEY PORTO DE MATOS GOES"
11102;"***.011.393-**";"JEFERSON MARIANO SOARES SILVA"
11103;"***.233.289-**";"MARIELE ALVES DE MOURA"
11104;"***.473.041-**";"ANA LUCIA RIBEIRO DOS SANTOS DE SOUSA"
11105;"***.217.587-**";"MAXWELL MUZY REIS"
11106;"***.016.721-**";"ANTONIO JOSE DE SENA BOMFIM"
11107;"***.911.940-**";"SABRINA VITT ASSMANN"
11108;"***.753.008-**";"MELISSA MACHADO DE MORAES"
11109;"***.163.801-**";"JULIANA GOUVEA MACHADO"
11110;"***.872.427-**";"MAURICIO MOUTINHO DA SILVA"
11111;"***.351.076-**";"THAIS AMORIM DE ARAUJO"
11112;"***.798.028-**";"MAURICIO ANCELLONI PRADO GARCIA"
11113;"***.445.997-**";"OSMI FERNANDES SILVA"
11114;"***.492.507-**";"GABRIEL HECKER EVANGELHO WEISS"
11115;"***.601.887-**";"MATHEUS RANGONI PACHECO SOARES"
11116;"***.569.157-**";"MATHEUS FERREIRA DE SANTANA"
11117;"***.202.907-**";"ADEMIR RUFINO DA SILVA JUNIOR"
11118;"***.996.932-**";"GABRIEL SILVA TAVARES"
11119;"***.430.767-**";"YURI BOCHAT SANCHO LOPES"
11120;"***.949.400-**";"ADIMILSON GONCALVES BORGES"
11121;"***.757.873-**";"VITOR RODRIGUES GOMES DE FREITAS"
11122;"***.025.147-**";"LEONARDO SILVA DE LIMA"
11123;"***.094.457-**";"RODRIGO GOMES REZENDE GUERRA"
11124;"***.018.927-**";"LUIZ PAULO CHAVES FONSECA"
11125;"***.870.767-**";"RAFAEL OLIVEIRA MEDEIROS"
11126;"***.016.567-**";"MATHEUS COSTA DE ASSIS"
11127;"***.132.537-**";"TIAGO RODRIGO DE OLIVEIRA SONSINI"
11128;"***.620.747-**";"NEILSON FREITAS JUNIOR"
11129;"***.610.257-**";"VICTOR BRAGANCA MARTINS"
11130;"***.555.999-**";"LUCAS LUIS MOZONI RIBEIRO"
11131;"***.654.296-**";"JEFERSON SENRA AUGUSTO"
11132;"***.957.490-**";"WALLISON NUNES DINIZ"
11133;"***.076.453-**";"CARLOS EDUARDO MARTINS CARVALHO"
11134;"***.710.446-**";"JESSE PEREIRA COELHO"
11135;"***.767.670-**";"LEONARDO MATIAS RIBEIRO"
11136;"***.141.712-**";"ANTONIO VINICIUS MORAIS REGO"
11137;"***.624.252-**";"JOSE TIAGO VIEIRA GOMES"
11138;"***.937.436-**";"LUIS ESTEVAN RIBEIRO DE ALMEIDA GIRANT"
11139;"***.236.510-**";"DARLAN ALBERTO KLEIN"
11140;"***.221.700-**";"FABRICIO ROCHA DE OLIVEIRA"
11141;"***.731.399-**";"FELIPE ZANCHETTIN"
11142;"***.974.230-**";"GUSTAVO JANZEN"
11143;"***.981.346-**";"ROBERT DA COSTA PINTO"
11144;"***.864.289-**";"ANDRE MATTOZO DAHLKE"
11145;"***.790.159-**";"GABRIEL EHLERT DE ALMEIDA"
11146;"***.799.586-**";"LEONARDO PEREIRA MARQUES"
11147;"***.162.714-**";"MARCEL SALDANHA MALTA"
11148;"***.239.173-**";"JULIO CESAR CARVALHO NOGUEIRA"
11149;"***.542.683-**";"JOSE RIBAMAR CAMPELO DA SILVA JUNIOR"
11150;"***.507.337-**";"VICTOR HUGO DANTAS BATISTA DE MARIA"
11151;"***.888.431-**";"EMERSON CORDEIRO VIEIRA"
11152;"***.615.631-**";"STYVERSON MENDES FERNANDES"
11153;"***.588.839-**";"VINICIUS FERREIRA SANTOS"
11154;"***.003.094-**";"RICARDO JACINTO DOS SANTOS FILHO"
11155;"***.682.128-**";"GABRIEL FURLANETTO RODRIGUES"
11156;"***.319.622-**";"RENAN LUZ DO NASCIMENTO"
11157;"***.648.132-**";"MATHEUS GONCALVES DOS SANTOS"
11158;"***.349.177-**";"MARCELLO DE OLIVEIRA CARDOSO MACHADO VIEIRA"
11159;"***.562.627-**";"GABRIEL THEODORO DE ALVARENGA BARBOSA"
11160;"***.135.381-**";"GABRIEL LAZZARI"
11161;"***.090.537-**";"JULIO SILVERIO DUTRA"
11162;"***.405.904-**";"BRUNO MARCOS FREITAS NEVES"
11163;"***.823.521-**";"JOSE RODRIGO SANTANA DA CONCEICAO"
11164;"***.532.251-**";"OSMAR APARECIDO LOPES"
11165;"***.687.080-**";"ROBERTO RODRIGUES PEDROSO"
11166;"***.551.690-**";"EDERSON SILVA DE VASCONCELOS"
11167;"***.454.937-**";"MATHEUS PEREIRA MIRANDA"
11168;"***.567.107-**";"LEANDRO JUNIOR CORREA SILVA"
11169;"***.174.457-**";"LUCAS SCHEIDEGGER FERREIRA PASSOS"
11170;"***.308.407-**";"LUCAS EDUARDO TEIXEIRA DA SILVA"
11171;"***.967.129-**";"LEANDRO ANDRE DALLA PORTA"
11172;"***.434.696-**";"ROBINSON DE PAULA ALVARENGA"
11173;"***.361.101-**";"KAMILA ALVES FEITOSA"
11174;"***.029.977-**";"TIAGO RAFAEL PAULO"
11175;"***.146.956-**";"ANELISE LIMA DE ABREU DESSIMONI"
11176;"***.099.206-**";"WANDER DIAS DE ALMEIDA"
11177;"***.268.272-**";"EMANUEL CRISTIAN TISCHER"
11178;"***.811.398-**";"FRANCISCO JOSE DA COSTA FERREIRA PIRES"
11179;"***.824.298-**";"GILVERTON OLIVEIRA DA SILVA"
11180;"***.496.516-**";"CINTHIA RODARTE PARREIRA ALANE"
11181;"***.682.733-**";"MAURICIO RIBEIRO DA SILVA"
11182;"***.590.181-**";"FRANCIONE NERIS DE SOUSA"
11183;"***.147.726-**";"MOISES PAULO TEIXEIRA"
11184;"***.750.999-**";"RENATO DELMONICO"
11185;"***.592.302-**";"VITORIA SAMPAIO DE LIMA"
11186;"***.518.373-**";"MANOEL ADAUTO SOARES"
11187;"***.942.853-**";"PAULO HENRIQUE LEAL DE SOUSA"
11188;"***.551.851-**";"EDUARDO QUIRINO ARGUELHO DE QUEIROZ"
11189;"***.995.337-**";"XERXES RICARDO DA SILVA SOARES"
11190;"***.866.609-**";"ANA PAULA SOUTO THON"
11191;"***.976.380-**";"SANDRA SIMONE HOPNER PIEROZAN"
11192;"***.288.366-**";"GUSTAVO RODRIGUES DE MORAIS"
11193;"***.086.327-**";"HUGO HERMSDORFF DAS NEVES"
11194;"***.754.155-**";"ANA LUIZA ALMEIDA ANDRADE"
11195;"***.129.351-**";"VINICIUS DE SOUZA RIBEIRO"
11196;"***.655.081-**";"ANTONIO DE CAMARGO"
11197;"***.985.194-**";"KLEBER JORDAO LEITE DOS SANTOS"
11198;"***.328.326-**";"FELIPE SCARPELLI DE ANDRADE"
11199;"***.822.706-**";"MARCIO DAYVISON DA SILVA FREITAS"
11200;"***.342.422-**";"FREDERICO CARNEIRO DOS SANTOS"
11201;"***.721.540-**";"EDUARDO DA SILVA RODRIGUES"
11202;"***.910.958-**";"DANIELA CRISTINA REGO RODRIGUES"
11203;"***.597.594-**";"RODRIGO RAPHAEL AGUIAR DA SILVA"
11204;"***.812.685-**";"HEYDER DA SILVA NUNES"
11205;"***.847.352-**";"JOSE MARCELO DE ABREU SALOMAO"
11206;"***.813.701-**";"ERICO LUIS CORTES CAZARRE"
11207;"***.153.035-**";"ANTONIO MIRANDA DA ANUNCIACAO"
11208;"***.082.892-**";"DOUGLAS ADRIANO SILVESTRE"
11209;"***.794.340-**";"THIAGO MENEGOTTO"
11210;"***.773.423-**";"PAULO IRAN DA SILVA OLIVEIRA"
11211;"***.215.518-**";"DIOGO MITSURU KOGA"
11212;"***.765.993-**";"EVALDO GOMES LOPES"
11213;"***.512.290-**";"MARIA HELENA REINHARDT"
11214;"***.477.830-**";"ERNESTO SCHMIDT OLEQUES"
11215;"***.077.564-**";"CARLOS HENRIQUE FONSECA DE LIMA"
11216;"***.480.763-**";"LUCAS DE ARAUJO SOUSA"
11217;"***.554.586-**";"CAMILLA MONTES GOMES"
11218;"***.634.401-**";"MARCELO RIBEIRO MOREIRA"
11219;"***.816.861-**";"GRAZIELE LEITAO BEZERRA MENDES"
11220;"***.042.351-**";"JAYME ANTONIO DE SOUZA JUNIOR"
11221;"***.676.407-**";"ALEXANDRE VAZ DE SOUZA"
11222;"***.003.211-**";"SILVANIA FERREIRA DE SOUZA DA FONSECA"
11223;"***.739.328-**";"MANOEL OCTAVIO SILVEIRA DA MOTA SOARES"
11224;"***.631.154-**";"JOSE GARCIA DA SILVA"
11225;"***.000.191-**";"FRANCISCO RODRIGUES DE LIMA"
11226;"***.697.379-**";"LUCAS HIPOLITO XAVIER"
11227;"***.572.386-**";"ALUISIO VIVEIROS CAMARGO"
11228;"***.915.330-**";"JOSE ADRIANO CARVALHO DE LIMA"
11229;"***.022.818-**";"DOUGLAS LEONARDO MARCIANO"
11230;"***.024.123-**";"ALBERT EINSTEIN SOUSA LIMA"
11231;"***.040.135-**";"MATHEUS OLIVEIRA COSTA"
11232;"***.692.031-**";"NATANAEL FIGUEIREDO ARAUJO"
11233;"***.216.427-**";"GABRIEL LUIZ DA ROCHA FERREIRA"
11234;"***.395.987-**";"LUCAS LIMA DA SILVA"
11235;"***.228.127-**";"DAVI GOMES TOSTES FREITAS"
11236;"***.202.417-**";"DOUGLAS OLIVEIRA DA SILVA"
11237;"***.426.237-**";"WILLIAM DA SILVA VIEIRA SILVA"
11238;"***.472.897-**";"FILIPE AMORIM SIQUEIRA MOTA"
11239;"***.885.916-**";"RODRIGO CAMPISSE BORBONI"
11240;"***.784.364-**";"MARINALDO GOMES BATISTA"
11241;"***.234.477-**";"FAUSTO BARBOSA LAUREANO LUIZ"
11242;"***.873.100-**";"ELTON ANTONIO BERNARDES JUNIOR"
11243;"***.115.555-**";"GIVANILDO DE OLIVEIRA SAKELLIOU"
11244;"***.037.367-**";"GABRIEL VELOSO LOPES PEREIRA"
11245;"***.860.384-**";"CLERCIO GONDIM DA SILVA JUNIOR"
11246;"***.425.757-**";"ANDRE TEIXEIRA DE ASSIS"
11247;"***.780.227-**";"LUCIANO RIBEIRO DA SILVA"
11248;"***.501.657-**";"TADASHI NICOLAU CHAVES SIRONI STESCKI"
11249;"***.487.425-**";"CARLOS HENRIQUE BAHIA"
11250;"***.225.987-**";"ANDREA MARIA GUIMARAES"
11251;"***.762.517-**";"ELISON RODRIGO MALTA DE ABREU RIBEIRO"
11252;"***.911.004-**";"CLEIDNILTON MACEDO ALVES"
11253;"***.089.517-**";"ANDERSON MACHADO BARBOSA"
11254;"***.773.463-**";"LINDACY LIMA DE OLIVEIRA"
11255;"***.064.496-**";"WANDER BATISTA DE ALMEIDA"
11256;"***.468.844-**";"ISAQUE MARTINS DANTAS"
11257;"***.506.839-**";"ABRAAO SOUZA SCANDOLEIRO SANTOS"
11258;"***.939.557-**";"MARCUS MANHAES NASCIMENTO"
11259;"***.419.020-**";"ROGERIO GOULART TOLEDO"
11260;"***.085.012-**";"LUCAS VIDAL SANTOS"
11261;"***.386.256-**";"PABLO COSTA DA SILVA"
11262;"***.726.620-**";"MATHEUS DE SOUZA ROSA"
11263;"***.304.960-**";"HEITOR DE LIMA CAVALHEIRO"
11264;"***.934.306-**";"FABIO HENRIQUE RODRIGUES PARREIRA"
11265;"***.357.300-**";"SANDRO DA SILVA ALVIENES"
11266;"***.416.170-**";"ANDER ARTHUR TEIXEIRA CARVALHO"
11267;"***.190.117-**";"ELIJORGE ESTELITA DE SOUZA JUNIOR"
11268;"***.760.276-**";"SAN DIEGO FERREIRA DARDIE"
11269;"***.097.506-**";"GUSTAVO CARLOS SILVEIRA"
11270;"***.389.290-**";"CRISTIAN JUNIOR WYREPKOWSKI"
11271;"***.110.228-**";"EMERSON RAFAEL PEDROSO"
11272;"***.833.304-**";"HEITOR ESPINDOLA DE SOUSA"
11273;"***.768.416-**";"MARCO TULIO MONTES BERNARDES"
11274;"***.854.772-**";"JOSSILENE REIS DE OLIVEIRA GABY"
11275;"***.660.216-**";"PAULO HENRIQUE DA SILVA"
11276;"***.508.637-**";"JEFFERSON DANIEL FERREIRA MARTINS"
11277;"***.252.267-**";"ARTHUR FLORENTINO DE OLIVEIRA"
11278;"***.629.148-**";"VITOR GOMES GARCIA"
11279;"***.187.687-**";"VINICIUS RODRIGUES ALMEIDA DE SOUZA"
11280;"***.018.330-**";"PABLO TEIXEIRA ESTIVALETE"
11281;"***.855.777-**";"VINICIUS BRUMATTI PINHO"
11282;"***.068.711-**";"DAVID MARTINS CARVALHO"
11283;"***.128.660-**";"THOMAS HENRIQUE TOLEDO DA SILVA"
11284;"***.776.250-**";"VALMIR ANTONIO KREWER"
11285;"***.095.440-**";"LEONARDO SIENRA MARTINS"
11286;"***.801.251-**";"WILLIAN VICTOR VENTURA DUARTE"
11287;"***.616.278-**";"DAVIDSON LUIS RIBEIRO"
11288;"***.766.042-**";"JOAO GUILHERME BRAGA DOS SANTOS"
11289;"***.709.303-**";"ALLAN MAGALHAES BARROS"
11290;"***.460.271-**";"DARIO FARIAS NUNES"
11291;"***.552.839-**";"DRUMOND TALHAMENTO RODRIGUES"
11292;"***.959.004-**";"VICTOR DIEGO DE ANDRADE SILVA"
11293;"***.797.335-**";"VALTER CAL FERREIRA JUNIOR"
11294;"***.366.330-**";"FERNANDO FERREIRA LACORTT"
11295;"***.847.790-**";"ROBERTO CARLOS DE CASTRO DOS SANTOS"
11296;"***.280.270-**";"AILTON VALAU PEREIRA"
11297;"***.113.931-**";"CELIO PIRES DE OLIVEIRA JUNIOR"
11298;"***.439.797-**";"PAULO HENRIQUE ALVES TENORIO"
11299;"***.712.227-**";"PAULO HENRIQUE SILVA BARCELOS"
11300;"***.141.323-**";"JONATHAN DE CALDAS BARROS"
11301;"***.494.722-**";"FABIO ALEXANDER BEUTLER"
11302;"***.554.282-**";"ELISAMA DA SILVA PINTO OLIVEIRA"
11303;"***.185.642-**";"MARCELO DOS SANTOS NETO"
11304;"***.128.669-**";"ROSETE DE ANDRADE"
11305;"***.290.544-**";"JULIANA MARIA DA SILVA"
11306;"***.533.612-**";"GLEICIANE BARROS FERREIRA DA SILVA"
11307;"***.862.972-**";"MANOEL ALIPIO BORGES DA COSTA"
11308;"***.042.438-**";"DANIEL GUIMARAES NERY"
11309;"***.881.870-**";"MAIRA CARNEIRO BITTENCOURT"
11310;"***.305.414-**";"SIMONE FERREIRA DE ALBUQUERQUE"
11311;"***.466.646-**";"RENATA FERREIRA SANTANA"
11312;"***.166.624-**";"LEONAM DA COSTA MELO"
11313;"***.394.086-**";"PAULO ANDRE MORAIS PORTILHO"
11314;"***.422.804-**";"MARCOS ROGERIO DA COSTA FRANCA"
11315;"***.331.323-**";"CARLITO MONTEIRO DA SILVA"
11316;"***.646.883-**";"NOEL LEAL FERREIRA"
11317;"***.368.374-**";"FRANCISCA SIMONELY DE VASCONCELOS"
11318;"***.014.896-**";"BRUNO BERTOLIN PEREIRA"
11319;"***.109.456-**";"MARIO ANTONIO MOREIRA"
11320;"***.169.461-**";"MATEUS FERNANDES ALVES"
11321;"***.258.460-**";"ANGELO MARCOS DE FREITAS DIOGO"
11322;"***.633.065-**";"TAINARA SANTOS OLIVEIRA HASSELMANN"
11323;"***.067.096-**";"HENRIQUE FELIX GONCALVES"
11324;"***.336.346-**";"BRUNO GONZAGA DIAS"
11325;"***.163.826-**";"SIMONE APARECIDA FERREIRA MASIOLI"
11326;"***.773.614-**";"KATIA ELAINE DE VASCONCELOS E SILVA"
11327;"***.448.644-**";"RAMON DE FREITAS RODRIGUES"
11328;"***.694.304-**";"ESDRAS DO NASCIMENTO HOLANDA"
11329;"***.484.214-**";"JOCIEL MENDES DE FRANCA JUNIOR"
11330;"***.585.234-**";"MOYSES BARBOSA DA SILVA FILHO"
11331;"***.232.504-**";"JOANA CRISTINA MEDEIROS TAVARES MARQUES"
11332;"***.664.279-**";"MARCIO JOSE SORGATO"
11333;"***.398.627-**";"JOSUE CORDEIRO DA SILVA"
11334;"***.484.851-**";"MARCIO DE FREITAS SILVA ARAGAO"
11335;"***.820.631-**";"RENATO GONTIJO E SILVA"
11336;"***.548.633-**";"MARIA LUCIA FERNANDES FRAGOSO DE OLIVEIRA"
11337;"***.620.788-**";"ALEX MORAES DA COSTA MASCARENHAS"
11338;"***.084.839-**";"SAMELA PAVANI DA SILVA CARVALHO"
11339;"***.323.987-**";"LUIZ CLAUDIO DA FONSECA"
11340;"***.888.424-**";"TASSYANA MICHELYNE CARDOSO OLIMPIO GRANT COSTA"
11341;"***.328.641-**";"GUILHERME D ALESSANDRO SILVA"
11342;"***.980.491-**";"GILBERTO CARDOSO DA SILVA"
11343;"***.168.202-**";"MURILO GONCALVES ALMEIDA"
11344;"***.292.603-**";"MILVIA RENIA CAMPOS DE QUEIROZ"
11345;"***.662.206-**";"RODRIGO MORAIS FERNANDES"
11346;"***.540.935-**";"CLAUDIA LAURIA VIEIRA DOS SANTOS"
11347;"***.395.177-**";"ANTONIO HENRIQUE SOARES MOURAO DE SOUZA"
11348;"***.595.584-**";"ANGELA ALESSANDRA DE LIRA CLEMENTE TORRES BISPO"
11349;"***.997.602-**";"RAFAEL SOUZA RIBEIRO DA SILVA"
11350;"***.091.335-**";"FERNANDO NASCIMENTO SANTOS"
11351;"***.369.909-**";"GLAUCO LUCIO GONCALVES LOPES"
11352;"***.383.420-**";"LISANDRA MALDANER NUNES"
11353;"***.174.433-**";"LUCAS DE SOUSA MELO"
11354;"***.640.353-**";"LEANDRO DE ANDRADE CALDAS"
11355;"***.012.853-**";"MAURICIO VIEIRA DO NASCIMENTO"
11356;"***.824.900-**";"EDUARDO BASSO"
11357;"***.470.080-**";"ALEXSANDRO VELOSO CAETANO"
11358;"***.752.832-**";"JOAO BOSCO RAMOS SOUZA"
11359;"***.354.257-**";"BRUNO JOSE DA COSTA"
11360;"***.972.720-**";"BRUNA MOSER TORRES"
11361;"***.515.727-**";"DANIELLE DOS SANTOS SIQUEIRA"
11362;"***.197.534-**";"DOUGLAS SILVA LUNA"
11363;"***.523.691-**";"ALEXANDRE DUTRA MAIA"
11364;"***.071.551-**";"JOAO PAULO FREITAS MUNIZ"
11365;"***.048.932-**";"JONAS FELIPE CANDIDO DE SOUSA"
11366;"***.005.349-**";"GIOVANI MAURICIO SIMAS"
11367;"***.714.226-**";"MAURO RODRIGUES DOS REIS"
11368;"***.249.176-**";"IVANILDA DA SILVA ROCHA RIBEIRO"
11369;"***.014.692-**";"ERICLES LENNON NEVES DA CRUZ"
11370;"***.076.157-**";"BRUNO LOPES ANTUNES"
11371;"***.651.851-**";"LEILA BENVINDO DE CARVALHO"
11372;"***.719.761-**";"CAMILA DE SOUZA LOBO"
11373;"***.828.337-**";"ANDREIA QUANDT MONTEIRO"
11374;"***.491.792-**";"EMANUEL DAMASCENO CORREA PEREIRA"
11375;"***.836.232-**";"DAIANY LARISSA RIBEIRO CARRERA"
11376;"***.209.073-**";"ANTONIO GILVAN SOUSA ALBUQUERQUE"
11377;"***.466.617-**";"DOMINGOS FERNANDO ANDREONI"
11378;"***.439.118-**";"ANTONIO FERREIRA DA SILVA NETO"
11379;"***.069.969-**";"MARISTELA GRASSO"
11380;"***.858.983-**";"FRANCISCO AURISVALDO AQUINO GONCALVES"
11381;"***.271.603-**";"PATRICIA MELO DA COSTA"
11382;"***.830.804-**";"PEDRO LUCIANO ALCANTARA DE LIMA"
11383;"***.295.541-**";"MATIAS MESQUITA JUNIOR DA SILVA"
11384;"***.541.246-**";"ULLA MILLA IACONO FULLONE"
11385;"***.176.182-**";"ADAUTO CARVALHO PINHEIRO"
11386;"***.629.107-**";"ADEMIR MARINHO FERREIRA"
11387;"***.048.792-**";"KAJEANNE DE OLIVEIRA PEREIRA"
11388;"***.853.177-**";"LELIANE SOARES FERREIRA"
11389;"***.352.464-**";"CLECIO TEIXEIRA ROCHA"
11390;"***.461.001-**";"MARINEZ ISAAC MARQUES"
11391;"***.512.041-**";"WESLEY DE SOUZA ALVES OLIVEIRA DO NASCIMENTO"
11392;"***.031.972-**";"GIULIO MOTA VALLINOTO"
11393;"***.500.061-**";"BRENO RODRIGUES DE SOUZA"
11394;"***.003.307-**";"ALINE REINOZO GONCALVES"
11395;"***.048.207-**";"THADEU LEONDY DE SANT ANNA"
11396;"***.707.867-**";"VINICIUS DINIZ SOUZA"
11397;"***.686.025-**";"FERNANDA DE CASSIA MATOS CSEKO"
11398;"***.832.970-**";"KEVIM IOCHIMS"
11399;"***.337.857-**";"VITOR ANDRE MACHADO POLEZE"
11400;"***.983.407-**";"WALLACE DA SILVA"
11401;"***.255.645-**";"NADIOSE SILVA PEREIRA"
11402;"***.100.597-**";"MARIANA GUIMARAES ALVES DA SILVA"
11403;"***.114.017-**";"IAGO SILVA FREITAS"
11404;"***.395.317-**";"LEANDRO KFURI DE OLIVEIRA"
11405;"***.016.627-**";"MATHEUS FERREIRA AQUINO DE JESUS"
11406;"***.558.357-**";"AIRTON DE SOUSA SILVA"
11407;"***.054.901-**";"LUIS FANOR LEON ROJAS"
11408;"***.239.301-**";"MISLENE RODRIGUES DE AGUIAR GOMES"
11409;"***.038.365-**";"LEONARDO ICARO SANTOS DE ALMEIDA"
11410;"***.494.727-**";"KADSON CARLOS FERREIRA"
11411;"***.635.682-**";"ANDRENILSON QUEIROZ FANDINHO DA SILVA"
11412;"***.070.662-**";"EDIVANA DA SILVA PEREIRA"
11413;"***.627.117-**";"BRUNO PRADO DOS SANTOS"
11414;"***.613.217-**";"BRENNO DE CARVALHO MARINS"
11415;"***.401.947-**";"JOAO PEDRO LOUSADA MAGGESSI"
11416;"***.383.997-**";"MARLON JOSE NASCIMENTO RODRIGUES"
11417;"***.942.556-**";"LUCAS ROTATORI BORGES"
11418;"***.961.399-**";"LUCAS GABRIEL SANTOS DE LIMA"
11419;"***.341.439-**";"RYAN CUNHA LIMA"
11420;"***.369.906-**";"TAYRONE GUSTAVO DOS REIS MARIZ"
11421;"***.674.790-**";"ONEIDE RENAN DE LIMA RIBEIRO"
11422;"***.866.197-**";"LUCAS DOS SANTOS BEZERRA ALIPIO"
11423;"***.713.640-**";"GUILHERME KOPP TOESCHER"
11424;"***.096.647-**";"MARCIO LESTINHO AVILA JUNIOR"
11425;"***.985.197-**";"KAUE FERREIRA PITREZ LOMBARDI"
11426;"***.698.390-**";"DIEGO DE SOUZA MOURA"
11427;"***.256.816-**";"BRUNO GOMES MITTERHOFER DE OLIVEIRA"
11428;"***.185.637-**";"HUGO MATHEUS DE SA DA ROCHA"
11429;"***.010.121-**";"PATRYCK NUNES AMARO"
11430;"***.728.529-**";"MATHEUS CARDOSO GUIRADO"
11431;"***.221.943-**";"JOEL LIMA MACEDO"
11432;"***.350.547-**";"FABIANE DOS ANJOS SANTOS"
11433;"***.939.131-**";"JOSE IAHNN NETO"
11434;"***.003.967-**";"GABRIEL TEIXEIRA VETORAZI GUSSON"
11435;"***.843.968-**";"GABRIEL BELLETTI FAGLIONI"
11436;"***.203.287-**";"MARCOS ALEXANDRE DE SOUZA PECANHA DA CRUZ"
11437;"***.469.667-**";"ANTONIO ENDEL GAZE FERREIRA"
11438;"***.146.367-**";"ISAQUE VIEIRA DE AZEVEDO"
11439;"***.757.338-**";"LUCAS EDUARDO DE FREITAS CATIRSE"
11440;"***.438.211-**";"MARCOS VINICIOS VIEIRA DE SOUZA"
11441;"***.599.394-**";"CAIO VICTOR SANTANA AMADOR"
11442;"***.646.112-**";"BRUNA RAFAELA MORAES DE MORAIS"
11443;"***.052.947-**";"PEDRO PAULO JOSE FERREIRA"
11444;"***.494.670-**";"DEMETRIO ALVES XAVIER"
11445;"***.196.157-**";"BRUNO ROGEL SILVA DE CARVALHO"
11446;"***.997.117-**";"FELIPE MARINS BARROCA"
11447;"***.817.824-**";"EDUARDO AMORIM FERNANDES CAVALCANTI"
11448;"***.854.026-**";"GABRIEL PINTO DO NASCIMENTO"
11449;"***.930.551-**";"GUILHERME MOURA TORRES TEIXEIRA"
11450;"***.173.820-**";"EDUARDO BRANDENBURGER ROCHA"
11451;"***.667.960-**";"JOELSON CABRAL DE QUEVEDO"
11452;"***.681.697-**";"IGOR PINA AZEVEDO DE SENNA"
11453;"***.362.877-**";"YGOR FORMAGIO MOREIRA"
11454;"***.911.801-**";"WELBER ROSA GOMES"
11455;"***.837.253-**";"KLEBERSON SANTOS BORGES"
11456;"***.560.260-**";"LUA COPPETI KRYSCZUM"
11457;"***.493.260-**";"GIANI MARCOS SPANEVELLO"
11458;"***.379.826-**";"MATHEUS BARBOSA RESENDE"
11459;"***.260.837-**";"JEAN APOLLO LEITE DE ANDRADE"
11460;"***.082.303-**";"FRANCISCO TOMAZ DE MOURA"
11461;"***.780.180-**";"ELIEZER GONCALVES ALVIRA"
11462;"***.749.560-**";"LUCIANO DIAS LEAL"
11463;"***.430.250-**";"MATEUS FERNANDES PIRES"
11464;"***.562.946-**";"CLEVERSON MELLO DE ABREU"
11465;"***.201.102-**";"RAOMILTON ALVES PEREIRA"
11466;"***.410.797-**";"JEFERSON GOMES DA SILVA"
11467;"***.058.378-**";"GERALDO BESSA DE ABREU FILHO"
11468;"***.838.666-**";"FERNANDO OLIVEIRA SOARES"
11469;"***.631.626-**";"JADIR ALVES DE OLIVEIRA"
11470;"***.599.056-**";"TIAGO MACHADO DOS SANTOS"
11471;"***.061.291-**";"JAQUES RAMOS ALMEIDA"
11472;"***.094.531-**";"MAXIMILIANO KAWAHATA PAGLIARINI"
11473;"***.105.432-**";"RODRIGO RONKOSKI"
11474;"***.189.670-**";"JOAO CARLOS PRERNISKA JAROSEZWSKI"
11475;"***.978.974-**";"LUYZ PAULLO TARGINO SATURNINO"
11476;"***.754.264-**";"JANA KELLY DOS SANTOS"
11477;"***.578.046-**";"MARIELLA MAIA QUADROS"
11478;"***.467.782-**";"EDIELSOM ALMEIDA DA SILVA"
11479;"***.749.411-**";"PAULA BORGES MONTEIRO"
11480;"***.992.329-**";"BARBARA FRASSINI LOPES"
11481;"***.180.338-**";"NILSON HIDEO OKAMOTO"
11482;"***.457.683-**";"RICARDO HENRIQUE DA PENHA MARTINS"
11483;"***.970.611-**";"REGINALDO VICENTE RIBEIRO"
11484;"***.812.341-**";"WELLINGTON WESLEY MIRANDA RAMOS"
11485;"***.260.331-**";"LISE ROSSI JONES LIMA"
11486;"***.122.651-**";"BERNHARD FERRAZ WEPRAJETZKY"
11487;"***.322.811-**";"FERNANDO JULIO BARROS"
11488;"***.937.280-**";"JNANA GADEA DE MELLO"
11489;"***.411.937-**";"MIRIAM DE SOUZA FERREIRA"
11490;"***.865.457-**";"VICTOR PEREIRA REVOREDO"
11491;"***.732.049-**";"SIMONE MASSULINI ACOSTA"
11492;"***.158.078-**";"LUCIANO DA SILVA SIQUEIRA"
11493;"***.975.221-**";"ADRIANO DE ALENCAR LEIRO SANTOS"
11494;"***.947.724-**";"JUCIER GOMES"
11495;"***.202.011-**";"ELMIR FERREIRA MANRIQUE"
11496;"***.003.084-**";"GUSTAVO MEDEIROS DE MACEDO"
11497;"***.280.659-**";"DOUGLAS SCHORR"
11498;"***.667.122-**";"AYRTON PERES FERNANDES"
11499;"***.199.977-**";"MIRIAM BARROZO DE ALMEIDA"
11500;"***.292.326-**";"LUIZ CARLOS DO NASCIMENTO"
11501;"***.813.415-**";"GLEDSON ARAUJO DOS SANTOS"
11502;"***.630.813-**";"LUCIO RODRIGUES GOMES"
11503;"***.185.221-**";"CAIQUE LOPES DE MEDEIROS"
11504;"***.010.451-**";"CESAR DEL NERO SANTOS"
11505;"***.790.422-**";"RONALDO HENRIQUE RIBEIRO NETO"
11506;"***.928.757-**";"JHONNY DIAS DE OLIVEIRA"
11507;"***.187.041-**";"JOAO HENRIQUE VALOIS BOTELHO"
11508;"***.176.806-**";"LUIZ MARCELO VIEIRA COSTA"
11509;"***.435.337-**";"MAURO CARVALHO JOSE"
11510;"***.877.138-**";"ALVARO EDUARDO GONCALVES DE SOUZA"
11511;"***.474.827-**";"AULER LEAL DAS NEVES"
11512;"***.957.745-**";"NOILSON LAZARO SOUSA GONCALVES"
11513;"***.764.860-**";"LUIZ FELIPE BADERMANN"
11514;"***.339.920-**";"VERIDIANA ROCHA ALVES"
11515;"***.008.132-**";"ALLAN JONES NUNES SOUSA"
11516;"***.857.972-**";"PATRICK MOREIRA TEIXEIRA"
11517;"***.045.511-**";"RAPHAEL KHOURY FREIRE"
11518;"***.128.282-**";"HERMENEGILDO BEZERRA DE CARVALHO NETO"
11519;"***.654.512-**";"ZERICE DA SILVA DIAS"
11520;"***.717.831-**";"CICERO ALMEIDA DE SOUSA"
11521;"***.194.508-**";"CLAUDIO MASSAO KAWATA"
11522;"***.992.118-**";"LUCIA GUARALDO"
11523;"***.791.780-**";"FLAVIO ZANCHETTI"
11524;"***.349.353-**";"MARCOS CARLOS DE MESQUITA NETO"
11525;"***.799.352-**";"CARLOS OTAVIO RODRIGUES DOS SANTOS"
11526;"***.052.568-**";"NIDIA REIS DE PAIVA"
11527;"***.440.595-**";"MAILA BRANDAO COUTO"
11528;"***.441.381-**";"SAMUEL COELHO RODRIGUES"
11529;"***.313.012-**";"GABRYELLY ISABEL FORTUNA DE OLIVEIRA"
11530;"***.887.777-**";"RAFAELA CAMPOSTRINI FORZZA"
11531;"***.126.893-**";"LEADINEY GOMES ARAUJO ROCHA"
11532;"***.616.713-**";"ELIONILTON FERREIRA DO CARMO"
11533;"***.493.973-**";"GISLENE FREITAS ARAUJO VITAL"
11534;"***.613.699-**";"GUSTAVO TETSUO HIRATA YENDO"
11535;"***.239.154-**";"DEMOCLACIDES BOTELHO BEZERRA DE MELO"
11536;"***.002.379-**";"MARCOS ANTONIO ZILIOTTO JUNIOR"
11537;"***.806.588-**";"CLAUDIA CECILIA MARCHIANO"
11538;"***.981.309-**";"WALLACE TADEU NEIA"
11539;"***.035.307-**";"PAULO CESAR DA SILVA"
11540;"***.919.679-**";"WELLINGTON BLEY"
11541;"***.332.167-**";"CELIO VALENTIM JUNIOR"
11542;"***.350.959-**";"ANDRIELE COSTA BELINSKI"
11543;"***.629.821-**";"ANTONIA DA COSTA E SILVA"
11544;"***.931.594-**";"CELSO WALTER COSTA BARROS"
11545;"***.018.487-**";"VALDECI MAURILIO SOBRINHO"
11546;"***.237.424-**";"ELVANDY GONCALVES CHAVES"
11547;"***.043.896-**";"LENINE GUEVARA OLIVEIRA E SALVADOR"
11548;"***.671.047-**";"NICHOLAS GUIMARAES HOLANDA"
11549;"***.682.954-**";"EZIEL RIBEIRO LIMA JUNIOR"
11550;"***.621.220-**";"RENATA FORNEL"
11551;"***.851.087-**";"CARLOS EDUARDO DA SILVA"
11552;"***.087.457-**";"DOUGLAS PIMENTA PEREIRA"
11553;"***.506.787-**";"EWERTON ROQUE DOS SANTOS"
11554;"***.988.697-**";"BRUNO FERNANDES MOREIRA"
11555;"***.708.186-**";"BRUNO PAULINO VIEIRA DE SOUZA"
11556;"***.269.327-**";"FELIPE DE OLIVEIRA BATISTA"
11557;"***.583.362-**";"AMANDA KELLY DE BARROS BRITO"
11558;"***.706.692-**";"ANDRE MONTEIRO DE LIMA"
11559;"***.283.247-**";"RAFAEL TORRES GOMES MONTEIRO"
11560;"***.056.381-**";"MAURO FERNANDES DE JESUS"
11561;"***.746.847-**";"FABIO ADOLFO DE SOUZA SILVA"
11562;"***.564.784-**";"DIEGO CARDOSO DA SILVA SANTOS"
11563;"***.056.147-**";"JOAO PEDRO DE OLIVEIRA SILVA"
11564;"***.484.707-**";"REGINALDO DIOGO BASTOS MACHADO"
11565;"***.728.157-**";"STEFANIO DA SILVA CHAVES"
11566;"***.792.046-**";"IGOR MAURICIO DE REZENDE"
11567;"***.990.157-**";"FELIPE SILVA DE CARVALHO"
11568;"***.232.107-**";"LEONARDO MATOS DA SILVA"
11569;"***.001.069-**";"LUCAS GABRIEL ZAPELLO"
11570;"***.986.590-**";"VINICIUS FIORIN"
11571;"***.948.233-**";"JEFFERSON FRANCISCO DA SILVA"
11572;"***.119.919-**";"JAMES VIEIRA DA ROCHA"
11573;"***.700.257-**";"GABRIEL BARRIOS GARCIA"
11574;"***.845.053-**";"RONALDO LOPES DE SOUSA"
11575;"***.961.950-**";"GABRIEL VARGAS GOULART"
11576;"***.007.740-**";"LUCAS FUMACO PRATES"
11577;"***.737.477-**";"LUIZ FELIPE BRITO DE OLIVEIRA"
11578;"***.936.700-**";"TAGOR EDUARDO ANDREOLLA DORNELES"
11579;"***.225.012-**";"GABRIEL MEIRA AMAZONAS"
11580;"***.665.490-**";"LAURENCE FERREIRA ROCHA"
11581;"***.475.934-**";"PAULO ANTONIO NUNES DE ARAUJO E SILVA"
11582;"***.846.707-**";"RODRIGO GUIMARAES VIEIRA SOUTO"
11583;"***.947.325-**";"PATRICIO PEREIRA ALVES FILHO"
11584;"***.588.819-**";"DOUGLAS DANIEL MALTAURO PEREIRA"
11585;"***.703.909-**";"DIEGO ANTONIO KIEDROSKI"
11586;"***.020.453-**";"TIAGO FERREIRA DE SOUSA"
11587;"***.709.007-**";"MARCELO CORREIA DA SILVA"
11588;"***.914.100-**";"PABLO DE CARLI DE CASTRO"
11589;"***.239.070-**";"CLOVIS TEIXEIRA FLORES"
11590;"***.613.820-**";"THIERRY RODRIGUES ROCHA"
11591;"***.582.570-**";"EDUARDO DE QUADROS ALMADA"
11592;"***.735.848-**";"ANDERSON JOSE DOS SANTOS FERNANDES"
11593;"***.996.885-**";"MARCUS VINICIUS MOREIRA CANTANHEDE LIMA"
11594;"***.164.204-**";"EVERTON MARCOLINO LIMA DA SILVA"
11595;"***.698.303-**";"GABRIEL SALES QUEIROZ"
11596;"***.478.637-**";"RAPHAEL MATHEUS DA SILVA TERRA RUAS"
11597;"***.909.157-**";"ADALBERTO MARTINS DA SILVA JUNIOR"
11598;"***.636.487-**";"ANA BEATRIZ DE OLIVEIRA FAVERO"
11599;"***.846.008-**";"RAFAEL DE SOUZA OLIVEIRA"
11600;"***.254.857-**";"BRENO DA SILVA SANTOS"
11601;"***.800.657-**";"WALDEVIR AGUIAR FRANCO"
11602;"***.008.271-**";"URIEL DOURADO DA SILVA NETO"
11603;"***.550.077-**";"RODRIGO ABRUZZINI COSATI"
11604;"***.801.367-**";"LUCAS RODRIGUES CAMPOSO"
11605;"***.717.040-**";"UILLIAN ZAVAREZE LIBRELOTTO"
11606;"***.848.532-**";"DEIVID ALMEIDA PAMPLONA"
11607;"***.751.781-**";"ADRIEL NELVO RIQUENA"
11608;"***.041.516-**";"VICTOR KALEBE MADEIRA SANTOS"
11609;"***.608.792-**";"GUSTAVO REIS SILVA"
11610;"***.839.030-**";"MAURECI DIONISIO DOS SANTOS SILVA"
11611;"***.644.695-**";"TIAGO DE CARVALHO MATOS"
11612;"***.278.367-**";"JOAO PAULO VITAL DO VALLE"
11613;"***.305.514-**";"BRENDO LEE DE LIMA DOMINGOS"
11614;"***.880.821-**";"YURI GUSTAVO DO NASCIMENTO"
11615;"***.327.661-**";"WELLINGTON LUIZ ARRUDA FERNANDES"
11616;"***.552.858-**";"RICHARD SANTANA FERREIRA"
11617;"***.639.928-**";"MAX RODRIGUES LIMA"
11618;"***.918.299-**";"AMAURI SIDNEY PALOMBO JUNIOR"
11619;"***.545.148-**";"GUILHERME DE TOLEDO PAROLIN"
11620;"***.038.077-**";"THIAGO ALBERTO SODRE ROQUE"
11621;"***.234.301-**";"FILIPE ALVES DE OLIVEIRA"
11622;"***.695.813-**";"RAPHAEL BONFIM SILVA"
11623;"***.037.700-**";"DAVI PADILHA SEIBEL"
11624;"***.714.127-**";"GABRIEL SALGUEIRO DA SILVA"
11625;"***.815.877-**";"YURI JIQUIRI DE FREITAS DA SILVA"
11626;"***.067.073-**";"DAVID FERREIRA DA SILVA"
11627;"***.704.402-**";"ABSALAO CARLOS DE ALMEIDA FILHO"
11628;"***.670.250-**";"OSMAR ANTONIO SANTIAGO"
11629;"***.898.380-**";"LUIDI ANDREI GASPARIN"
11630;"***.815.274-**";"AROLDO SANTOS MEDEIROS"
11631;"***.946.786-**";"RAFAEL RICARDO ALVIM DO VALLE"
11632;"***.384.560-**";"FABIANO PEDROZO COGO"
11633;"***.242.576-**";"JOSE CLAUDIO DO NASCIMENTO"
11634;"***.506.470-**";"JOHANNES MANENTE MINUZZI"
11635;"***.642.516-**";"JOAO PAULO ANDRADE NUNES"
11636;"***.167.681-**";"LUCAS DE ARRUDA TEOFILO"
11637;"***.541.726-**";"LUIZ ANTONIO RIBEIRO PEREIRA"
11638;"***.926.701-**";"ISRAEL MENINI PINHEIRO"
11639;"***.557.493-**";"WASHINGTON RAFAEL ALVES DANTAS DE SIQUEIRA"
11640;"***.628.178-**";"STANLEY FROTA DA SILVA"
11641;"***.236.632-**";"OLIVALDO FRANCA RODRIGUES JUNIOR"
11642;"***.908.096-**";"MARCELO VENDRAMINI DE CARVALHO"
11643;"***.881.648-**";"TIAGO CRISTIANO MESSAGGI GOMES DE OLIVEIRA"
11644;"***.395.038-**";"ANTONIO VICENTE FERREIRA"
11645;"***.672.523-**";"JOSE DE OLIVEIRA SOUSA"
11646;"***.585.481-**";"PATRICIA MARQUES DA NOBREGA"
11647;"***.341.632-**";"CRISTHIAN AGRA DE ARAUJO"
11648;"***.782.873-**";"ALEXANDRE DE CASTRO GOYANNA"
11649;"***.331.436-**";"ANDRE CUNHA DA SILVA"
11650;"***.783.329-**";"MARIA MARCIA FERREIRA"
11651;"***.698.961-**";"TIAGO PEREIRA DA SILVA CORREIA"
11652;"***.297.944-**";"PEDRO HENRIQUE DANTAS DIAS"
11653;"***.740.906-**";"ELIANE AUGUSTO NDIAYE"
11654;"***.136.080-**";"ELIAS MISAEL SOARES RIBEIRO"
11655;"***.304.650-**";"EDER FAVRETTO"
11656;"***.168.644-**";"ERIKA TAYANE BARBOSA DA COSTA"
11657;"***.494.574-**";"FRANCISCO ANGELO DA SILVA NETO"
11658;"***.207.062-**";"WILLIANS DE PAULA PEREIRA"
11659;"***.137.948-**";"JULIANA ALVIM NORBERTO"
11660;"***.177.527-**";"MARCIO VERDIN TAVARES"
11661;"***.326.174-**";"MARCOS LUIZ PEIXOTO COSTA"
11662;"***.427.400-**";"LUCIANO RECART ROMANO"
11663;"***.836.586-**";"ODAIR BARBOSA NEVES"
11664;"***.976.792-**";"JOSEMIR PAIVA ROCHA"
11665;"***.609.184-**";"SAMIR DE CARVALHO COSTA"
11666;"***.874.348-**";"LUIS LESSI DOS REIS"
11667;"***.733.027-**";"UMBERTO CASSARA DE CASTELLAMMARE SCOTT SICILIANO"
11668;"***.899.797-**";"CLAUDIA MARIA FIUZA ALVES"
11669;"***.431.395-**";"UBIRANI VELOSO DOS SANTOS DE FRANCA"
11670;"***.311.606-**";"ANDREA DE PAULA XAVIER VILELA"
11671;"***.154.024-**";"KARINE GOMES FALCAO VILELA"
11672;"***.010.808-**";"CHRISTOPHE ALBERT LOPES DE ALBUQUERQUE"
11673;"***.388.799-**";"WILSON DE AGUIAR BENINCA"
11674;"***.980.405-**";"CESAR VELAME DE CARVALHO"
11675;"***.899.336-**";"JANNE PAULA NERES DE BARROS"
11676;"***.437.327-**";"EDGAR ELLER JUNIOR"
11677;"***.359.863-**";"IGOR DE OLIVEIRA CORDEIRO"
11678;"***.811.463-**";"THIAGO DE SOUSA COSTA"
11679;"***.564.677-**";"HENRIQUE DE HOLLANDA CAVALCANTI"
11680;"***.939.971-**";"JACQUES MARTINIANE AIRES DE ALENCAR"
11681;"***.888.821-**";"EDUARDO GOMES TIMO"
11682;"***.241.508-**";"GILBERTO MELANIAS DOS SANTOS"
11683;"***.623.404-**";"JOSE JORGE DE MENDONCA GALVAO"
11684;"***.012.464-**";"CAIO EMANNUEL LIRA DE SANTANA"
11685;"***.948.823-**";"LAIANA COELHO ABREU"
11686;"***.217.711-**";"CIBELE PEREIRA DE CASTRO LINS"
11687;"***.705.002-**";"LYTTON LOMAS PIMENTA DE MEDEIROS FILHO"
11688;"***.821.922-**";"SIDNEI ROCHA DE SOUZA"
11689;"***.382.442-**";"VIVIANE SALLES FREIRE"
11690;"***.430.011-**";"LUCYNILA DE NORONHA BRAGA"
11691;"***.747.921-**";"FELIPE ALBERTO MOREIRA DIAS"
11692;"***.868.875-**";"RAFAEL ANDRADE RIGAUD DE JESUS"
11693;"***.895.098-**";"FERNANDO AUGUSTO BATTAUS"
11694;"***.439.956-**";"WENDERSON DO CARMO MAIA"
11695;"***.817.705-**";"RUBENS DE ALMEIDA NEVES"
11696;"***.518.664-**";"MARCO AURELIO PEREIRA PEGADO DO NASCIMENTO"
11697;"***.926.968-**";"EDCARLOS ALVES DA CUNHA"
11698;"***.168.231-**";"ANTONIO PADUA DE CASTRO JUNIOR"
11699;"***.796.059-**";"PIETRO ANDRADE PASTRO"
11700;"***.884.231-**";"LEUDIR ROGOSCHI"
11701;"***.860.158-**";"JOAO VICTOR SANTOS OLIVEIRA"
11702;"***.273.891-**";"DANILO PASSINATO DA SILVA OLIVEIRA"
11703;"***.666.956-**";"GERALDO HENRIQUES REZENDE"
11704;"***.878.173-**";"GABRIEL SILVA PEREIRA"
11705;"***.215.211-**";"LUCIANA RIBEIRO CARNEIRO SILVA"
11706;"***.525.891-**";"ELY ALVES DE SOUZA"
11707;"***.657.330-**";"GIOVANI URBANO ZAMBONI"
11708;"***.112.103-**";"PAULO ECIR DO NASCIMENTO"
11709;"***.694.873-**";"LUIZ DA SILVA COELHO"
11710;"***.907.206-**";"ALVARO CESAR ELIAS MENDES"
11711;"***.374.854-**";"HUMBERTO DE ARAUJO FRAGOSO"
11712;"***.646.271-**";"FABIANE GONCALVES DE SOUZA"
11713;"***.083.968-**";"TATIANA ALVES FONA E FRANCO"
11714;"***.437.563-**";"RUBEM JAYRON DOS SANTOS SOUSA"
11715;"***.933.140-**";"VALERIO NEUMANN"
11716;"***.972.724-**";"ANA ROSA VIEIRA SILVA"
11717;"***.542.972-**";"JOEL LIMA DA SILVA"
11718;"***.090.133-**";"ANABELLA SANTOS SOUSA"
11719;"***.955.643-**";"ELANE GAMA DO NASCIMENTO"
11720;"***.054.954-**";"LAZARO ABRAAO PEREIRA"
11721;"***.960.531-**";"FELIPE LEITE COSTA"
11722;"***.956.456-**";"LUCIANA COLLARES DE HOLANDA"
11723;"***.171.578-**";"FERNANDO BARBOSA VILAS BOAS"
11724;"***.647.518-**";"SILVIO LUIZ STRASSACAPPA"
11725;"***.849.818-**";"DANIELLA CRISTINI FERNANDES"
11726;"***.859.101-**";"CELSO LEOCADIO DA ROSA"
11727;"***.791.568-**";"JOSE PEREIRA DA CUNHA"
11728;"***.674.998-**";"ANDRE FARIAS CAVACO"
11729;"***.023.691-**";"RODRIGO RIBEIRO DE SOUZA"
11730;"***.991.017-**";"GUSTAVO MELO FERNANDES"
11731;"***.889.817-**";"MARCIO DA SILVA CUSTODIO"
11732;"***.926.150-**";"IRIS SOUZA DE OLIVEIRA"
11733;"***.956.050-**";"RENA FILIPE GOTTSCHALK DOS SANTOS"
11734;"***.317.637-**";"CARLOS MOZART RODRIGUES DOS SANTOS ISMERIM"
11735;"***.320.107-**";"CESAR LUCENA DINUCCI"
11736;"***.413.567-**";"LENNON DA SILVA GOMES"
11737;"***.596.677-**";"WAGNER DA SILVA"
11738;"***.933.141-**";"JONATHAN DOUGLAS ESTRA"
11739;"***.869.017-**";"ANDERSON TORRES DOS REIS"
11740;"***.085.247-**";"PEDRO HENRIQUE FERREIRA MENDONCA"
11741;"***.942.807-**";"SAULO DE PAULA SOUZA"
11742;"***.035.987-**";"FLAVIO RAMIREZ GULLO"
11743;"***.324.944-**";"MARCIO AUGUSTO BROELL FARIA JUNIOR"
11744;"***.346.444-**";"MARIA JAYNE CAVALCANTE ARAUJO COSTA"
11745;"***.282.597-**";"CLAYTON CANROBERT SODRE LISBOA"
11746;"***.323.981-**";"JACYARA DA SILVA MORAES RONDON SUAREZ"
11747;"***.061.177-**";"CAIO HENRIQUE TEIXEIRA"
11748;"***.447.747-**";"JOAO PAULO LEITE DA SILVA"
11749;"***.877.134-**";"ALDO FREIRE BARBOSA DA SILVA"
11750;"***.137.447-**";"JOHNNY GONCALVES MENDES"
11751;"***.026.927-**";"ROMULO MIGUEL PEREIRA"
11752;"***.391.776-**";"BRUNO SILVA QUEIROZ"
11753;"***.832.137-**";"RAPHAEL MARTELLO PANNO LOURENCO"
11754;"***.108.987-**";"WALLACE NUNES FERRAO"
11755;"***.249.807-**";"RODRIGO RIBEIRO DA SILVA"
11756;"***.089.891-**";"JOHNATAN SCALCO DE FREITAS"
11757;"***.312.043-**";"JOAO PAULO PEREIRA BANDEIRA"
11758;"***.354.170-**";"DIOGO DOS SANTOS FEIJO"
11759;"***.540.749-**";"ARILSON WALISSON PIRES"
11760;"***.121.387-**";"HENRIQUE FERNANDO SOUZA RODRIGUES DA COSTA"
11761;"***.504.356-**";"GLAUBER DE SOUZA E SILVA"
11762;"***.311.480-**";"MAURICIO SOUTO QUINTANA"
11763;"***.787.157-**";"ROGER MORETI RIBEIRO DA SILVA"
11764;"***.459.919-**";"ANDRE FILIPE CAZNOK SILVEIRA"
11765;"***.515.919-**";"JOEL DACHERY"
11766;"***.650.734-**";"JESIEL BALBINO DE OLIVEIRA"
11767;"***.483.287-**";"JOAO VITOR BOIM RODRIGUES"
11768;"***.359.376-**";"KAIQUE MARQUES GOMES DE OLIVEIRA"
11769;"***.115.356-**";"ANDRE LUIZ GANDRA FERRAZ"
11770;"***.952.638-**";"ANDRE KREUTZER"
11771;"***.186.478-**";"RYAN RAMOS ROCHA"
11772;"***.530.658-**";"JOAO VICTOR TEOTONIO"
11773;"***.541.727-**";"ANDERSON DE SOUZA EPAMINONDAS"
11774;"***.460.727-**";"PEDRO HENRIQUE PALERMO RODRIGUES"
11775;"***.172.711-**";"HUGO TAVARES CIDIAO"
11776;"***.547.350-**";"LUCAS MIKEIAS GOIS DE SOUZA"
11777;"***.854.917-**";"HIAGO MARVILA DE OLIVEIRA VIEIRA"
11778;"***.091.552-**";"DOUGLAS RAMON LUCENA DE MORAIS"
11779;"***.760.329-**";"LUIS GERMANO RUDOLF PARISOTTO"
11780;"***.536.989-**";"PATRICK ANTONIO CHEDE DA ROCHA"
11781;"***.110.529-**";"SUEDER JAK"
11782;"***.495.539-**";"NEILSON INACIO DA SILVA JUNIOR"
11783;"***.697.524-**";"FELIPE MONTENEGRO DE ANDRADE"
11784;"***.963.812-**";"PAULO VINICIUS DA SILVA LADISLAU"
11785;"***.596.941-**";"RAUL ALMEIDA DO NASCIMENTO"
11786;"***.905.919-**";"ANTONIO CHRISTIANO BATISTA TAVELLA"
11787;"***.213.741-**";"SERGIO LUIS POTYGUARA PEREIRA FERREIRA LIMA"
11788;"***.182.954-**";"JHONISSON APOLINARIO CAVALCANTI"
11789;"***.082.777-**";"MATHEUS BLANCO VERCOSA FREITAS"
11790;"***.743.169-**";"DANIEL DO CARMO"
11791;"***.493.026-**";"JACKSON DOS SANTOS FERREIRA"
11792;"***.829.603-**";"EDUARDO ROMERO TORQUATO"
11793;"***.987.447-**";"DANILO ANDRE CARRAPATEIRA DE OLIVEIRA"
11794;"***.090.650-**";"EMILY DE SOUZA BRAZ"
11795;"***.639.729-**";"MATHEUS MARQUES MEIRELES DE SOUZA"
11796;"***.041.711-**";"ALAN EDUARDO CUNHA ARAUJO"
11797;"***.981.228-**";"DENIS FELIPE BARBOZA LEDUINO"
11798;"***.323.151-**";"BRENO GOMES SILVA"
11799;"***.084.891-**";"CEZAR LUIZ GIROLETTA JUNIOR"
11800;"***.427.351-**";"JOAO FELIPE DA SILVA CARVALHO"
11801;"***.909.491-**";"YURI MENDES DOS SANTOS"
11802;"***.043.651-**";"JOAO VITOR DA SILVA BELARMINO"
11803;"***.777.297-**";"EDUARDO BRITO DA SILVA"
11804;"***.831.290-**";"HUGO ALVES CASADO"
11805;"***.334.633-**";"MARCIO LESSY RODRIGUES CANUTO"
11806;"***.808.360-**";"JONATAS LARRAURY MACHADO"
11807;"***.886.500-**";"LEONARDO FERREIRA DAVILA"
11808;"***.720.007-**";"LUAN MAX SANTOS DO NASCIMENTO"
11809;"***.125.650-**";"TIAGO SILVA MACHADO"
11810;"***.878.597-**";"YAN NASCIMENTO GOMES"
11811;"***.838.223-**";"EDSON CASSIO OLIVEIRA DE SIQUEIRA"
11812;"***.349.894-**";"FIDEL CASTRO FAUSTINO DA COSTA DAMASCENO"
11813;"***.633.624-**";"CECILIO PINHEIRO JUNIOR"
11814;"***.194.287-**";"LEANDRO PEREIRA DE SOUZA"
11815;"***.397.102-**";"EDNALDO MONTEIRO DOS SANTOS"
11816;"***.869.085-**";"GERALDO ALMEIDA SANTOS FILHO"
11817;"***.663.331-**";"SAMUEL NATAL OLIVEIRA"
11818;"***.780.104-**";"JOAO LUIZ CAVALCANTI MARANHAO DE ALBUQUERQUE"
11819;"***.717.586-**";"TIAGO SOUTO DE FREITAS"
11820;"***.536.817-**";"RACHEL ARNAUD FOUREAUX"
11821;"***.041.425-**";"CARLOS CESAR CASTELO BRANCO SOARES"
11822;"***.104.366-**";"HILDEBRANDO BARBOSA JUNIOR"
11823;"***.198.875-**";"JOSEILTON NERY ROCHA"
11824;"***.596.385-**";"JEFFERSON ARLEN FREITAS"
11825;"***.045.635-**";"ANDERSON GOMES DE SOUZA"
11826;"***.794.728-**";"LAURA JANE GOMES"
11827;"***.842.871-**";"FELIPE KUNZ ADAMS"
11828;"***.550.378-**";"MAIARA FERNANDA PERES"
11829;"***.586.787-**";"DANIEL DE SOUZA JUNIOR"
11830;"***.736.541-**";"RAFAEL LIMA CUSTODIO"
11831;"***.290.010-**";"JHON PABLO LIMA CORNELIO"
11832;"***.474.225-**";"SANDOVAL SAMPAIO DA SILVA"
11833;"***.217.985-**";"CASSIO VIANA SANTOS"
11834;"***.020.694-**";"ANDERSON CAMPOS BEZERRA"
11835;"***.790.335-**";"CARLOS EDUARDO SANTANA AZEVEDO"
11836;"***.351.469-**";"EVERALDO SILVA DE OLIVEIRA"
11837;"***.608.822-**";"LINO DE LIMA PENA"
11838;"***.172.102-**";"JUNIOR MOZART NOGUEIRA GOMES"
11839;"***.270.293-**";"RAISSA PEREIRA ROCHA"
11840;"***.467.343-**";"ANDRESSA CRISTINA CUNHA VIEIRA"
11841;"***.797.981-**";"DALMIR KUHN"
11842;"***.812.596-**";"JOAQUIM NETO DE SOUSA SANTOS"
11843;"***.773.594-**";"THIAGO DA SILVA ANDRE"
11844;"***.200.297-**";"ALESSANDRA ASMAR DE FREITAS"
11845;"***.855.239-**";"MURILO ODILON NICHELE SCROCCARO"
11846;"***.063.866-**";"VINICIUS RODRIGUES COSTA DE OLIVEIRA"
11847;"***.696.146-**";"MARIELLE RUFINO GONCALVES"
11848;"***.754.506-**";"DANIELLA LISIEUX DE OLIVEIRA NAVARRO"
11849;"***.075.446-**";"LAURA BRANDAO COSTA"
11850;"***.883.956-**";"DEDISON JUSTINO NETO"
11851;"***.413.964-**";"JOAO VICENTE PEREIRA"
11852;"***.230.414-**";"JOSE GONCALO SILVA GUSMAO"
11853;"***.716.148-**";"JOSE GABRIEL VIEIRA NETO"
11854;"***.390.384-**";"IVAN MAX FREIRE DE LACERDA"
11855;"***.843.796-**";"MICKAEL GARCIA LEMOS RAMOS"
11856;"***.955.917-**";"PEDRO PAULO DE OLIVEIRA SILVA"
11857;"***.044.999-**";"JOAO ANTONIO ROQUE DA SILVA"
11858;"***.773.441-**";"CAIO CESAR DE JESUS SOARES"
11859;"***.236.804-**";"TIBERIO GRACO HENRIQUES DE ARAUJO"
11860;"***.524.081-**";"JOSAFA ARAUJO SIQUEIRA"
11861;"***.670.826-**";"WANDERLEY CASSIO DA CRUZ"
11862;"***.391.461-**";"WANDERSON FERNANDES DO NASCIMENTO"
11863;"***.330.300-**";"GIOVANA LEAO FERREIRA"
11864;"***.294.443-**";"ALANO DE SOUSA MUNIZ"
11865;"***.519.242-**";"JOAO ANDRE DE MACEDO FILHO"
11866;"***.616.087-**";"REINALDO DIOGO LUZ"
11867;"***.396.306-**";"ELIAS SAUMA SALGADO JUNIOR"
11868;"***.319.385-**";"PEDRO HENRIQUE SANTOS NEVES"
11869;"***.416.484-**";"ZYLKSON CIPRIANO DE OLIVEIRA"
11870;"***.297.971-**";"PAOLA SANTOS BRAGA"
11871;"***.845.470-**";"REGIS SIGNOR"
11872;"***.842.740-**";"MARCELA PEREIRA BOFF"
11873;"***.083.621-**";"NELSON MARCAL FERREIRA JUNIOR"
11874;"***.669.851-**";"JUXSON ALVES PEREIRA JUNIOR"
11875;"***.999.204-**";"HILKIAS GOMES DA COSTA"
11876;"***.872.241-**";"VICTOR HENRIQUE DIAS RUSTIGUEL"
11877;"***.188.786-**";"ANGELO ASSIS JOHANN DE RESENDE"
11878;"***.125.203-**";"OSMILTON OLIVEIRA GALDINO"
11879;"***.011.980-**";"FERNANDO DA FONTOURA MORBINI"
11880;"***.302.560-**";"DORVAL ALBERT SILVA"
11881;"***.119.480-**";"JULIA KRAS SOARES DO AMARAL"
11882;"***.426.732-**";"KEILA CRISTINA FERREIRA DE ALBUQUERQUE"
11883;"***.262.711-**";"SEBASTIAO DO NASCIMENTO NETO"
11884;"***.170.600-**";"DIOGO RODRIGUES ANDRADE DA SILVA"
11885;"***.295.275-**";"PAULO ROBERTO SANTOS LOPES"
11886;"***.783.277-**";"JONAS SOARES DOS SANTOS FILHO"
11887;"***.735.168-**";"RENATO MEDEIROS CORDEIRO DE MIRANDA"
11888;"***.493.652-**";"RAIMUNDO EULER SIMAS BRANDAO"
11889;"***.777.696-**";"WAGNER RIBEIRO DA SILVA"
11890;"***.146.348-**";"LAESTANISLAULA SOUSA DA SILVA"
11891;"***.693.581-**";"LAWRENCE NOBREGA DE OLIVEIRA"
11892;"***.476.462-**";"LEONARDO VICTOR KATAKI FONSECA"
11893;"***.856.851-**";"IRENE FERREIRA MARTINS"
11894;"***.683.304-**";"EDUARDO CAVALCANTE DE MACEDO"
11895;"***.422.846-**";"STEPHANO DINIZ RIDOLFI"
11896;"***.098.016-**";"JOSE MARIA ASSIS POUBEL"
11897;"***.918.491-**";"ANTONIO JOSE VENANCIO"
11898;"***.019.440-**";"SILTON LEONARDO PAIVA NUNES"
11899;"***.482.120-**";"RICARDO DA SILVA"
11900;"***.105.440-**";"GABRIEL ALEXANDRE OTTONELLI"
11901;"***.314.187-**";"ANTONIO DA CRUZ CASTRO"
11902;"***.120.923-**";"PAULO ALEXANDRE DA SILVA SOUSA"
11903;"***.545.853-**";"ANA RITA OLIVEIRA BARROS"
11904;"***.606.871-**";"MARCELO LIMA DOMINGUES"
11905;"***.675.415-**";"RONALDO MACHADO LUZ JUNIOR"
11906;"***.702.491-**";"FRANCISCO FILGUEIRAS DA SILVA FILHO"
11907;"***.497.155-**";"LUIZ FERNANDO DE SENA"
11908;"***.163.852-**";"VALDEMAR NETO OLIVEIRA BANDEIRA"
11909;"***.614.802-**";"MANOEL RODRIGUES DE SOUZA NETO"
11910;"***.367.412-**";"ELYNETE TAVARES SOARES"
11911;"***.891.761-**";"VAGNER GONCALVES BENCK DE JESUS"
11912;"***.730.001-**";"VANDER NOGUEIRA NUNES DE CAMARGO"
11913;"***.607.346-**";"FABIO LIMA DE ALMEIDA"
11914;"***.957.557-**";"NILTON BARBOSA CORDEIRO"
11915;"***.684.575-**";"OSVALDO DE JESUS FILHO"
11916;"***.024.512-**";"LUCAS BARJONAS DA CRUZ RODRIGUES"
11917;"***.962.798-**";"ALINE TALITA PIMENTEL KATSUBE"
11918;"***.477.332-**";"NELSON FERNANDO BARBOSA DE CARVALHO"
11919;"***.576.697-**";"DANILO DE CARVALHO RIBEIRO"
11920;"***.420.647-**";"LEONARDO FERNANDES MEDEIROS"
11921;"***.102.826-**";"DAVID VIRGINISSIMO DE PAULA E SILVA"
11922;"***.042.727-**";"ALEXANDRE DA CONCEICAO IZIDORO"
11923;"***.454.994-**";"ANDRE FELIPE MEDEIROS BARACHO"
11924;"***.379.117-**";"THIAGO OLIVEIRA DIAS"
11925;"***.218.968-**";"FABIO DO PRADO VERDERANO"
11926;"***.953.437-**";"DANIEL GOULART VOLPI"
11927;"***.575.551-**";"ALAN ALVES RODRIGUES"
11928;"***.012.897-**";"PEDRO HENRIQUE SANTOS DE OLIVEIRA"
11929;"***.583.774-**";"EDNALDO SANTANA DA SILVA"
11930;"***.330.767-**";"FABIO PACHECO LOVIS"
11931;"***.425.587-**";"ADRIANO DOS SANTOS FREITAS"
11932;"***.557.767-**";"JESSICA FREITAS RAMOS"
11933;"***.361.207-**";"SIDICLAY SANTOS DA ROCHA"
11934;"***.620.601-**";"JORDAN LOPES BARBOSA"
11935;"***.634.762-**";"JOSE AUGUSTO RODRIGUES DA SILVA"
11936;"***.199.885-**";"DIMAS DOS SANTOS SAMPAIO"
11937;"***.985.757-**";"VIVIANE OLIVEIRA DE JESUS"
11938;"***.018.813-**";"HIAGO MARQUES ALMEIDA"
11939;"***.878.137-**";"VINICIUS NUNES DE OLIVEIRA AMORIM"
11940;"***.490.657-**";"RODRIGO CUPERTINO DE OLIVEIRA"
11941;"***.406.636-**";"BRAZ APARECIDO DA SILVA"
11942;"***.648.157-**";"LUIZ FERNANDO ROSAS DE SIQUEIRA"
11943;"***.856.149-**";"MARCELO ECCO"
11944;"***.968.294-**";"ODILIO MARCELO SOUZA PINHEIRO"
11945;"***.131.937-**";"AUANDRY MATHEUS LACERDA SOARES"
11946;"***.848.207-**";"RAFAEL SOUZA DA SILVA"
11947;"***.278.497-**";"LUCAS ALVES BORGES"
11948;"***.570.394-**";"JONE KLEBER DO NASCIMENTO"
11949;"***.791.707-**";"LEANDRO MOTTA DO NASCIMENTO"
11950;"***.714.718-**";"DANUBIA MORENO"
11951;"***.935.583-**";"MARCIO MARTINS DE SOUZA"
11952;"***.426.667-**";"ALZEIR DOS SANTOS PIRES"
11953;"***.867.747-**";"RUI CARNEIRO LEAO"
11954;"***.191.241-**";"RUBIA LAINE ANDRADE RIBEIRO"
11955;"***.178.963-**";"LAERCIO OLIVEIRA SILVA"
11956;"***.415.837-**";"RODRIGO VILLAR GUIMARAES"
11957;"***.159.743-**";"DIEGO ALMEIDA DE LIMA"
11958;"***.973.784-**";"GABRYEL ALESSANDRO DE MEDEIROS SENHORINHO"
11959;"***.827.575-**";"BRENO SILVA DE JESUS"
11960;"***.236.050-**";"PAULO RICARDO DE FREITAS CUNHA"
11961;"***.534.757-**";"AMANDA SILVA ANNUNCIACAO"
11962;"***.672.367-**";"ANDERSON AMARAL DOS SANTOS"
11963;"***.257.860-**";"VINICIUS DO NASCIMENTO BERTOLDO"
11964;"***.084.521-**";"TALES COELHO DE OLIVEIRA DOS SANTOS"
11965;"***.116.771-**";"PHILIPPE JESSER DOS SANTOS SERAFIM"
11966;"***.445.765-**";"CAROLINA SANTOS PINHEIRO DE JESUS"
11967;"***.446.866-**";"GEAN KARLLO COSTA MOREIRA"
11968;"***.452.961-**";"JOAO PEDRO FLORES DE FARIA"
11969;"***.632.400-**";"LUIS EDUARDO DE CASTRO GOULART"
11970;"***.339.338-**";"JESSICA DE OLIVEIRA CONDE"
11971;"***.706.283-**";"ISMAEL ARAUJO DE SOUZA"
11972;"***.643.951-**";"TULIO TEIXEIRA ALVES DE CASTRO"
11973;"***.256.010-**";"IGOR MATHEUS MORAES LOPES"
11974;"***.673.101-**";"CLAUBER MELO DOS SANTOS JUNIOR"
11975;"***.629.528-**";"JOAO VITOR DUTRA ANDRADE"
11976;"***.289.540-**";"VITOR DE SOUZA OLIVEIRA"
11977;"***.426.537-**";"LEONARDO RODRIGUES PAULINO"
11978;"***.941.411-**";"ROBERTO CEZAR PEREIRA"
11979;"***.197.449-**";"JONAS FERNANDES DE BOM"
11980;"***.136.299-**";"JOAO VITOR DE FREITAS"
11981;"***.313.877-**";"MATHEUS LIMA DE OLIVEIRA"
11982;"***.993.227-**";"THIAGO SANTOS DE PAULA"
11983;"***.050.492-**";"FELIPE RIBEIRO CARDOSO"
11984;"***.931.847-**";"DAVI DOS SANTOS FREITAS"
11985;"***.194.100-**";"OTAVIO PINTO LA MAISON DA SILVA"
11986;"***.077.297-**";"DENILSON MAGALHAES JESUS DA SILVA"
11987;"***.039.049-**";"JAIME TADEU REVERS"
11988;"***.408.931-**";"MIQUEIAS ASAFE DE ALMEIDA OLIVEIRA"
11989;"***.612.247-**";"CLAUDIO FERNANDO RIBEIRO DE OLIVEIRA"
11990;"***.007.208-**";"BRUNO CESAR LIMA MONTANHAL"
11991;"***.074.688-**";"GUILHERME DAMASCENO PASSOS"
11992;"***.680.400-**";"PAULO ROBERTO DOS SANTOS"
11993;"***.355.210-**";"EVERTON VINCENT MONTEIRO"
11994;"***.915.586-**";"WELLINGTON SOUSA MOREIRA"
11995;"***.540.460-**";"HENRIQUE PANNO DA SILVA"
11996;"***.535.130-**";"MARCELO ESPINDOLA"
11997;"***.905.674-**";"BRUNO BEZERRA DUARTE"
11998;"***.598.654-**";"BRUNO DE MORAES SILVA"
11999;"***.152.211-**";"LUIS PAULO MONTEIRO CHINK"
12000;"***.166.058-**";"ARTHUR SANTOS BAUMGARTNER"
12001;"***.012.637-**";"GUSTAVO MONTEIRO DE FREITAS"
12002;"***.621.297-**";"RENATO RIBEIRO FELIX"
12003;"***.092.216-**";"IGOR RIBEIRO DOS SANTOS"
12004;"***.643.697-**";"MARCOS PAULO DOS SANTOS CARDOSO"
12005;"***.372.355-**";"ROMARIO VIEIRA DE SOUZA"
12006;"***.761.349-**";"ALISSON GUSTAVO MARCIOLI"
12007;"***.987.471-**";"JUCELY VIEIRA"
12008;"***.255.845-**";"RADSON AMARAL MATOS"
12009;"***.778.597-**";"ROGERIO NUNES DA SILVA JUNIOR"
12010;"***.739.960-**";"MATHEUS GASIOROWSKI BILLODRE"
12011;"***.617.760-**";"MARCOS ANTONIO CARDOSO CAMARGO"
12012;"***.075.717-**";"TIAGO DE FIGUEIREDO OLIVEIRA"
12013;"***.970.550-**";"MARCOS ANDRE MILANI"
12014;"***.515.261-**";"WILSON CAETANO DA SILVA JUNIOR"
12015;"***.519.146-**";"JOSE ROBERTO LARA"
12016;"***.756.716-**";"PABLO CARPINETTI BECHTLUFFT"
12017;"***.962.186-**";"MARCO ANTONIO DE ANDRADE E COSTA"
12018;"***.592.406-**";"SAMUEL PRADO CARRANO DIAS"
12019;"***.399.602-**";"FRANCISCO BERNARDO OLIVEIRA DE MORAES"
12020;"***.562.646-**";"MARCUS VINICIUS GUIMARAES MONTEIRO DE CASTRO"
12021;"***.533.417-**";"JORGE RODRIGUES"
12022;"***.646.227-**";"MICHAEL BORGES BEZERRA"
12023;"***.580.227-**";"JULIO CESAR SIMOES DE OLIVEIRA DA SILVA"
12024;"***.162.987-**";"MATHEUS DE LIMA GIL VIEIRA"
12025;"***.431.608-**";"SERGIO RICARDO VITALI DE SANTANA"
12026;"***.138.344-**";"BRUNO RODRIGO GARCIA DE SOUZA"
12027;"***.695.551-**";"LEONARDO FREIRE GOMES BEZERRA"
12028;"***.829.770-**";"CRISTIANO LUIS FLACH"
12029;"***.554.780-**";"TIAGO FREITAS DE MORAES"
12030;"***.300.577-**";"LORRANA DE SOUSA CARDOSO"
12031;"***.587.587-**";"VICTOR GABRIEL BOSCH BAPTISTA"
12032;"***.096.185-**";"TIAGO ANDRADE DE LUCENA"
12033;"***.630.267-**";"MARCUS VINICIUS SILVA LIMA"
12034;"***.037.227-**";"MATEUS PIRES DE AZEVEDO"
12035;"***.108.494-**";"BRUNO CAMILO CAVALCANTI DE OLIVEIRA"
12036;"***.239.376-**";"WILLIAM MENDONCA ALVES"
12037;"***.981.022-**";"ABRAAO MOTA DAMASCENO"
12038;"***.298.897-**";"DANIEL DA SILVA CEZARIO"
12039;"***.687.877-**";"WILLIAM ALVES PEREIRA"
12040;"***.609.856-**";"FLAVIA MORAES SIMOES"
12041;"***.324.741-**";"LUCAS RICORDI RICORDI"
12042;"***.124.017-**";"MARCIO SILVA DE SANTANA"
12043;"***.213.526-**";"ANGELO FONSECA SOUZA DA SILVA"
12044;"***.951.261-**";"ALEXANDRE NEVES SOARES"
12045;"***.656.010-**";"AVELAR ALBERNAZ DA SILVA"
12046;"***.937.413-**";"MANOEL MAGNO BARROS DE SOUSA LOPES"
12047;"***.768.550-**";"PAULO SERGIO DOS SANTOS"
12048;"***.574.007-**";"JEFFERSON DE MENDONCA OLIVEIRA"
12049;"***.165.713-**";"ANCELMO FELIX DA SILVA JUNIOR"
12050;"***.485.268-**";"IPOJUCAN ALMEIDA SILVA"
12051;"***.974.890-**";"LUIZ ANTONIO SILVEIRA HACKER"
12052;"***.068.094-**";"NADJA MARIA TENORIO PERNAMBUCANO DE MELLO"
12053;"***.637.305-**";"INARA CAROLINE FRANCA SANTOS"
12054;"***.706.271-**";"WASHINGTON DIEGO FONSECA DE ARRUDA"
12055;"***.057.019-**";"ANDRELIZA CRISTINA DE SOUZA"
12056;"***.744.650-**";"CAROLINE SEFRIN SPERONI"
12057;"***.058.784-**";"ROMILDO DE SOUZA LIMA"
12058;"***.747.865-**";"LOURIVAL DE ALMEIDA SILVA"
12059;"***.707.724-**";"JOSE ADELSON SILVA DE HOLANDA"
12060;"***.418.605-**";"ANDERSON NUNES DA SILVA"
12061;"***.155.372-**";"NORMANDO JACOB QUINTANS"
12062;"***.312.200-**";"RICARDO MENEZES BATISTA"
12063;"***.752.138-**";"MARIA ANDREA ARMENINE CHAINE"
12064;"***.062.608-**";"ANDERSON LUIS PETRONI"
12065;"***.315.743-**";"TEREZA MENDES CORREA MACEDO"
12066;"***.620.683-**";"FRANCISCO DE ASSIS DINIZ SOBRINHO"
12067;"***.465.104-**";"SHEILA ONAILINA GONCALVES DE LIMA PESSOA"
12068;"***.937.994-**";"FRANCARLOS MARTINS DE CARVALHO"
12069;"***.944.656-**";"JONATHAS RAUL DOS SANTOS SOUZA"
12070;"***.758.584-**";"IGOR CESAR FERREIRA NOGUEIRA"
12071;"***.651.877-**";"GERMANO GODOY AZEREDO"
12072;"***.410.130-**";"GEOVANA ROCHA PLACIDO"
12073;"***.133.066-**";"ALEXANDRINA BAIA CRUVINEL"
12074;"***.901.191-**";"OZANA PEREIRA DE SOUSA"
12075;"***.430.979-**";"DIANE CASSIA SEBBEN"
12076;"***.073.719-**";"GUILHERME KIYOSHI WATANABE LISBOA"
12077;"***.863.371-**";"LETICIA DUARTE PEREIRA DE CASTRO"
12078;"***.992.333-**";"DARLON DA COSTA PINHEIRO"
12079;"***.512.676-**";"DANIELA TAVARES GONTIJO"
12080;"***.041.164-**";"NESTOR ALVES CORREIA FILHO"
12081;"***.878.904-**";"LEANDRO ANTONIO DO NASCIMENTO"
12082;"***.353.284-**";"DIEGO MESSIAS SANTOS SILVA"
12083;"***.508.514-**";"RODRIGO DANNIEL DA SILVA ALEXANDRE"
12084;"***.232.724-**";"ROSALIA LUCIA FREIRE DE OLIVEIRA"
12085;"***.500.266-**";"KALISTON AURELIO LOMBA"
12086;"***.363.375-**";"PAULO DE SOUZA COSTA SOBRINHO"
12087;"***.627.747-**";"IVAN ALEXANDRE DOBAL"
12088;"***.133.960-**";"PAULO CICERO FRITZEN"
12089;"***.131.039-**";"PRISCILA RUMI YAMAOKA WATANABE"
12090;"***.880.590-**";"MUCIO MENDES MUNIZ JUNIOR"
12091;"***.851.883-**";"WELLINGTON DE SOUSA CORDEIRO"
12092;"***.088.666-**";"CESAR MARQUES DOS SANTOS"
12093;"***.640.627-**";"ROBERTA RUBINO RAMOS"
12094;"***.854.952-**";"HERMANO DE MORAES DAVID"
12095;"***.967.225-**";"SAMANTA DE SANTANA PRAIA"
12096;"***.132.371-**";"LENISE DA SILVA"
12097;"***.235.307-**";"ANTONIO GUSTAVO FARIA LIMA"
12098;"***.143.261-**";"SALATIEL SOUSA CARVALHO FILHO"
12099;"***.857.325-**";"LUCAS NASCIMENTO BRITO"
12100;"***.231.149-**";"MATEUS BARP"
12101;"***.168.759-**";"FREDERICO JOAO MASSIGNAN FILHO"
12102;"***.925.488-**";"ALESSANDRO SADAO UMEZU"
12103;"***.123.987-**";"THIAGO LUIS MARQUES DE SOUZA MANHAES"
12104;"***.553.264-**";"ROBSON FRANCA DO COSMO"
12105;"***.657.733-**";"LARISSA PEDROSA VALENTE"
12106;"***.861.630-**";"JOEL DOS SANTOS"
12107;"***.744.939-**";"PATRICK THOMAZINE MICOANSKI"
12108;"***.801.370-**";"FABIANO DOS SANTOS FERNANDES"
12109;"***.077.166-**";"JULIANA SALLES COELHO DUTRA BORGES"
12110;"***.746.128-**";"MARCIO LUIZ SCHNEEDORF NOVI"
12111;"***.633.341-**";"JOSE FERREIRA TORRES"
12112;"***.187.328-**";"ADEIR DUARTE DA SILVA DOS SANTOS"
12113;"***.089.282-**";"RAIMUNDO NONATO DE ALMEIDA"
12114;"***.981.303-**";"CLEOPLINIO DIAS DA SILVA"
12115;"***.466.817-**";"ROBERTO CARLOS PEREIRA LOPES"
12116;"***.927.185-**";"LUIS MANOEL MENEZES SOBRAL"
12117;"***.490.847-**";"ALEXANDRE LUIS DE AZEVEDO SANTOS"
12118;"***.957.631-**";"RONALDO ELIAS CAMPOS"
12119;"***.987.949-**";"ADILSON NASCIMENTO DOS SANTOS"
12120;"***.864.537-**";"JOSE LUIS MOURA DE AZEVEDO"
12121;"***.444.575-**";"KOSME ALAIN PINTO DA SILVA GUMAS"
12122;"***.801.765-**";"ERINALDO CARVALHO PEREIRA"
12123;"***.329.671-**";"CARLOS CESAR SILVA DE CARVALHO"
12124;"***.768.542-**";"CELIA ALICE PERON CASTRO"
12125;"***.495.382-**";"MARCOS MELO CORREA"
12126;"***.291.828-**";"CARLOS VINICIUS RODRIGUES"
12127;"***.430.741-**";"LUCAS DUARTE OLIVEIRA"
12128;"***.491.339-**";"ARTUR BATTISTI FILHO"
12129;"***.148.797-**";"JOSE MACIEL DOS SANTOS"
12130;"***.167.994-**";"JOAO ARNALDO RAMOS NOVAES"
12131;"***.822.966-**";"ADRIANA ASSUNCAO DE CARVALHO"
12132;"***.409.130-**";"EFFREIN AMARAL ALVES"
12133;"***.491.954-**";"MARILIA RODRIGUES DE ANDRADE"
12134;"***.188.008-**";"RENATO RODRIGUES PINHEIRO"
12135;"***.110.673-**";"FELIPE ALVES DA ROCHA"
12136;"***.013.973-**";"LENOEL VIEIRA DE SOUSA ABREU"
12137;"***.109.753-**";"GREGORIO SAYMON CARDOSO"
12138;"***.313.907-**";"DIANA MIRANDA DE MORAIS"
12139;"***.066.179-**";"MURILO ALVES DE MELO"
12140;"***.846.922-**";"EVANDRO AFONSO DE MESQUITA"
12141;"***.327.101-**";"FELIPE MOREIRA GAIA"
12142;"***.520.898-**";"LUZIA APARECIDA ANTONIO"
12143;"***.701.656-**";"EDSON GONCALVES FILHO"
12144;"***.564.381-**";"RAFAEL ANTONIO DAL ROSSO"
12145;"***.608.281-**";"CRISTIANO QUEIROZ VILANOVA"
12146;"***.913.212-**";"EVERTON DA COSTA PIMENTEL"
12147;"***.415.996-**";"ARTHUR VARGAS MOREIRA"
12148;"***.562.817-**";"RODRIGO DUPRET REIS SIQUEIRA"
12149;"***.020.717-**";"CAIO AL SAMIR DA SILVA BARRETO"
12150;"***.485.603-**";"GEOVANNE LIMA FIALHO"
12151;"***.321.867-**";"VITOR DIAS COLBERT"
12152;"***.728.407-**";"MARCO ANTONIO DA ROCHA"
12153;"***.849.407-**";"MARCELO SANTOS LIMA"
12154;"***.165.253-**";"FELIPE PINHEIRO BORGES"
12155;"***.757.927-**";"JOAO PEDRO BRANDAO RESENDE MOREIRA"
12156;"***.949.767-**";"MATHEUS MACHADO DE MORAES"
12157;"***.520.747-**";"LORRAN COSTA BRITO"
12158;"***.122.227-**";"LUIZ ANTONIO VIANA CARAPETO"
12159;"***.383.097-**";"VITOR ALEXANDRE LOPES"
12160;"***.610.087-**";"DIEGO LIMA PINTO"
12161;"***.015.950-**";"GRACIELA SILVA DE OLIVEIRA"
12162;"***.216.403-**";"ANDRE LUIZ PEIXOTO"
12163;"***.421.100-**";"RODRIGO SCARABOTTO GODINHO"
12164;"***.119.067-**";"GUILHERME AUGUSTO DE OLIVEIRA SOUSA"
12165;"***.432.327-**";"CARLOS JOSE NICOLETTI NUNES"
12166;"***.740.392-**";"NIVALDO LIMA GONCALVES"
12167;"***.571.870-**";"ROBSON BUENO SILVA"
12168;"***.324.915-**";"JORGE CONCEICAO DOS SANTOS NETO"
12169;"***.458.377-**";"CHRISTIANE LEAO SILVA"
12170;"***.273.227-**";"RICARDO CORREIA DA SILVA LIMA"
12171;"***.152.527-**";"ISAAC BASTOS MARINHO"
12172;"***.990.897-**";"WERTHER LUCAS SERODIO PIEDADE"
12173;"***.584.202-**";"THIAGO FRANCISCO PAES ALVES"
12174;"***.392.809-**";"PABLO RICARDO SILVA ORTIZ"
12175;"***.640.767-**";"HENRIQUE PETRUTES DE JESUS"
12176;"***.077.160-**";"THAIZA GONCALVES LURO"
12177;"***.361.881-**";"GEAN CARLOS BARBOSA DOMINGUES"
12178;"***.595.071-**";"JOAO PEDRO LEAL MOTA"
12179;"***.275.456-**";"GEOVANE TENORIO DE ALBUQUERQUE"
12180;"***.390.697-**";"LUIZ HENRIQUE ALVES DA SILVA"
12181;"***.578.409-**";"ANDREY PIRES GUIMARAES"
12182;"***.227.525-**";"DARLAN SOUZA DOS SANTOS"
12183;"***.531.880-**";"ISACK LEAL BERG"
12184;"***.259.709-**";"LUCAS EDUARDO DA CRUZ"
12185;"***.732.277-**";"ALEXANDRE VICTOR DE OLIVEIRA FARIA"
12186;"***.885.512-**";"WALBER LIMA DOS SANTOS"
12187;"***.029.548-**";"ARTHUR HENRIQUE VICTAL"
12188;"***.810.950-**";"ROGER FRANCISCO SIMOES DOS SANTOS"
12189;"***.577.347-**";"LEANDRO DOS SANTOS REGO"
12190;"***.252.417-**";"PEDRO SANTOS DE OLIVEIRA"
12191;"***.750.642-**";"DIOGO PINHEIRO DE OLIVEIRA"
12192;"***.117.427-**";"PAULO HENRIQUE DE OLIVEIRA FERREIRA"
12193;"***.651.113-**";"PAULO HENRIQUE DE MOURA ELOI"
12194;"***.291.827-**";"TIAGO ANTONIO ROCHA RIBEIRO"
12195;"***.502.559-**";"GUILHERME DREBES JANIK"
12196;"***.152.089-**";"VINICIUS RAMOS BARCELOS"
12197;"***.074.407-**";"YGOR NUNES FERREIRA REI"
12198;"***.238.995-**";"THIAGO DA CUNHA LOPES"
12199;"***.413.622-**";"RONALD ARAUJO DIOGO"
12200;"***.122.860-**";"JOAO PEDRO DE SOUZA ALVES DE OLIVEIRA"
12201;"***.172.910-**";"DIANDER SEVERO DE FREITAS"
12202;"***.485.543-**";"VICTOR PEREIRA DE MENEZES"
12203;"***.637.093-**";"MAXWELL MACENA ROSA"
12204;"***.792.249-**";"PAULO FELIPE MUSCHITZ"
12205;"***.490.116-**";"CAIQUE TEIXEIRA FERREIRA"
12206;"***.873.744-**";"LUCAS ADONAI FERREIRA ALMEIDA BEZERRA"
12207;"***.045.179-**";"LUCIANO RAMOS NOGUEIRA"
12208;"***.067.326-**";"RAFAEL MARCELINO DE SOUSA"
12209;"***.274.626-**";"MATHEUS CARDOSO MAYRINK LIMA BARIZON"
12210;"***.952.017-**";"MATHEUS YAN OLIVEIRA DA CRUZ"
12211;"***.534.451-**";"MATHEUS RAFHAEL GONCALVES DA COSTA"
12212;"***.396.137-**";"LEANDRO LUIZ MENEZES GOMES"
12213;"***.675.971-**";"RODRIGO ALVES GAVIORNO"
12214;"***.916.076-**";"PEDRO AUGUSTO BORGES VILELA"
12215;"***.365.277-**";"MARYANA DOS SANTOS BOMFIM"
12216;"***.411.037-**";"THIAGO DA SILVA PARANHOS"
12217;"***.781.097-**";"JOAO PEDRO DE CASTRO CABRAL"
12218;"***.375.110-**";"MARCELO DE OLIVEIRA VIEIRA"
12219;"***.542.667-**";"THUAN BRITO DA SILVA"
12220;"***.681.148-**";"SAMUEL FRANCA PARENTE"
12221;"***.491.265-**";"RAFAEL COSTA ELIAS"
12222;"***.121.415-**";"JAIR FREITAS DE ASSIS JUNIOR"
12223;"***.992.702-**";"DHIOVANY MACIEL GONCALVES"
12224;"***.493.591-**";"JHONATAN ALAN NEVES CABANHA"
12225;"***.806.362-**";"ANTONIO ADAILTON DA SILVA MACEDO"
12226;"***.609.911-**";"MARINILDO WESSELKA GONCALVES"
12227;"***.015.330-**";"REGIS FAGUNDES BOEIRA"
12228;"***.689.350-**";"LUIZ FELIPE CARRETT DE VASCONCELOS"
12229;"***.311.390-**";"FLAVIO ARCI ARAUJO"
12230;"***.560.832-**";"FRANCISCO RODRIGUES MAIA"
12231;"***.532.554-**";"OTAVIO AUGUSTO LIMA DE OLIVEIRA"
12232;"***.885.436-**";"ALEXANDRE PEIXOTO DA CUNHA"
12233;"***.351.577-**";"PABLO DIEGO BARBOSA DE LIMA"
12234;"***.619.181-**";"NELSON DUARTE DA ROCHA NETO"
12235;"***.484.726-**";"SEBASTIAO CLAUDIMAR DA SILVA"
12236;"***.664.081-**";"FLAVIANE APARECIDA DA SILVA"
12237;"***.771.777-**";"HENRIQUE LUZ COELHO"
12238;"***.202.231-**";"VICTOR CESAR DE OLIVEIRA DE ALENCAR"
12239;"***.970.217-**";"PAULO ROBERTO DUTRA LIMA JUNIOR"
12240;"***.995.887-**";"FELIPE RICARDO CAETANO DE SALLES"
12241;"***.607.224-**";"ALAN ROLIM RIBEIRO"
12242;"***.501.405-**";"CLERTON MAGNO ROCHA SANTANA PEREIRA"
12243;"***.698.355-**";"HELMA DE MELO CARDOSO"
12244;"***.282.639-**";"RAPHAEL FABRICIO DE SOUZA"
12245;"***.653.461-**";"ALCIONE RODRIGUES DOS REIS"
12246;"***.373.841-**";"RONILSON VILELA DOS REIS"
12247;"***.271.541-**";"MARIA CRISTINA MANNO"
12248;"***.981.085-**";"BRUNO VINICIUS CASTRO GUIMARAES"
12249;"***.439.675-**";"DJALMA MOREIRA SANTANA FILHO"
12250;"***.882.581-**";"LILLIAN PASCOA ALVES"
12251;"***.787.416-**";"GABRIEL BARBOSA SANTOS"
12252;"***.825.494-**";"RAFAEL MENDONCA ROCHA BARROS"
12253;"***.413.784-**";"HALDA SIMOES SILVA"
12254;"***.351.779-**";"GOLBERI DE SALVADOR FERREIRA"
12255;"***.829.213-**";"FABRICIO DE JESUS ALVES SOUSA"
12256;"***.318.511-**";"CELIO MONZANO SILVA SOUZA"
12257;"***.495.061-**";"OSVALDO JUNIOR CAVALCANTE SILVA"
12258;"***.662.010-**";"MARCOS VINICIUS HENDGES"
12259;"***.667.321-**";"PAULO CESAR DA SILVA"
12260;"***.878.186-**";"DANILA SARA DOS SANTOS PIMENTA"
12261;"***.148.773-**";"FRANCISCO DANIEL PEREIRA DA SILVA"
12262;"***.638.753-**";"JOARLENE DE MOURA SOARES"
12263;"***.899.014-**";"RICARDO SOUZA MARQUES"
12264;"***.453.780-**";"MARLICE SALETE BONACINA"
12265;"***.287.544-**";"MURILO CAMPOS ROCHA LIMA"
12266;"***.257.605-**";"PABLO TEIXEIRA LEAL DE OLIVEIRA"
12267;"***.856.716-**";"DENILSON JOSE DA SILVA"
12268;"***.757.576-**";"LINDOLPHO VON BERG"
12269;"***.799.200-**";"LIZIANE DA LUZ SEBEN SCHEFFLER"
12270;"***.796.350-**";"ANTOVER PANAZZOLO SARMENTO"
12271;"***.442.626-**";"ANGELICA COSENZA RODRIGUES"
12272;"***.686.124-**";"FELIPE JOSE FREIRE LOPES"
12273;"***.566.260-**";"FREDY ADAM SCHIRMER"
12274;"***.812.337-**";"KELLY CHRISTINA DE LANE POLEZE"
12275;"***.790.707-**";"RAPHAEL CANAL MAXIMINO"
12276;"***.168.748-**";"GRAZIELA SAYURI ARAUJO KAZAOKA"
12277;"***.574.199-**";"VOLNEI PAULETTI"
12278;"***.510.626-**";"MARINA VIEIRA GONTIJO"
12279;"***.833.608-**";"MARCOS ALEXANDRE TEIXEIRA"
12280;"***.563.907-**";"MARCELO DA CUNHA SALES"
12281;"***.725.447-**";"ANDREA LUCIA DE ARAUJO RENOVATO"
12282;"***.443.241-**";"CLARA PERPETUO DE OLIVEIRA"
12283;"***.891.111-**";"EVILAZIO CARDOSO RIBEIRO"
12284;"***.293.061-**";"ODALI PEREIRA DE MOURA"
12285;"***.914.445-**";"NIELSON TORRES NEVES DE CARVALHO"
12286;"***.988.652-**";"OLGA LAIS LOUREIRO GOMES"
12287;"***.478.386-**";"LUCIANO MARDEN MEIRA JARDIM"
12288;"***.333.819-**";"FRANK WILSON FAVERO"
12289;"***.789.597-**";"BRUNO JUNQUEIRA BALBI FARIA"
12290;"***.681.658-**";"RAFAELA CARMEN DE LUCINI"
12291;"***.569.824-**";"PEDRO RAFAEL DA SILVA"
12292;"***.066.468-**";"VITOR VILLANI BRITO"
12293;"***.369.990-**";"THEO GONCALVES STEFFENS"
12294;"***.308.999-**";"RAFAELA GOULARTE AMARAL"
12295;"***.147.274-**";"SILVIO SOUTEBAN ALBUQUERQUE MARANHAO"
12296;"***.731.291-**";"RICARDO PIMENTEL MELO"
12297;"***.625.476-**";"EDSONEI FERREIRA GONCALVES"
12298;"***.031.817-**";"CARLOS ALESSANDRO RAVANI"
12299;"***.782.420-**";"JOSE ANTONIO DE QUADROS NONNENMACHER"
12300;"***.884.872-**";"FRANKLIN JORGE SILVA DOS SANTOS"
12301;"***.630.764-**";"DELANO GONCALVES DE BARROS"
12302;"***.122.237-**";"RODRIGO PRATA DE OLIVEIRA"
12303;"***.316.877-**";"WILLIAN COTRIM DE OLIVEIRA"
12304;"***.907.711-**";"EDNA DO NASCIMENTO SEABRA"
12305;"***.329.714-**";"ROGER GARIBALDI MIRANDA"
12306;"***.400.585-**";"JAIRO JAMERSON CORREIA DE ANDRADE"
12307;"***.175.777-**";"MARCELO ESTEVES ALMEIDA"
12308;"***.627.348-**";"MARIANE BRUMATTI"
12309;"***.857.451-**";"WILIAN RIBEIRO DE PADUA"
12310;"***.723.316-**";"VAGNER VASCONCELOS LUIZ FRANCO"
12311;"***.157.780-**";"MARCELO DOS SANTOS SILVA"
12312;"***.813.629-**";"RICARDO AUGUSTO ULHOA"
12313;"***.926.022-**";"NERE LEILA ALVES RIBEIRO"
12314;"***.427.902-**";"ANDERSON PONTES CHAVES DE LIMA"
12315;"***.158.094-**";"CLEITON APARECIDO DA SILVA"
12316;"***.317.951-**";"BRUNO HORACIO ANTUNES"
12317;"***.007.055-**";"ELVIS VITORIANO DA SILVA"
12318;"***.343.671-**";"GLAUCIO ALVES GAIAO"
12319;"***.011.753-**";"VANDESON GOMES NOBREGA"
12320;"***.035.353-**";"GUSTAVO CARVALHO DA COSTA"
12321;"***.840.368-**";"MARIANA SZASZ"
12322;"***.117.888-**";"KEILA OSTETE"
12323;"***.006.023-**";"BRENA BEATRIZ DO NASCIMENTO"
12324;"***.823.717-**";"RENAN ANTUNES SILVESTRE DA SILVA"
12325;"***.397.954-**";"JOYCE ADELINA DE LUCENA"
12326;"***.419.401-**";"GISELLE ARANHA FARIAS"
12327;"***.938.400-**";"ANDREIA DONIN"
12328;"***.315.933-**";"FABIANO CASTELO BRANCO RAMOS RODRIGUES"
12329;"***.815.329-**";"MEIRE FRANCESCHET DO VALLE"
12330;"***.005.769-**";"TATIANE CZERVINSKI DE ALMEIDA"
12331;"***.349.600-**";"RODRIGO D AVILA DE OLIVEIRA"
12332;"***.487.499-**";"OZIRES VINETOU AYRES JUNIOR"
12333;"***.411.925-**";"JOSE JANILSON DO SOCORRO"
12334;"***.001.520-**";"TIAGO SOUZA DA CUNHA"
12335;"***.394.933-**";"JOSE OSVALDO ALVES CORREA JUNIOR"
12336;"***.236.523-**";"FRANCISCO DAVI DA SILVA"
12337;"***.127.502-**";"ANTONIO JULIO DELGADO MONTENEGRO"
12338;"***.568.888-**";"MARCIA ALVARENGA DOS SANTOS"
12339;"***.466.746-**";"DIOGO MAIA DE CARVALHO"
12340;"***.607.748-**";"ROBERTO ALVES DOS SANTOS JUNIOR"
12341;"***.740.750-**";"JONATHAN HENRIQUE DA SILVA MARQUES"
12342;"***.434.746-**";"ARI BARBOSA JUNIOR"
12343;"***.601.997-**";"DOUGLAS MARINHO DE LIMA"
12344;"***.048.031-**";"VALERIA CARDOSO FATIGA"
12345;"***.432.748-**";"DAVID HENRIQUE DE MELO"
12346;"***.674.347-**";"HELIO VINICIUS DE ALMEIDA CABRAL"
12347;"***.083.107-**";"JAQUELINE SANTOS DE CARVALHO"
12348;"***.150.092-**";"ITALO AUGUSTO DA COSTA LACERDA"
12349;"***.051.577-**";"JORGE LEITE LUNA JUNIOR"
12350;"***.218.707-**";"JOSE CARLOS DA SILVA DIAS"
12351;"***.622.807-**";"JESSICA SILVA DE CARVALHO"
12352;"***.197.797-**";"TATIANA SOUZA PATRICIO FREITAS DA SILVA"
12353;"***.128.897-**";"RENATO VIANNA DE ABREU"
12354;"***.724.937-**";"MARCELO DO COUTO RODRIGUES"
12355;"***.590.195-**";"LETICIA SANTANA GONZAGA"
12356;"***.609.247-**";"ADRIANO JOSE CORREIA ALBINO"
12357;"***.991.886-**";"ELDER DUTRA TRINDADE"
12358;"***.065.327-**";"DIEGO TORRES TEIXEIRA"
12359;"***.172.908-**";"JORGE ALEXANDRE PETRYSZIN MONTEBUNHULI"
12360;"***.990.617-**";"FELIPE RENOVA VARELA LEITE"
12361;"***.407.187-**";"PEDRO AUGUSTO DE LIMA PACHECO"
12362;"***.380.737-**";"LEANDRO FERREIRA GONCALVES"
12363;"***.580.180-**";"BRUNO CORREA SCHNEIDER"
12364;"***.547.222-**";"CAMILA HOLANDA PANTOJA"
12365;"***.226.227-**";"ANDRE LUIS DE MORAIS SILVA"
12366;"***.555.112-**";"ALEXANDRE DE LIMA PINHEIRO"
12367;"***.276.167-**";"SAULO MONSORES DOMINGOS DA SILVA"
12368;"***.104.437-**";"MARCOS VINICIUS DOS SANTOS DE PAIVA"
12369;"***.570.637-**";"ROBSON GAMEZ DE FREITAS"
12370;"***.303.147-**";"GERMANO RODRIGUES DUARTE JUNIOR"
12371;"***.476.827-**";"FERNANDO JOSENEI VASCONCELOS DA SILVA FILHO"
12372;"***.601.688-**";"VICENTE ZAMBONI NETTO"
12373;"***.589.241-**";"NYCKOLAS EMERICH COSTA DE OLIVEIRA"
12374;"***.397.387-**";"CRISTHIAN ANDRADE DE OLIVEIRA LEITE"
12375;"***.358.211-**";"MARCOS ANTONIO RODRIGUES DOS SANTOS"
12376;"***.196.536-**";"PABLO JUNIOR MASSULA"
12377;"***.967.164-**";"VICTOR HUGO PEREIRA MARTINS"
12378;"***.652.112-**";"ALISSON ANTONIO DINIS SILVA"
12379;"***.558.494-**";"ELTON DE SOUZA CORREIA"
12380;"***.435.662-**";"JACIMIRA DA ROCHA MENDES BARBOSA"
12381;"***.343.188-**";"MARCUS VINICIUS MONACO FILIPE"
12382;"***.062.589-**";"GABRIEL DUTRA HENRIQUE"
12383;"***.333.453-**";"ADOLFO ROGER MEIRELES"
12384;"***.028.304-**";"MATHEUS VICTOR TORRES AGUIAR"
12385;"***.886.228-**";"VICTOR EMANUEL MELO DA SILVA"
12386;"***.274.451-**";"THALLYSON SEBASTIAO ALVES DE SOUZA"
12387;"***.663.730-**";"PEDRO HENRIQUE MARQUES"
12388;"***.966.084-**";"JOSANILDO SENA DIAS FILHO"
12389;"***.223.720-**";"MATHEUS GUELLYAMMS XARAO PEREIRA"
12390;"***.744.627-**";"IGOR LEONARDO DA COSTA SILVA"
12391;"***.619.628-**";"CLOVIS CATARINO LIMA"
12392;"***.876.238-**";"GUSTAVO JORGE FELIX DA CUNHA"
12393;"***.210.586-**";"LUCAS DAYLSON INOCENCIO ANGELI"
12394;"***.284.910-**";"VINICIUS RODRIGUES GUTERRES"
12395;"***.210.810-**";"EDUARDO CRUZ CABREIRA"
12396;"***.123.623-**";"FRANCISCO JUBERLANDIO DO NASCIMENTO BANDEIRA"
12397;"***.698.944-**";"DIEGO GABRIEL BEZERRA GOMES"
12398;"***.281.914-**";"CARLOS ROBERTO RAMOS DA SILVA"
12399;"***.237.437-**";"LUCAS VICTOR FELIPPE DOS SANTOS DE MIRANDA"
12400;"***.925.630-**";"ALISSON CORREA DA ROCHA"
12401;"***.782.907-**";"JOAO VICTOR MELO DO NASCIMENTO SANTOS"
12402;"***.151.361-**";"WENDER BEZERRA FORTUNATO MIRANDA"
12403;"***.378.570-**";"ROBERTO PULGA JUNIOR"
12404;"***.613.767-**";"ARTHUR SCHMIDT"
12405;"***.489.177-**";"FELIPE DE FREITAS FAULSTICH"
12406;"***.074.454-**";"LUCAS EDUARDO DE OLIVEIRA PONTES"
12407;"***.012.924-**";"LUIZ EDUARDO DA SILVA CABRAL"
12408;"***.784.497-**";"FABRICIO FREIRE DA SILVA"
12409;"***.369.834-**";"KENNEDY WESTHER DA SILVA FERREIRA"
12410;"***.236.080-**";"HILTON LUIZ SEVERO DE ALMEIDA"
12411;"***.427.469-**";"GUSTAVO MACHADO FRANCO"
12412;"***.950.578-**";"ALEFE RODRIGUES FERREIRA DE SOUZA"
12413;"***.519.458-**";"JOAO FELIPE CAMARGO RIBEIRO"
12414;"***.149.144-**";"JONATHAN VELOSO DO NASCIMENTO"
12415;"***.874.480-**";"LUCAS BOER JACQUES"
12416;"***.768.193-**";"SAINT CLAIR WEISS GUIMARAES PALMEIRA"
12417;"***.111.417-**";"BRUCE EDUARDO RODRIGUES GOMES DA SILVA"
12418;"***.343.137-**";"WILLIAM CAVALCANTE DE ARAUJO"
12419;"***.786.480-**";"LORENZZO MONTAGNER PIRES DE OLIVEIRA"
12420;"***.209.920-**";"PIETRO GIACOMIN CONTE"
12421;"***.647.857-**";"CLEBER NUNES SANT ANA"
12422;"***.249.226-**";"LARA VIEIRA DESSUPOIO"
12423;"***.667.187-**";"EDGAR DE MENDONCA ANTONIO"
12424;"***.711.428-**";"HUGO ARJONA BARRETO SILVA"
12425;"***.001.817-**";"THALIS BRAGA NASCIMENTO"
12426;"***.278.801-**";"IGOR ROMUALDO DE SOUZA SANTOS"
12427;"***.587.647-**";"ANDREW MATHEUS SANTOS DE MEDEIROS DUARTE"
12428;"***.523.156-**";"EVERTON DE JESUS TAVARES"
12429;"***.191.892-**";"GIL EDUARDO CASTRO VIEIRA"
12430;"***.216.804-**";"JOAO CARLOS OCARIZ DE MORAES NETO"
12431;"***.120.630-**";"CALIEL COSTA DA SILVA"
12432;"***.827.821-**";"MARCUS VINICIUS RUSSI FERNANDES"
12433;"***.804.371-**";"THIAGO ROMEI DE LUCENA"
12434;"***.885.316-**";"GUILHERME ANTONIO ALBANO DOS SANTOS"
12435;"***.641.902-**";"DOVALDO SANTANA VIEGA"
12436;"***.508.403-**";"FRANCISCO LEONARDO DE SOUSA QUEIROZ"
12437;"***.936.012-**";"RHAFAEL SOARES MATOS"
12438;"***.242.023-**";"RAIMUNDO ALCIONE RODRIGUES LOPES"
12439;"***.125.876-**";"MARCILIO WENDEL SANTIAGO"
12440;"***.478.586-**";"VANDERSON MELLO DE ABREU"
12441;"***.507.407-**";"JOAO PAULO RIBEIRO FREIRE"
12442;"***.923.577-**";"VINICIUS CANCELIER TAVARES DUARTE"
12443;"***.970.044-**";"EDEILSON CALADO DE OLIVEIRA"
12444;"***.157.710-**";"DIONEFER SEVERO DE ALMEIDA"
12445;"***.785.819-**";"LUCAS MELANTONIO"
12446;"***.914.882-**";"MARINALDO DE SOUSA DA SILVA"
12447;"***.267.431-**";"JOAO PEDRO CORREIA BORTOLATO GONCALVES"
12448;"***.913.091-**";"FELIPE GARCIA RIBEIRO BIGNARDI"
12449;"***.238.156-**";"ANTONIO SERGIO FERREIRA MUNIZ"
12450;"***.984.841-**";"VALTER LUIS PIRES DA SILVA"
12451;"***.016.751-**";"LUCIANO PEREIRA DE CAMPOS"
12452;"***.958.897-**";"TIAGO MOREIRA ALVES MELGACO"
12453;"***.534.597-**";"DANIEL MARTINS LARANJEIRA"
12454;"***.395.707-**";"ARNALBERTO JACQUES NUNES SEIXAS"
12455;"***.527.287-**";"JOALMIR AVELINO DA SILVA"
12456;"***.038.704-**";"EDVALDO OLIVEIRA CORAGEM"
12457;"***.528.040-**";"VINICIUS BARTMANN CARDOSO"
12458;"***.165.934-**";"RAFAEL DA CONCEICAO SACRAMENTO"
12459;"***.179.812-**";"CARLOS LOBO DE CARVALHO JUNIOR"
12460;"***.350.281-**";"ROBSON DE SOUZA SILVA"
12461;"***.032.141-**";"LAYANE CRISTINA DE SOUZA WERNER"
12462;"***.750.203-**";"PAULO ROGERIO LIMEIRA DOS SANTOS"
12463;"***.287.324-**";"ADONIS AURELIO MONTEIRO DA SILVA"
12464;"***.109.315-**";"VALERIA ALVES PASSOS"
12465;"***.856.504-**";"ROGERIO MARTINHO PORTO"
12466;"***.984.265-**";"NELMIRES FERREIRA DA SILVA"
12467;"***.346.304-**";"JOSIVALDO FRANCISCO DA SILVA"
12468;"***.549.863-**";"FRANCINALDO LEITE DA SILVA"
12469;"***.995.674-**";"JOAO PAULO SANTOS DE OLIVEIRA"
12470;"***.485.716-**";"VALERIA ALVES SOUSA"
12471;"***.715.836-**";"WILLIAN MARLON FERREIRA"
12472;"***.148.556-**";"ALEXANDRE FERREIRA ROLIM"
12473;"***.613.060-**";"CAROLINE CASAGRANDE FORNASIER"
12474;"***.255.899-**";"KACIA PAVLAK"
12475;"***.446.738-**";"FELIPE AMELIO DE LUCENA"
12476;"***.022.103-**";"VIVIAN ALESSANDRA VIEIRA DE CARVALHO SOUSA"
12477;"***.085.261-**";"ZARYF ARAJI DAHROUG PACHECO"
12478;"***.925.091-**";"DEJANDIR ALVES DE ALMEIDA"
12479;"***.198.091-**";"MICHELLI CORTEZ DA ROSA"
12480;"***.897.863-**";"FELIPE CARDOSO DE BRITO"
12481;"***.937.984-**";"LUIZ PEDRO MARTINS DE CARVALHO"
12482;"***.690.794-**";"BRENO LEONARDO GOMES DE MENEZES ARAUJO"
12483;"***.052.425-**";"MARIZANIA SENA PEREIRA"
12484;"***.987.365-**";"HELLEN BRASILEIRO DE OLIVEIRA"
12485;"***.521.034-**";"YARA REGINA PEREIRA SILVA MENEZES DE SA"
12486;"***.556.214-**";"ORLANDO SILVA DE OLIVEIRA"
12487;"***.674.633-**";"JEIEL SOUSA BRITO"
12488;"***.902.271-**";"MARCELO BRANDAO MONTEIRO DOS SANTOS"
12489;"***.595.550-**";"LETICIA DA ROSA SOARES"
12490;"***.457.069-**";"WESLEY DELALIBERA"
12491;"***.895.631-**";"DANILO NERES SANTANA OLIVEIRA"
12492;"***.507.094-**";"CARLOS EDUARDO MEIRA DE MENEZES"
12493;"***.638.065-**";"ANA RITA DOS SANTOS BARBOSA"
12494;"***.496.178-**";"EDSON JESUS DE SOUZA"
12495;"***.832.066-**";"JULIANO DA SILVA MARTINS DE ALMEIDA"
12496;"***.347.797-**";"ISABELE DA COSTA ANGELO"
12497;"***.746.747-**";"MARCIO SILVA BORGES"
12498;"***.040.486-**";"FERNANDO ANTONIO MATIAS DA SILVA"
12499;"***.189.293-**";"MARCOS EGBERTO BRASIL DE MELO"
12500;"***.936.791-**";"JULIANO MARCOS KLUSKOVSKI"
12501;"***.880.440-**";"NATALIA VALMORBIDA MORAES"
12502;"***.201.072-**";"ANA ZILDA MARQUES DE SOUSA"
12503;"***.652.344-**";"JOSE CLODOALDO VITORINO"
12504;"***.568.397-**";"JORGE RICARDO MUNIZ KWASINSKI FILHO"
12505;"***.984.978-**";"DENILSON RIBAS"
12506;"***.842.854-**";"JOAO PAULO BASTOS DE ANDRADE"
12507;"***.601.051-**";"ILDA MARIA SILVA DE JESUS"
12508;"***.591.008-**";"JOSE TIAGO DO NASCIMENTO SOUZA FRANCO"
12509;"***.270.141-**";"GUTEMBERG MENEZES SILVA JUNIOR"
12510;"***.463.456-**";"ALAN DE PAULA LIMA"
12511;"***.620.367-**";"BRUNO DRUMMOND RODRIGUES"
12512;"***.619.287-**";"ALEXANDRE CLAUDIO ARAUJO BARBOSA"
12513;"***.485.968-**";"FABRICIA AMARAL SANTOS"
12514;"***.020.676-**";"CARLA DUARTE BARA"
12515;"***.482.975-**";"ANDRE NUNES TEIXEIRA"
12516;"***.727.783-**";"JAMES VIEIRA LIMA"
12517;"***.516.803-**";"WENDEL OLIVEIRA VITOR"
12518;"***.585.483-**";"EVALDO SANTOS DA SILVA"
12519;"***.831.111-**";"MAURICIO SIQUEIRA FAGUNDES"
12520;"***.246.743-**";"WEYLER NUNES MARTINS LOPES"
12521;"***.550.490-**";"LEONARDO BERGAMO"
12522;"***.874.146-**";"PAULO ROBERTO LACERDA BUI JUNIOR"
12523;"***.932.446-**";"HUGO DE CASTRO BARBOSA"
12524;"***.361.322-**";"MARCIO SANTANA MOTTA"
12525;"***.756.417-**";"SANDRO PINTO CASTELANO"
12526;"***.017.855-**";"EDILSON QUEIROZ CAZUMBA"
12527;"***.343.627-**";"OSVALDO LUIZ DE OLIVEIRA RAYMUNDO"
12528;"***.849.397-**";"ANTONIO JOSE DA SILVA NETO"
12529;"***.985.401-**";"LUAN MONTEIRO DA COSTA REIS"
12530;"***.530.398-**";"SILVIA SANTANA DE SOUZA"
12531;"***.203.368-**";"MARCOS FIGUEIREDO SALVIANO"
12532;"***.817.702-**";"DANILO DE LIMA OLIVEIRA"
12533;"***.749.766-**";"RAPHAEL MEDINA RIBEIRO"
12534;"***.809.807-**";"JOVIANA PEDRONI DE OLIVEIRA"
12535;"***.185.701-**";"WANDER LIMA CARVALHO"
12536;"***.364.473-**";"VALNICE DE JESUS LIMA"
12537;"***.030.823-**";"HELIO MARIANO DELGADO DA SILVA"
12538;"***.779.557-**";"ANDERSON MILTON NUNES DA CUNHA"
12539;"***.353.742-**";"DEIDSON VILHENA SANTOS"
12540;"***.635.252-**";"ANAZON NEPUMOCENO ALEXANDRE"
12541;"***.554.811-**";"RAYANE SILVA LEAL"
12542;"***.431.342-**";"JORGE ALBERTO SANTA ROSA RODRIGUES"
12543;"***.102.924-**";"CAMILA DE ALMEIDA PORTO"
12544;"***.129.163-**";"GUTEMBERG DA COSTA CARVALHO"
12545;"***.294.456-**";"DANIELA DE FATIMA FRANCISCA DE AVELAR"
12546;"***.029.073-**";"PAULO AFONSO SOARES ARAGAO JUNIOR"
12547;"***.666.931-**";"IZABEL CORREA BOOCK DE GARCIA"
12548;"***.983.410-**";"GABRIEL NUNESMAIA REBOUCAS"
12549;"***.017.512-**";"ANAIRA SUELLEN LOPES TRINDADE MARINHO"
12550;"***.359.022-**";"MARIELYS JOSEFINA GRANADOS OSUNA"
12551;"***.666.094-**";"ELAINE CHRISTINNE COSTA ELOY"
12552;"***.641.165-**";"ERIK ALLAN PINHEIRO DOS SANTOS"
12553;"***.165.555-**";"JOSE GUILHERME DIAS DE OLIVEIRA"
12554;"***.075.022-**";"PIETRO ANTONIO PAIVA DA SILVA"
12555;"***.802.007-**";"ANDRE SOUZA PELECH"
12556;"***.508.641-**";"CATARINA FELIX DOS SANTOS SOARES"
12557;"***.563.091-**";"DHONATAN ARAUJO FAGUNDES"
12558;"***.264.207-**";"LEANDRO FABIO DE JESUS COUTINHO"
12559;"***.276.815-**";"CASSIO MURILO PINTO DA SILVA"
12560;"***.441.500-**";"RODRIGO DACHI SANTANA"
12561;"***.553.404-**";"CAIO CESAR CHAVES MATTOS"
12562;"***.704.615-**";"LAILA RAIANA SANTANA BORGES"
12563;"***.790.605-**";"GABRIEL ROCHA BRANDAO FERREIRA"
12564;"***.404.505-**";"TATIANA OLIVEIRA LOPES"
12565;"***.090.195-**";"CARLOS ESTEVAO DIAS DOS SANTOS NASCIMENTO"
12566;"***.932.203-**";"JOAO PAULO DA SILVA ARAUJO"
12567;"***.005.722-**";"JOAO PAULO DA SILVA CORPES"
12568;"***.142.442-**";"GABRIEL ALMEIDA GARCIA"
12569;"***.238.483-**";"JONATAS MARTINS SARAIVA DA SILVA"
12570;"***.551.058-**";"WILLIAM ALVES DO VALE"
12571;"***.147.804-**";"LETYCIA PAIVA LIMA"
12572;"***.621.133-**";"THAYLANIA FERNANDES ALVES"
12573;"***.241.921-**";"LUCAS NUNES DE ABREU"
12574;"***.649.139-**";"RENAN DIAS GONCALVES"
12575;"***.337.918-**";"LARA STROESSER FIGUEIROA"
12576;"***.181.777-**";"MATEUS DANTAS BANDEIRA"
12577;"***.408.017-**";"JOSE AGOSTINHO DE BARROS"
12578;"***.291.628-**";"MARIA DE LOURDES MONTEIRO DOS SANTOS"
12579;"***.676.146-**";"BRUNO CESAR ARMANDO DE CARVALHO"
12580;"***.092.777-**";"MAURICIO FERNANDES DA SILVA JUNIOR"
12581;"***.858.336-**";"CAUE FERREIRA BUENO DA SILVA"
12582;"***.383.516-**";"RAFAEL ARAUJO MEDEIROS"
12583;"***.624.662-**";"EVELYN RUTH GUEDES PARDAL"
12584;"***.912.694-**";"ALEF GUSTAVO CAMPOS DA SILVA"
12585;"***.419.177-**";"EMERSON SANTIAGO LAI"
12586;"***.750.443-**";"PAULA MOREIRA NEVES PEREIRA"
12587;"***.631.522-**";"FELIPE LIMA DE CAMARGO"
12588;"***.070.182-**";"FRANCIANE ROCHA GEMAQUE"
12589;"***.155.182-**";"MARCOS DOS SANTOS MARINHO"
12590;"***.075.753-**";"PEDRO PUCCI SCHAUMANN"
12591;"***.715.888-**";"CICERO ROMULO DE SOUZA"
12592;"***.693.184-**";"ROBERTO LUIZ DE SOUZA"
12593;"***.961.921-**";"ODERLEI EDUARDO DE MATOS"
12594;"***.432.228-**";"MAURO CALOVE"
